MLK,180
LKV,412
KVN,150
VNE,213
NEY,60
EYF,62
YFD,77
FDG,246
DGN,200
GNV,243
NVK,88
VKS,205
KSI,163
SIG,316
IGF,257
GFE,274
FEQ,290
EQK,184
QKG,150
KGD,216
GDK,319
DKA,361
KAT,220
ATV,448
TVG,295
VGV,483
GVM,228
VME,145
MEA,169
EAG,768
AGH,267
GHY,113
HYQ,98
YQF,66
QFN,78
FNT,124
NTA,209
TAA,694
AAP,671
APE,355
PER,307
ERM,141
RMT,84
MTV,143
TVV,298
VVK,253
VKG,306
KGA,348
GAL,1226
ALT,902
LTI,355
TIQ,102
IQL,241
QLA,1155
LAD,1183
ADE,585
DED,171
EDE,237
DEW,82
EWH,30
WHT,32
HTY,29
TYE,80
YEQ,104
EQG,664
QGQ,319
GQS,299
QSF,126
SFD,187
FDV,216
DVA,492
VAG,858
GHS,161
HSS,102
SSF,198
SFK,113
FKL,209
KLE,328
LEV,525
EVK,287
VKT,173
KTP,139
TPT,217
PTA,280
TAY,148
AYL,461
YLC,65
LCE,137
CEF,21
EFL,233
MIY,30
IYQ,101
YQG,217
QGE,434
GET,384
ETL,565
TLT,650
LTV,531
TVS,338
VSY,176
SYL,273
YLE,241
LED,290
EDG,285
DGI,322
GIA,669
IAE,486
AEL,1387
ELR,493
LRF,244
RFD,257
FDA,302
DAP,285
APG,439
PGS,288
GSV,484
SVN,170
VNK,123
NKL,209
KLD,378
LDR,508
DRA,292
RAT,218
ATL,1050
TLL,1360
LLS,1161
LSL,1277
SLS,675
LSE,600
SEA,474
EAI,520
AIA,1042
IAA,948
AAL,2142
ALQ,761
LQQ,733
QQE,272
QER,245
ERE,388
REL,872
ELK,507
LKG,582
KGL,475
GLI,643
LIL,694
ILT,376
LTS,452
TSG,307
SGK,396
GKD,226
KDA,223
DAF,278
AFI,299
FIV,161
IVG,384
VGA,709
GAD,599
ADI,452
DIT,198
ITE,241
TEF,113
FLE,187
LEL,782
ELF,333
LFD,375
FDL,287
DLP,444
LPQ,384
PQA,296
QAD,390
ADL,924
DLL,900
LLG,1903
LGW,325
GWL,338
WLK,138
LKK,258
KKA,229
KAN,201
AND,204
NDI,125
DIF,120
IFS,165
FSA,340
SAI,409
AIE,538
IED,199
EDL,375
LPV,676
PVP,231
VPT,237
PTL,485
TLS,718
LSA,1012
AIK,359
IKG,245
KGH,92
GHA,219
HAL,396
ALG,1380
LGG,1055
GGG,708
GGC,98
GCE,79
CET,39
ETI,195
TIL,254
ILS,398
LST,387
STD,136
TDF,138
DFR,121
FRL,243
RLA,1259
ADT,306
DTS,156
TSA,364
SAK,267
AKI,193
KIG,154
IGL,689
GLP,699
LPE,587
PET,178
ETK,116
TKL,199
KLG,500
LGI,719
GIM,140
IMP,85
MPG,143
PGF,214
GFG,407
FGG,376
GGT,381
GTV,397
TVR,251
VRL,577
RLP,544
LPR,388
PRV,199
RVI,323
VIG,514
IGA,583
ADN,234
DNA,206
NAL,479
ALE,852
LEW,105
EWI,52
WIT,45
ITT,200
TTG,240
TGK,330
KDY,75
DYR,180
YRA,224
RAD,373
ADD,343
DDA,368
DAL,902
ALK,610
KVG,327
GAI,553
AID,438
IDA,413
DAV,514
AVV,790
VVA,818
VAP,436
APD,328
PDA,413
LQS,319
QSA,353
SAA,828
AAV,1033
AVQ,323
VQM,70
QMI,59
MIK,69
IKD,184
AVK,350
KGK,226
GKL,666
LDW,147
DWQ,123
WQG,184
QGR,416
GRR,359
RRA,446
RAA,779
AAK,606
AKK,234
KAP,220
APL,851
PLR,424
LRL,910
RLS,574
LSK,297
SKL,312
LEA,856
EAM,252
AMM,91
MMS,58
MSF,88
SFT,194
FTT,119
TTA,319
AAG,1417
AGM,332
GMV,277
MVA,335
VAA,1205
AVA,1124
AGK,612
GKH,118
KHY,36
HYP,70
YPA,188
PAP,501
APM,116
PMT,96
MTA,231
TAV,381
KTV,193
TVE,257
VEA,642
EAA,998
AAA,1841
GMS,193
MSR,186
SRD,253
RDE,282
DEA,673
EAL,1120
ALA,2504
LAV,1092
AVE,509
EAQ,372
AQG,534
QGF,230
GFI,300
FIK,135
IKL,293
KLA,733
LAK,861
AKT,241
KTD,98
TDV,224
VAK,394
AKA,804
KAL,739
ALV,1245
LVG,1008
VGI,413
GIF,188
IFL,202
FLN,132
LND,269
NDQ,85
DQH,73
QHI,82
HIK,70
IKA,361
KAA,668
AKQ,332
KQA,364
QAA,883
ATS,362
TSH,80
SHA,170
HAA,264
AVL,1063
VLG,953
LGA,1280
GAG,980
AGI,732
IMG,116
MGG,248
GGI,504
IAY,163
AYQ,184
YQS,135
SAS,452
ASK,268
SKG,231
KGI,261
GIP,369
IPA,430
PAV,451
AVM,284
VMK,82
MKD,81
KDI,172
DIN,143
INE,167
NEK,86
EKA,342
LAL,2426
LGM,382
GMG,296
MGE,169
GEA,627
EAT,300
ATK,175
KLL,600
LLN,550
LNG,359
NGQ,236
GQL,643
QLE,523
LEK,372
EKG,245
KGR,280
GRI,415
RID,293
IDG,368
GIK,288
IKM,72
KMG,93
MGQ,111
GQV,411
QVL,496
VLS,613
AIT,441
ITP,244
LSY,245
SYD,116
YDN,71
DNV,157
VKH,71
KHV,55
HVD,98
VDV,365
DVV,377
VVV,522
VVE,463
EAV,655
VEN,175
ENP,133
NPK,115
PKV,158
KVK,202
VKA,458
LGE,811
GEV,607
EVE,372
VEG,476
EGI,323
GII,362
IIG,331
IGE,336
GED,249
EDA,252
VLA,1366
LAS,1274
ASN,224
SNT,103
NTS,117
TST,208
STI,211
TIP,164
IPI,118
PIS,197
ISL,516
SLL,1363
LLA,3078
AKE,338
KEL,399
LKR,416
KRP,121
RPQ,149
PQN,60
QNF,56
NFC,16
FCG,67
CGM,38
GMH,63
MHF,28
HFF,66
FFN,90
FNP,134
NPV,192
PVH,82
VHR,96
HRM,35
RMP,83
MPL,214
PLV,595
LVE,761
VEI,262
EII,197
IIR,168
IRG,239
RGE,415
GEQ,473
EQT,306
QTS,131
TSD,185
SDE,299
DET,195
TIN,149
INR,157
NRV,210
RVV,370
VAY,200
AYA,287
YAA,325
AAM,442
AMG,322
MGK,110
GKS,374
KSP,137
SPV,216
PVV,402
VVN,249
VND,210
NDC,17
DCP,55
CPG,55
GFF,182
FFV,133
FVN,122
VNR,178
RVL,676
VLF,405
LFP,235
FPY,63
PYF,75
YFF,52
FFG,194
FGF,198
GFN,174
FNK,91
KLV,462
LVA,1377
VAD,625
ADG,685
DGA,469
ADF,320
DFA,283
FAA,573
AVD,411
VDK,211
DKV,345
KVM,127
MEK,111
EKE,173
KEF,126
EFG,196
FGW,74
GWP,94
WPM,23
PMG,120
MGP,105
GPA,376
PAY,171
YLL,502
LLD,1129
LDV,460
VVG,588
GID,387
IDT,237
DTG,244
TGH,123
GHH,100
HHA,77
HAG,198
AGD,510
GDV,373
DVM,118
VMA,299
MAQ,178
GFP,133
FPA,201
PAR,442
ARM,181
RMS,111
MSK,143
SKE,176
KEG,268
EGR,400
GRT,291
RTA,306
TAI,347
IDV,194
VMY,35
MYE,25
YEV,131
EVN,177
NRF,143
RFG,359
FGQ,197
GQK,144
QKN,55
KNG,145
NGK,186
GKG,437
KGF,173
GFY,165
FYA,125
YAY,83
AYE,139
EQD,259
QDK,114
DKK,102
KKG,154
GKP,373
KPK,103
PKK,93
KKV,178
KVA,390
ADA,738
DAA,746
AAS,862
ASY,216
SYE,84
YEL,188
ELL,1069
LAP,859
API,306
PIA,308
IAK,317
AKP,296
PKQ,103
KQD,127
QDF,98
DFD,176
FDK,150
DKD,132
DAI,470
AII,379
IIA,386
IAR,535
RMM,65
MMI,40
MIP,98
IPM,94
PMI,96
MIN,74
NEV,179
EVV,495
VVL,734
VLC,122
LCL,210
CLE,62
LEE,526
EEG,399
GIV,440
IVA,460
VAT,538
ATP,428
TPA,525
PAE,428
AEA,972
EAD,417
DIA,404
IAL,865
LVY,257
VYG,225
YGL,350
GLG,1046
LGF,520
FPP,77
PPF,107
PFR,102
FRG,137
RGG,328
GGV,593
GVF,273
VFR,147
FRY,71
RYL,369
YLD,271
LDT,385
DTI,152
TIG,274
GLD,630
DRY,160
RYV,157
YVA,212
VAM,236
AMA,548
MAD,213
ADQ,320
DQY,71
QYA,117
YAD,178
DLG,514
LGP,405
GPL,456
PLY,225
LYR,330
YRV,174
RVS,332
VSD,331
SDK,160
DKL,473
KLR,296
LRE,712
REM,126
EMA,210
MAA,501
AAQ,716
QGK,303
GKT,379
KTF,97
MDF,48
DFL,260
FLP,258
LPL,1184
PLF,349
LFC,92
FCQ,35
CQL,89
QLQ,411
LQH,169
QHK,72
HKP,71
KPV,314
PVL,608
VLI,493
LIV,417
VGG,507
GGE,524
EVA,629
VAV,634
AVR,505
VRK,207
RKA,276
KAR,371
ARL,1382
RLL,1327
LLL,2658
LDA,935
DAK,279
ARV,582
RVT,275
VTI,317
INA,256
NAP,153
APH,128
PHL,183
HLE,168
LEP,337
EPQ,141
PQL,320
QLM,211
LMS,217
MSW,36
SWA,102
WAE,88
AEQ,831
QGL,628
GLL,1547
LLT,1126
TVC,35
VCA,96
CAA,188
AAD,754
DFH,57
FHP,70
HPE,226
PEL,705
LDG,742
DGK,408
GKW,60
KWL,105
WLV,222
LVI,582
VIA,667
AAT,713
ATN,186
TNQ,66
NQP,105
QPE,215
PEV,318
VNQ,169
NQQ,135
QQV,346
QVF,163
VFN,154
FNE,112
NEA,261
EAN,199
ANR,299
NRR,136
RRQ,295
RQI,236
QIF,87
IFC,30
FCN,23
CNV,20
NVV,192
VVD,467
VDS,267
DSP,186
SPA,449
PAH,180
AHC,58
HCS,32
CSA,89
AIM,166
MPA,197
PAI,398
IID,228
IDR,258
DRS,173
RSP,164
SPL,489
PLM,181
LMV,290
VAI,581
AIS,501
ISS,299
SSA,391
SAG,581
AGS,729
GSA,591
SAP,343
PLL,1254
LSR,734
SRQ,293
RQL,779
QLR,435
REK,162
EKI,165
KIE,155
IEA,590
ALL,2563
LLP,1148
PQH,48
QHL,191
HLG,258
LGQ,655
LAT,875
TLA,1213
LAG,1839
RER,412
ERV,506
RVK,223
KAI,309
AIP,360
IPD,141
PDK,140
LAR,1575
ARR,621
RRR,303
RRF,269
RFW,61
FWE,37
WER,57
ERL,908
RLF,365
LFS,432
FSH,108
SHE,111
HER,98
LAC,282
ACQ,106
ARG,489
RGQ,206
GQQ,305
QQQ,431
QQA,694
AAE,934
AEE,449
EES,199
ESV,265
SVA,509
VAE,729
LNE,309
NEP,90
PQQ,167
QQS,235
QSK,123
KGS,242
SVT,334
VTL,733
TLV,687
AGP,293
GPG,299
PGD,250
GDA,466
DAG,421
AGL,1495
LTL,1378
TLN,305
NGL,360
GLQ,366
QQL,705
ADV,461
VVY,155
VYD,133
YDR,100
DRL,617
RLV,661
LVS,746
VSQ,279
SQE,161
QEV,253
EVL,625
LAH,464
AHV,134
HVR,92
VRR,332
RRD,250
RDA,342
DAE,372
AER,764
ERI,415
RIF,138
IFV,148
FVG,293
VGK,337
GKE,283
KEA,366
AGC,169
GCH,39
CHC,12
HCV,39
CVP,51
VPQ,169
QAI,433
AIN,271
INQ,169
NQL,331
QLL,1010
LLE,1077
LEQ,901
EQA,834
QAR,547
RLG,890
LGK,534
GKQ,235
KQV,243
QVV,393
VVR,364
RLK,433
KGG,266
GGD,391
GDP,230
DPF,114
PFI,168
FIF,100
IFG,204
FGR,241
GRG,468
GEE,402
EEL,597
ELE,663
LET,367
LAE,1507
IPF,182
PFS,174
FSV,217
SVV,365
VVP,301
VPG,343
PGI,246
GIT,356
ITA,434
ASG,771
SGC,106
GCA,133
AAY,329
AYS,172
YSG,181
SGI,362
IPL,429
PLT,515
LTH,222
THR,78
HRD,71
RDH,111
DHA,132
HAQ,109
AQR,388
QRV,287
RVQ,220
VQF,111
QFI,112
FIT,161
ITG,393
GHD,132
HDK,75
DKE,183
EGN,199
GNI,209
NIA,186
IAQ,328
AQE,328
QEW,67
EWP,59
WPA,157
PAL,1030
TPR,183
PRQ,181
RQT,156
QTL,565
LVF,381
VFY,81
FYM,37
YMG,57
MGL,421
GLA,1412
AHA,285
AGR,650
RIQ,157
IQD,113
QDE,197
DEL,715
ELQ,414
LQT,269
QTH,72
THG,109
HGL,290
LPG,685
PGH,130
GHT,142
HTP,85
TPV,295
PVA,579
VAL,1105
VEQ,399
QGT,208
GTR,229
TRL,567
RLQ,518
QQR,263
VRG,345
RGK,218
KLQ,224
LAQ,1054
AQL,830
ATQ,246
TQV,227
QVE,316
VES,298
ESP,129
SPS,184
PSL,444
SLI,490
LII,322
III,145
IGS,344
VVT,436
ADK,394
DWY,40
WYG,47
YGE,184
ANT,200
NTL,295
MDY,43
DYL,401
YLP,246
LPI,348
PIF,94
FCR,53
CRL,110
RLD,589
LDN,321
DNK,109
NKP,111
VLL,1223
LLV,1355
ERK,171
AGA,1128
GAQ,317
QLT,438
ELD,612
LDP,458
DPE,255
ELA,1471
LAA,2509
AAN,504
ANG,359
NGS,184
GSI,318
SIE,196
IEW,56
EWL,175
WLA,512
AGE,749
GEF,259
EFA,292
FAP,236
APQ,235
LTG,811
LVV,810
ATD,287
TDR,170
DRR,186
RRE,295
REV,350
VNA,277
VYQ,137
SAN,228
ANQ,232
NQA,250
ARI,485
IFA,201
FAN,182
ANV,264
VDD,296
DDP,186
DPK,167
PKR,117
KRS,125
RSS,176
SFI,184
FIM,50
MPS,122
PSI,150
SII,169
SSG,371
SGG,576
GGK,352
GKA,488
APV,483
LLR,1021
EKL,394
GAV,746
AAF,528
AFA,567
FAG,430
GSL,813
SLR,454
ARF,400
RFA,370
FAS,304
ASM,153
SMG,160
GER,511
ERR,318
ADR,387
GQA,480
QAL,1166
RGD,275
GDS,232
DSA,312
ASA,837
ADS,372
DSL,462
SLF,386
LFA,686
FAD,311
DES,244
ESQ,126
SQS,235
QSG,353
VLV,799
DPG,135
PGL,448
TLH,181
LHA,298
ALR,990
LRQ,645
RQM,102
QMQ,77
MQQ,132
DEV,485
EVM,167
MAL,498
LVR,652
DAR,324
RRI,262
QAG,625
AGN,378
GNH,85
NHC,14
PQE,129
QEG,233
GIN,217
LDE,774
EAK,358
KGQ,206
GQR,303
VGS,402
GSG,640
GIG,622
GFQ,107
FQV,88
YAG,280
AQS,327
QSV,240
SVR,290
VRF,234
RFV,228
FVT,177
VTA,558
TAH,136
AHG,236
HGK,126
GGA,750
AQD,219
QDL,347
DLD,440
DWP,57
WPL,140
AKD,243
KDK,119
DKQ,179
KQT,100
GLS,844
LSS,524
SSC,56
SCT,37
CTT,46
TTI,173
TIR,196
IRE,307
REQ,411
EQL,878
KAG,531
GDT,267
DTP,198
ALI,845
LIE,514
IER,375
ERG,406
RGT,188
GTQ,146
TQP,147
QPS,127
PSQ,147
SQR,188
VIR,287
GTL,724
QLP,445
LGV,956
GVE,461
LIM,150
IMV,126
MVG,229
DQL,441
LAW,305
AWF,82
WFG,103
GQG,457
QGG,345
GAA,977
LPM,200
PMF,46
MFA,98
FAK,226
AKL,633
DGR,419
GRP,310
RPV,258
LRK,318
GAR,523
RLT,503
VSP,236
SPE,316
EPD,214
PDF,157
FHQ,75
HQF,56
QFA,201
DRF,194
RFT,192
FTH,71
THL,160
HLA,338
ERF,278
FTP,204
AHL,339
HLT,177
TGQ,235
GQI,274
QIL,341
ILV,444
TDD,168
DDL,394
DLE,324
QLG,669
LGL,1682
GLF,503
LFV,396
VNV,162
IFP,103
FPS,100
SPI,187
PIM,68
AVS,601
VSS,337
RLE,612
LES,445
ESL,504
PRH,108
RHL,288
ELS,507
LSG,916
SGR,390
GRV,515
RVR,376
VRD,319
RDQ,188
DQA,304
QAK,308
AKR,405
KRV,260
SSI,224
SIS,223
ISD,256
SDR,229
ERA,526
RAF,238
IEK,182
KED,118
EDW,39
QGA,474
GAE,513
EQW,91
QWL,217
WLN,93
NDG,140
DGL,584
LDQ,377
AKN,155
KNE,77
EVG,301
VGE,455
TLK,360
LKA,759
QQI,253
QIQ,131
IQQ,175
QAE,482
AEV,644
VLY,180
LYD,193
YDQ,84
QLV,563
PEI,179
EIL,409
ILD,335
LDL,853
DLV,654
DAT,293
VSV,432
SVG,369
GKK,186
GAH,196
AHS,151
HSV,110
SVP,229
QEE,185
EET,190
ETN,97
TNR,97
NRL,401
VEY,116
EYA,168
YAK,141
GNR,203
PFM,68
FMF,37
MFG,109
GAT,497
ATA,715
SAV,467
AVF,302
VFI,176
GHC,50
HCQ,32
CQI,25
QID,170
KEP,117
PDW,112
WQQ,213
TSQ,149
SQT,176
VIY,123
IYM,17
GLM,296
LMR,192
MRS,99
RSE,246
SEH,122
EHI,111
HIQ,64
VSH,176
SHG,172
HGR,176
GRS,289
SAT,432
TPI,206
IAI,391
IIE,230
GTT,313
TAR,357
ARQ,581
RQR,318
VLT,594
TGT,326
DLA,916
AQA,836
QAV,524
IVI,201
FGE,237
GEG,543
EGQ,265
QQG,401
GTC,46
TCD,31
CDL,110
DLK,312
LKL,534
VSL,671
MSL,252
SLN,274
LNV,291
VVI,400
VIL,437
ILA,745
KGT,171
TRM,95
RMR,92
SSL,592
SLP,564
LPK,268
KVL,496
VLH,189
LHP,196
HPV,147
VAN,339
ANK,156
KPM,68
PMV,132
MVS,144
SHV,99
HVI,92
VIE,323
IET,229
ETA,272
ARK,305
RKV,216
QLH,179
LHL,352
HLV,249
YGH,90
GHG,226
HGA,225
LLK,683
LKE,514
KER,200
IQA,284
QAS,380
ASD,327
SDL,398
DLN,266
LNW,61
NWV,45
WVL,137
VLQ,284
LQA,795
QAQ,379
AQQ,433
LGT,538
GTG,514
HAV,181
VAQ,405
PFW,50
FWQ,80
WQD,93
EDD,164
DDV,242
DVL,491
LVL,1265
LYG,328
YGD,188
TPL,521
PLI,427
LIQ,264
IQP,123
TLQ,386
LQR,461
QRL,660
KAS,285
SDG,316
DGM,136
GMA,358
VLD,566
DNP,168
NPT,163
PTG,240
TGY,168
GYG,273
YGR,181
RIV,287
IVR,223
VRS,304
RSN,104
SNG,224
IVE,239
QKD,71
DAN,212
ANA,434
NAE,203
LAI,911
AIR,413
VNT,156
NTG,190
TGV,355
GVL,825
NGG,203
GGQ,322
LRS,468
RSW,73
SWL,229
WLS,207
SRL,708
NKN,45
KNA,123
NAQ,151
EFY,80
FYL,199
YLT,224
LTD,470
DVI,266
IAM,204
MAH,89
HAD,151
DNC,27
NCP,17
CPI,37
AVH,168
VHP,96
HPD,200
PDD,177
DAM,218
AME,186
MEV,107
EGA,472
GAN,277
ANN,124
NNR,78
VQL,357
LER,701
ERS,233
RSY,118
SYQ,137
YQK,62
QKM,66
KMQ,30
MQA,185
RLM,224
LMI,162
MIA,201
IAG,610
TLI,466
LID,467
IDP,215
DPA,666
DLR,354
LRG,571
TLE,425
LEI,304
EIG,280
EEV,362
VID,343
DVN,151
NVI,160
VII,211
IEG,296
EGK,375
GKV,483
KVV,337
LGN,401
NHV,49
VRI,265
RIG,424
SVL,582
VLK,350
LKD,332
KDC,16
DCV,36
CVI,43
IGD,306
GDH,119
DHS,56
HSE,85
SEV,273
VKP,176
KPY,71
PYS,85
YSV,118
SVI,259
AQI,247
QIA,333
IAD,409
DQC,29
QCS,27
CSV,63
VGP,236
GPF,135
PFT,165
FTR,141
RLR,741
LRP,376
RPG,298
PGT,251
TVL,476
VLE,557
QDA,290
DAH,104
HVG,96
VGN,237
GNF,117
NFV,96
FVE,195
VEM,144
EMK,90
MKK,133
GVG,598
GSK,192
SKC,15
KCG,31
CGH,55
GHL,258
LTY,167
TYL,176
YLG,404
LGD,584
GAK,330
AKV,429
VNI,150
NIG,164
AGT,508
GTI,283
TIT,320
ITC,36
TCN,17
CNY,11
NYD,85
YDG,125
DGV,472
GVN,266
NKF,52
KFQ,34
FQT,67
QTI,176
TII,158
DVF,147
VFV,227
GSD,363
SDT,205
DTQ,143
TQL,323
PVR,274
IGK,224
TLG,684
GST,317
ITK,108
TKD,97
KDV,176
AEN,160
ENE,113
NEL,292
ELV,809
VIT,331
ITR,209
TRV,294
RVP,200
PQR,137
QRH,115
RHI,137
IQN,58
QNW,33
NWA,52
WAR,108
ARP,314
PVK,189
VKK,160
MKV,90
VVF,221
VFA,292
FAY,115
AYH,77
YHD,57
HDI,107
DIG,266
IGC,100
GCT,84
CTG,54
TGI,333
GIE,366
AGY,372
GYE,184
YEI,77
EIQ,145
VFT,163
THA,125
PGE,296
GEN,170
ENR,136
RFF,141
FGS,245
QLC,93
LCA,214
CAE,84
AEH,221
EHN,74
HNL,132
NLP,246
PVY,140
VYS,137
YSP,85
PED,168
EDV,201
VNH,63
NHP,90
HPL,252
PLW,142
LWI,76
WIE,48
RIR,302
ALF,665
FSF,154
SFY,106
FYY,47
YYR,97
YRN,106
RNM,49
NML,97
LKQ,441
AIL,761
LDI,384
DIP,206
IPT,191
PTV,215
GAF,356
AFN,183
FNL,254
NLH,103
LHG,301
HGS,111
LPA,1146
AYR,219
YRG,170
RGR,290
GRA,487
RAP,233
PIN,98
INW,38
NWC,9
WCL,32
CLV,115
LVN,390
VNG,283
NGE,223
EAE,517
AET,336
ETG,330
ITL,482
LHQ,218
HQM,37
QMT,53
TAK,229
KPD,177
AIV,502
AVT,504
TIA,375
DDD,163
DDT,122
DTA,276
TAL,841
KVR,246
AAR,1093
ARA,967
RAL,980
EQE,339
QEL,452
ELP,434
PKL,196
LRA,812
RAG,617
GDI,338
DIR,238
IRL,424
LTP,637
TPQ,185
PQD,129
ESK,133
SKA,274
SYY,66
YYG,86
RRT,165
RTP,212
PAD,468
DGE,417
GEL,912
ELH,191
LHW,64
HWH,32
WHR,33
HRP,81
RPA,323
ARE,597
LHN,97
NLV,351
VRA,460
RAV,448
VTQ,202
QPY,77
PYP,76
YPG,135
PGA,387
AFS,306
SFA,282
GDR,287
DRK,107
RKL,365
KLT,321
TVW,59
VWK,19
WKS,31
KSH,45
SHW,46
HWL,136
QSD,146
KQP,97
QPG,276
LSQ,487
QEP,116
EPL,437
LRI,321
RIA,470
IAC,103
ACG,160
CGE,90
EGV,412
EIV,259
AGQ,638
AEG,625
EGG,402
GGL,782
GLY,304
LYV,198
YVR,133
RGA,438
ELG,854
GLV,888
EGM,164
GMK,105
MKI,109
SNA,188
LTR,643
ILG,511
NGF,133
FIG,295
IGN,181
NHL,128
LTE,582
TER,216
LLQ,824
LQD,310
QDG,263
DGG,316
GGY,255
EVY,149
GSS,368
VDR,262
RFI,195
IGH,152
GHP,159
HPN,55
PNF,60
NFH,31
FHF,55
HFV,90
EGD,308
DIS,235
ISI,198
SIH,82
IHT,91
HTE,55
TEW,44
IEY,99
EYH,47
YHI,34
IKK,110
KKC,21
KCD,28
CDV,55
ILP,316
IAT,377
PIE,189
EYT,66
YTR,113
TRN,118
RNP,143
NPL,287
LRV,447
RVF,196
VFE,166
FEL,319
LDF,278
DFE,125
FEE,149
EEN,115
ENL,246
NLK,217
LKI,212
KIV,169
VRY,153
RYC,33
YCV,28
CVK,28
VKY,63
KYH,41
YHK,33
HKR,57
KRI,210
RII,230
IIF,112
PST,153
STS,192
TSE,168
YGM,89
GMC,28
MCD,13
CDD,46
DDH,80
HSF,91
FDE,264
EDS,100
DSS,194
SSR,257
RLI,472
GPI,174
INK,125
NKQ,79
KQR,148
QRW,89
RWI,55
WIY,23
IYS,110
SVS,349
VSK,228
SKQ,125
KQL,398
DRV,324
VIW,52
IWA,56
WAY,31
AYG,291
YGK,125
KKE,116
EGL,636
GLN,334
LNF,147
NFT,78
FTL,426
TLF,431
LFR,256
FRP,105
RPF,154
PFN,94
FNW,33
NWM,20
WMG,35
GPR,159
PRL,418
LDS,418
SLD,454
SAR,411
SRA,419
RAI,440
ITQ,154
QLI,396
ILN,176
LNL,488
LVD,628
VDG,536
DGT,340
GTP,375
PIQ,92
AQK,175
QKR,113
KRC,38
RCF,38
CFT,44
FTD,139
TDI,183
DIE,258
FRI,111
IEN,161
ENK,81
NKE,109
KEN,99
NRC,26
RCD,53
CDG,81
DGQ,324
QII,148
IIN,161
INI,117
GNP,244
NPD,234
PDN,144
DNE,111
EAS,390
ASI,335
SIQ,127
QQM,105
QMA,164
MAE,307
AEI,408
ILL,828
AKF,180
KFE,110
FEA,276
EAH,163
AHP,228
LRD,504
DHF,94
HFP,87
PFA,261
AGF,545
GFK,185
SKS,149
KSF,112
FYG,127
GDG,395
DGY,183
GYQ,240
YQD,132
QDV,188
DVS,258
SHR,108
HRR,93
RRP,205
RPS,152
SIA,326
IAN,265
NAR,208
RRL,764
DWE,53
WEP,41
EPT,204
PTI,135
TIE,217
IEM,85
EME,110
MEE,108
GNT,204
TLD,442
DFF,121
FFL,175
FLQ,180
LQG,565
VTT,274
VEH,106
MVQ,99
VQI,153
ISG,380
KEV,249
EVR,402
RSL,463
PQS,174
QSL,491
SLW,138
LWR,150
WRA,123
RAE,472
EQI,310
QIR,230
IRA,412
REW,79
EWA,93
REG,350
ALY,392
LYT,130
YTL,185
TLM,232
LME,224
MER,144
LRT,362
RTY,75
TYA,143
YAT,152
ATH,142
THH,49
HHW,33
HWP,43
WPH,30
PHS,104
HSR,117
SRC,54
RCW,16
CWW,2
WWI,17
WIF,33
IFT,136
FTG,200
TGP,188
PGN,158
GNN,128
NNG,106
GYV,220
YVL,211
GLE,531
PQV,211
QVI,263
RDP,210
DPT,160
PTE,165
TEL,430
ELT,562
TGD,225
ATG,560
TGG,393
LGR,679
GRL,768
PDL,442
VDA,519
GVH,134
VHT,72
HTR,103
LSP,547
LMT,210
MTK,67
TKI,91
ATI,330
ING,236
LQV,343
QVP,204
VPV,367
LSV,527
SVD,271
VDL,510
LPS,408
PSG,274
SGL,759
LNA,462
NAD,203
TGC,102
CAM,41
MGA,272
RAS,325
ASR,518
SRT,239
RTL,594
LTF,234
TFI,138
IGI,374
IKQ,192
KQG,237
QGM,153
GML,365
MLT,230
LTA,933
TAD,330
GVD,472
VDC,51
CVG,66
VGH,151
HLD,215
LDC,97
DCD,40
CDP,57
DPL,365
PLG,465
GVS,557
VPP,181
PPG,174
PGW,99
GWQ,199
WQA,281
IDY,134
DYP,142
YPS,91
SQY,91
QYP,87
YPR,80
QRS,182
SSH,126
SHK,61
HKG,90
GSH,100
GGN,258
GNA,276
NAG,249
GMQ,115
MQG,120
IVL,404
RAC,98
ACL,211
CLR,90
VRV,407
RVC,73
VCQ,44
CQH,30
QHP,122
PDQ,189
PAS,500
ASL,1038
SLY,249
LYQ,266
YQA,259
ELM,255
LMG,378
MGS,151
GSQ,261
SQG,308
GDE,402
DEE,289
EER,267
ERW,78
RWA,73
WAS,80
ASV,512
GQD,229
EWG,66
WGR,64
RRH,193
RHF,143
HFE,72
FES,123
ESF,164
SFV,204
NEQ,152
EQV,514
VPL,522
DAD,374
NWL,116
AQC,45
QCP,29
CPR,41
RHQ,154
HQD,90
QDN,87
DNW,43
TPH,103
PHP,108
HPG,144
LGC,189
CTI,32
EIA,440
VQR,173
QRF,177
GVV,543
LIH,150
IHD,87
HDG,124
KGM,116
ALC,273
LCD,122
CDE,85
DEG,309
NPG,148
PGM,186
MAS,226
GGM,251
MGD,109
GDL,603
QGW,123
GWS,125
WSA,128
ATR,389
AVI,519
VIH,111
IHG,129
HGE,156
RGM,115
MLA,596
LPF,321
FIR,159
IRR,327
VNP,196
PDT,158
MKF,43
KFI,76
FII,104
IIK,138
KLF,182
FPE,137
EIT,178
ITI,202
TIK,167
IKS,179
KSK,120
KSV,207
VRQ,308
IKI,127
KIL,235
ILQ,228
QGN,196
NIR,127
IRN,147
RNV,135
NVL,270
VLR,510
LRR,633
FDD,194
VRM,101
RMD,65
MDW,24
DWD,62
WDK,55
KLI,310
IVS,287
SRN,140
RND,107
DQF,102
QFR,116
FRE,162
ACI,86
CIP,31
IPG,270
GIQ,165
QAF,265
AFL,484
EVQ,225
VQA,455
SKF,88
KFT,76
TDL,331
DLH,165
LHD,199
IFE,121
QVK,207
KAV,409
AVW,96
VWG,81
WGD,59
GDQ,210
LEG,621
TFC,34
FCV,37
CVR,44
RAK,303
KRH,83
RHG,245
KHE,46
HEF,69
EFS,163
FSS,205
SLE,440
VER,432
ERY,209
YVG,171
LNQ,318
NQH,58
QHC,26
CVS,51
VSN,171
NGV,283
GVR,381
LKN,189
KNP,83
PDV,247
DVK,180
VKI,145
KIN,103
INL,292
NLE,209
EID,205
LFI,289
VSA,598
AIH,190
IHQ,108
HQG,154
SGM,190
GMP,128
MPI,77
TQE,121
QED,100
LIS,507
GGF,307
GFD,307
FDS,174
DSG,270
SGV,446
GVA,794
VAS,649
ASF,326
SFQ,98
FQF,51
IKR,189
KRG,195
RGC,44
GCR,79
CRV,60
RVH,125
VHY,74
HYC,18
YCF,25
CFF,26
NLG,303
AAH,329
AHE,152
HEI,122
IGV,437
GVK,324
VKQ,203
QVA,518
YHL,110
HLW,39
LWN,39
WNR,29
HRV,112
FTA,265
VDF,188
FEP,149
EPV,299
ILE,271
KID,147
IDN,159
DNG,210
GQM,106
QMG,100
MGV,180
KRM,75
MMM,31
MMR,67
MRA,166
DEF,174
EFQ,92
FQI,74
QIP,142
LVT,564
VTG,483
TGE,328
GEC,64
ECV,38
VGQ,290
QVS,287
SSQ,207
LTN,221
TNL,250
NLN,136
VTD,329
TDK,169
KVI,288
ILR,320
RPL,524
LIT,401
ITW,34
TWD,28
DKP,208
PDI,195
DII,186
IIS,224
ISE,250
EAR,523
IGT,294
LEF,211
FAE,308
ETM,83
TMP,87
MPE,105
PEY,131
EYC,23
YCG,43
CGV,111
GVI,490
VIS,353
ISK,139
SKK,99
KKP,96
KPT,126
TVK,177
KAE,338
SRI,293
RIE,323
EEE,260
ENF,68
NFD,82
FDF,117
FAI,262
LDK,443
ARY,299
VQE,213
VET,258
ETT,150
TAE,370
AES,344
ESG,407
SGD,330
GDN,182
EVI,371
IRS,204
RSM,81
SMD,76
MDE,136
DEH,117
HNE,45
EKP,119
KPL,355
GRE,383
VMH,51
MHI,28
HIP,76
PFF,130
FFK,78
LTT,394
TAF,231
AFG,412
FGD,229
PKE,139
KEK,189
EKT,118
KTY,73
LLY,324
LYC,57
YCD,30
CDR,53
DRG,160
RGV,315
VMS,130
LYL,404
YLK,210
GFA,525
VKV,356
KVY,113
VYR,161
MSE,176
SET,158
TKT,77
KTN,63
NLL,609
DRD,183
AMR,177
AFF,203
VEL,620
GEK,218
KPF,142
FRA,186
DQV,247
QVM,128
MKW,27
KWI,27
IYH,58
YHF,49
HFG,118
FGC,61
GCD,79
DDF,207
FDQ,129
DQM,76
QMN,34
MNN,74
NNV,104
NVN,94
NKV,166
EIR,311
EVS,325
VSR,392
SRE,272
EQR,298
SSD,213
IKW,28
KWA,36
WAL,191
QVG,319
GQE,215
ETV,238
TVY,120
VYI,90
YIP,77
IPE,183
PEE,210
EED,172
EDR,161
TLC,135
LCV,114
SQV,254
VGC,89
CAL,188
LEC,62
ECK,33
CKF,8
KFC,16
FCS,48
CST,47
STA,327
TAQ,267
FNR,138
NRN,80
RNL,284
KVS,242
VSE,383
SEI,224
IGQ,235
QVW,67
VWR,85
GKR,308
RPI,161
PIT,167
ITN,111
TNV,109
VVM,179
VMM,91
MMG,88
MGM,92
GEP,376
NLA,524
LAN,603
VPA,544
PAM,192
MRL,203
LMM,123
MMD,44
MDD,84
DFG,182
FGY,156
YGI,166
GIS,435
SKR,169
KRR,180
RRV,320
TIS,228
IST,209
ALD,836
LDM,194
DML,186
MLG,355
DQI,179
SLH,187
HAP,130
APN,146
PND,71
NDK,94
EIM,76
IND,163
DKY,83
KYN,33
YNI,51
NIE,144
IEE,288
EEF,168
FLA,521
AGV,920
RRY,210
KSN,96
NAN,124
GGR,427
VTV,368
EYV,120
LDH,206
DHI,94
HIN,58
NDD,85
DDM,68
DMQ,66
MQH,38
QHA,144
HAH,73
HEL,267
KDT,93
TPS,253
PSK,104
SKI,125
NLI,252
LIP,395
NPF,112
PFP,107
FPG,164
NPY,84
PYG,120
KPS,133
PSN,85
SNS,124
NSR,138
RFS,220
FSK,117
SKV,244
VLM,256
MEY,33
EYG,158
YGF,124
GFT,265
FTV,222
TVI,216
VIV,296
RKT,119
KTR,163
TRG,168
GDD,247
DDI,214
DID,266
AAC,211
CGQ,61
DRT,131
RTK,94
TKR,85
KRT,134
RTM,87
TMK,52
MKN,59
KNR,91
NRM,58
RMQ,81
QQD,181
ISV,287
SVK,168
VKM,52
MQT,73
QTY,67
YLV,337
RDR,231
PQG,248
QGD,285
DHL,221
EQM,138
QML,186
FTQ,120
VGR,327
GRD,323
RDF,164
DFP,115
FPV,139
PVF,194
VFL,257
FLH,99
HPK,54
PKT,96
KTQ,92
TQQ,175
QEY,92
YAL,308
ART,347
RTE,156
RKQ,145
RGY,181
GYT,150
YTG,140
TGF,250
GFV,332
FVC,44
VCH,29
CHA,40
HAS,153
ASP,364
EVT,322
RDL,518
DLT,378
TVN,159
NAI,251
AED,270
HDP,91
DPY,105
YGG,208
LRH,251
RHV,132
HVS,106
PAF,285
EDP,158
RIL,475
RVA,565
VAR,628
RFH,85
FHA,106
FVV,239
ALM,387
MRE,133
EMT,95
MTE,146
TEA,336
TPE,318
RVW,98
WKE,31
EKV,248
GPT,182
PTP,227
VFF,135
FFE,119
FEV,205
REC,46
ECG,78
CGA,135
LFG,636
FGV,320
GVP,384
APA,770
PAK,274
AKW,58
KWH,12
WHP,46
GIH,142
HTM,38
TMM,35
MMV,81
MVL,300
QAC,79
ACR,114
LCH,70
CHD,24
HDF,63
FGK,178
GLT,711
TPP,209
PPE,163
PEF,169
EFW,34
FWP,45
WPS,47
PSH,85
SHH,68
HHG,79
HGH,100
HGQ,142
LIR,457
IRD,254
DFC,33
FCE,52
CER,83
RFR,160
PNE,81
NEC,18
ECR,54
CRD,67
LHT,141
HTH,53
THI,78
HIH,63
IHI,74
HIA,155
IAF,236
AFE,264
LKP,333
KPA,335
PAT,373
KVF,143
VFD,217
KAD,283
DAW,104
AWR,145
WRR,111
RPE,254
FAQ,212
DAC,105
CRA,77
FHG,103
RTG,256
RVY,126
VYA,207
YAE,198
AEP,388
PDY,164
DYV,193
AVP,376
VKE,285
KEI,186
FKG,156
KGE,332
ISR,318
SRV,319
EWT,40
WTF,31
TFL,184
MTT,103
TTK,89
TKY,43
KYI,56
YIF,43
VVS,443
SLG,705
SLA,1055
AAI,954
RGL,535
DVT,246
TIM,69
IMK,39
MKL,167
PYI,82
YIN,67
INV,139
NVD,148
VDP,228
GTM,107
TMS,80
MSP,95
SPT,164
PTQ,123
TQH,69
QHG,145
EVF,181
VTE,271
TED,140
ETD,168
LGH,305
HYE,39
YER,124
IRT,222
TKM,31
KMT,58
MTR,160
TRR,244
RRN,127
RNN,79
NNF,60
TGR,308
RIY,127
IYA,164
RKE,157
RRG,304
GDY,184
IQV,157
VIP,248
IPH,71
PHI,83
HIT,63
TNA,156
IKE,233
EGH,120
GHQ,141
HQV,142
VEV,406
VGD,390
IES,230
PFL,239
IRQ,273
GRN,185
NNA,135
NAM,99
AMF,105
MFM,28
FMH,30
MHL,53
LVP,490
VPY,130
PYL,223
YLA,535
KTK,80
TKP,107
QHS,78
LSI,348
QPD,253
LIC,129
ICR,65
CRS,46
RSD,191
KIA,275
NVP,117
VPE,242
ISM,79
SMK,61
DVD,252
DSI,181
SIY,106
IYK,56
YKI,48
KIP,85
LKS,372
KSQ,108
SQN,84
QNL,154
NLD,252
DSY,103
SYF,106
YFT,78
FTE,131
FGL,512
CKE,41
AEW,102
EWE,49
WEQ,54
IYE,84
YEE,98
EEA,513
ANP,314
IGM,183
GKY,115
KYV,79
YVS,141
LPD,457
DAY,173
AYK,95
YKS,50
LKH,90
KHG,96
HGG,221
GLK,412
LKT,287
NIK,99
IKY,53
YID,102
IDS,231
DSQ,194
SQD,158
QDI,162
ETR,256
PGG,284
GKI,279
KIQ,79
AQY,142
YAR,195
REN,106
NKI,89
IPY,103
GIC,74
ICL,89
CLG,127
MQV,100
AMI,181
MIE,118
IEF,112
FAR,299
ARN,200
NVA,251
GME,126
MEG,109
SSE,237
SEF,143
EFK,127
FKK,68
KKD,72
DCA,71
CAY,33
AYP,148
YPV,142
VGL,759
EWV,94
WVD,82
DDE,261
TRT,189
TEK,121
EKS,148
KSD,132
TMR,64
LGS,717
SQL,453
CHL,56
EGS,251
QMY,20
MYG,40
YGS,151
GSP,237
TIY,73
ERH,167
RHR,124
HRH,67
HRY,60
RYE,115
VNN,113
NNK,66
PQI,119
QIE,232
KVT,256
TGL,625
SAD,362
KKL,278
IEI,185
EIP,154
PDH,94
DHP,126
HPW,37
PWF,51
WFV,50
FVA,386
AQF,190
QFH,68
EFT,126
FTS,172
STP,225
PRD,120
RDG,379
DGH,132
FVK,120
GEY,169
EYQ,126
KRN,79
MLD,244
QAT,258
IAV,426
VIK,230
KST,193
ESA,346
LTQ,426
QHF,100
HFY,50
FYQ,119
YQR,140
QRM,63
RMF,40
MFS,80
SHN,60
HNP,75
NPE,193
IFN,89
AHQ,179
HQR,125
RSG,354
GQP,432
QPL,470
PLA,987
LFN,239
FNA,169
NAV,247
KNI,92
NID,135
DNL,281
IAH,197
AHK,108
HKH,26
KHT,40
HTG,95
GFL,350
FLI,192
PEQ,341
EQY,129
QYH,36
HIV,75
SHL,221
HLL,475
GGS,525
TDE,217
AWG,128
WGK,60
KAY,138
YGV,219
SIF,119
IFI,128
IGR,360
RES,219
ESE,216
EIY,103
YQE,113
QEK,123
ASQ,447
SQA,375
AGG,781
GGW,127
QGS,309
GSR,352
SRP,260
LIK,280
EKR,176
RVE,391
SEL,649
ELI,451
ITS,192
TSF,122
SFL,317
FLL,551
PVD,227
DFK,105
FKP,119
KPG,248
PGQ,285
GQY,120
QYL,208
YLS,250
SIK,156
LVH,203
LEY,152
QEI,206
RQY,117
QYS,71
YSL,243
LSD,515
SDA,364
PNG,142
GQH,137
QHY,76
HYR,133
YRI,167
RIS,269
VKR,227
KRE,160
REP,169
SNL,241
LLH,373
HDH,72
HLQ,157
DKI,193
IEV,294
VMP,117
MPP,92
PPT,92
GDF,212
DFY,90
TPM,110
PMM,51
MSM,59
SML,199
MLN,109
AKG,485
HQA,189
TWL,112
WLH,75
HAC,41
ACE,87
CEQ,78
VHA,155
HAF,109
AFR,186
RED,163
EDI,173
DIQ,173
QQK,150
QKS,94
KSR,184
RQN,70
QNA,132
ANL,486
VWY,27
WYR,50
YRE,169
SDV,219
DVQ,161
VQG,289
EGY,166
GYD,185
YDF,79
TMD,77
MDL,165
VKD,195
KDR,103
DRI,295
RIT,216
QAH,146
AHY,104
HYY,42
YYF,47
YFC,20
CGP,48
GPV,273
PVG,352
VGF,302
GFM,113
FMQ,34
KQQ,138
LIA,911
PAG,633
LHY,114
VFG,323
FGP,181
GPH,78
PHQ,88
KIT,141
TLP,529
EFE,149
FEK,114
VML,285
RYW,46
YWH,28
WHG,62
HGP,92
ISP,243
PEA,404
EAP,265
KVE,310
HIE,115
ERP,194
ALN,499
LNS,252
NSA,183
MAG,343
VAC,134
ACD,77
CDF,30
DFV,202
FVR,180
ADY,297
YPT,101
RNQ,136
EAF,272
AFH,97
FHD,56
HDV,86
DST,132
STL,542
LLM,433
ALP,894
LPH,187
HSD,110
VMI,133
MIL,134
SDY,132
DYG,146
NDV,122
DVP,222
VPS,207
PSM,50
SMI,91
MIQ,57
IQR,145
QRA,322
RAR,535
IPV,354
PKG,205
GTD,250
EKY,98
KYR,81
TPN,100
PNM,44
NMS,63
KSE,146
SEE,228
LVK,431
KRF,145
RFE,233
VTR,300
TRS,214
SEN,105
ENG,208
NGM,78
GMT,224
MTL,267
HLP,217
PAQ,376
HEV,144
YDV,113
TGA,510
DTV,205
TSL,438
KSL,364
EAC,98
ACA,193
IVV,288
GTS,287
STV,223
PVE,253
YTE,86
TEQ,272
QET,165
QLK,379
VMT,159
MTN,77
TNG,118
NGC,47
GCF,49
CFD,40
FDI,149
DIL,353
ILH,131
GHV,171
AVN,283
NTD,112
KGP,133
PGR,255
PVN,163
RRM,108
RMA,175
MAV,277
VDW,72
DWV,101
WVV,82
VPF,171
EDT,98
VLP,456
DYK,64
YKP,53
KPE,187
EEI,293
GYA,304
TAN,178
VLN,308
NFE,76
FED,142
DGC,50
GCS,114
SDI,239
IKT,165
KTI,141
MLS,235
MRP,69
PFG,186
FGI,260
TAP,311
QLD,429
DSR,216
SRR,321
RVG,370
PGC,68
GCL,122
CLF,60
RGH,119
QVD,227
FIE,214
IEQ,396
LFE,378
EFV,214
VPC,48
PCL,69
GYF,146
YFY,54
FYD,87
DQP,171
QPA,401
GTN,121
STT,195
ANW,69
WCT,14
CTL,106
VMG,228
MGT,132
GNG,344
ENT,86
NTT,86
TGS,409
VQV,262
QVQ,215
QAN,210
LVQ,484
VQH,64
QHR,96
FTN,81
NLS,292
LDY,294
DYH,57
YHG,69
HGT,135
TME,78
EAY,174
YGA,292
KEE,190
EPC,37
PCA,48
CAV,95
DDR,130
GRQ,259
RQW,96
PAA,884
VAF,309
SVH,89
VHG,180
QDP,225
DPH,74
PHF,65
HFH,45
HQQ,142
GFR,193
FRT,103
RTQ,158
TQI,147
QIN,152
INS,143
NSS,125
SSW,89
SWG,70
WGN,42
GRF,280
RFN,148
FNV,111
NVS,186
SNV,113
GAM,284
AML,534
MLV,321
LGY,405
LQP,325
QPV,303
PVT,320
GRM,129
RME,90
MEC,15
ECF,24
CFG,52
VDY,196
DYA,213
YAH,68
AHT,129
TPD,249
VHC,25
HCE,29
CEG,58
RLW,136
LWC,38
GCG,185
CGG,129
RPM,65
MMA,105
DDN,114
NPR,122
PRT,147
TEE,210
EEP,141
EPA,399
RIM,108
IMA,174
ADM,209
DMV,157
GLR,598
IEH,110
EHD,100
HDR,88
TKA,222
IEL,445
ALS,976
IIL,245
GHE,112
HED,43
EDY,89
DYQ,152
YQI,98
DKR,140
RHY,108
HYS,74
YSD,122
DRE,187
RET,209
TVA,493
ALH,340
HTL,232
FGT,169
GTA,456
TAT,385
TRP,200
TRA,355
SGE,419
RYA,224
AMQ,163
VAH,178
HKA,130
KAH,116
HVL,183
DLI,413
IIP,152
TDT,177
DTL,542
VPN,109
PNA,145
LTM,189
TMN,48
MNR,85
NRE,137
GIR,327
LPT,380
PTS,202
TSP,182
SPY,92
PYH,43
HFA,144
VDT,227
LPC,95
PCV,38
CVV,72
PVM,133
MSS,150
SSS,316
ESW,59
SWT,39
WTH,10
EGF,206
FVP,189
PFE,134
FEY,68
EYE,94
IHF,63
HFC,29
CQP,50
QPI,162
PIG,214
GHR,127
HRQ,109
RQE,220
DGD,323
SWQ,127
WQP,128
QPQ,166
QAM,220
AMS,233
SEQ,385
ARS,410
RSK,144
EVW,69
VWF,48
WFS,54
FSE,139
SPR,204
PRP,187
RPH,93
PHD,66
HDT,61
TGM,154
MVT,150
ISQ,212
DLS,451
FAL,569
LHV,141
VGT,347
TQY,69
QYG,139
YGP,117
GPS,173
PSA,310
HSQ,71
IRY,111
RYQ,207
QGI,309
EDC,34
CPT,61
RVD,292
KLS,302
DFM,70
FMK,46
MKA,152
APT,294
DKT,117
KTA,232
APC,61
PCR,39
CRF,49
RFC,50
CGT,67
TQG,214
DPD,277
NRG,120
LNC,50
NCI,25
CIK,18
KGY,161
YFL,122
FLS,264
KIM,51
IMY,18
YGQ,134
QDR,138
QPM,68
PML,204
MLR,207
LRM,151
MTD,113
TDG,238
GKF,128
KFD,94
DKN,71
NGN,135
NFA,128
ISW,59
SWD,58
WDQ,47
AFD,276
DIM,66
AEK,279
EKF,109
KFK,68
FKT,92
KTT,137
TTL,439
AVG,682
VGM,186
GMF,68
SGQ,372
GQW,116
QWT,36
WTV,45
VWE,37
WEG,64
KLM,139
LMK,125
RTN,71
TNN,80
NNL,194
DPN,121
ARH,360
RHC,37
HCM,8
CMA,36
FMR,46
MRT,96
RTF,124
TFG,167
FGM,110
GMD,153
DEP,283
EPM,79
MGC,34
GCY,38
CYD,28
YDD,98
AFV,336
FVL,415
VLW,115
LWG,159
WGS,64
GSN,188
SNM,45
NMA,105
AEM,165
EMH,24
MHP,35
HPI,92
PIL,286
ILW,57
LWS,141
WSR,73
LSH,290
SHQ,107
QVH,84
VHV,91
STF,132
TFE,120
FEH,84
EHR,92
HRS,76
RSF,124
SFE,160
MVF,91
PQT,177
QTD,126
LNY,120
NYI,48
YIA,120
ANY,123
YII,58
IIQ,90
QND,60
VNW,55
NWE,29
WEF,26
NKH,27
HTQ,68
TQF,87
FRK,75
RKG,236
KGV,305
GVT,458
IGY,194
RPT,131
PTN,91
TNP,158
PLQ,329
QKA,207
KAK,277
PDS,220
PMS,82
KFV,104
DYD,112
YDL,207
VPK,111
PKD,108
QLY,191
LYA,304
ADP,338
DPS,171
SYW,30
YWT,15
WTM,14
TMG,106
MGF,108
FNQ,124
QHT,73
GVW,85
VWA,88
WAN,41
NLC,56
LCY,85
CYN,17
NIH,63
IHL,131
KIS,155
TPG,252
SGP,229
FSL,424
SLT,617
SAC,85
GTF,172
TFA,220
FAH,116
AHR,175
HRL,295
MVV,208
TEP,149
EPK,100
PKH,35
KHR,52
HRA,143
KIW,29
IWK,15
WKL,46
KLP,283
PEG,274
EGT,227
VGY,202
GYH,74
YHA,83
LQN,131
QNR,88
RML,229
KDG,251
KLN,187
NAY,114
AYW,60
YWV,40
WVM,32
VMC,18
MCN,6
CNN,19
NNN,68
NNM,41
NMQ,41
GPN,92
NMN,34
MNE,91
NEE,125
PGY,157
GYR,224
NPA,395
PAN,218
ANF,140
NFI,77
SDP,197
TVT,345
TAM,159
AMW,25
MWV,15
WVE,81
VEK,234
GAY,227
YGN,95
QFW,34
FWH,28
WHQ,38
KPP,56
AKS,283
DLW,92
LWQ,220
WQL,209
MEF,61
RFK,136
FKV,141
VEE,355
VWP,62
AKM,97
KMP,46
KTL,369
YAN,111
QVN,161
NQF,75
QFP,81
FPK,56
KEQ,195
EQS,265
NDE,120
EHF,95
FYV,100
YVQ,92
VQK,106
EEY,104
ATF,224
HDL,167
APF,235
PFD,171
YHE,39
HEA,134
LRW,108
RWP,94
WPV,71
KET,122
TLW,127
WRY,52
RYR,198
FDP,208
PYV,137
YVK,83
RFY,123
PDG,362
VIF,174
LPY,180
PYE,79
YEP,73
KEY,88
EYD,99
YDM,31
DMW,11
MWL,41
STG,283
LEH,193
EHW,27
TMT,86
ELY,193
AFP,145
FPD,115
LFM,118
RNR,140
NRP,111
RPP,109
PPK,83
VFM,77
FMP,66
MPF,56
FFD,120
DAS,344
TDP,185
PLS,535
TDY,114
YKK,59
KCA,27
MAN,118
NYF,56
YFN,67
NLR,208
RQQ,419
GKC,30
KCR,23
RFM,70
MQR,105
QRE,201
REE,275
GCN,49
NQG,153
LNM,90
NMR,42
MRD,92
RDS,151
ISY,108
SYA,178
KRA,270
ASW,155
WQK,43
TDN,118
FAV,373
GTY,131
NLT,266
KQH,83
TVM,103
MKQ,107
GYS,233
YSH,47
HGF,126
ITV,236
VMV,207
APK,175
PKC,13
KCP,20
GTE,175
TEV,217
VRE,422
EYK,83
YKR,57
RGF,250
PEN,97
END,66
NDP,112
MAI,206
KAW,78
AWA,166
ESS,174
DLM,169
ILC,84
LCG,197
MLQ,156
LLC,296
YDK,108
IQF,64
QFG,159
GWE,68
WET,38
SLM,211
MDR,86
LSN,259
SNP,171
EKH,57
KHM,14
HMD,36
FSR,248
SRG,281
GMM,94
ADW,148
DWA,100
GWR,165
WRE,116
KSA,225
SAF,270
FEN,85
ENA,173
FDN,120
AMV,335
MVK,129
LAF,504
FET,118
TMV,104
GIY,167
SAY,164
AYY,98
YYE,45
YES,82
LHE,178
NTV,154
RKR,131
KRL,398
RLY,256
LYE,207
YEM,27
EMN,58
MNV,62
AEY,196
GNY,111
NYL,178
YLF,162
NAA,388
REH,140
HFM,34
MPT,112
GAS,572
VDN,193
ANE,199
RNH,44
GYM,68
YMK,31
KDM,55
DMK,47
MKR,104
IVK,149
REI,276
RGN,150
EVH,105
VHL,169
APS,301
SGA,580
AST,325
REA,508
DKS,161
SRF,274
RFL,314
FLG,336
NGP,107
KDQ,102
TVD,231
VDQ,172
QIM,58
IMI,50
MID,91
IDL,395
TEN,74
NKS,99
KFG,126
FGA,420
NAK,141
AHI,151
ELN,311
NGT,195
PGV,336
GVY,188
YSM,36
SMP,74
PLP,542
MMN,38
MNI,77
NII,99
GEH,154
EHA,153
DNN,78
VDI,249
IQE,110
QEF,111
EFM,48
FMI,39
RMG,118
VFH,76
FHN,36
GYN,122
YNT,46
PNL,165
GYK,109
YKL,109
LAM,519
AMD,134
MDC,19
ASE,427
YDA,173
EKK,107
EYN,54
YNL,105
TSN,107
GFS,327
FSD,177
SDF,143
TKF,67
KFP,53
FPI,84
PIV,200
VSI,260
ESD,164
SDW,79
WDG,79
DGF,237
YQT,100
QTA,211
KKI,116
IQI,93
QIV,183
DLF,258
VTN,160
TNT,119
NTK,65
ILK,205
RGI,333
NGI,203
ANS,212
NSI,104
SIL,314
ILI,299
IKF,52
KFN,63
NQI,114
QIG,193
TET,153
KMA,123
MAK,198
YTA,106
ISH,133
ETE,142
QIK,145
KTG,200
GSM,138
SMS,89
SRS,240
AKY,127
YNQ,71
IRI,174
VKN,134
KNQ,56
MNK,82
NCE,26
VWL,190
NVT,144
VTP,308
TLR,492
EPH,75
PHA,148
VHE,94
HEG,110
RIH,103
IHA,148
VPM,119
PMQ,67
MQD,93
GPY,91
AHW,57
HWQ,69
QDM,75
MKG,107
IDC,51
DCH,33
CHT,24
HLI,162
LIF,241
RQK,121
PYA,145
CEE,62
EEQ,236
QLF,236
TTV,213
EIK,198
KSG,263
SGY,209
LKM,101
KML,116
PIR,156
IRV,247
EYR,157
YRD,164
RDD,190
DSW,63
SWV,70
TIC,36
ICQ,27
CQE,35
VFC,38
CEH,34
HIG,132
AQT,292
QTE,138
QVY,100
VYL,272
GHM,45
MDQ,59
QLS,483
NFG,129
VDH,118
EYL,246
HRG,128
AFY,141
FYF,57
FLK,177
LPP,453
PPV,150
PMA,167
INP,191
MAM,114
AMN,109
MNM,34
MAC,38
ACT,68
TRH,119
RHA,193
QEQ,223
FLV,262
LVW,160
VWN,32
WNC,7
NCG,31
HPA,180
YLI,185
LIG,761
VIN,219
VGW,84
WRG,109
SRM,102
MQE,122
EEK,200
EKD,100
KDF,100
DFS,209
QPT,134
PTF,120
TFF,103
FFT,116
TTS,197
IIT,191
DYT,73
YTK,43
DVY,116
VYP,109
AGW,204
QGY,209
GYW,62
YWI,27
WID,53
ASS,459
DPV,273
NGD,180
LNN,164
TFV,171
GNC,33
NCT,21
CTV,46
LML,427
MLL,463
LFK,214
FKA,223
VEW,59
WVS,87
ATY,120
TYQ,99
RHM,41
HMR,21
TQM,52
RKI,156
SGT,346
DNF,83
IPW,40
PWI,41
DTK,81
QSR,225
EEW,59
EWK,43
WKG,44
TNK,81
GLC,157
LRC,92
RCH,37
CHS,53
AFT,276
FTI,111
KLK,262
EIE,275
AHN,76
HND,48
NDW,45
WVK,67
IPN,91
NDR,118
RDI,230
SIP,183
NMG,76
GPE,187
LLW,281
WGA,129
LNI,215
NIL,193
MPQ,52
DKG,226
LNK,210
NKT,85
HIL,154
PRF,161
RFQ,105
QTV,193
TVP,219
VPD,198
PDM,93
NAT,175
QKI,124
GEI,370
EIS,217
SVQ,201
NEN,48
ENV,119
NVR,125
IQS,127
QST,137
STC,40
TCA,61
CAP,51
TND,81
NDN,85
NLM,140
MEL,171
IVM,108
MVD,152
YFG,149
RQD,174
RSA,411
VPI,169
SSV,278
HAE,151
IQG,188
NVF,90
EDM,49
MKS,74
SKN,67
KNL,169
SPD,227
IGG,510
LDD,412
DTD,158
IDK,198
RPR,141
RPN,90
PNV,120
RDC,39
DCI,48
CII,42
IIV,174
IVD,271
DMI,85
LCK,51
CKA,56
THP,96
VFS,229
FSG,264
SGS,465
ENI,138
IKN,92
KNS,80
NSV,138
IDE,296
ITD,235
TDS,217
ISN,128
SNE,107
ESI,181
ISA,474
SAM,195
MFE,64
MSQ,143
SQQ,264
QQF,144
TLY,232
LYP,214
YPL,229
GKN,122
KNV,85
NVE,130
DVE,240
FDW,46
DWS,62
WSQ,71
WAP,56
EHG,204
HGC,34
GCI,60
CIV,38
DNT,103
TSC,38
SCF,43
CFR,16
RYD,113
YDE,116
FRN,76
RNI,135
NPN,104
PNC,19
NCS,28
IQM,52
PLH,188
HDE,132
RIN,158
VSG,573
GQT,255
NGR,211
VEP,226
EPS,170
YPQ,96
IPQ,110
DSF,155
NGY,122
TRE,247
EEM,135
MKM,46
KMV,91
MVW,38
ETQ,133
TQK,84
PTC,38
TCV,44
HVE,91
HQP,113
PLD,360
LRN,281
RNA,194
KDE,151
SHP,138
HPC,20
PCG,56
CGI,74
INM,69
NMW,10
MWI,17
WIV,36
TNS,98
RDY,178
RQG,395
SPW,68
PWL,197
WLT,166
IKV,237
TIH,87
IHR,97
KYL,132
MSG,180
KHD,45
DHV,93
RLN,352
DPR,252
PRR,164
LWT,52
WTR,38
PEP,225
TDA,333
YLR,226
RST,149
FLM,96
LMD,163
MDN,52
DNQ,136
NQV,172
NIY,57
IHP,108
NIS,177
SAE,460
DFT,150
YFV,93
FVQ,115
VQQ,243
QPC,28
PCF,29
CFH,13
FHC,18
HCH,28
QRT,124
RTT,139
TVF,177
CSH,28
SHC,34
SES,196
HIS,107
NGA,286
YEA,177
AMY,70
MYR,39
VQD,167
AFW,76
FWG,54
WGE,77
DWM,39
WMK,16
MKP,75
PYT,91
KNT,73
TSY,101
YDP,114
KWY,22
WYE,29
YED,81
ANC,49
NCL,49
CLD,80
DRH,87
QRG,214
IIW,41
IWE,23
TYR,108
EVC,96
VCK,37
KFA,141
KAQ,263
QGV,378
VVC,78
VCL,107
CLY,43
LYM,63
YMP,29
MPM,47
MVP,102
CTR,39
TRI,252
VHS,116
HSI,70
SIV,183
IVF,137
FSP,203
PLK,244
KKN,48
VDE,363
TKV,184
IAW,91
AWH,77
WHN,17
HNH,28
NHR,44
DIW,45
IWW,18
WWH,13
WHD,42
HDA,139
ADC,85
CPP,44
FIL,212
ILY,111
YTS,86
HTT,67
GYL,409
TFK,85
FKY,44
IFD,147
FDY,121
HEE,88
DIY,130
IYW,30
YWC,3
CTA,59
DVG,207
GWV,123
WVT,51
HSY,56
ATT,290
IMF,39
FEG,204
PNY,51
NYP,71
DKH,49
KHQ,56
LMA,506
KGN,150
GNE,156
TSR,191
EPI,169
EAW,90
AWE,61
WEW,21
EWY,18
WYY,10
YRT,111
RTI,171
ERC,69
RCP,49
DTW,38
TWW,13
WWQ,34
WQT,72
GIL,538
GVQ,245
VQP,172
DNM,46
PLE,276
ATE,288
TEG,213
GNL,413
SWP,68
WPG,80
QMR,75
RTV,217
DHE,81
TYF,66
YFS,99
FST,168
TFP,83
GRY,238
RYF,134
GYY,106
YYW,25
SGH,146
SAL,1006
PKI,75
VPH,102
PHE,76
AYV,186
YVT,107
PSR,230
LHK,130
HKE,65
KEW,75
WVR,83
IHW,34
HWA,43
IMR,59
MRR,123
PKY,39
KRK,110
RKD,108
KDL,293
DLQ,277
ERN,150
VTK,157
ETS,156
TSK,127
PSD,128
DTT,129
TTP,200
DEN,108
RRW,131
RWG,74
WGT,46
PRE,156
REF,181
SFP,94
HID,98
FKN,79
VKL,337
RLH,253
LHR,234
QFM,38
FML,120
HGY,82
TEC,40
ECY,17
CYV,22
YVP,125
YGT,117
PKF,44
KFS,89
FSQ,163
EGE,473
RKF,78
EVP,223
TNM,43
MAR,261
ARD,357
DEI,321
EIF,135
DEQ,350
PIK,120
HSP,94
SPC,38
FRS,100
GSY,180
SYG,179
RDT,176
DTR,207
IRM,56
RMH,28
MHQ,49
QFD,153
EMV,145
PEK,123
KSW,49
SWE,40
WEA,54
LQL,723
PYR,140
RVM,152
GDM,136
DMG,121
GFC,65
FCA,65
TYD,65
WLP,187
AQN,117
QNT,65
NTY,73
SNC,30
CTD,38
DFQ,92
FQA,160
KPQ,106
ENY,66
NYQ,66
YQQ,173
QSY,94
SYM,31
MNP,75
RQA,454
MLE,235
KQE,145
QDC,31
CPL,49
EDH,55
YRH,110
FHL,114
HLK,155
HWC,7
CLK,34
RHD,115
HDS,83
SLV,639
FLT,233
HPT,93
VCT,53
CTC,10
TCF,26
WLR,178
NER,161
AQM,117
HWG,26
WGW,51
GWF,78
WFD,55
WDP,42
PSP,188
SPG,171
DDG,253
QIS,172
SVF,136
YMW,10
MWP,10
WPF,34
RHE,118
EFN,122
FNS,114
NSN,76
FHV,53
HVP,86
GLW,160
LWL,413
WLD,199
PDP,171
PQF,86
YWR,42
LCI,71
CIN,38
WAQ,71
GEW,122
EWR,81
WRS,80
NWW,11
WWR,28
WRD,101
RDM,84
DMY,33
YRS,123
RSH,104
KSC,24
SCG,82
DWL,194
WLQ,146
TEH,85
GPD,194
PDE,245
RAN,192
MGI,186
IRF,130
HWS,22
WSK,44
SKT,131
PCK,14
KFM,24
FMD,67
DFN,105
NLQ,152
QAY,175
ADH,164
HLS,210
QRR,229
TVQ,182
QEN,70
NAH,48
AHH,93
HHR,48
HRW,32
RWL,275
WLE,210
VVQ,205
VQS,202
CLP,98
CLL,249
HLH,83
WPD,59
HEC,14
CVD,51
YQL,251
LFF,246
FFQ,71
FQP,73
HPQ,84
QSE,214
QYD,77
NPP,100
PPL,315
LLF,654
LFQ,201
FQE,47
APR,316
RTR,232
QWV,72
WVG,98
PTT,153
TPY,118
HTA,110
PRY,118
MIS,109
EDK,119
DWT,42
WTI,46
IRW,41
RWN,34
WND,27
HET,58
VTC,53
TCH,31
CHF,19
PSS,195
SSK,149
KKY,51
KYT,46
PLN,183
LNH,122
CQV,35
LTK,241
TIV,194
KPI,147
PID,148
IYG,168
YAV,182
VVH,112
HYL,149
RPY,99
YVH,44
VHK,55
HKM,18
KMD,58
MDG,157
TSI,150
FSY,114
SKD,141
KDD,109
IAS,444
AYC,37
YCT,27
RNG,204
LIY,200
IYP,124
YPF,74
NES,97
QYQ,101
SAQ,303
AQV,424
EGP,145
GPP,56
TQT,136
ANI,227
SNN,108
NVY,67
VYE,89
YEK,77
EKC,26
CGL,154
GNK,122
NKD,96
KDN,66
DNR,137
FFA,222
PAW,126
AWP,77
QDH,62
DHN,38
HNR,66
NRA,235
LQI,214
YLQ,215
QQW,105
QWQ,159
KYG,123
PRK,86
MAY,68
FKF,51
KFR,80
FRV,139
LQM,95
QMH,30
MHY,25
YYD,63
SLQ,396
CRE,67
TAS,370
SMH,24
MHH,21
HHL,146
PPR,147
YRM,48
RFP,137
GTH,85
THS,98
IVN,157
VNS,152
IAP,306
YVI,109
DIV,233
IVP,209
CAK,27
NRQ,117
QAP,274
AYD,128
YDC,14
DCE,27
RYS,122
DSC,36
SCI,38
CIA,51
VFQ,97
FQD,72
KEH,72
EHY,74
YRC,28
CHP,39
HPR,126
PRI,183
QFC,28
CNQ,20
QFY,64
NHA,83
HAR,143
RKN,75
NTN,57
GYI,145
RAQ,291
SEK,122
KHL,110
NDT,119
TVH,63
HKF,30
FQG,126
ECD,40
KKR,103
KRY,120
RYN,83
FVD,198
PRM,63
RMI,69
AKH,94
HRF,88
NGH,85
GHI,136
RYI,119
YIS,117
YYA,78
YAQ,116
LYH,119
HEY,53
DQS,154
SRY,204
RYK,79
PAC,96
CQA,74
LKY,101
YHT,43
NSD,100
WTE,37
TQR,152
AFM,108
ASC,111
SCD,49
FVI,168
IYF,62
YFK,69
EVD,317
HDQ,62
PVQ,181
AMK,124
NEI,127
NKC,16
QRI,271
LWM,36
TTF,110
TFT,155
FTW,29
TWH,19
WHE,39
FYT,84
WES,48
QTM,58
TMA,176
YPM,49
PEM,109
PPH,65
PHW,44
WAT,63
TYI,72
RVN,169
NIP,103
DPQ,175
HIW,21
IWL,157
WLF,105
LFT,303
MVN,80
ENS,108
SAH,145
SSM,101
SMF,60
MFQ,26
FQL,187
YLN,150
DDY,119
DYF,111
NQC,16
QCF,15
CFL,54
FLF,194
LFL,550
EST,135
STK,84
DTE,132
TEY,77
EYY,41
YYV,59
EIN,147
VNF,123
NFR,69
FRR,175
ESN,117
LSW,147
SWI,50
KYQ,73
INN,97
NNE,60
EQC,53
QCY,12
CYF,18
FEF,91
KRD,137
DSN,105
NVW,38
WRV,63
SIN,158
NPI,118
FLC,67
CYS,30
YSI,89
SNR,132
RKS,150
IDD,237
DFI,195
EWF,27
WFI,53
HKK,49
KKT,102
KTS,119
QVR,323
MDA,171
EMY,22
MYD,29
DQK,72
KII,130
KNN,53
ENN,53
KQM,58
NIW,15
IWV,56
TSS,237
VRN,155
NFS,102
LVM,286
LNP,268
PNI,77
AWQ,186
FPN,53
NIQ,86
TTH,94
SPQ,181
TID,177
KCI,15
CIR,40
RQF,154
FYI,50
QTK,86
TKS,95
TKG,138
VTS,256
IMN,63
MNT,70
VED,242
EDF,114
SNK,81
KNK,74
KND,52
NDA,204
FQK,48
AHF,115
EHP,123
VTY,95
KIF,93
FEM,58
MKE,87
LCT,88
ENQ,82
NQE,96
YVV,148
TNI,86
NIM,54
IME,70
PKA,246
HQL,311
LPN,210
EMR,95
LYY,112
YYY,31
YYP,55
YPK,63
NTP,139
ENW,20
NWI,30
PTW,44
TWT,32
WTP,47
NPM,56
GLH,225
LYI,108
YIG,119
NLY,138
YAI,162
GCV,82
DIK,164
QFV,152
RYM,42
YME,47
HEP,82
RNE,122
NST,108
MTQ,126
TQA,317
TTR,177
TRF,215
FIA,307
AHM,45
MDS,91
DSD,155
SDS,199
PTR,209
NPQ,120
MNY,40
NYS,74
PNS,88
NSG,175
GNW,80
NWS,36
WSG,103
KKM,47
QGH,134
HDY,62
QQP,184
NKM,41
MDI,94
LQK,210
GCP,61
CPV,78
AFK,173
PQP,187
PHH,43
VMQ,116
RAH,154
RYG,252
HQW,30
QWA,69
WAA,163
CQQ,75
SER,297
LNR,324
NRW,45
RWF,53
MYL,65
YLM,115
LMF,107
FID,216
IDF,173
VHH,48
WLG,327
FIP,128
PVI,318
PGK,241
KAF,201
MLM,89
PSV,181
SVM,128
MAT,205
NSE,110
MTS,139
MAP,152
FMS,60
MSC,33
FFP,80
PES,190
GQN,103
DSM,67
MEM,50
EMP,91
MPD,101
DYE,115
YEW,19
WPR,46
NVG,170
KTW,35
TWQ,66
QKL,256
FVF,118
NSL,273
DGS,407
GSF,247
SFG,234
FGH,134
QDQ,117
DQE,124
QES,169
NWQ,65
IVT,256
QEA,363
PTD,149
DPM,62
DDQ,128
VST,269
STY,84
TYG,119
GNM,82
MQS,84
QSH,70
SHF,82
HFD,123
MPC,17
AAW,216
AWC,22
WCN,4
NYM,19
YMA,75
MAF,138
FMC,6
MCA,27
CAT,84
LFW,82
FWV,50
WVA,120
LWW,43
WWA,29
WAG,119
HGD,155
MQF,41
FYR,129
YRR,171
RWQ,164
ISF,161
QWM,20
WML,66
HLR,170
SEY,98
KPR,129
PRW,84
KHN,36
EQP,207
HGI,170
ETH,89
RYP,177
LVC,163
RMK,66
DMF,37
MFV,65
AWL,357
QPW,65
PWR,82
MST,122
INT,163
NTE,92
TEI,152
IKP,172
YHN,42
HNG,64
KWS,29
WSV,53
FFY,51
FYP,73
FTF,112
VCP,77
DNY,61
NYA,93
AEF,293
DTH,51
THF,66
HFT,65
THK,52
IQK,71
IQY,42
MIG,167
RNF,79
QYV,75
CPA,81
KWK,18
KVP,170
PSY,94
YDW,30
LHI,118
HIY,44
PKM,33
QQY,98
QYN,38
YNS,62
QQT,207
QTR,231
MND,65
DTF,116
LSM,184
GWN,52
WNA,42
NAW,56
WFE,55
QVT,240
AIF,251
IFQ,88
FQH,55
LMQ,199
QRP,134
RPD,270
ATC,66
TCW,15
CWY,10
WYN,19
YNP,83
DGP,183
GPC,46
PCE,37
CEA,86
THE,90
EIH,90
IHH,55
HHF,63
SRH,166
RGW,94
WLW,70
WGP,45
PFV,183
QRQ,253
QTP,158
PHM,23
HMT,22
SGF,266
WAH,26
GFH,90
DWF,39
WFY,16
FYE,72
SRK,168
EQQ,397
TRC,34
RCK,36
CKT,28
KTE,116
HYV,59
VFP,116
RYH,78
RIP,202
RNT,116
YFP,70
KPH,47
QTC,32
TCM,14
CMV,19
MVR,144
PTH,67
HHN,32
HNK,36
HMK,23
ILF,267
CGS,99
NDS,97
LQC,47
QCE,39
KCV,18
ECE,41
CEK,36
NSF,99
FIQ,96
QKC,15
MDP,64
AKC,27
KCE,27
KDS,120
SMA,180
LQW,76
LTC,82
TCL,69
CLT,85
WGM,30
CAQ,44
IGW,82
WLL,424
ACM,32
CML,44
PSF,119
VCG,114
CTE,27
CYG,47
ALW,232
TAW,84
LLI,845
IGP,203
PFY,106
GGP,217
TAG,422
NNS,65
LHF,117
FAM,121
CES,31
QTQ,128
QIT,135
DCR,57
CRR,72
QFT,101
FRF,89
PGP,172
SPK,144
KVQ,157
GES,320
ESH,94
SPF,161
TQN,54
QNP,98
TYP,80
FPT,87
ERQ,287
QIH,63
PRA,271
RAW,99
FVS,212
SVE,242
RGS,219
ACP,100
PDR,175
HGM,61
MPY,43
QNV,105
RQV,324
RDN,136
TKC,22
KCS,16
CSR,53
NKG,131
STM,88
TMI,59
MII,72
FAT,247
ETF,140
TFD,153
LQE,417
CAG,127
KVD,209
YRL,358
LKW,62
KWE,23
WEL,69
PIP,169
AMP,182
MPK,73
KES,179
TPF,170
VCE,72
CEL,113
GNS,172
WSL,148
AYF,119
YFA,126
FAW,67
PWH,37
DNS,157
HEQ,102
TKE,126
NRY,79
RYY,101
YYQ,89
TDW,54
DWN,35
NRS,129
QRY,132
IDW,55
ETW,37
FSN,116
KYA,79
SPM,85
DTM,73
PFK,92
RQS,209
SYR,173
HAI,154
AIQ,237
TFQ,66
FQS,87
VMD,147
YTV,102
STR,181
RSI,179
DLY,210
HFL,140
GSE,317
GNQ,162
HVA,150
FPM,42
PMD,57
RTS,160
SSN,145
QKV,161
EML,242
AQP,280
QPP,130
PPA,307
PVW,86
VWD,65
WDS,43
DSE,174
SED,144
EQF,175
QFL,169
DAQ,256
HNI,41
DQD,109
SQK,94
QKQ,110
NQT,98
QTF,103
TNE,86
SGN,253
PTK,90
GAP,401
FDT,154
TTD,159
TFS,170
SYT,101
WNG,53
GND,195
FNG,148
YTI,57
KFL,124
SIT,215
GTW,61
WTY,41
TYN,67
YNV,81
NSK,105
VQY,96
GAW,153
AWT,81
EHT,66
HTV,114
THT,84
DQG,195
TWS,38
WSY,21
SYN,65
GIW,84
IWS,53
SHT,102
SID,194
DSV,236
QDT,109
VQW,55
QWS,60
WSW,21
SWN,26
YKA,107
MDV,131
GDW,106
NFQ,49
TTT,239
DDS,172
DMA,203
KYS,74
SNQ,112
QTT,115
FSI,133
SST,206
STN,94
SPN,81
PNH,47
NHN,29
FRH,72
SQM,81
QMF,31
VEF,162
MVI,142
PQW,54
QWG,51
YMQ,22
MQL,162
STE,154
TTM,54
MES,108
EFF,99
FQY,31
YQN,71
QNM,26
SKP,158
DYS,133
IVQ,128
DWG,76
QFS,119
NET,95
QNG,119
DND,96
YSA,186
SDD,195
QWI,44
WIA,86
NAS,200
TGN,213
YAS,165
IDI,208
YTQ,70
AFQ,121
SFN,142
TTQ,137
TQD,125
QDS,126
NDY,73
DYI,126
YIV,86
NYV,69
RRS,207
FNF,74
NFL,120
YDI,92
FEI,99
WNQ,24
NQS,119
GQF,184
TDQ,111
DQT,119
SDQ,111
SIR,185
MSY,43
EPG,311
DQN,50
NRT,107
NEH,54
NIV,147
QNY,43
NYN,40
FMV,116
NTI,118
SLK,311
NIF,79
VNL,328
TNY,48
NYE,46
VFK,114
NWF,19
WFN,41
YFI,63
TFY,74
LEN,248
NEG,145
MIR,111
YTY,47
TYS,76
YDY,81
DYN,66
YNG,84
YMR,35
YVY,51
AIG,656
YND,52
NDL,246
KSY,72
YDS,98
VIM,111
IMT,91
MTG,173
TSV,220
KQY,84
VHD,87
YIT,80
TDH,59
EFD,184
QSS,205
NND,75
DHD,77
NQN,58
SEG,292
LMN,127
MNH,37
NHT,49
HTF,53
DYM,58
YML,67
MFK,46
MLP,204
EYS,74
ILM,166
LMC,20
MCL,27
CLA,166
WSS,80
HFR,81
STW,45
TWG,59
WGL,153
RMV,120
MYA,60
KQF,116
YTH,31
KYF,52
GEM,180
EMC,12
MCE,11
RDK,137
EMD,95
GWG,114
YSK,62
LCW,50
CWL,55
YWD,23
GYP,187
TRK,129
CAR,83
SEP,201
FIS,189
THN,43
HNA,90
LEM,166
DRQ,164
QFE,127
FQR,121
EYP,77
LHC,57
HCR,45
CRI,44
YAP,135
HKD,66
FVH,76
HKL,150
PNT,103
YSS,134
NLF,195
VNM,63
KQW,34
KIH,45
WAD,88
FPR,87
RWR,108
ETP,156
PVS,363
SLC,109
CRY,39
VCI,43
CIS,41
PWN,25
WNF,25
NFP,66
FPL,238
QTG,223
GVC,98
VCF,38
LIN,297
NMT,59
QRD,180
MIV,90
RDV,239
QRC,48
RCS,33
HNT,28
VHM,27
HMI,23
IPR,147
PMP,90
GGH,178
GHF,116
HVV,123
IHS,107
QPF,133
GPK,114
PHY,46
MFN,41
HIR,92
RAY,156
LCF,71
SWM,38
YMI,21
KWV,33
AIY,190
LYF,120
DMM,47
CLQ,75
LQY,125
YPI,96
LAY,376
AMT,251
FVM,94
FVY,86
VYF,96
WRK,64
KRQ,145
DHQ,93
PPN,35
EPR,202
RTD,149
MPR,76
EMS,117
DVH,83
SND,115
IYN,45
YNA,89
PIC,23
ERT,221
RGP,119
IMQ,67
SMY,24
MYS,35
YEY,37
CSK,31
YIR,76
HVT,86
SYP,108
YPY,51
ECI,34
CIF,24
IPP,138
MDT,72
YVN,94
EFI,153
YVD,132
THQ,81
HQI,99
NSC,23
PSE,169
MDK,96
DKC,17
HFN,57
TFN,100
TKK,49
KKS,118
FKR,131
RQP,205
PCI,32
FSW,44
SVY,124
FNN,76
NDH,54
ATW,66
YIK,90
AIW,93
IWI,44
MVE,174
FPF,60
YWA,38
FTK,83
NYG,84
GMR,152
MRI,93
VMN,69
ARW,150
NQW,36
QWR,95
WRP,70
NWH,25
QSP,158
PKW,37
KWD,40
DQW,42
QWW,21
WWS,22
TES,165
HTD,72
EPE,198
WKA,47
YMV,64
WDH,17
DHG,125
HGV,207
DFW,42
FWY,13
INF,83
QCL,59
PTY,70
NQD,81
SYI,90
SHD,109
SFM,66
QIY,72
IYY,39
SDM,104
DMN,51
MNW,22
WQE,110
KHW,14
WQR,141
YAF,91
DDK,141
MSI,103
IFK,62
WRL,172
QKE,119
RSQ,226
LWA,152
WAI,64
RIK,200
SFS,232
FKE,128
TYY,54
YYK,43
NIT,116
PHV,77
HVF,54
TYK,49
EPY,80
TRD,211
DEM,125
NQR,125
QLW,108
WQS,121
SYV,117
IEP,207
HGW,49
GWK,54
IPS,144
IMD,82
WIS,51
PEH,121
EHV,105
QLN,255
DTY,87
VWT,45
WTG,54
EWQ,112
WQV,99
DKF,119
FLR,264
ASH,211
FND,115
LCP,76
PVC,59
EHS,85
MTP,144
DPP,52
PPS,143
LMP,162
EWM,23
WMH,11
CRH,36
HML,68
CVN,27
NHQ,42
EHL,223
DVR,232
SSY,135
LCR,139
RRK,155
NNP,104
TTW,40
YVE,131
TAC,103
VHQ,107
DQQ,141
NRI,181
SPP,100
QKP,89
LFY,150
DCK,23
CKN,19
YPE,141
VHF,85
HFS,90
MHN,30
HNS,47
WVI,56
VSM,133
SME,77
IFF,88
LYW,63
WTT,28
LWY,37
FYW,28
WTA,63
YYL,136
FWA,52
FLD,248
QRK,116
IHK,61
FER,258
TDM,72
DMP,88
PPY,82
NMM,27
MMF,24
FPH,57
QNI,106
RKP,139
RPK,76
CVM,27
VTH,123
THD,85
MTM,57
IMH,16
CIE,54
YET,84
HAT,125
CAD,68
PIY,90
IYV,87
NKK,65
NWT,38
WTK,21
VYH,58
WDD,56
FLY,101
YWE,30
WED,37
VRH,146
HII,66
DIC,41
ICN,25
CNR,29
AQH,142
QHQ,105
TYM,32
YWN,23
FHH,48
HHI,60
SSP,216
SDH,96
TNC,22
CSN,35
NNY,43
RDW,86
WLY,51
ETY,87
GHN,67
EKQ,146
KQN,74
HTI,75
ICD,66
SYH,51
ITY,76
TYV,74
DRP,150
SKM,59
KMS,59
MSV,151
IRK,155
QWY,21
WYL,79
WVN,48
QSW,54
EQN,146
LCS,95
CSD,43
SDN,130
QHV,77
FAF,176
FFS,150
MSD,141
SQF,145
QFF,58
MSA,230
DHH,69
HHQ,69
GWA,150
LSF,351
VSW,69
WLI,126
PWE,30
GTK,103
NEF,91
VTF,182
CGF,73
MFT,50
YHS,43
HSN,36
HPF,86
FDR,182
AQW,109
FIW,32
WEM,12
EMF,61
VPR,167
PYN,45
YNK,56
MTI,85
KDP,128
LCQ,124
CQK,24
YRP,125
DWI,41
RWE,60
QDW,51
ELW,102
YHR,59
FIH,60
IHE,79
HLF,130
NPC,14
YWG,39
QGP,173
YLH,106
HHK,30
HKS,59
ACH,67
CHG,55
GPM,98
PMR,61
TPK,105
MMP,66
NSY,62
YIQ,42
VWV,85
WVQ,42
NSW,31
CLN,48
QDY,94
ESR,264
FCT,26
FKQ,135
QVC,53
GMN,94
PPM,51
RSR,300
HAY,67
FTY,65
PEW,85
YRQ,179
KVW,42
EPF,118
RPW,64
PWV,53
GWI,82
WIQ,30
IQH,67
HLC,49
CLS,103
KQS,125
WMQ,19
AWD,69
WDW,23
ARC,93
CFP,23
WCH,6
DHM,30
FWF,34
WFL,57
WFK,27
GMI,138
STQ,132
IDQ,177
TKN,56
KNM,31
NMK,32
KGW,84
RHK,88
KRW,65
RWT,34
WTQ,25
FQN,46
HQN,34
HLM,64
LHS,154
IVY,86
GDC,55
DCT,31
CTF,32
NVM,69
VMR,122
RQH,136
ANH,112
PPD,76
PPP,163
PLC,82
PRC,37
RCG,76
CGN,34
NTM,51
WGC,16
CSG,65
CRG,65
DHT,64
VWS,61
VHI,60
KEC,22
ECP,24
YFE,83
YPN,68
EKW,33
KWF,37
WFP,26
KFY,51
FYN,50
HQT,63
PMN,47
NTR,100
HVK,53
YSF,68
VIC,88
ICV,48
NPS,120
CFA,72
HFI,55
WDL,77
WDF,20
FDH,82
IFH,46
FHE,52
YEH,46
YAC,30
NNT,58
EWD,49
WDA,77
QYM,32
DER,277
KAM,164
NYY,54
ACV,108
CVE,55
QYR,135
RMY,30
QAW,114
HQK,41
HSW,39
MHA,50
GMW,27
MWA,23
SMV,133
SYS,120
YSQ,85
IFR,111
LTW,80
IKH,80
VTW,38
FMA,150
ACY,54
YMY,11
IYI,63
IRH,121
VRP,215
YMT,40
IYR,124
YRF,118
DHR,84
FFI,107
IFM,55
FMM,27
MML,113
AYI,109
TQS,157
TTN,106
VMF,73
AVY,204
GAC,135
YQW,41
SFW,60
QPR,128
PRG,178
WGI,59
DDW,62
DWR,75
KVH,83
HLN,103
VDM,107
DMT,114
MTF,66
NFY,57
SNY,63
SCL,86
DRN,113
MRK,79
TIW,36
IWR,49
WRN,35
FNI,92
CFI,41
NVQ,94
LYN,114
YNR,71
KYD,53
SYK,70
DVC,46
FYK,35
YKV,103
QQH,100
QHW,29
DPI,127
QEM,98
EMG,149
ENM,54
WFA,77
PII,157
WEE,47
SEM,84
APP,207
HNW,21
KKW,27
WST,36
HLY,94
WRI,46
SMQ,64
SVW,59
VEC,42
PNW,46
NWG,39
GRK,196
TML,176
DCL,100
GRW,115
WPN,25
PNQ,78
NQK,85
MGR,130
NNQ,87
TRQ,244
FFF,69
NMP,72
PFQ,68
REY,121
IQT,133
NMV,81
ATM,138
PRS,188
GMY,37
MYT,23
YTD,93
EDQ,104
MPV,135
DIH,106
CKL,41
KLH,126
KNY,49
TCG,42
CGR,68
WPE,82
HYF,55
EWC,11
WCY,7
CYE,30
FTC,26
ECL,80
ESY,98
THV,79
HVN,51
EFC,36
EFR,143
IWD,29
WDR,51
DRC,44
RCA,62
YIL,107
ELC,123
RKK,106
TDC,34
DCG,51
CGC,31
LNT,239
NTW,30
TWE,33
WEV,29
LRY,237
KVC,27
CIL,57
KHF,53
HVY,50
VYV,160
VYY,54
DEK,134
EKN,78
KKK,96
MDM,45
MNS,57
GPQ,135
PCN,13
CNK,22
MAW,55
AWS,106
YQH,79
PFH,54
EEH,76
YHH,46
MLF,154
ICH,29
CHQ,40
HQC,17
QCG,53
CGW,22
CDA,72
AWY,59
WYT,18
YTW,18
CHH,20
HHC,20
HCD,35
CDS,46
HCP,25
CPE,46
PEC,45
KYK,42
HHP,80
YPH,59
HVQ,52
FME,55
FRM,32
PNR,106
WAV,69
EGW,96
VRW,71
RWS,77
TNF,47
HSK,57
WNE,39
FKW,19
KWN,16
PWY,35
RKW,28
PQM,56
QMV,106
SHI,93
HRT,52
TTY,68
QHN,47
HNC,14
CIT,36
HEW,23
EWS,53
WSF,39
SFR,116
FRQ,152
NYR,73
KIR,154
PNP,107
PYW,22
APW,98
MIF,60
IFW,38
FWL,107
YRK,99
LPW,162
PWP,71
WPI,45
LWF,70
QYE,71
ICT,49
SVC,56
FMG,91
MRV,107
CAH,33
YHW,16
VNC,30
NCV,24
HVH,43
SHM,36
ICC,18
CCE,16
CEY,19
KMN,37
NSH,50
FGN,136
NVH,48
VYK,53
QKY,47
TQW,36
KPN,62
PNK,49
KKF,62
MHD,44
LIW,108
KNH,29
NHE,45
FAC,58
MHR,30
FHS,69
MVC,27
VCS,66
DCY,22
MRQ,93
HSH,53
DYC,33
YCQ,29
YGC,35
PIH,71
KMW,7
NSP,96
VVW,55
WAK,64
NKA,159
FCW,7
CWH,10
WHA,54
ANM,108
QGC,68
GRC,75
RNS,100
CGK,74
DMH,27
MHG,50
EFH,49
HVM,38
MNL,131
YEG,122
VYW,25
YWQ,53
LWV,91
CTK,19
GRH,161
MVH,53
HSL,246
MEQ,165
YKQ,71
KWQ,35
IHV,65
AHD,133
NTH,42
THY,58
ERD,233
HRE,81
KWM,15
QPK,99
WIH,19
PPI,71
ICF,38
CFV,48
TCE,30
TCS,40
CSI,48
NMI,39
PCS,50
TFM,68
MSN,81
CPF,28
DWK,37
WKQ,22
YYI,37
VWI,36
VRT,232
SFF,125
FFM,47
LSC,122
CLI,65
ECA,59
LQF,144
LWP,113
WPW,20
WGG,111
AIC,96
CVL,107
SQP,196
RWC,14
WCE,21
VHN,45
DMD,76
YAW,47
MTC,21
IQW,28
QWF,43
TPW,83
MIT,99
LCN,59
RQC,40
QCA,34
SKY,60
CVC,6
CAN,45
IYD,114
HKQ,57
VQT,143
YYN,35
CNE,24
STH,73
WMD,21
PKP,132
KHS,52
QTN,99
RYT,120
EYI,82
YIY,34
DQR,100
YQM,43
EYM,39
YMD,47
FWN,22
YFR,70
TIF,84
INY,62
GWD,75
WDY,26
WSE,75
NYK,37
MRY,49
SWS,77
WRH,43
WAW,30
GFW,67
WTL,96
IWF,48
SWR,89
MFW,20
FWC,14
WCF,14
HMG,53
WVH,15
IYL,209
WSM,19
LCM,36
CFS,35
MFF,30
MRF,65
AWV,117
YTF,54
CAI,80
NGW,71
WIG,85
AYN,106
DRW,49
WPT,45
MIM,37
IMS,80
MSH,85
AWM,36
PME,48
HAK,87
YKG,96
QSN,85
QCK,27
MLI,146
ITF,116
GSW,120
DMS,108
SGW,116
NWR,45
WRW,46
RWV,76
IYC,36
YCA,48
CAS,89
YDT,77
TYT,78
WTD,37
QPH,65
DSH,84
HHS,59
HSM,34
SMT,85
MTW,24
TWM,10
WMV,24
NPW,35
SCQ,36
CSS,91
LYK,103
RAM,218
IVW,40
FVW,40
HPY,58
KIY,51
IRP,184
PPQ,119
NIN,99
GWW,36
TGW,93
WQF,45
SAW,89
VSF,255
GKM,104
FWD,27
ITH,95
HCT,22
FQQ,131
YPP,63
RTH,88
KSS,151
HTK,23
VCD,67
KKH,61
CGY,39
QYF,36
YFQ,55
FQM,20
HYK,18
YKF,32
YMN,19
RKH,67
KHP,48
HNM,24
NME,48
CTS,41
QSI,139
SQI,184
MYV,27
KQI,150
CVT,38
APY,163
RSV,229
YQP,155
RCE,57
CQG,58
PCD,42
CKG,34
QMS,85
CED,25
MCP,7
VCY,36
CYL,58
SHS,93
VWM,30
WMM,22
WFQ,21
CLW,18
WAC,26
CRC,13
RCL,98
NHY,26
RHH,94
PWA,74
PYQ,101
CKP,39
HDC,32
SHY,81
HYM,23
WGV,88
EMI,103
MIH,32
LWH,73
HDD,70
PYC,21
YCW,5
CWV,16
DRM,88
IWG,63
THW,29
HWV,45
MLW,43
IHM,20
LWD,79
WDN,36
ACC,27
CCL,33
THM,28
HMV,47
AYM,60
SKH,43
SWH,33
WHW,20
WVF,34
SWY,27
WYF,15
YFM,30
YWL,79
WLM,77
CIG,87
MKH,32
NLW,48
EMQ,92
NMY,12
MYK,26
QCR,44
MRG,102
QQC,34
QCM,9
CMD,13
AMC,35
DSK,124
WGF,45
YCI,13
CID,47
MGN,83
PIW,41
IWH,32
WHS,35
ICI,33
CIQ,25
IQC,22
CVF,25
CPH,28
FYH,45
YHQ,62
GQC,47
QCV,25
KAC,61
WSN,26
EDN,71
QHH,66
WII,27
DGW,95
YSN,57
HCI,26
IDM,100
DME,71
GHW,52
TRY,149
VAW,95
QKW,20
HPP,50
YHP,58
FEC,18
QHD,75
VCV,51
FKC,10
EHK,80
WHL,66
WVP,63
PCQ,28
CQM,18
FTM,41
GCQ,56
SQH,119
TWA,61
RTC,26
CWR,34
LWK,39
WKK,29
KWP,20
QFQ,87
WHV,21
PNN,50
HST,70
TKW,19
YWS,37
QDD,131
WMS,28
YTT,86
GWH,52
PPC,31
FPQ,75
SQW,80
RWD,45
WDE,63
RLC,132
LFH,142
NRK,72
GYC,45
YCE,25
EHC,28
HCG,28
DLC,86
WNI,23
HFW,21
RRC,58
FNH,58
NHK,51
MEI,79
WKF,16
DEY,121
QKT,74
FDM,53
NDF,89
MKT,78
MMH,20
ICP,36
CSC,18
SCR,41
CRK,43
HDW,26
HHT,42
FDC,49
CPS,53
TEM,84
FFR,95
QMK,59
MMC,11
MCM,5
CMG,23
KEM,114
MLY,73
DTN,76
FSM,72
NMC,4
MCG,31
LHM,58
HMA,52
RCN,27
TTE,164
NQM,44
FCM,12
IDH,97
KHA,79
VKF,96
PDC,60
DCF,40
CFE,53
YPD,153
WQH,50
QHE,73
HES,50
MQI,53
HSA,142
KTH,43
DEC,35
ECQ,41
CQR,79
NED,76
FRD,156
NKR,87
PHR,71
EQH,148
NQY,46
KYE,48
MQK,57
CEI,41
VNY,106
GSC,71
HMS,42
TWV,45
FWI,25
WIN,36
RHS,120
MQW,24
WQI,47
DVW,62
VQN,91
ICS,53
LKF,116
SIM,68
YWF,29
KHI,49
MKY,40
KLY,113
RMC,10
NWK,23
WKY,11
YSE,101
NEW,26
EWW,11
NHM,21
SWK,34
WKR,27
EGC,57
QYW,23
NNW,21
MHV,32
SMN,45
MNQ,62
DYY,90
CDY,27
EYW,32
NWY,22
RNY,68
QSQ,163
TPC,33
PCY,26
CYI,14
LMY,48
MYN,16
QEH,69
DCQ,42
QMP,66
MPH,47
PHC,36
CQD,48
WEH,27
YGY,103
ACK,42
CKV,51
HKV,94
YVF,66
IIH,62
PWQ,99
WMA,42
WGY,41
NHF,44
PSC,34
CFY,19
YEF,58
MIC,15
ICG,86
YPW,33
RHP,166
HPM,40
AFC,59
FCY,17
IIM,73
ACF,79
AYT,123
ICY,33
CYP,27
QME,74
HEK,62
IWQ,65
WYA,40
YKD,63
EHH,61
HWR,46
RNK,82
YSY,74
SNI,120
VIQ,136
RKM,58
KMK,48
TRW,63
MNA,89
HTS,84
VHW,28
CRQ,79
EPW,61
MQP,56
RCV,44
QWK,20
VCR,73
NKY,44
KTM,60
MEP,54
WRQ,90
GWT,75
EKM,77
KME,54
MED,56
CPD,40
CKK,16
HRC,19
RCT,35
HVC,20
QFK,94
IEC,50
KYM,19
CTN,19
DTC,26
TCK,20
LKC,47
KCT,9
CTQ,18
SNF,79
PKS,110
HQY,32
YVM,55
HYD,79
CRP,54
YMH,17
HNQ,47
QSC,38
PSW,54
WQW,49
MPW,33
EWN,39
WNL,48
IVH,82
AWN,40
WNM,12
DHK,52
GHK,83
HAW,47
EIW,51
QMD,59
SPH,84
RCR,55
VWQ,95
SWF,48
TFR,106
YSR,133
INH,62
DNH,52
NHS,55
SCA,72
MRH,51
EHE,112
MYQ,41
QHM,36
HMM,17
IYT,90
YTP,82
VMW,18
MWS,18
CFK,15
FKH,29
HYA,89
CFM,15
HRI,113
FNY,53
ITM,77
RHW,67
HWT,20
CNL,47
CSP,42
TFH,48
MGY,85
YKT,47
ETC,34
YGW,61
KDW,32
HSG,138
EFP,94
MFP,41
YIC,18
CYA,36
MFH,22
FHK,31
AEC,94
QNE,85
SIW,44
IWP,42
NTF,68
HCK,14
SCP,49
YLW,62
KYP,62
MGW,55
IML,167
KQK,105
LMW,40
MWQ,20
YRY,91
YEC,18
VCM,18
CMK,7
MMQ,42
ICA,86
KGC,37
GCW,18
NAF,138
WFT,31
WIW,12
SNH,41
HCA,51
YNW,23
HKI,60
IMM,54
MME,62
PWG,56
FKD,90
HAM,77
FRC,18
WEK,34
AMH,62
IFY,60
NSQ,103
YQV,172
HMN,21
PHG,102
VCN,28
CNH,16
YAM,81
MWG,31
LWE,65
KIC,25
ICM,14
CMP,5
DCN,15
CNG,44
PMC,13
SQC,26
NFF,70
CYR,38
GCC,26
CCG,30
YSC,20
ICE,42
FCP,33
YNH,32
KIK,134
GPW,67
YIH,42
VPW,47
PWC,14
WCV,11
CVQ,32
CPY,21
LMH,58
WYQ,35
EPN,77
WDI,28
YQC,29
RHN,66
NYW,17
WRF,36
FMN,38
RMW,9
HMY,11
MYP,27
FFH,46
HHE,78
HEN,30
QSM,61
MLH,80
SIC,43
TMY,27
NSM,52
QRN,97
HHH,69
GWM,26
LHH,132
SRW,103
MET,79
MVM,79
ESM,98
FIN,112
RIW,56
NAC,28
CKQ,32
YYS,74
TSM,81
ECS,34
WWL,60
IPK,74
WCG,27
CKM,3
KMI,51
EHQ,74
PQK,63
DNI,124
QCQ,31
LYS,171
FIC,40
DHW,24
HKY,25
MNF,31
MRC,23
CSL,87
CWT,10
GWC,35
WCD,21
CDI,43
HPH,75
HEH,44
CEV,74
FMT,74
CAC,19
RWW,21
WWG,25
AWW,50
IHN,51
PMY,27
MYF,14
CDQ,40
HCL,54
WPC,8
EMM,56
DPC,22
FHT,45
KPW,46
PWD,39
GWY,57
WYM,11
QKF,44
FYC,19
CYQ,24
HPS,107
HKC,3
WQC,15
NRD,109
DCS,52
CSE,54
NCN,8
WDV,44
QYT,49
YKE,88
YST,83
CPM,11
VQC,20
CQS,41
NNI,79
YFH,45
WHK,25
WRC,13
FIY,75
WHF,24
YLY,131
QMM,36
MNC,10
CND,23
YCK,17
YCS,36
CSQ,38
HRN,48
MEH,60
FNM,43
MMK,51
PYM,38
CLH,35
MNG,82
HHY,42
SCE,51
ACW,45
CWP,25
MHS,50
HEM,39
WRT,55
HTW,17
DHY,69
PHT,70
FFC,28
WIP,28
DCC,7
CCD,7
CDN,23
CVA,109
WVC,20
ESC,44
PHK,49
VTM,82
QYK,55
YHV,36
QNS,65
RKY,62
YNE,53
QCN,19
WYK,24
NYT,43
FRW,30
WSD,59
MGH,71
IHC,25
NRH,82
QYC,17
YCR,39
YVC,28
CDK,39
KHH,33
QWD,44
KHK,54
RWH,42
YNN,39
KCL,24
HNN,23
PWS,55
YMF,23
FKM,24
YHY,38
HYH,40
HQE,74
RCQ,52
CWQ,27
IWC,10
KMH,19
ACS,113
TSW,67
WQM,22
WMR,20
MRM,37
MFR,51
EHM,42
DYW,36
WFR,29
YEN,48
SEW,50
CLC,26
YYH,23
WFF,28
TFW,31
DMR,69
MTH,59
MFD,52
TKH,30
PYY,59
PPW,13
PWM,21
WMP,19
TMQ,64
PTM,61
MMT,46
CDT,27
RIC,43
PHN,52
TCQ,22
RCM,13
CMY,9
YQY,52
YFW,24
MEN,68
NEM,62
EEC,44
ECT,27
MTY,37
YMM,11
HIC,20
RHT,88
RMN,44
HNY,29
TKQ,76
KQC,28
FPW,34
PWK,15
TWN,18
WNY,18
IPC,52
CAW,21
WPK,34
WVY,24
VYT,99
HGN,91
KKQ,87
NNC,16
NCA,50
CPW,14
QTW,37
TTC,36
TCI,36
RNW,41
FWS,47
YCL,49
CLM,44
WGH,36
KWG,29
FKI,73
DHC,25
KFH,23
FMW,9
FHR,67
CAF,46
ISC,46
FCC,12
CCS,23
CSF,35
QNN,49
ECW,14
CWA,13
TWR,40
CSY,18
CTH,11
QCH,19
CHR,39
NFN,72
TCR,43
QIC,39
CEP,46
FWR,61
KLC,35
YYT,40
KMR,50
CWD,7
PMH,24
MHE,32
SWW,28
CEM,18
NHD,44
HFK,67
RNC,18
WPQ,51
YVW,23
VWH,33
WGQ,40
KDH,54
NWD,37
MIW,20
FCL,58
NTQ,75
HQS,77
YMS,37
YIE,98
RWY,33
WYW,7
PKN,43
WAF,49
YWK,18
WKD,22
FHI,52
MQY,25
KNF,55
HAN,78
NWN,18
WNT,18
IIY,72
FYS,85
MFY,35
PRN,75
FQW,20
YPC,9
CRT,37
LCC,52
CRM,18
HKN,35
MRN,50
WLC,32
SDC,36
TQC,19
VRC,46
VWW,22
WWP,24
THC,26
TWI,36
DKM,81
MHT,37
SMM,37
WMF,10
QYI,55
NMH,16
MLC,43
YNY,33
QCI,22
WEI,29
RCI,54
PCT,26
CKR,22
FHY,37
NHG,65
QNK,70
PCP,45
QCT,12
CWG,19
CQN,19
QCC,10
CCH,14
CHV,25
KCQ,13
SKW,24
PYK,63
NYC,13
WKV,31
YKH,20
RPC,37
QEC,35
HFQ,38
PQY,54
QYY,37
KLW,62
TNH,53
DWH,34
WNP,24
FNC,20
NCC,4
CCQ,12
NCY,15
CYK,16
YKW,16
HHV,49
HVW,17
CVH,20
CDW,11
IMC,10
AWI,68
WIR,57
HYG,89
PYD,78
NMD,41
CGD,62
CHE,33
MHM,14
HMH,13
WNK,36
YKC,7
KCH,11
GCM,30
CMT,23
WDT,24
SCS,42
QPN,69
YIM,16
EIC,62
TCP,32
IWT,33
YCY,11
IKC,14
MWM,6
ACN,55
KMM,31
WTS,30
QWP,48
CME,11
YKM,18
HNF,33
NFK,56
RKC,10
CPC,17
INC,23
CDM,21
MQC,9
WIK,33
MFL,76
TYC,17
YCN,10
CNS,30
SCM,16
SCH,58
QNQ,56
HDN,49
WDM,16
CNI,15
WEC,11
SMR,67
WNS,29
CTP,43
CTY,16
MVY,57
TYH,29
MCY,7
FSC,29
RWM,35
VYM,39
WMY,6
KNW,31
PFC,35
FCK,19
CKD,18
CKI,19
FCD,40
WWF,11
HWN,17
QIW,37
ICW,12
CWF,9
MRW,32
KFW,11
WEN,26
TWF,31
HIF,51
IVC,52
YKY,36
PWW,23
WWN,12
YYM,14
NFM,29
FWK,17
HKW,12
YDH,49
FKS,93
WCW,12
WYD,27
QNH,25
WSI,42
KSM,57
MQM,44
MDH,44
NCH,20
CHK,10
YTN,46
CWK,5
MHK,27
HTN,41
PMK,38
KCC,5
CCK,11
SFC,38
QWE,49
WPP,31
SFH,71
WHH,14
QWH,31
CRW,29
HWK,8
SCY,25
CHI,26
CQT,26
MCK,14
CKS,23
WEY,16
HME,34
WMN,12
HDM,37
CDH,23
QKK,76
YWM,11
CCA,27
WIL,82
VKW,25
NHH,24
RCY,21
YSW,34
TCT,34
WRM,31
FLW,56
VFW,35
MPN,37
PMW,15
CNP,26
NPH,74
QQN,99
CSW,12
YRW,36
KMY,23
KMF,33
MFI,41
IRC,40
NCF,14
NVC,19
NMF,25
WFW,26
ENH,33
CYM,7
IHY,57
NIC,26
WYI,10
HHD,53
WQN,40
YNF,48
FEW,24
HRK,45
WWY,11
MMY,22
MYY,12
YIW,14
HYT,40
MWR,14
FCI,27
CPK,21
HCF,19
MFC,16
NFW,18
KYW,14
RWK,23
MQN,45
AVC,92
SWC,20
WCP,14
CHW,10
DKW,33
WHM,9
DWW,22
WWT,15
WSP,50
HQH,53
TMH,19
HYI,34
MWW,3
WWM,7
CDC,13
SNW,37
EMW,12
MWE,15
WPY,13
SCN,25
CNF,18
SCW,16
WHI,36
KPC,22
MYI,20
YTM,20
CFN,27
MYM,19
WAM,38
CQY,5
YNC,9
FCF,31
ECN,22
CPN,31
DMC,10
MCR,9
KCN,11
CNA,33
PCM,11
HCY,13
VCW,17
SCV,70
DDC,33
VSC,74
GCK,51
FWT,19
WMI,17
WFH,13
HNV,64
KYY,22
IIC,34
QKH,38
WKP,21
WYV,25
WQY,32
TWK,16
KWT,16
VKC,22
FFW,25
EPP,83
HYW,28
YWP,24
CRN,20
WCA,22
WFM,21
ICK,14
CKH,9
FCH,23
HWI,22
CHY,19
MWN,11
MEW,19
HSC,14
AWK,36
CIY,16
CVW,11
QNC,11
NCR,28
SCK,22
YCM,7
FMY,14
KCW,6
CWI,16
NWP,36
FPC,14
DPW,37
YCC,6
CCV,13
CFQ,9
SMW,21
WNV,18
MCV,10
CCP,14
SEC,26
TYW,23
KFF,50
MWD,19
VCC,23
CCN,9
YCH,11
CMH,6
WNN,14
WKN,10
CEC,8
TWP,33
CNT,19
CMS,16
CVY,14
PQC,22
CIH,12
CIW,8
WCK,7
NKW,26
KWR,33
NHI,53
CCT,7
QCW,13
WSH,33
KTC,15
YTC,10
HWE,20
WCS,10
VYN,56
YNM,13
FQC,12
WYP,12
CWN,6
NYH,26
CMC,3
MCH,11
CEN,22
WMT,18
WME,22
TNW,32
RTW,38
ENC,21
ECM,9
MWH,5
VWC,17
CPQ,31
MCI,10
HMC,3
SYC,29
TMF,30
TWY,20
WTN,16
VYC,25
NCD,24
HCW,12
NHW,16
CQF,11
NCM,9
MYH,13
WYH,13
IWN,22
NDM,59
WKT,22
WKW,6
HMP,27
QWN,20
KWC,4
WCI,7
FWM,18
QMW,10
KYC,20
MCW,5
CTM,15
DCM,11
HCN,10
SCC,15
HTC,16
HYN,38
MMW,11
KCY,7
CYC,12
YKN,32
HWF,28
WFC,12
CYY,16
WKI,17
CYW,9
HMQ,18
HWY,14
WWE,13
HIM,29
CCR,12
YWY,17
HWD,23
NNH,23
CSM,22
TCY,16
RSC,37
QCD,40
YHC,12
CIM,14
HMW,4
DWC,14
NCQ,15
NCW,7
CWS,16
IMW,9
WWD,17
CMN,13
MWK,10
WWV,15
WVW,17
QMC,9
ECC,12
PCC,10
YWW,10
CMQ,8
WNH,14
MYW,7
NCK,8
WYS,17
FWW,10
CCY,14
YYC,13
WSC,11
ECH,23
IWM,19
CWC,6
WIC,7
MCS,9
PWT,35
HKT,49
CMI,6
MWT,13
WDC,8
WHY,19
TCC,9
CFW,6
HMF,13
PCH,24
WYC,8
KHC,9
CQW,9
TMW,14
WHC,11
HCC,7
TMC,9
WCR,18
HWW,10
KCK,16
CKC,3
MCF,14
CYH,13
CFC,12
HHM,19
CWE,7
WCQ,10
CCW,5
CMF,7
WWC,5
PCW,9
FHW,18
WIM,14
MHW,10
CHM,16
CNM,8
CEW,12
RCC,11
CCF,8
WTC,6
WMW,7
WKC,3
YCP,25
KCF,9
WWW,13
QWC,7
CCI,6
YHM,11
SMC,6
WKH,6
KMC,9
MCT,13
CMM,6
MCQ,10
CQC,11
MWY,9
CIC,6
CTW,5
TWC,9
CNW,6
IWY,4
CCC,6
MKC,3
KCM,5
NTC,16
KWW,11
WKM,10
FHM,14
MWC,4
CYT,14
CHN,21
KNC,11
WWK,7
MCC,8
YMC,3
DCW,12
CMR,8
WCM,3
MWF,12
HWM,7
CKW,2
WCC,3
CKY,8
CCM,2
MYC,8
WNW,6
MHC,8
RVU,1
VUH,1
UHA,1
WMC,3
WTW,5
CNC,4
CWM,3
CMW,1
