Seq,1
equ,1
que,1
uen,1
enc,1
MVG,5
VGP,7
GPT,6
PTG,11
TGK,9
GKR,7
KRY,4
RYW,3
YWL,1
WLR,1
LRY,5
RYE,4
YET,1
ETR,3
TRY,3
YWE,3
WEC,1
ECL,2
CLD,2
LDG,14
DGQ,6
GQT,4
QTL,3
TLR,3
LRL,2
RLV,6
LVF,4
VFV,3
FVI,1
VIN,3
ING,4
NGR,3
GRR,3
RRY,6
YEV,4
EVN,6
VNR,6
NRR,4
RRV,4
RVN,4
VNV,11
NVD,6
VDI,6
DIL,14
ILS,8
LSS,20
SSR,6
SRR,5
RRR,6
RRF,4
RFE,3
FES,2
ESF,2
SFG,8
FGR,9
GRV,10
RVL,2
VLA,9
LAR,14
ARM,2
RME,2
MEI,7
EIS,6
ISL,8
SLW,1
LWF,3
WFA,4
FAV,13
AVC,3
VCE,2
CEQ,2
EQE,6
QEG,3
EGP,3
GPW,3
PWR,1
WRG,4
RGS,5
GSV,5
SVA,12
VAI,12
AIS,7
ISD,4
SDT,2
DTA,6
TAL,12
ALW,6
WFH,1
FHL,1
HLT,2
LTG,7
TGE,6
GEL,7
ELI,11
LIH,3
IHK,2
HKC,2
KCF,2
CFT,2
FTR,1
TRR,4
RRP,6
MEP,2
EPK,4
PKK,1
KKP,2
KPS,3
PSP,6
SPV,2
PVD,7
VDG,13
DGV,12
GVI,8
VIM,4
IMT,5
MTS,5
TSL,4
SLD,4
LDV,8
DVL,9
VLR,2
LRK,6
RKA,8
KAK,18
AKP,4
KPE,6
PEA,7
EAQ,11
AQD,5
QDE,1
DEY,3
EYA,3
YAL,4
ALS,5
LSM,2
SMF,3
MFA,2
FAT,3
ATA,14
TAI,8
AIR,7
IRQ,3
RQK,3
QKL,5
KLQ,2
LQR,6
QRS,3
RSR,5
SRD,8
RDK,7
DKG,3
KGR,3
GRG,10
RGG,4
GGW,2
GWI,2
WID,2
IDC,1
DCD,2
CDE,1
DEN,4
ENV,1
NVL,8
VLL,8
LLD,14
DGF,3
GFA,4
FAE,8
AEH,8
EHA,1
HAL,3
ALK,6
LKG,5
KGN,4
GNE,3
NEN,2
ENN,3
NNL,3
NLL,6
LDL,10
DLA,10
LAT,6
ATF,2
TFL,4
FLM,1
LMF,1
MFM,1
FMW,1
MWV,1
WVR,1
VRG,9
RGI,3
GID,10
IDD,2
DDA,6
DAK,4
AKI,9
KIP,6
IPP,2
PPA,6
PAL,5
ALE,14
LEK,9
EKA,22
KAR,5
ARQ,5
RQH,2
QHK,1
HKV,2
KVT,4
VTE,3
TEA,9
EAW,5
AWD,2
WDQ,1
DQI,8
QIN,5
INE,3
NEG,1
EGR,6
GRT,5
RTS,7
TSY,6
SYA,5
YAG,2
AGK,8
GKA,4
KAG,11
AGG,13
GGK,2
KRQ,6
RQF,5
QFV,2
FVE,8
VEV,6
EVP,7
VPR,1
PRR,5
RRK,4
RKG,7
GRP,5
RPE,7
PER,4
ERL,11
MNP,2
NPL,3
PLL,6
LLP,1
LPI,3
PIV,1
IVH,1
VHI,1
HIV,2
IVL,2
VLK,7
LKD,7
KDG,8
DGE,17
GEV,8
EVL,3
VLG,4
LGV,5
GVF,4
VFD,10
FDC,2
CDK,1
DKS,7
KSA,5
SAK,9
AKW,1
KWY,1
WYS,2
YSN,1
SNV,6
NVK,3
VKD,10
KDA,4
DAV,8
AVV,11
VVD,5
VDS,5
DSW,2
SWV,1
WVV,4
VVE,8
VES,10
ESP,4
SPN,4
PNS,3
NSS,4
SRS,7
SRL,9
LVR,7
VRK,2
RKE,7
KEC,1
ECY,2
CYE,1
EVG,5
VGD,7
GDH,3
DHV,3
HVM,1
VMY,2
MYR,2
YRD,3
RDE,6
DEH,4
EHG,6
HGE,4
GEG,8
EGH,1
GHG,3
HGR,4
GRI,8
RIL,12
ILA,12
LAV,10
AVE,9
VEP,6
EPR,1
PRG,7
RGE,8
GES,5
ESA,8
SAR,12
ARD,7
DEK,9
EKE,5
KEL,14
ELY,2
LYH,3
YHL,1
HLY,2
LYQ,3
YQI,2
INS,8
NSD,2
SDD,6
DDP,6
DPS,6
PSV,8
SVD,5
DIW,1
IWM,1
WML,1
MLD,6
LDA,9
DAD,11
ADI,4
DII,6
IIG,10
IGI,7
GIY,3
IYP,1
YPD,3
PDE,6
EKR,9
KRF,6
RFT,1
FTS,5
TSE,7
SEE,6
EEQ,6
EQM,1
MSF,3
SFP,3
FPQ,3
PQL,6
QLR,9
LRV,8
RVR,8
VRS,5
RSG,7
SGY,5
GYS,5
YSY,1
SYG,7
YGA,2
GAA,16
AAY,9
AYG,5
YGR,5
GRF,5
RFP,2
FPE,2
PEI,5
EII,10
IIE,11
IER,10
ERA,10
RAK,10
AKE,13
KEI,2
EIE,7
IES,4
SPF,4
PFV,1
FVA,3
AIV,8
IVD,8
VDD,6
DDG,9
DGT,9
GTW,4
TWG,2
WGH,3
GHV,2
HVR,2
VRW,2
RWE,1
WEQ,3
EQA,5
QAA,8
AAT,16
ATK,11
TKA,7
KAE,19
AEL,21
ELP,7
LPR,2
RGF,3
GFG,9
FGM,1
GME,4
EIP,4
IPI,3
PIK,1
IKC,1
KCA,2
CAD,1
ADD,7
DGD,8
GDK,4
DKE,3
ELK,10
LKL,5
KLK,6
LKA,12
KAW,1
AWA,4
WAL,2
ALA,23
LAK,11
AKD,12
KDT,2
DTR,4
TRK,3
RKF,4
KFY,3
FYR,4
YRL,5
RLT,6
LTS,7
TSK,9
SKT,3
KTV,4
TVQ,6
VQN,5
QNQ,6
NQG,2
QGL,5
GLS,10
LSP,4
SPQ,6
PQE,3
QEF,4
EFQ,4
FQD,1
QDA,8
ADG,10
VIK,2
IKF,2
KFA,5
FAG,6
AGE,6
GEA,11
EAY,5
AYA,5
YAY,1
AYL,4
YLD,5
LAG,13
AGI,10
IDY,4
DYI,3
YID,3
IDI,7
DIN,3
INP,2
NPA,3
PAS,10
ASM,6
SMV,4
MVA,3
VAA,22
AAH,5
AHG,2
HGA,2
GAM,2
AME,5
MET,2
ETA,5
TAR,7
ARA,10
RAF,4
AFG,9
FGK,1
GKP,4
KPV,2
PVV,2
VVI,3
VIT,6
ITS,3
SYN,5
YND,4
NDM,1
DMP,1
MPS,2
PSI,7
SID,3
IDH,3
DHA,3
HAD,3
ADF,5
DFA,5
FAS,1
ASA,18
SAW,5
AWK,2
WKV,1
KVR,4
VRE,2
RES,4
ESV,7
SVG,6
VGL,4
GLR,6
LRH,4
RHI,4
HIA,2
IAT,6
ATE,7
TEE,7
EEE,9
EEL,14
ELW,4
LWA,5
WAR,3
ARL,15
RLR,11
HIM,1
MTR,2
TRE,1
REE,12
EEF,8
EFD,5
FDK,3
DKA,9
KAV,8
AVA,21
VAN,10
ANT,7
NTH,1
THA,2
HAV,5
VEQ,5
EQL,7
QLV,10
LVD,11
VDV,7
DVK,4
VKL,6
KLA,14
AKA,18
KAP,5
APM,2
PMI,2
MIH,1
IHL,3
HLD,1
GDI,9
DIV,1
IVA,5
VAL,5
ARE,13
REG,1
EGQ,8
GQA,8
QAY,1
AYR,3
RLS,3
LSR,7
SRG,2
RGH,2
GHI,1
HIK,2
IKE,4
KEW,1
EWT,1
WTQ,1
TQV,2
QVY,4
VYE,1
YED,2
EDR,5
DRF,3
RFQ,1
FQE,2
QEE,6
EEI,6
EIK,4
IKQ,3
KQI,3
QIQ,3
IQL,3
QLK,4
KDF,3
DFD,5
FDS,5
DSY,4
SYF,5
YFL,3
FLV,2
LVV,12
VVA,9
VAD,7
ADL,12
DLV,9
LVA,14
VAF,5
AFA,6
FAK,5
AKK,6
KKH,1
KHM,1
HML,4
MLV,2
LVG,9
GPA,8
PAR,6
ARG,7
GSS,7
SSA,14
SAG,13
AGS,13
GSL,9
SLV,9
LVC,4
VCY,1
CYL,1
YLL,5
LLG,8
LGI,9
GIT,8
ITE,3
TEV,7
EVD,7
VDP,12
DPL,6
PLP,5
LPH,2
PHR,3
HRL,4
RLL,10
LLF,4
LFQ,2
FQR,3
QRF,1
RFI,3
FID,2
DIS,4
ISR,9
RSD,3
SDL,9
DLP,8
LPD,10
PDI,4
DID,4
IDF,3
FAD,9
ADT,7
DTH,1
THR,2
HRY,2
RYL,3
YLV,1
VFE,4
FEY,2
EYL,7
YLQ,2
LQQ,3
QQK,1
QKY,2
KYG,1
YGT,2
TWN,2
WNV,3
NVV,2
VVK,12
KLG,8
LGN,9
GNI,3
NIN,6
INT,1
NTL,3
TLK,5
KAA,24
AAS,15
ASV,9
SVI,7
VIA,7
IAH,2
AHV,2
HVG,2
VGK,3
RFG,2
FGI,4
GIP,9
IPF,4
PFH,2
FHD,1
HDT,4
DTD,4
TDN,6
DNI,4
NIK,5
IKN,3
KNS,5
NSI,5
SII,5
IEY,3
EYT,2
YTS,3
TSA,10
SAD,6
ADE,9
DER,6
ERY,3
RYG,6
YGK,4
GKG,3
KGL,3
GLE,5
LED,6
EDT,2
DTF,4
TFE,5
FEK,6
EKT,4
KTQ,1
TQP,4
QPG,7
PGR,5
GRD,5
RDF,2
DFR,3
FRE,4
REK,11
EKY,3
KYE,1
YEI,2
EIA,5
IAS,8
SAC,1
ACM,1
CMG,2
MGD,1
GDL,6
DLE,8
LEI,7
EIH,2
IHP,2
HPS,3
PSH,1
SHS,3
HSG,3
SGV,5
GVH,4
VHA,3
HAA,1
AAG,16
GIL,7
ILV,4
VCN,1
CND,2
NDE,2
DEV,8
EVI,5
VID,5
DFC,1
FCT,1
CTV,3
TVT,5
VTS,7
SEG,5
EGV,7
GVA,10
VAQ,4
AQL,8
QLD,4
LDK,6
DKP,6
KPD,3
PDS,3
DSE,6
SEY,2
YLN,3
LNL,5
LLK,10
LKI,2
KID,4
IDA,8
DAL,10
ALG,10
LGL,8
LRT,6
RTL,4
TLG,5
VIQ,4
IQD,4
DAN,9
ANC,2
NCV,1
CVT,2
VTA,4
TAQ,2
AQE,6
QEL,6
LYD,2
YDL,5
LPL,3
PLN,2
LND,8
NDK,3
AVL,9
VLD,6
VLN,5
LNE,6
NED,6
EDK,4
DKM,4
KMS,3
MSG,8
SGI,8
GIF,5
IFQ,3
FQF,3
QFE,5
FEG,10
QAV,4
AVR,7
RSV,5
ANA,13
NAI,5
AIN,9
INI,4
NIT,5
ITA,8
TAF,3
AFE,6
FEN,2
ENI,4
NID,1
DHI,3
HIT,1
ARP,7
RPG,6
PGP,4
GPL,5
PLS,4
SSG,4
SGM,5
GMA,2
MAT,4
TKY,3
KYI,3
YIE,3
ERV,7
RVA,9
VAG,11
AGR,8
GRE,5
REP,1
EPV,4
PVT,5
VTY,5
TYT,2
YTI,3
TIP,4
IPQ,3
PQV,4
QVE,4
EQY,2
QYL,1
YLS,7
LSG,10
SGT,9
GTY,1
TYG,6
YGV,6
VFL,6
FLY,1
YQE,2
QEQ,4
EQI,2
QIM,2
IMS,2
MSI,2
SIV,3
IVK,4
KDI,4
DIG,9
IGQ,4
GQF,2
QFD,3
FDW,1
DWE,3
EQT,4
QTS,5
SAI,11
IRK,8
KAM,1
AMS,2
MSA,8
ARK,10
KGE,5
GEE,11
EFF,3
FFN,1
FNK,1
NKR,3
KRR,2
RRE,8
REL,8
ELF,3
LFI,2
FIE,4
IEG,5
EGA,9
GAK,8
AKT,6
KTI,7
TIG,5
IGV,10
VAP,7
APE,10
PED,8
EDA,11
DAH,2
AHR,3
HRV,3
RVW,1
VWQ,1
WQE,1
QEM,1
EMV,2
MVT,2
VTF,10
TFG,5
FGA,7
GAW,3
AWG,1
WGF,1
GFN,5
FNR,4
NRS,1
RSH,2
HSV,3
SVS,6
VSY,2
YAV,5
VVT,4
TYW,1
YWT,2
WTC,1
TCY,1
CYM,1
YMK,2
MKR,2
RYH,1
YHR,2
RLE,14
LEY,4
YAA,5
AAA,25
AAC,1
ACL,2
CLR,2
LRA,8
RAA,8
AAK,11
KDD,2
DDQ,2
DQQ,1
QQT,1
QTV,3
TVS,5
VSI,5
SIL,10
ILR,12
LRE,12
ELA,8
KEG,5
GVE,10
VEY,2
YTA,1
ALD,15
LDP,7
DPE,8
PEH,2
EHS,2
HSE,3
SEL,7
ELN,9
LNW,1
NWV,2
DGR,11
GRL,12
RLI,3
LIG,10
IGG,4
GGI,7
GIM,5
IMN,6
MNA,5
NAK,1
AKG,4
KGF,5
FGP,2
PAK,4
AER,24
ERF,7
RFL,3
FLR,8
EEV,8
EVK,4
VKA,6
AAR,12
ARI,9
RIA,9
IAL,6
LAN,9
NCP,1
CPI,2
PIS,5
ISA,6
SAQ,5
QDV,4
DVE,7
VED,6
KAD,7
DDV,3
DVA,6
AAL,14
LEA,19
AQI,4
QIL,1
LSA,11
AKV,11
KVS,2
VSR,8
ELE,17
EKL,10
KLL,9
DLK,4
LKE,4
KAQ,8
AQY,3
QYK,3
YKE,3
GSH,1
SHL,2
HLK,3
LKT,8
KTL,7
TLQ,5
LQD,7
QDW,3
WEK,1
EKV,9
KVA,6
ASL,8
SLS,14
LSN,3
SNS,2
NSE,7
SEV,6
EVQ,3
VQF,4
QFA,3
DLN,3
NES,2
ESH,1
SHT,2
HTL,2
TLW,2
LWG,2
GHA,3
HAY,1
AYD,5
YDN,1
DNP,2
NPE,4
PEL,8
ELV,10
VGV,2
GVT,7
TSG,6
SGN,4
GNP,5
NPI,2
PIQ,4
IQN,8
QNI,4
NIR,2
IRD,7
RDI,5
DIR,7
RDG,7
GDD,5
DGL,9
GLV,12
LVI,2
VIV,5
KLV,5
LVK,5
VKK,5
KKV,4
KVL,8
VLS,8
LSD,12
SDE,7
ENE,2
NEP,2
EPI,5
PIR,3
QKK,4
KKR,7
KRA,10
RAD,9
ADQ,6
DQG,6
QGK,4
GKN,3
KNP,6
NPV,5
PVY,2
VYK,3
YKG,5
KGQ,2
GQS,2
QSQ,2
SQF,5
QFL,8
FLD,5
DLM,5
LMC,1
MCV,1
CVD,2
DDS,6
DSV,9
VDQ,7
DQP,3
QPI,2
IRF,5
RFR,6
FRI,1
RIR,9
IRP,4
PEK,5
KYL,1
LQY,2
QYG,1
KNI,1
NIA,6
IAE,7
AEG,5
EGT,4
GTP,10
TPT,4
TGS,6
GSW,5
SWF,2
WFL,1
FLI,3
LIK,5
IKG,5
KGW,2
GWK,4
WKL,1
KLS,10
IDM,4
DMF,1
MFI,2
FIV,2
AVK,3
VKR,3
KRI,6
ILT,1
LTE,7
TER,2
ERE,9
AKL,9
LAA,18
AAQ,14
AQA,12
QAE,8
AEK,14
EKD,3
KDS,5
EEG,5
EGN,2
GNG,3
NGD,4
MKI,4
KII,7
III,4
IEK,8
KVG,3
GDV,4
AQV,4
EVT,8
VTN,1
TNG,6
NGG,5
GGE,6
ESI,4
SIR,6
IRV,3
RVT,7
VTM,1
TMN,1
MNV,2
VKS,5
KSF,4
SFD,5
FDL,11
LVQ,6
QNG,2
NGE,5
LFR,1
FRL,2
TSD,8
SDG,9
DGA,6
GAF,6
AFI,4
TIT,3
ITQ,2
TQK,4
QKA,12
AES,4
ESE,4
MPD,5
PDL,7
LMK,1
MKL,3
LSH,4
SHR,3
HRQ,2
RQV,5
VEA,13
EAL,18
ALL,13
SRN,4
RNS,3
NSY,2
YNW,1
NWI,2
WIH,1
IHG,2
HGP,4
GPS,4
PST,4
STD,5
TDS,2
DST,4
STL,5
KAL,11
ALR,7
LRR,12
RRM,1
RMG,3
MGL,3
LVN,2
VNL,1
NLS,9
LSW,1
SWD,1
WDD,3
AGY,3
GYM,1
YMF,1
MFG,2
FGS,5
GSQ,3
SQP,4
QPC,1
PCW,1
CWS,1
WSI,1
SIT,5
ITD,4
TDA,5
DAG,7
GKK,3
LAM,3
AMQ,2
MQE,2
QET,3
ETL,6
TLT,5
EEP,6
EPE,5
PEQ,4
EQQ,2
QQF,1
QFN,4
FNP,6
NPS,3
SPC,1
PCR,2
CRH,1
RHE,1
HEP,2
EPG,8
PGK,1
GKS,5
KSD,4
SDS,6
DSD,6
SDR,5
DRL,6
RLA,19
AKQ,2
KQL,1
QLE,5
LET,9
ETI,8
TIA,5
IAR,11
EAS,8
ASE,7
SEK,4
KRG,3
GSE,7
ASY,6
SYC,1
YCD,3
CDG,1
GVV,5
VVG,6
GDE,5
EYG,6
YGH,1
GHT,1
HTY,1
TYC,1
YCR,2
CRY,2
RYK,3
YKA,1
ERD,6
RDT,5
ARV,5
VAE,5
LEG,9
EGK,3
GKL,6
KLT,10
LTD,2
TDW,3
DWV,4
WVH,1
VHE,5
HEG,4
EGF,3
GFR,5
RLN,6
NEA,9
AQT,6
QTA,8
TAH,4
AHE,1
HEC,1
ECT,1
CTM,1
TMG,1
MGV,3
GVG,8
GDG,15
DGK,8
LLV,3
LVH,3
VHG,3
HGD,1
HAS,2
ASI,10
SIK,6
IKA,9
AQK,6
QKI,2
KIV,4
IVI,5
VIE,7
RDA,6
DAA,9
ALV,11
VRI,7
LES,6
ESK,6
SKL,8
LAE,12
AET,7
ETQ,1
QPY,1
PYK,2
YKQ,2
KQH,1
QHP,1
HPQ,1
PQI,2
QII,3
IGY,4
GYA,4
YAR,1
RKK,3
KKE,5
LAP,6
APL,5
PSQ,3
PGG,5
GGS,8
GSY,4
SYI,2
YIY,1
IYI,4
YIG,4
IGL,8
GLD,7
LDH,3
DHP,3
HPA,2
PAC,1
ACW,1
CWA,1
WAE,1
AEE,18
EPP,2
PPY,1
PYE,2
YEF,1
EFL,5
FLT,1
LTP,3
TPL,2
PLY,2
LYT,1
YTG,3
TGP,6
GPV,4
PVA,6
VAS,12
ASH,2
SVP,2
VPD,3
PDG,11
DGY,4
ALI,6
LIP,4
IPV,6
PVK,3
VKE,7
KET,3
ETE,4
EAM,3
AMH,1
MHD,1
HDA,3
AVM,2
VMA,4
MAL,5
LLY,3
LYN,2
YNG,3
NGI,4
GIA,9
ART,2
RTD,2
TDT,2
DTQ,1
DAY,3
AYI,9
YIN,9
INA,4
NAA,12
ATN,4
TNK,1
NKE,1
KES,3
MST,4
STS,7
TST,6
STI,6
TIR,6
IRT,2
RTG,6
TGV,10
GVN,3
VNN,3
NND,1
NDI,4
ILL,6
LDD,9
DDN,1
DNG,4
NGN,4
GNM,3
NMV,2
MVI,4
VIL,4
LRD,5
RDV,4
EAC,3
ACA,2
CAQ,2
DVR,5
VRA,8
AAM,4
AML,3
MLM,1
LMR,3
MRT,2
GEN,2
NIF,2
IFD,5
FDV,4
DVD,6
VDA,9
AGV,7
VGY,3
GYF,1
YFE,2
EYI,4
YIF,3
IFS,5
FSP,4
PQK,1
QKS,3
KSY,5
SYD,2
YDD,3
DAR,4
RKS,2
KSI,4
SIA,9
IAD,6
ADA,10
DAI,9
AIL,12
SSP,8
SPD,5
PDV,4
DVT,2
VTG,7
TGI,5
GIE,6
IEQ,4
LDI,4
DIT,4
ITG,9
EVF,2
VFG,7
FGV,5
GVD,10
KVI,10
ITI,4
TIH,3
TAG,5
TSQ,3
FNA,7
NAY,6
AYE,2
YER,5
LII,6
IEL,6
ELQ,9
LQT,2
QTR,6
TRS,2
RSK,2
SKY,2
KYR,5
YRR,4
RRA,6
RAG,7
GKF,4
FAP,3
APV,9
GTQ,7
TQT,1
QTG,3
PWG,2
WGP,2
VDN,2
DNE,2
NEL,2
WAK,1
KLE,4
EAE,25
AEV,8
EVE,8
EAI,5
AIY,7
IYT,4
SKQ,2
KQE,4
QER,2
ERK,5
MTL,5
TLP,6
LPA,7
PAY,2
AYN,2
YNS,6
SDI,3
DIQ,3
IQQ,2
QQA,3
QAL,8
LKW,3
KWL,3
WLH,1
LHN,1
HNQ,2
NQA,5
QAP,5
APG,5
PGI,8
TGL,11
VQR,5
QRK,7
AQW,1
QWY,1
WYD,1
YDR,2
RFS,3
FSR,3
SRQ,8
QFW,3
FWV,2
WVN,3
VNW,2
NWE,2
WER,2
DVF,3
VFN,1
FNL,6
NLK,3
KTA,6
TAN,6
ANP,6
NPF,2
PFG,5
FGL,7
GLM,2
LMV,2
MVW,1
VWC,2
WCI,1
CII,1
IIL,2
ILG,9
LGT,4
TPS,3
PSK,1
SKG,5
GLY,4
LYP,1
YPK,2
PKN,3
SSW,2
SWA,1
WAF,1
LRQ,3
RQN,2
QNF,3
NFI,2
FIY,3
IYS,5
YSG,2
QVP,2
VPP,7
PPP,6
PAD,2
DAS,5
ASP,1
SPG,2
GGN,4
GNF,5
NFY,2
FYG,4
YGG,4
GGG,7
GNA,4
NAE,5
AEI,9
EIL,7
ILN,5
NLD,4
LDE,9
DEI,7
EIR,7
RKV,5
VLQ,4
LQL,3
RYV,3
YVA,2
LIS,8
ISN,3
SNG,5
NGS,3
GSI,11
IAY,2
INR,6
NRM,3
RML,1
MLR,5
RYI,3
IFN,5
FND,5
NDD,2
DDE,8
DEP,3
EPW,1
PWD,3
WDE,3
DEA,8
EAT,8
ATG,12
LYF,3
YFY,1
FYL,2
YLM,2
LMD,2
MDS,5
STG,4
GED,7
EDG,10
DGP,9
PVE,4
VEN,2
ENL,9
NLA,11
LAI,12
IYR,2
YRK,4
RKD,3
KDW,2
WEG,2
EGM,1
GMV,4
MVL,1
LLS,10
SSS,12
SPR,4
PRT,2
RTN,2
TNH,2
NHV,2
HVL,2
VLT,4
STP,3
TPA,8
ASD,6
SDA,6
ADW,3
DWP,1
WPG,3
PGV,4
DPA,11
PAA,10
ASG,5
SGL,3
GLP,7
LPV,8
VTV,7
TVE,4
VET,5
TAS,8
SAT,11
TAP,9
APD,6
DGS,14
GSA,9
ATV,9
TVC,1
VCK,2
CKL,2
LTK,5
TKP,9
KPA,3
PAG,15
GST,8
STA,10
TAY,2
AYV,4
YVS,4
VSA,13
SAP,12
API,5
PID,5
IDG,8
PLG,4
LGS,6
GSG,4
SGS,4
STV,5
TFS,5
FSF,2
SFF,2
FFA,4
STR,7
TRF,4
FIA,3
IAI,4
AIQ,8
IQS,5
QSA,7
SAA,10
AAD,15
DFP,4
FPS,3
PSR,3
SRA,6
AVF,6
DLD,8
LDS,5
DSG,6
SGH,2
HVI,1
VIS,4
SDQ,2
DQM,1
QML,2
DSS,6
SSV,7
SVV,8
VVS,7
RMI,2
MIR,3
IRL,5
LEN,6
ENG,4
NGW,5
GWW,2
WWR,1
WRC,2
RCV,2
CVL,1
LTT,5
TTK,9
TKT,3
VSS,3
SSF,4
SFR,3
FRA,6
YIA,3
IAP,9
APA,12
PAE,9
ETN,3
TNF,2
NFS,3
FSW,1
SWI,3
IDS,4
DSN,4
AAI,15
AID,10
IDV,5
VLI,7
LIW,1
IWG,3
WGA,5
GAQ,9
QIE,6
ELG,7
LGD,6
GDT,4
DTP,2
TGY,1
GYL,6
YLE,3
ETT,4
TTG,3
TGT,6
TPV,3
VTI,5
TDY,1
DYV,2
YVL,4
LQS,7
GTV,5
TVK,8
VKF,4
KFT,4
FTQ,1
QPL,3
LPT,3
AYW,1
WTG,3
TGD,10
GDW,2
DWK,2
WKG,1
KGG,3
TEP,2
EPA,7
ARF,1
RFA,6
AVG,5
TQD,3
QDT,2
TFN,3
SPA,7
PTS,5
SGA,9
AFK,4
FKL,5
EYR,1
YRV,1
RVG,7
ALN,4
QLI,1
LIN,5
INL,8
NLM,1
LMN,2
MND,2
NDR,3
DRA,9
RAV,7
VGI,5
IMP,2
MPT,2
PTC,1
TCA,2
CAG,3
AGC,1
GCD,2
CDV,2
VKV,7
MIT,1
ITP,3
TPE,6
IPS,8
PFA,3
FAA,8
AQG,6
QGD,6
DKD,6
KDP,4
DPI,3
PIP,3
PQT,5
TSS,6
SST,6
TGF,1
FAN,6
ANL,9
NLR,3
GYT,1
YTP,2
TPD,3
PDY,5
DYE,2
SLA,5
LAS,11
ASN,5
SNN,3
NNP,2
NPQ,3
PQA,5
QAK,3
VER,5
RKI,6
KIQ,4
NQL,6
QLF,2
LFF,1
FFI,3
ATQ,2
TQN,2
QNA,7
NAQ,3
QAW,2
AWQ,1
WQR,1
QRQ,5
RQM,2
QMA,2
MAP,1
APP,4
PPW,1
PWF,2
WFQ,1
FQG,1
QGM,1
GMP,1
MPG,1
GGY,1
GYE,4
YEQ,2
EQN,4
EVV,8
VVR,9
VRV,6
VGN,6
GND,3
NDG,4
DGI,8
IMR,5
MRR,3
RYR,2
YRS,3
RSM,1
MVN,1
VNA,5
NAN,4
NAS,1
SDP,4
STT,4
TTW,1
TWE,2
WEE,2
EQP,4
QPA,3
PAW,1
AWS,2
WSV,3
SVM,4
VMR,3
MRS,1
RSN,5
SNI,6
NIP,5
IPM,3
PMP,1
MPA,2
GGP,3
GPG,3
PGL,5
SGG,6
ITT,2
TGR,7
GRN,5
RNF,3
NFN,2
NDL,3
DLL,4
LLN,6
LNG,7
NGT,7
WEF,1
FFS,4
FSD,3
VVV,7
ASQ,7
SQN,5
NAP,3
VYP,4
YPA,1
AGA,22
AGM,4
GML,2
MLE,6
EAK,8
AKS,11
KSW,1
WIS,1
ISG,7
GSN,1
SNT,3
NTF,1
TFC,1
FCV,1
CVQ,2
QRY,1
RYT,4
YTD,2
TDR,3
DRV,2
GNV,3
NVA,6
VAV,8
RGL,6
GLN,5
LNA,10
NAG,8
AWT,1
WTN,1
TNW,2
NWM,2
WMY,1
MYA,2
AVN,6
NVM,1
ALQ,3
QQG,5
QGR,6
SAN,2
AYT,2
YTL,3
LTL,1
TLV,6
LVP,2
VPQ,2
QLQ,3
LQG,2
QGG,3
GGL,7
DGM,1
GMI,2
MIL,2
RVK,4
KFN,4
FNT,1
NTV,4
TVN,1
VNT,4
NTG,7
TGA,4
GAS,9
AST,8
TIN,6
INV,6
NVS,5
VSG,3
SGF,7
KAI,9
IVG,4
VGA,11
AAN,6
ANF,5
NFP,3
FPL,1
PLT,9
TGG,5
LGQ,2
GQG,5
GLI,6
LIA,8
FDA,4
DAT,3
GDR,4
DRW,1
RWR,1
WRI,1
GAP,4
APR,2
PRI,4
RIQ,6
IQV,6
QVG,3
NAD,3
DQD,3
QDY,2
DYQ,1
YQA,5
APS,11
PSW,3
SWK,3
WKQ,1
KQV,3
QVK,3
KDY,2
SQK,5
VDW,2
DWA,4
WAD,2
ADV,3
DVV,4
VVN,9
VNK,2
NKP,1
KPN,3
PNV,5
DTT,3
TTP,5
TPW,2
NLE,5
LEL,6
ELS,5
RPF,4
PFI,2
DFH,1
FHF,1
HFN,1
FNN,5
NNN,3
NNR,2
NRA,4
FDY,2
DYR,2
YRF,2
FIS,3
ISE,4
SEA,9
EAD,4
GSM,2
SMA,2
MAF,4
AFY,4
FYS,2
YSR,3
RQG,4
QGS,4
AGP,2
PTQ,2
QDI,3
ILF,2
LFS,2
NVT,8
FLQ,3
LQP,3
QPR,5
PRL,6
RLD,7
VAK,7
AKN,3
KNL,4
LAY,1
IAN,12
ANS,6
NSG,6
SGP,2
PLW,1
LWQ,1
WQN,2
QNT,4
NTT,5
TTA,5
TAD,6
PGW,4
WKF,1
FTF,5
TFA,6
FAQ,3
QGV,1
ANN,4
NNA,1
NAV,8
AVI,3
IAV,2
TTN,3
TNP,2
NPD,4
SYR,4
RSQ,2
SQV,3
QVM,1
MRW,2
RWD,3
WDW,1
WAS,2
STN,4
TNV,3
NVI,8
VIF,3
NRP,2
RPL,3
PLF,2
LFA,6
AGQ,8
GQY,1
QYV,4
YVP,4
VPW,2
WDS,3
NFD,3
FDP,5
PAT,8
TKL,6
LTV,1
TVG,7
VGT,4
GTT,4
TNN,2
NNI,2
NIS,2
GIR,3
IRN,5
RNT,3
TTS,3
TSN,4
TGN,3
NMN,1
MNT,2
NTW,2
WGS,2
YGN,3
LQI,1
QIF,2
IFG,3
GEP,10
IYF,2
YFD,3
FDN,2
DNS,3
NSQ,6
SQT,2
TGW,2
GWY,2
WYL,2
YLG,5
LGM,1
GMD,3
MDK,2
GQL,5
LKR,6
AGW,5
GWS,5
WSL,2
SLG,8
GNN,2
NNS,2
SYV,4
YVV,7
VTD,2
TDE,9
DES,9
ESN,4
RNH,2
HVN,3
VNG,8
NGM,2
GMS,5
PVW,2
VWG,1
WGG,5
GGQ,4
GQW,1
QWF,1
WFW,1
FWG,2
WGE,3
GEW,3
EWN,1
WNF,2
NPN,7
PNT,4
NTK,1
LTI,7
TIK,4
AGT,13
TQE,4
ETS,5
AIF,3
FSG,3
GTL,7
LPF,4
PIA,3
SDY,3
DYS,3
YSQ,2
SQA,4
TIY,1
IYN,1
NSP,3
SPT,3
PSA,4
PAV,2
IAF,4
FIR,2
PGN,4
GNW,2
NWG,2
AFF,2
FFG,3
IDT,4
DNK,1
NKL,1
KWG,2
NSR,6
SRE,9
REI,7
ADS,9
SSN,2
NIM,1
MNL,1
NLW,1
SNP,4
NPT,1
PTA,4
SWN,2
WNG,2
NGQ,3
TVW,2
VWR,2
WRS,1
TKV,3
KVD,5
VDL,5
NAT,4
NMI,1
MIF,4
NRI,9
RIS,9
GTG,7
ASS,5
SGR,5
GAI,9
NLQ,2
LQN,4
NGA,3
GAH,2
AHS,2
SGQ,2
AAV,7
AVT,3
FER,6
ERG,5
SIF,1
IFV,1
FVN,3
VNF,3
NFG,3
LDT,2
DNV,3
LKV,2
VGG,8
GNL,4
NLG,4
LGA,7
GAN,5
AYP,2
YPV,1
PVI,6
VIH,2
IHA,3
HAG,1
AGN,4
GNY,5
NYN,2
YNN,2
NNY,3
NYI,2
INQ,5
VQV,5
GLG,7
LGG,5
GGV,5
VGS,8
YGI,6
IFA,3
LDN,4
DNA,4
AAP,7
VQP,2
ILI,7
LIY,4
YSS,4
SSC,1
SCA,2
CAA,1
ANY,5
GQK,4
QKP,2
TWR,2
RCM,1
MGY,1
GYV,4
NRD,5
NTP,2
DSA,8
ATL,6
TLF,4
QRV,5
MAV,3
AVD,10
DPR,8
PRE,1
REA,6
EAA,15
RAL,6
LLA,8
LAF,5
FFR,1
RAT,5
ATD,6
SLT,5
RIV,7
GPE,5
PEG,5
EGD,2
DRK,3
RKL,8
KLR,4
RAS,9
FLN,4
GEK,7
LSL,9
IIA,3
IAK,7
KVE,6
AED,4
GPD,2
MNR,1
NRK,2
RKT,5
KTC,1
TCI,1
CIR,1
IRR,4
RRL,7
TDV,4
DVI,4
KAN,3
ANI,7
GGF,7
GFF,2
FSL,4
SLK,5
LKF,3
AII,7
GVS,5
MKP,3
KPH,2
PHE,2
HEI,2
LAQ,4
LGR,11
IPE,5
EDE,7
RVM,2
VMV,2
YAE,7
EEA,19
VQT,5
QTD,2
GRK,10
KLN,6
WWP,1
WPV,1
PVP,6
PWK,1
WKE,2
GKY,3
SNA,1
YAC,1
ACI,1
CIS,1
ISS,8
SSI,5
IKT,5
KTP,5
TPN,1
PNP,4
NPK,3
PKT,6
KTG,5
TGQ,3
GQM,1
QMR,1
MRY,2
YWR,1
ASF,4
FGH,2
HGL,2
GLA,10
LAL,9
ALM,4
MVD,3
DDI,6
IGS,3
SGK,4
KGS,6
GSK,10
KGD,6
GDF,5
DFN,2
DEF,6
EFR,6
RER,7
LEP,4
EPT,6
IVE,7
TSP,3
PNN,2
NYQ,1
YQF,2
FWY,1
WYF,1
YFF,1
FFK,1
FKE,2
KEP,3
EPM,1
PMS,3
MSH,2
SHM,1
MLQ,3
LQF,3
QFK,3
FKA,6
LYS,2
YSF,1
SFV,5
FVD,4
DQV,3
QVL,5
LKK,3
KKG,3
GGD,4
GDN,3
DNT,2
KDV,2
DVS,3
SRY,3
GRM,1
RMP,3
MPF,1
FGF,4
NNK,3
DGN,3
NFK,1
FKY,1
KYA,2
YAD,3
NGK,5
VRL,10
RLY,6
YHA,3
ADY,3
YSK,3
SKR,6
RYS,2
YSP,5
SPE,6
PEE,7
IAQ,4
QAF,5
GVR,4
RII,6
IIM,1
MPQ,2
PQM,2
QMK,3
MKK,5
VEI,5
EIN,3
RDD,5
DDW,1
WVY,1
VYD,3
YDQ,2
QVW,1
VWL,2
WLK,2
LKY,1
EHI,4
HIC,1
ICT,2
CTK,1
KYK,1
YKM,1
KMG,1
MGE,1
GQV,3
QVQ,4
VQQ,4
QQN,2
QNM,1
NMS,1
YRI,3
IRC,3
RCP,1
CPW,1
WGD,1
EHT,1
HTN,3
GDP,6
DPF,2
GAY,6
AYF,3
YFR,1
FRG,2
RGP,4
GPI,3
IPG,4
PGA,7
GAE,5
EHE,6
HEY,3
EYV,3
YVF,1
FGC,2
GCG,2
CGH,2
GHD,1
DTC,1
TCR,1
CRK,3
KEH,3
EHR,4
HRR,3
RRT,6
RTW,1
TWA,1
WAA,3
AAF,4
AFT,4
FTD,6
VVL,4
VLP,1
LPY,2
PYI,2
YIV,3
LER,8
ERI,9
RIN,4
RRH,3
HIG,1
IGE,7
DRE,4
RET,1
ETK,7
NAF,2
FKQ,1
KQR,1
RSL,7
VDF,5
DFL,4
FLE,7
RRS,2
MSD,4
DSI,6
SIC,1
ICL,2
CLN,2
LNR,4
NRH,1
RHG,3
HGV,5
GVQ,7
WVE,2
VEF,7
EFK,2
AWP,3
WPK,2
PKR,2
KRT,5
STC,1
TCP,2
CPM,1
PMA,3
MAR,6
ARC,1
RCF,3
CFE,1
FEP,3
PGQ,2
GQI,5
QIP,5
PFL,4
RIG,5
IGW,3
GWG,3
GGR,6
GFV,2
FVL,5
VLV,8
VKI,2
KIG,3
IGT,7
GTD,2
DWL,2
WLL,1
LLL,5
LNP,3
NPM,1
PML,3
DLF,6
LFD,6
LNS,5
RDL,6
LVE,9
EVA,8
SHA,2
HAE,4
EGL,9
NII,2
IIQ,4
IQF,3
FLA,4
LAD,8
MIN,3
FGT,3
GIV,5
IVS,3
VST,2
FPM,1
PMG,1
MGF,1
GFS,2
LSK,3
SKF,6
SPI,1
SSK,6
SKE,3
EPF,4
FGY,4
YEM,1
EML,4
MLY,2
YDG,6
DGG,5
GLF,1
FAF,3
AFD,5
PLE,1
LEV,11
EVS,6
SIS,6
ISV,6
IAG,2
SED,4
EDD,6
LRI,10
NSK,3
SKK,9
GSF,4
FRF,2
FLP,2
LPG,4
VIP,5
IPD,5
PDM,3
DMT,2
MTT,3
TTL,9
VAT,9
RTV,4
TVL,1
GTI,8
TII,3
IIK,3
KGP,2
PAI,3
DTI,7
TIQ,5
GNT,1
NTY,1
YTF,2
TFV,4
FVF,3
FGN,1
NYL,3
RQA,4
QAI,5
QSV,3
SVL,6
VLE,5
MSN,1
IPL,8
KST,6
DRT,2
RTR,4
TRL,5
IAA,12
ARS,9
RRD,8
LDF,3
DFE,6
FEV,5
EVM,1
VMI,2
MIP,2
IPA,7
PAQ,3
QVV,2
VVQ,5
VQY,2
QYD,1
RAE,12
AEN,5
ATI,6
IQP,2
PLI,3
LIT,4
ITW,1
TWV,1
WVD,3
VDT,4
DTE,4
TEH,2
EHN,1
HNA,3
AVQ,2
QRH,3
RHQ,2
HQL,3
DIP,2
ISM,1
SMG,4
MGA,4
GAG,9
GFH,1
FHI,1
HIS,3
ISF,4
FPI,1
WIY,1
IYA,2
ADR,8
DRD,7
DTS,6
ESL,7
SMS,4
MSK,3
SKP,4
RIH,4
HKF,1
KFE,3
FEH,2
HGM,1
GMF,2
FIP,3
VFR,3
FRR,4
EDS,3
DAM,2
AMV,2
QST,2
GAT,9
ATR,5
TRI,4
ISI,3
IRG,6
RGD,3
IKI,1
KIT,6
PSN,3
TVD,3
TPQ,6
QAN,2
NFT,4
FTG,1
NGV,6
NVN,2
NNH,3
NHG,3
HGH,1
GHL,1
HLE,2
NPP,2
PPD,3
PDT,1
TRT,5
RTK,4
TKG,4
GGM,1
MIE,3
ERH,4
DAE,6
IRS,4
SLR,4
LRM,5
RMR,3
MRL,6
LNV,5
DET,2
QRA,4
VDM,3
DMA,4
MAM,1
MLS,4
SHQ,2
HQK,1
KSL,5
SLQ,5
QDL,3
DLR,8
RTY,3
TYE,2
YEA,5
QLW,1
LWD,2
WDA,1
NAR,9
ARY,6
YGL,2
LSV,8
SVE,7
VEK,4
KTY,4
TYD,3
LRF,2
EGE,8
EAV,6
PPG,4
PGD,7
DDF,7
DFI,4
SET,6
VGE,9
TLS,2
ARN,7
RNR,3
NRT,3
SAF,7
AQF,2
QFT,3
FTA,5
ASR,7
SRT,4
RTF,3
TFP,2
FPN,4
PNG,2
NGF,2
GFT,1
FTV,3
TEF,1
EFA,10
ADP,6
DSP,2
SPP,5
PPF,3
PFT,4
TAA,10
DTG,4
GDM,5
DMV,3
MVV,5
VVW,1
VWN,2
WNR,2
RAN,4
NIL,2
ILE,3
IPN,6
NTE,2
TEG,2
GER,4
ERN,4
RNL,8
ANR,6
GKD,5
KDK,6
KSG,3
GAR,3
VIG,6
VAM,3
AMP,3
SKI,2
ITC,1
TCT,1
CTN,1
TPI,4
GVL,4
VGR,3
RLK,3
KTK,2
KPY,1
PYR,2
KVV,5
MYK,1
YKL,4
AVW,4
WRT,1
TRA,5
RAR,10
YKV,2
VIY,1
IYG,2
GRA,10
SKS,4
KSH,1
SHD,1
AVY,3
VYL,2
YLA,4
NYR,1
KFL,2
FLC,2
LCA,2
CAR,1
QFQ,2
FQN,1
QNR,5
SES,2
SVY,1
VYT,2
TLI,5
IKD,3
DKI,4
KIE,2
IEN,4
ENS,5
EYN,1
GEF,4
EFI,6
FIF,4
IFT,5
FTK,2
TKN,5
IKH,2
KHK,1
HKR,1
SEF,2
FLF,4
LFY,2
LSE,5
SEI,5
IKS,6
STE,2
EGI,3
ILW,1
LWL,1
WLE,2
LEE,11
EAH,3
AHY,2
HYL,4
YLT,1
LTQ,3
EQW,1
QWE,1
WEV,2
IEP,3
PTI,2
KEN,1
EIW,2
IWI,1
WII,2
IIF,2
PNE,3
NEV,3
TDF,4
DFV,5
FVY,1
VYQ,1
YQN,2
NFV,2
FVV,4
VKP,4
KPP,1
PPK,1
PKD,2
DAF,3
AFV,7
FVK,4
VKM,1
KMI,2
INW,1
NWN,1
WNE,2
ENP,2
FLS,4
ETM,2
TML,2
MLK,1
IHE,6
HEA,6
KDQ,4
DQA,4
HIY,1
IPK,1
KSV,5
KFI,4
FIL,2
AHK,1
HKK,1
KKL,6
LGW,3
GWE,4
WEP,3
IGF,4
GFD,4
ATT,5
TLM,2
LMH,2
MHG,1
HGN,1
IME,2
MEV,1
VDE,6
DEW,1
EWD,4
WDG,3
DEL,10
ELL,9
LKS,9
KSS,3
SRV,6
RVY,2
VYN,1
YNL,1
AKM,1
KMK,1
MKG,1
KGA,5
SVT,5
YDS,1
SIG,2
NDS,2
PDF,5
DFK,3
LTY,3
YDP,3
PFN,3
GGA,9
GAV,7
VDK,6
PDD,3
DIY,2
IYM,1
KLP,2
PHT,2
HTT,1
TTI,1
KNK,1
NKD,3
KDH,1
DHF,2
HFS,2
FSN,2
QKW,1
KWE,1
FRK,3
VVH,2
HGK,1
GKV,5
KVY,3
YPF,1
PFD,6
FDE,7
SIN,1
HPD,2
PDK,3
DKL,3
LNQ,3
QLC,1
LCI,1
CIE,1
PRK,1
KDL,2
LDM,3
DMN,2
MNG,2
RFK,6
FKV,3
KKD,1
KDM,2
DMR,2
MRE,4
KRK,4
KIK,2
KSP,1
PNI,2
ILP,2
RKP,3
KPK,4
PKG,3
FFD,2
MQN,2
QND,4
NDP,3
DPG,5
AIG,7
GLL,6
LFL,5
FLG,3
IFF,3
FFE,1
GLK,6
WKI,2
QVA,4
NFL,1
SLL,6
LLC,1
LCF,3
CFF,1
FFF,1
SAL,7
ALT,6
LTF,3
TFW,1
FWF,1
WFV,1
MPL,1
PLV,2
HGT,3
GTS,8
SNE,2
EAR,9
RSE,4
SEN,2
IKR,3
KRE,3
IEA,6
EAG,11
DPK,6
PKQ,1
KQA,2
AIA,17
AYS,3
YSV,1
SVQ,2
KEK,2
EKK,8
KKA,12
KDC,1
DCS,1
CSH,1
SHE,1
HEL,2
DSL,6
MTD,3
TDQ,2
DQN,3
QNE,2
NEF,2
EFT,2
FTP,2
AIE,3
KDR,6
DRI,3
LTA,10
TAM,2
AMA,5
MAA,3
SPH,1
AAE,21
DKY,1
KYD,1
DLH,1
LHD,2
HDF,1
GEI,8
IRE,5
DEQ,4
QIA,4
RYY,1
YYS,3
YSA,5
AIP,6
PNW,2
WMK,1
MKF,1
KFF,3
FSV,4
ATY,1
TYN,3
NDC,1
DCI,1
CIM,1
IMD,2
MDF,1
FVG,8
GIN,3
INN,2
NHR,2
HRA,4
KAS,4
RSA,5
TKR,1
KRW,3
RWG,1
VRF,2
FKG,2
KGY,2
GYK,4
YKS,3
SDV,3
VEL,4
VNM,3
NMF,3
MFN,1
FNS,2
NSL,3
VDR,2
RLC,4
LCR,1
CRE,2
REY,6
EYQ,6
YQK,3
QGF,2
GFE,5
RFN,2
FNV,2
QEI,3
ISY,3
LRS,4
RSI,6
ITR,4
RKR,5
KRM,2
MEL,3
LVS,4
KEA,14
AVH,2
HEH,1
EHF,2
HFG,1
FGD,4
PGY,3
YKK,1
KKS,3
KSN,3
VTK,4
KLM,2
RAY,6
GTN,3
TNA,3
RNM,3
NME,3
EIV,5
IVR,5
MTV,3
TVY,3
VYI,1
SAM,3
AMT,5
MTQ,1
TQS,1
YNA,1
YDT,3
NPR,6
RLQ,6
LIR,3
RGR,6
DMI,3
MIS,3
RPI,2
PIW,1
IWT,2
WTP,1
PQG,3
GDC,1
DCT,2
CTA,2
TAV,4
AVS,6
VSD,6
SDF,2
FEL,3
LLQ,4
QSN,1
SNK,1
NKI,1
KIF,1
IFM,1
FMR,2
MRH,1
RHM,2
HME,1
MEK,1
EKG,5
YLR,2
RVV,5
VKT,4
KTD,1
TDI,2
ITN,5
TND,2
NDH,2
DHQ,1
HQR,3
QRI,5
RTM,1
TME,5
MER,2
GFQ,1
FQP,1
PLD,2
LKQ,2
KQK,3
IKV,4
VTT,4
SAS,11
SQE,1
ISQ,6
SQS,2
QSR,2
YIR,4
IRI,6
IIS,10
KLI,5
LIL,2
VMT,2
NNV,4
IEF,3
VMS,4
MSY,1
YFG,4
AQS,5
QSE,4
EEY,4
YQR,4
YFK,1
FKF,1
ISK,3
SVN,6
VNS,3
SPS,2
PSS,5
SFA,5
FAR,2
ARW,2
RWV,2
NTA,1
PMV,1
DNL,2
NLP,7
LPK,1
AGF,7
FSA,4
TIM,4
IMV,1
SEQ,3
ATS,7
TSM,2
SMD,3
MDN,1
IQT,1
QTE,3
TEI,2
RKN,2
KNT,3
NTD,1
TDP,3
DPQ,3
QLA,5
QAT,2
VTW,1
WNP,3
NTN,3
TNQ,3
NQF,2
FTL,2
PQD,4
QDM,2
DMS,2
WST,1
PDA,1
VSN,2
NNF,2
SFL,7
TLD,5
DND,3
NDQ,4
QIK,3
AWN,2
WNA,2
AQN,3
QNN,1
NNQ,2
QFI,2
YTV,1
TVA,10
GAL,8
ALF,4
VKG,5
GNS,4
GTA,5
SND,3
NDF,4
EQC,1
QCP,3
CPS,2
PSE,1
TNY,2
NYD,3
YDE,3
QNY,1
NYM,1
YMY,1
MYY,1
YYQ,1
QFP,2
FPG,5
RNI,2
ITV,5
DDT,2
DTV,4
KSR,5
RGN,4
VTQ,2
TQA,1
ANG,7
GQQ,2
QQL,3
FYQ,2
QRG,1
ILC,3
LCG,2
CGG,3
PTD,4
NVY,4
VYA,3
YAN,2
ANE,6
NEI,3
IWL,1
AVP,3
VPA,3
TLA,5
QPV,2
PVL,3
KAT,4
GTF,5
TFT,4
FTY,1
SAV,9
QQQ,3
QQY,2
QYI,2
YIT,1
TQI,2
QIT,2
DRR,4
RAW,2
AWR,1
WRQ,3
LGY,3
GYW,2
YWI,1
WIN,1
ITF,3
FSS,4
SSY,5
SYT,3
YTN,1
TNS,4
NSN,1
GLT,3
TEW,1
EWK,3
WKA,1
NYT,1
GDA,2
RFV,5
VEG,6
EGS,2
GSD,3
DVM,3
ITK,4
TKD,3
TGC,1
GCT,1
CTT,1
TTD,4
RAI,11
AIK,6
IKW,1
WLD,3
IQA,6
AMD,5
DKF,2
KFQ,1
FQI,4
PRA,5
NIG,2
ESG,3
VSL,4
NLN,3
LNY,1
NYS,2
TWP,1
WPR,1
RYA,4
PRV,1
VRP,3
RPY,2
PYV,4
VPN,4
PNA,2
NAL,6
NRL,6
RNP,2
DRM,2
MGN,1
NGC,1
GCE,1
EQD,2
QDG,4
DGW,4
WKY,2
YRG,4
LIQ,1
QLT,6
SNY,4
NYA,2
MDV,2
EKP,4
LLE,7
ETP,2
MSS,2
AWF,1
WFF,1
FFW,1
FWR,1
WRN,2
NRC,1
RCI,1
CIP,1
MAE,6
FSM,1
APN,3
PND,2
NDA,4
ANH,1
HGQ,1
NRY,2
YVK,1
RWT,1
WTR,1
PRW,1
RWL,4
VNI,3
NIH,1
HAM,1
GIG,5
VPF,1
SGE,3
GEH,2
DSK,2
IRA,5
TRW,1
RWP,1
WPI,1
IDR,6
DRH,3
RHD,2
HDE,2
EQR,4
QRR,3
RLG,2
IET,4
TDG,3
VHW,1
HWR,1
RQQ,2
QQI,2
QIR,3
RDW,1
DWN,2
WNS,2
SGD,2
DRP,4
RPR,3
RLP,3
LPM,2
KTM,1
TMF,1
MFK,1
FKN,2
KNQ,1
NQE,1
LLR,7
RMA,3
AFS,2
TQF,1
FVQ,1
QYR,3
FEQ,2
QRT,1
QAQ,4
VSV,3
SVF,6
FGE,4
PFQ,2
FQL,2
SIQ,5
IQR,2
VRR,3
RDQ,4
DQY,2
YVQ,3
LEF,1
QRN,1
RNY,1
NYV,4
YVM,3
NFE,4
FEM,2
LDR,8
AGD,8
GDQ,1
DQF,2
FIW,1
RVF,5
VFQ,3
ESQ,3
SQG,5
WFY,1
YQD,1
WGV,2
GVC,1
VCL,2
CLA,2
TAK,5
MDT,1
TVP,4
PDP,3
DPM,3
PMK,1
MKD,3
RIT,4
ITL,4
TLH,3
LHG,1
LGF,4
GFI,7
FIQ,3
VQL,4
QLP,4
RLH,2
LHV,2
HVW,1
VWH,1
WHP,1
HPE,3
CFH,1
FHH,2
HHS,1
HSS,3
SIH,2
IHD,2
HDH,1
DHR,4
HRF,2
RFD,4
FDF,5
LVL,5
SLE,5
ENT,1
NYY,1
YYV,1
YVD,4
DRS,6
LGE,7
ELT,6
LTH,3
THE,4
EGY,4
YEH,2
QAC,3
ACG,2
RGW,5
PVG,4
SVC,1
RQR,3
RQE,1
FII,2
IGA,4
QYS,3
YSM,1
SAY,4
VPH,2
HRT,1
MRK,2
VHK,2
HKW,1
KWP,1
WPA,2
YVT,1
VTL,1
PET,3
ETD,1
FDR,2
DRY,2
RYQ,1
YQW,1
QWS,1
VPT,3
PTL,5
LWE,2
AEF,7
KLY,5
HAK,2
VSP,4
PPS,5
PSF,7
SFY,2
YRH,1
RHN,2
NQT,3
DEE,4
EER,8
AEY,4
YIS,1
KLH,1
IGN,1
NPG,3
PGE,4
RNW,1
EPS,3
STW,1
TWS,1
WSN,1
NDV,2
DVP,3
VPV,4
PVM,1
VMC,1
MCN,1
CNE,1
EIG,4
WDL,2
DYP,1
YPY,1
PYT,1
LLW,1
LRP,2
RPM,1
GRS,8
GYI,3
NQP,1
QPQ,1
QMV,2
EGW,1
GWN,3
NSH,2
HTS,2
GPN,3
PNL,4
KED,5
EDC,1
DCC,1
CCT,1
CTD,2
LQH,2
QHA,1
GWR,3
WRL,2
VCP,1
CPQ,1
QEA,6
ARR,8
RPD,4
YIL,2
DPT,6
PTP,4
TPP,5
GPR,3
RGA,3
SIE,4
MED,3
ESS,2
LVT,4
TVR,4
GII,5
IIP,5
PIG,3
GQD,4
QDR,2
YST,3
AQQ,4
QLS,1
EPQ,1
QTI,1
TIS,5
NMA,3
REF,3
EFE,5
FEI,2
RHH,1
HHD,1
HDM,1
LYL,5
YLW,1
LWS,1
WSR,1
LLI,7
IHR,2
RTA,5
TAE,6
TLE,8
GDS,4
AKR,6
KRH,1
RHR,2
AND,1
IQH,2
QHL,2
HLN,1
NDY,1
DYC,2
CDS,1
EYD,3
YDY,3
DYN,1
HGF,1
GFK,6
FKI,2
KIS,3
SSD,4
MAN,1
ILK,6
QGT,4
RSS,3
MRN,1
RNE,3
NTI,2
VSF,4
AIC,4
ICA,2
CAL,1
LMG,2
MGI,2
DLS,7
LST,7
STF,2
GYG,1
QVT,1
IST,3
GSR,6
RVQ,5
QTP,6
TVM,1
TID,3
KSQ,5
SQD,2
DYG,4
NLI,3
IID,7
GWA,5
WAG,4
TRV,4
RVD,3
PGS,5
QMT,1
LKN,7
KNA,3
IQG,1
NST,1
KAY,2
TSV,3
NNT,2
SFT,1
PYA,1
VWV,3
WVC,1
VCV,1
CVA,2
DKQ,1
AHN,2
HNG,2
GGT,7
WDY,1
ADN,3
GVP,2
PVR,3
VRD,5
RDP,5
RKY,5
KYV,4
VKW,2
KWT,1
WTT,2
PIM,2
IMY,1
MYD,1
YVN,1
VNY,1
YAQ,1
YIK,3
IKL,3
KLC,1
LCQ,1
CQV,1
VAC,2
ACV,1
CVP,1
GSP,2
PAP,5
DFS,3
PEY,3
FGQ,3
NVR,1
NLF,3
LFN,1
FNG,2
FED,3
EDL,8
DLG,5
NNE,2
EAP,9
APK,3
VSM,1
RPN,3
NSW,2
PKL,4
LYR,4
YRE,1
EKC,1
KCP,1
CPK,1
PKC,1
RAC,1
ACF,1
CFA,1
FAC,1
KEY,2
EYK,2
RIE,4
KVQ,2
VQK,4
AEQ,8
FEA,2
AHP,2
IEW,2
EWW,1
WWT,1
WTD,1
NSF,3
SFS,3
QSL,3
SLY,5
YRY,1
YGS,6
TEN,1
ENQ,1
NQI,3
AKH,1
KHR,3
HRE,2
APT,7
KAF,4
GIK,2
KRP,2
RPK,1
PKM,2
KMR,4
EPL,2
LIV,4
IVV,4
RNA,5
LYV,3
IYL,1
FIK,4
RDC,1
TEY,3
YGD,4
LKM,2
KMF,3
MFE,1
KPM,2
PME,2
MES,3
VAY,2
GQC,1
QCS,1
CSC,1
SCC,1
CCG,1
CGR,1
LTN,1
NHA,2
IEM,1
EMG,3
IGP,4
PIC,1
LEM,3
EMQ,3
MQI,2
QID,6
IDP,8
DPP,2
PPQ,5
TRQ,4
RQT,4
ILY,2
YLI,4
IGD,5
DDK,2
KPF,7
TSF,3
SFN,5
LSF,4
IEH,3
EHY,3
IIR,3
LKC,1
KCL,1
LNF,2
KRN,5
RNN,1
ACS,3
CSE,1
VAR,6
RIP,2
PQH,1
QHD,1
HDP,1
MIK,2
LGK,3
GKI,5
KIR,3
NVE,3
VIR,3
SVK,4
GQN,1
QNP,3
NPY,3
VVP,2
PTM,1
DWY,2
WYN,1
FIG,2
GYQ,1
CAI,3
SQH,1
QHW,1
HWL,1
WLV,1
KAC,1
CSM,2
RNG,2
WEL,3
EQS,3
RDM,1
DME,2
MEF,2
FRV,2
KDN,3
NLV,4
NRF,1
KNV,3
NVF,2
LFV,4
ESD,3
DPD,4
DYY,2
YYE,3
YEK,1
SYK,1
KGI,2
GIS,4
SQI,4
DPY,1
PYW,1
YWA,1
WAM,3
EST,2
SAE,5
HFY,1
FYE,1
YEP,3
EPD,5
DFW,1
FWI,3
KKY,1
KYH,1
HRS,1
HLV,3
GPQ,2
PQP,3
QPP,2
LKP,6
KPT,3
PTY,3
TYI,1
FGG,3
TQR,2
RIY,3
IYE,3
ERT,2
IHV,1
HVD,1
AFN,3
AFW,2
WIA,4
RDN,1
DNH,2
GVK,5
IDE,6
MEQ,3
EQF,2
FDT,2
DTN,1
TNL,1
MNQ,1
NQY,3
QYQ,1
YQL,1
SPK,2
HET,1
SYH,1
YHE,2
HEE,2
IQE,2
QEH,2
HIF,2
RHY,1
KSE,1
DVQ,1
IVW,1
SQQ,2
LNN,2
NKK,1
EIY,2
EVR,3
PRS,1
GYN,3
YNR,2
TDD,1
PGM,1
MSP,4
PEN,2
AEA,15
QAG,2
DPV,2
RGT,1
GTK,5
KPL,2
PLA,3
ATP,3
SRP,1
ELR,4
LRN,3
DAQ,3
DIE,1
QDD,2
DAP,2
VFS,2
SNR,1
PRD,1
RDH,1
DHS,1
RIK,4
KVN,3
LIE,6
SWR,2
WRV,2
VQM,3
MKH,1
KHH,1
HHY,1
HYG,1
YGF,2
KGT,2
GAD,5
VDC,1
DCF,1
CFV,1
KRV,3
VNQ,1
NQV,2
QVN,1
EHK,2
KCM,1
CML,1
MLG,2
IND,4
LSC,1
SCF,1
CFR,1
FRP,4
GWD,1
HEV,2
PAF,3
AFR,5
RRW,1
WLA,2
KKF,1
KFC,1
FCI,1
CID,1
NGL,4
IIW,2
LLT,3
AWV,1
VVC,1
VCT,3
VVF,3
VFA,3
FAL,3
YEE,1
EES,5
QKQ,2
KQT,1
YLK,4
QAR,4
PAN,2
VEH,1
HKL,2
SHP,1
HPK,2
KPG,6
VFF,1
DWI,2
WIW,1
IWS,1
WSY,1
YFQ,3
FQA,3
ALP,3
MII,3
RIM,3
MNS,2
ELH,1
HDL,1
DRN,2
FLK,5
VEE,10
EVC,3
CEA,2
YIQ,1
NDT,3
IMA,3
QLG,2
DHM,1
HMS,1
ERR,7
RPS,3
PSY,4
YGE,4
GNQ,2
NQW,1
QWL,1
LVM,2
SLF,1
EEH,5
EHD,2
SML,2
LEC,1
CYQ,1
KGV,4
GVM,2
MYN,2
VFI,2
YAS,2
SIM,3
LNH,2
HAN,1
NET,3
MTK,4
QLL,3
EDI,2
DIA,5
LDW,1
WAT,2
TFD,2
FDD,6
IQC,3
QCR,1
TKS,5
KIA,4
AEM,3
EME,3
MEG,1
LRG,1
RGQ,4
QAM,4
AMI,1
MIA,2
LVY,2
VYR,5
YRT,3
TIF,2
SSM,4
SMC,1
MCH,1
CHA,1
EYE,3
ACK,1
EID,5
GLH,1
LHK,2
HKE,1
TEK,2
EKF,1
KND,1
WAQ,1
AQP,3
KVH,1
VHF,2
HFF,2
FFT,1
SLC,1
LCK,2
CKR,3
WLY,1
GKT,6
TYS,1
YSE,1
VTC,1
ICE,1
CEK,2
RQS,6
QSP,2
PFE,3
KYC,2
CDT,3
MQK,1
YCL,1
CLH,1
LHH,1
HHI,1
HIP,1
IPR,2
PRP,1
PGT,1
FEF,3
DGC,3
GCL,1
CLS,1
HID,2
IDW,3
WLW,1
LWR,1
REW,1
EWG,3
YEL,2
IEI,2
NGY,4
HAF,1
AFH,1
FHG,1
GRQ,1
VQI,4
WSA,1
VSK,4
SKD,1
FTM,1
LSY,2
YAK,1
NHL,1
HLG,1
NWK,1
WKN,1
EFV,4
LKH,2
KHN,1
PTT,2
TTH,1
DYW,2
SQM,1
MAI,2
AFL,2
ASK,7
PAM,2
AMK,1
MGR,1
IVN,3
RTT,1
TTE,1
RDS,4
DSM,1
APY,1
YIH,1
HES,1
ESY,1
WVK,3
SQC,1
CPE,2
IIY,1
ETV,3
QQE,4
PIH,1
HLS,2
MAS,3
FRM,2
RMD,1
MDE,2
EFM,1
FMA,1
AGL,5
IAM,2
MAH,1
AHD,1
VMD,2
MDA,1
VRQ,3
ACP,1
CPC,1
PCP,1
CPD,2
PDC,1
DCA,1
CAS,1
ERM,3
QAS,2
NSA,6
GLQ,2
RHF,1
HFA,1
TEL,3
QVD,2
RGM,4
GMN,1
AFM,1
FMN,1
NTR,3
TRD,3
QYN,1
YNQ,3
NQQ,1
QQR,2
MDI,6
QSG,3
REQ,3
EQG,3
QGA,4
EMT,2
TFR,2
IGR,3
MAG,3
DVG,2
SFQ,1
FQK,4
QKG,1
KGM,2
GMR,1
MRP,1
IIT,3
TKM,2
KMA,2
MAK,4
RDY,1
DYL,2
AMG,1
MGK,2
TEM,1
LQA,4
NIQ,3
IQK,2
QKF,4
QTF,1
FTT,1
ENR,2
NRV,2
IDK,3
IVQ,4
VQA,1
DTK,1
ASW,1
SWG,2
WGT,1
GTR,3
RRG,4
MEE,2
LID,4
KSK,3
SKV,4
KVP,1
VPG,3
QGQ,2
KKQ,1
QED,3
EDQ,3
QDK,2
KSM,1
SMK,1
MKE,2
DQT,4
QTT,2
INM,2
MFS,2
ERQ,2
AAW,2
VGM,3
GMG,1
MGS,2
TSR,3
GVY,2
YPH,1
PHA,2
HAI,1
IYD,2
DQS,2
QSK,3
QVF,2
RMF,1
PQR,1
AEP,4
PIN,1
NVP,1
VPS,2
SKM,1
KMY,1
YNI,1
PEM,4
EMD,3
DIK,2
IKK,3
YTE,3
TES,1
ESR,1
SRF,2
LMQ,1
MQL,3
QLM,2
LMP,1
MPE,1
DVY,1
PRQ,1
REN,2
TYY,1
YYH,1
YHG,1
HGG,1
KNW,1
YPG,2
PIE,2
ELM,3
LME,2
AQR,3
RKQ,4
ETF,3
EGG,3
DMD,2
PYD,1
PDQ,2
DDR,3
RYD,2
PDR,2
MSQ,1
SQR,1
RQD,3
KFP,1
PNQ,4
QVR,1
GET,6
TKQ,2
KQN,1
QVI,2
VNP,1
LFG,3
GKQ,1
KQQ,1
EAN,4
REM,3
GQE,5
RID,4
DML,2
EIF,5
QDS,2
DSQ,1
TKI,5
KIL,2
SHI,2
KTH,1
THS,1
HSR,2
GRH,1
RHA,2
VTH,1
SRI,1
FDH,3
VQD,3
QDQ,2
FRS,3
SNF,3
SIP,4
IPT,3
QTW,1
TWL,1
WLP,3
PGF,3
KVM,3
MTA,5
SWE,1
WED,3
DQE,1
VQG,3
QGI,2
DHT,2
TNI,2
TSW,1
RTI,2
TIV,2
IFR,2
FRN,3
GFY,3
YGW,1
GWQ,2
WQS,1
GNR,2
GFL,4
DPN,3
LPP,4
FQT,3
QGW,1
RQL,3
PKA,6
EKI,3
ITM,1
TMA,1
VDY,2
TPY,4
PYG,3
SDW,1
WIE,2
QTY,1
TYP,1
MRI,3
QMQ,1
MQG,1
VLF,2
FSQ,2
SQL,4
VQS,2
FIT,4
YVE,2
EDF,3
ALC,1
RPW,2
PWA,2
WAV,2
VRY,1
RGK,5
KPI,4
PII,1
AWY,1
WYR,2
KQM,1
RLM,2
LMI,3
RFF,1
KDE,2
LFK,2
FKM,2
KMT,2
QRW,1
RWN,1
RIF,2
IFE,2
PEF,3
LHS,2
HSL,1
YNE,1
SVR,3
VRN,2
TTY,1
YNH,1
NHT,1
EVH,1
HEK,1
KIY,3
VML,3
REV,5
KFS,1
FSE,2
SSL,5
FEW,1
EWM,1
WMH,1
MHS,2
TPR,1
PRH,3
RHT,2
HTH,1
THL,1
RLW,3
GPK,2
QGP,1
GPP,1
WAI,1
INC,1
NCR,1
CRC,1
RCR,1
SDK,3
KEQ,2
NAH,1
HYW,1
YWV,1
WVT,1
TDL,3
QRL,1
LCE,1
CET,1
QLN,1
LNM,2
NMT,1
TRG,4
RGV,4
VTR,1
RVI,1
NQC,1
QCE,2
CEL,1
VND,1
TNR,1
AIM,3
IMI,2
MSL,2
VDH,2
KQP,2
MTN,1
KTF,3
EMK,1
FYN,1
SHN,1
RRC,1
RCL,1
EAF,7
AFQ,1
YKT,1
KTR,4
KKK,1
KEE,5
EEK,5
EIT,4
RKM,1
WKD,2
PEV,4
SRK,2
RTQ,3
KGK,2
RST,3
EFG,2
LPS,4
SKH,1
KHI,1
HIR,1
RMQ,2
VKY,1
KYN,1
YNF,1
SLI,3
YTQ,1
NAW,1
AWE,1
TRM,1
MRG,3
QDP,1
ATM,3
TMT,1
MTE,4
KLD,2
DHW,1
HWK,1
KYM,1
YML,1
RSP,2
SKN,2
KNF,2
FTH,2
THQ,1
VRT,2
AYQ,2
YQQ,1
QPE,2
FRW,1
WDF,1
TYH,1
HAR,1
LWH,1
WHD,1
SYQ,2
SNM,1
AKF,1
SDM,2
LCV,2
CVR,1
TQG,3
QGE,2
GEY,1
EMR,2
EVY,1
YPM,2
PMF,2
MFD,4
QPH,1
PHC,1
HCV,1
GSC,1
CAF,1
AFP,4
FPR,2
PRY,1
HEQ,1
QSC,1
SCD,2
CDR,2
RFM,1
FMS,1
PIY,1
IYQ,2
YQC,1
QCK,1
CKF,1
YRP,4
PWM,1
WMD,1
MDR,1
EFW,1
EKQ,2
KNG,4
GCV,3
CVF,1
DSH,1
HRK,3
KQW,1
QWD,1
EYH,1
YHS,1
NPH,1
DNN,1
NYF,1
KIH,1
HRD,1
LIM,1
STQ,2
FKR,1
KRS,1
KKI,4
DRQ,2
AYK,2
ILD,3
EGC,2
CDA,1
APF,4
PFF,1
PFP,1
FPV,2
SPL,2
LYE,2
PTE,4
TED,3
FAM,2
EDV,5
FRD,1
RDR,2
RND,2
LMY,2
MYG,1
KIM,1
LFP,2
DDH,2
FVM,1
VMH,1
MHT,1
HTV,1
LTR,3
DDD,6
DLI,6
INY,2
FVH,1
HAT,1
TMH,1
TPK,1
QEC,1
ECK,1
CKI,1
DQL,1
DKT,2
ELD,4
GWV,2
QSS,1
LYG,3
SKA,6
RHS,1
TGM,1
NVG,2
MLI,1
RKH,1
KHG,1
EWA,1
ETG,2
TKE,5
AIT,3
MRA,2
EKW,1
KWK,1
WKR,3
REC,1
ECG,1
CGA,2
GTE,2
RRI,4
IIN,2
YVR,2
DLT,5
TIL,5
LAH,2
AHH,1
HHK,1
HKA,2
ADK,3
WPQ,1
VGH,1
GHR,3
INH,2
NHK,2
DKV,7
LNI,1
MLA,2
PMY,1
MYF,1
YFS,1
PKI,1
FRC,1
CFI,1
KPQ,1
QTN,1
NQS,1
QSI,4
AMF,1
FDG,3
VCG,1
CGD,1
PKV,2
KVF,2
PDW,2
DWS,2
WSF,1
SFH,1
FHV,1
HVF,1
DFT,2
RAP,2
RVS,5
KNC,1
NCI,1
CIG,1
TSI,3
QFS,2
HTG,1
YKF,1
KFG,1
GYC,1
YCV,1
CVK,1
KVK,3
DYD,1
MHN,1
HNN,1
SSH,1
PSG,1
FVC,1
VCR,1
CRN,1
VLW,1
LWP,2
THD,1
KRL,4
LWN,3
WND,1
REH,1
EHL,1
FKH,1
KHF,1
FSH,1
SHG,2
KPR,2
DCW,1
CWL,1
MDW,2
LQE,1
LSQ,3
FVR,3
RPA,1
MDP,2
YWF,1
FYF,1
QKE,1
FPD,2
QPT,1
TQQ,1
STK,2
FFQ,2
KLF,1
FDI,3
GWP,1
QHV,1
HVE,1
TTF,2
TFQ,1
QIS,1
SLH,1
LHW,1
HWQ,1
MDH,1
HVV,1
VSH,1
END,1
NDN,2
NHQ,2
HQF,2
EFH,1
FHP,1
FDM,3
LHE,3
HEN,2
ENA,2
VWI,1
LCT,1
CTG,2
QMP,1
PDH,4
AQC,1
CED,1
KMW,1
MWE,1
CTP,1
PYF,1
PPT,3
NHM,1
HMW,1
MWD,1
WIR,1
SYE,1
FNM,2
VHY,2
HYN,1
RMM,2
MMS,1
GIH,1
HDV,1
PPE,2
AHT,1
HTE,1
GVW,2
NLY,1
YVI,3
ANV,2
PVQ,3
DWT,3
HSP,1
SMR,1
EYY,1
MID,2
DIM,1
VNE,1
GGC,1
GCN,1
RTP,2
TFI,1
FIC,3
ICN,2
CNG,2
DVW,1
HER,1
ERS,2
ILH,1
DED,5
EDN,3
SSE,1
IED,2
PLM,1
LMT,3
ETH,1
RAQ,1
LLM,1
LML,1
LDQ,2
PVS,1
GPF,1
KYS,1
DTL,3
LFC,1
FCK,1
CKG,1
PHP,1
HPH,1
PHF,1
HFD,1
HRG,1
NKT,1
IDL,4
KKT,3
TIE,3
ETC,1
TCC,1
CCV,1
CVW,1
VWA,2
RRN,1
PEW,1
TLL,4
FKP,2
RMV,2
MVS,2
KYF,1
YFW,1
FWL,1
WLS,3
LYC,2
CRI,1
NYP,2
LIC,2
ICK,1
CKE,1
SRH,2
HDQ,1
TPF,2
NSV,3
GEM,2
EMS,3
FKK,2
KEF,1
FDQ,1
DQK,1
RQW,1
QWI,1
WIT,1
MDG,2
GYD,3
QRD,1
RFY,1
FYP,1
MFV,4
PFK,1
DFG,5
KFW,2
FWQ,1
WQA,1
AEC,2
ECR,1
CRA,1
AWI,2
IEE,4
VSE,2
NRE,1
FSI,2
SEM,2
MEN,1
DMY,3
MYL,2
ISC,2
SCE,2
CEF,2
FEE,2
TPG,2
WRA,1
KWF,1
WFD,1
RHL,2
TPH,1
PHL,1
PNK,1
NKN,1
GWC,2
WCL,1
CLP,1
WSK,1
KNM,1
NMQ,2
MQT,1
ISP,2
PES,3
YAP,2
VPM,1
RSF,1
VGQ,1
GQR,1
KMD,1
DSR,1
TVH,2
VHP,1
HPM,1
IIV,2
VFC,1
FCP,1
TLY,1
LYK,4
MVF,1
MMC,1
MCT,1
CTS,1
EMI,1
PKP,1
IMF,2
MFR,1
DRG,1
DYA,1
LYI,2
YIW,1
IWE,1
DIH,1
IHH,1
HHG,1
TET,3
QIV,2
AEW,2
EWL,3
WLN,1
NGH,1
GHM,1
HMP,1
ISH,2
GNH,3
HKN,1
YVW,1
LPN,1
PNY,1
YPN,1
PNM,1
NMR,1
MRC,1
PFM,2
FMG,1
TTV,2
VYH,1
PSL,3
SLP,4
LPE,4
GPM,1
PPV,5
VPK,1
QVS,3
PEP,2
SDN,1
PIT,1
NWY,1
WCD,1
RAH,1
RRQ,2
KTS,1
ELC,1
LCC,1
CCS,1
WTV,1
TVF,1
KGC,1
CVN,1
HSF,2
SFI,1
EIM,2
ANK,1
SMI,2
MIG,1
HRI,3
IFH,1
FHE,1
NSC,1
NIV,1
LPC,1
DEM,3
CAY,1
NQH,1
QHE,1
GEQ,1
VPE,2
MLF,1
ERW,1
EED,4
FGW,1
MTF,1
TFH,1
FHK,1
HKS,1
SEW,2
EEN,2
IPY,1
PYS,1
MYT,1
EQK,4
KFR,1
FRT,1
SYP,1
QLY,1
IAC,1
ACE,2
SPY,1
CLY,1
AHL,3
HLL,2
STM,2
TMQ,1
MQV,1
WQW,1
QWW,1
WWL,1
YGQ,1
FYI,2
MKA,2
GMK,1
MKT,1
KTE,3
MQH,1
QHQ,1
SLN,3
LNK,1
NFA,2
FAY,2
KTW,1
TWT,1
RLF,1
VHT,1
WIL,1
PTH,1
THV,1
HVA,1
TLC,1
DWR,2
RPT,2
LYA,2
FAI,2
HQS,1
TFK,1
KVC,1
VCA,1
LFM,1
FMQ,1
MQF,1
YRA,3
EFS,3
PSD,3
PRM,1
RPV,1
PVF,2
EPH,1
PHS,1
TKK,1
YKR,2
RVE,1
EDY,1
DYH,1
YHF,1
HFV,1
KNE,2
DFM,2
FML,3
VYG,2
PRF,1
VFT,1
EDP,1
IWA,1
AMR,3
AYY,2
YYG,1
DFQ,1
IYY,1
YYT,1
YTT,1
MQS,1
VLY,1
LEW,1
LNT,2
DDL,3
VWK,1
WKS,1
LQV,1
VKN,2
ICP,1
NTS,1
MLN,1
EQV,2
GHS,2
HSM,1
FYV,2
YVG,1
VGF,2
IYV,1
WVS,1
SER,1
TAW,2
WIP,1
PKE,1
HLQ,1
LQM,2
RAM,2
RYP,1
GIQ,1
NEY,1
HPG,1
YAW,1
WNL,2
QIG,1
PWV,1
WVA,1
AHM,1
IQY,1
QYA,1
TQL,2
PPL,1
EKN,1
PVN,1
TTT,2
TAT,3
KTT,3
MRF,1
VWD,1
WDT,1
FHQ,1
CNP,1
KHP,1
DQR,1
QKV,1
DFF,1
FSK,2
HNL,1
KFM,1
MLT,1
LTC,2
TCD,1
CDL,1
DIC,1
HRM,1
HYC,1
YCG,1
CGP,1
GPY,1
QKH,1
LLH,1
MEA,2
IAW,1
WAC,1
CSD,1
QAH,1
PGH,1
VFM,1
IFI,1
TTR,2
LWM,1
WMS,1
VFP,1
FPP,1
ERP,1
RPP,1
RFH,1
HHP,1
FFP,1
FPH,1
HTQ,1
DEC,1
CLQ,1
QNS,1
RED,4
NRQ,1
KGH,1
GHQ,1
KHS,1
HSQ,1
QNL,2
QNV,1
LMA,1
MAD,1
ENK,2
NKA,2
LAC,1
EFY,1
IGM,1
GMQ,1
MQR,1
MFQ,1
YRQ,1
RQY,2
QYT,1
GFP,1
VTP,2
PNR,1
GQP,1
QPK,1
TFF,1
LGH,1
GHP,1
PKH,1
KHY,1
HYA,1
ALY,1
QKD,1
NEQ,1
QTQ,1
KER,2
ATH,1
THF,1
HFI,1
DGH,1
FST,2
NEH,1
EHC,1
HCT,1
VAH,1
RSY,1
SYL,2
IMG,1
MGW,1
DEG,3
HDG,1
EET,2
FMD,1
MDL,1
YAI,1
LQK,2
QKM,1
PKY,1
MFL,1
IRW,1
RWA,1
KEM,1
EMM,1
MMK,1
PTK,1
KEV,1
DKK,1
DYF,2
YFA,1
GHY,1
HYV,2
SSQ,1
PTF,1
VRM,1
RMT,1
SWS,2
WSG,1
HFK,1
DLY,3
TDK,1
DKN,1
TYA,1
YAT,1
WLG,1
RYF,1
YFI,1
FIH,1
IHM,1
HMT,2
FLL,1
WCA,1
AQH,1
QHG,1
HGW,1
NMP,2
MPY,1
YGP,1
IMK,1
TTQ,1
WKH,1
YSD,1
QCY,1
CYT,1
YTR,1
RQI,1
MPP,1
KFV,1
VEW,1
NEM,2
ICD,1
MYM,1
YMP,1
WSE,1
FQC,1
QCL,1
CLF,1
LFE,1
SLM,1
PFY,1
VMG,1
DHK,1
VII,1
PFR,2
FVS,1
VSQ,1
YCN,2
CNM,1
NMY,1
MYS,1
SIW,1
IWN,3
WNM,1
RWI,1
ISW,1
WGR,1
LSI,1
IPC,1
PCD,1
VYF,1
YFP,1
SNW,1
NWD,1
VCS,1
CSA,1
KKN,1
PTV,2
QTK,1
ESM,1
MIW,1
NLT,1
ATW,1
RNV,1
KKM,1
RNK,1
VEC,1
ECW,1
CWR,1
WRD,1
CPA,1
GDY,1
EDW,1
YDK,1
SVH,1
VHV,1
QRE,1
SFE,1
TYL,1
YNV,1
MSE,1
EMA,2
IGH,1
QKT,2
NKS,1
FWK,1
WKW,1
YDA,1
DVH,2
HYQ,1
YQT,1
TVV,2
NHH,1
HHW,1
HWV,1
FPY,1
RVH,1
AWH,1
WHY,1
DPH,1
PHG,1
IKP,1
QHI,1
HII,1
DDY,1
NEE,1
PMD,1
EEW,1
MKY,1
VVM,1
VMK,1
MKM,1
MSR,1
IFP,1
SHV,1
ECE,1
CEG,1
GNC,1
NCN,1
QSD,1
IRM,1
DYT,1
YTH,1
THG,1
HGY,1
MRQ,1
PIL,1
PFS,1
ASC,1
SCR,2
CRV,1
QKC,1
SYW,1
YWK,1
DMM,1
MMN,1
IVC,1
VCH,1
CHG,1
VRC,1
CFG,1
YSH,1
HQY,1
WTL,1
MTI,1
GCP,1
FQY,1
PMR,1
HEM,1
APW,1
GKE,1
YSC,1
TEQ,1
GIW,1
NHI,1
RVP,1
GLC,1
CFD,1
DHL,1
QEP,1
EHQ,1
HQE,1
SEH,1
EHM,2
EHP,1
HPT,1
MAQ,1
QKN,1
QEV,1
APQ,1
PQC,1
QCA,1
CAE,1
KQD,1
IKM,1
AHI,1
FIN,1
MVM,1
AKY,1
KYY,1
PQF,1
NQK,1
QKR,1
QGY,1
AIW,1
HMD,1
PYY,1
YYR,1
KQF,1
DLW,1
ALH,1
MVR,1
DFY,1
FYA,1
