MK,461
KK,1840
KE,1565
ET,675
TE,805
EE,1191
EL,1629
LK,2420
KL,2388
LF,1277
FI,1533
IL,2944
LE,1713
EC,134
CL,301
LI,2821
IE,1758
EK,1415
KA,1377
AE,995
ED,711
DI,1581
EV,1020
VI,1763
ID,1630
DL,1435
LR,935
RG,505
GK,1259
KN,1732
NK,1666
LA,1722
AD,733
DY,637
YI,1009
II,3359
IF,1438
FA,918
AS,1171
SG,1213
GR,581
RS,623
ST,971
TK,1245
NV,841
VG,960
GA,944
AI,1735
IA,2125
EY,692
YV,505
VA,990
AL,1750
NN,1598
NA,950
AC,230
CI,306
IN,2022
NS,1204
SN,1282
NI,2327
EG,704
GL,1407
LG,1483
KS,1358
SE,966
EW,116
WV,93
VL,1422
DA,659
AG,1029
FY,577
YP,343
PE,603
VR,556
RE,592
EH,335
HF,310
FK,955
EI,1798
IW,189
WK,120
MS,466
SS,1399
SF,1035
FN,837
IK,2555
NH,325
HK,424
ND,827
LL,2763
FV,697
VP,560
PL,872
GG,1044
GS,1009
NE,885
IG,1738
GM,356
MN,368
NL,1996
LN,1751
LY,935
YH,224
HY,250
YK,907
KG,939
KW,141
WL,250
LM,531
MI,629
DC,153
CG,202
GF,823
DD,585
YL,1225
LP,1114
PG,407
GV,985
VD,754
DM,262
DS,815
KY,978
KD,1189
LV,1534
LT,1486
TH,279
HA,300
AH,304
HE,277
DH,269
HL,504
VQ,443
QY,325
LW,213
WN,117
SL,1965
KC,192
CP,108
PI,1011
IY,1092
YT,495
TT,851
TF,625
FT,802
TA,904
AN,946
NF,1002
FL,1353
KI,2739
IR,904
RL,965
YD,536
DF,701
AK,1481
IH,465
VK,1258
KP,660
SK,1560
EP,363
PF,416
FS,1030
EM,313
MV,307
HS,332
SA,990
AP,463
MQ,308
QA,517
IM,496
RT,452
TD,683
GN,827
LH,512
HT,273
TG,890
GD,652
DW,99
KF,1044
FD,713
DN,945
DP,430
KV,1342
DE,787
SY,773
YG,615
VC,159
CD,160
TN,980
VF,720
DV,720
RK,729
GC,172
PQ,275
QM,164
VV,985
VS,1010
AR,669
LD,1371
DT,609
TI,1524
MH,147
AA,1257
YR,401
RM,179
AQ,527
QE,659
ES,877
GY,617
YF,588
IS,2051
ER,626
RD,496
SR,626
RF,484
FR,377
RR,388
AT,807
CQ,76
QG,471
GE,745
SM,334
MA,317
SH,380
HP,210
PS,628
SI,1932
QD,488
TM,222
IP,1011
VE,865
VM,329
MT,325
VH,287
HV,238
GH,294
LQ,962
QK,806
KM,409
MY,180
YS,761
RP,283
PN,539
IC,359
PV,535
HG,313
HI,472
NG,790
GI,1598
EN,1001
SV,1067
AV,1006
DG,626
NY,817
SP,517
MR,260
IV,1648
LS,2182
NP,601
MP,261
PK,672
VN,899
IT,1748
IQ,660
KQ,870
QR,303
RA,554
SD,863
EQ,680
QV,484
KT,1221
TL,1457
NC,195
QI,962
FE,732
NR,522
FQ,285
QN,707
EA,1006
AF,687
FF,713
QQ,339
RV,557
DR,441
PA,488
PH,199
NM,315
CM,43
RN,522
SQ,504
YE,529
DK,1273
TQ,454
QF,367
QS,488
QL,751
FG,816
EF,773
NW,128
GT,820
WQ,130
CS,232
NT,914
YQ,349
NQ,508
YN,791
YY,482
RQ,329
RI,1019
PR,241
DQ,416
YC,136
MC,51
HM,76
ML,731
MM,148
WS,144
HN,440
CY,150
VT,982
TR,473
RW,70
FP,384
PP,279
PD,470
MF,276
QT,397
AM,387
ME,226
SW,149
WI,174
TS,1027
RY,366
HQ,172
KH,443
TV,822
QP,212
VY,472
GP,350
YM,181
PY,328
YA,599
YW,89
AW,104
TY,474
RC,94
CN,185
PT,472
LC,306
CV,168
KR,737
AY,559
FH,230
HD,283
CE,141
WE,71
WF,127
FW,121
WR,93
MG,283
MD,236
WC,26
CT,168
WM,36
QC,67
CK,217
WA,93
WG,97
GW,148
SC,224
WT,68
TP,590
CA,153
TC,126
CC,49
TW,80
GQ,462
FC,218
WY,102
PW,85
WD,103
CF,174
PC,91
FM,254
PM,163
HR,197
CR,96
RH,174
VW,99
WH,66
WP,51
QH,165
HC,65
HH,135
WW,31
CH,81
QW,47
HW,30
MW,30
CW,27
