MVK,89
VKH,104
KHL,165
HLQ,47
LQD,173
QDH,33
DHI,105
HIQ,53
IQF,104
QFL,150
FLE,179
LEQ,258
EQF,132
QFI,144
FIN,232
INN,272
NNV,191
NVN,168
VNA,197
NAL,281
ALT,317
LTA,309
TAK,236
AKM,69
KML,106
MLK,155
LKD,479
KDL,372
DLQ,132
LQN,152
QNE,104
NEY,133
EYE,113
YEI,118
EIS,241
ISL,390
SLE,244
EQS,137
QSN,116
SNV,198
NVL,261
VLG,316
LGM,113
GML,100
MLN,123
LNK,414
NKE,263
KEP,93
EPL,142
PLT,172
LTI,394
TIS,256
ISE,283
SEI,267
EIT,190
ITQ,137
TQR,48
QRQ,96
RQG,79
QGV,130
GVN,184
VNK,206
NKA,225
KAA,236
AAV,211
AVS,248
VSR,136
SRR,73
RRI,119
RIK,173
IKK,393
KKL,475
KLI,399
LID,408
MTE,103
TEN,139
ENI,303
NIK,308
IKT,260
KTE,163
TEQ,137
EQH,65
QHY,42
HYY,42
YYT,76
YTK,136
TKD,262
KDF,198
DFS,138
FSG,149
SGY,128
GYR,97
YRN,74
RNE,111
NEE,208
EED,195
EDN,134
DNF,102
NFV,112
FVA,164
VAN,170
ANQ,132
NQE,110
QEL,197
ELT,261
LTV,273
TVT,243
VTI,274
TIT,257
ITL,338
TLN,289
LNE,394
EYR,81
YRK,104
RKL,191
LIE,438
IEI,260
EIK,360
IKA,321
KAV,235
AVK,265
VKD,293
KDK,395
DKE,294
KEE,371
EDT,162
DTY,83
TYR,59
YRG,72
RGK,125
GKY,146
KYF,124
YFA,81
FAE,112
AEE,219
EER,165
ERK,147
RKN,118
KNE,242
NEK,260
EKL,494
KLE,308
LEK,441
EKE,338
KEN,267
IKL,307
KLK,434
LKN,375
KNK,346
NKI,289
KIY,175
IYE,160
YEL,161
ELQ,193
DNE,150
EDE,213
DEE,210
EDK,216
KED,248
DEN,200
END,186
NDV,226
DVL,346
VLQ,143
MAL,148
ALN,323
LNI,408
NIR,106
IRK,178
RKI,161
KIA,337
IAA,325
AAQ,138
AQR,109
QRA,65
RAV,117
AVH,54
VHY,57
HYK,54
YKI,140
KIH,85
IHI,86
HIK,105
KKA,331
KAD,172
ADF,118
DFY,109
FYQ,77
YQI,98
QIN,172
NNR,100
NRN,105
RNQ,69
NQL,259
QLF,135
LFY,141
FYI,107
MRT,38
RTG,73
TGH,64
GHY,54
HYT,48
YTP,66
TPI,162
PIP,75
IPN,134
PNE,84
NEP,79
EPH,25
PHY,26
HYL,71
YLV,171
LVI,387
VIS,317
ISH,110
SHA,71
HAD,68
ADK,239
DKL,365
KLT,328
TAT,217
ATE,173
TEK,234
EKA,311
KAK,311
AKL,298
KLR,201
LRL,176
RLL,252
LLI,609
LII,552
IIK,331
IKQ,286
KQK,176
QKL,244
KLD,260
LDI,290
DIS,250
SLA,291
LAE,335
AES,143
ESV,189
SVV,214
VVS,231
VSS,213
SSP,86
SPI,132
PIA,147
IAS,310
ASE,199
SEH,86
EHV,96
HVI,91
VIE,311
IEQ,296
EQL,324
QLT,197
LTL,414
TLF,241
LFQ,99
FQH,40
QHE,38
HER,43
ERR,92
RRH,26
RHL,69
HLR,65
LRP,72
RPK,52
PKI,114
KIS,225
ISA,274
SAT,183
ATF,148
TFL,200
FLA,210
LAW,27
AWL,52
WLL,50
LIF,298
IFL,281
FLM,83
LMF,86
MFA,58
FAL,176
ALP,156
LPI,250
PIG,134
IGI,386
GIA,298
IAY,132
AYQ,97
YQF,88
QFS,85
FSD,127
SDW,29
DWF,15
WFQ,10
FQN,72
QNQ,83
NQY,107
QYV,80
YVS,145
VSA,202
SAW,28
AWI,24
WIE,37
IEY,149
EYL,171
YLT,188
LTQ,191
TQT,88
QTT,105
TTL,285
TLL,444
LLN,445
LNH,160
NHD,76
HDI,126
DIL,364
ILQ,168
LQH,95
QHI,87
HIL,131
ILF,316
LFG,308
FGD,131
GDY,109
DYG,90
YGV,139
GVL,296
VLS,357
LSL,432
SLG,241
LGT,203
GTY,111
TYS,98
YSL,135
SLV,271
LVW,28
VWA,25
WAL,23
LPV,177
PVV,159
VVI,354
VIL,434
ILI,525
LIS,451
SLS,386
LST,295
STA,154
TAI,305
AII,475
IID,381
IDQ,207
DQT,93
QTG,102
TGL,233
GLK,284
LKS,399
KSW,31
SWM,8
WMI,20
MIW,16
IWA,17
WAI,26
AIE,341
IEP,146
EPS,84
PSM,42
SML,121
MLW,10
LWI,36
WIG,39
IGL,470
GLQ,127
LQG,139
QGN,79
GND,122
NDI,300
DIV,326
IVP,165
VPL,162
PLL,253
LLE,411
LEG,195
EGF,151
GFG,186
FGC,16
GCN,16
CNA,11
NAA,196
AAA,244
AAI,334
AIS,321
ISQ,182
SQA,112
QAA,152
AAH,58
AHQ,62
HQC,6
QCH,8
CHT,9
HTC,5
TCT,22
CTK,17
TKT,174
KTQ,98
TQC,11
QCM,5
CMS,12
MSL,123
SLI,467
ISF,210
SFG,139
FGS,154
GSS,188
SSC,16
SCS,25
CSY,14
SYQ,88
QIG,119
IGA,354
GAT,250
ATL,283
TLS,307
LSI,380
SIF,217
IFS,222
FSV,124
SVA,193
VAG,238
AGK,197
GKS,291
SWL,44
WLF,38
LFM,74
FMP,34
MPY,25
PYL,108
YLI,246
LIL,537
ILV,365
LVL,395
VLL,426
LLG,445
LGG,322
GGI,316
GIL,337
ILH,88
LHK,82
HKG,71
KGY,193
MSY,54
SYK,104
YKK,211
KKF,159
KFG,138
FGY,111
GYS,127
YSY,84
SYR,78
YRD,80
RDY,85
DYQ,82
YQR,63
QRL,167
RLV,180
LVD,290
VDK,252
KLQ,209
LQV,100
QVH,27
VHD,57
HDK,76
KEI,470
EID,256
IDL,315
DLA,248
LAS,308
ASS,221
SSL,287
SLQ,127
LQQ,228
QQT,106
QTM,42
TML,90
LKT,238
KTD,134
TDI,194
DIP,196
IPQ,82
PQF,52
QFD,101
FDS,127
DSI,242
SIQ,157
IQI,126
IGV,349
GVI,336
ISV,275
VAA,241
AQK,182
QKV,130
KVS,208
VSG,238
SGD,113
DYF,122
YFN,128
FNL,160
NLI,266
IDH,118
DHN,33
HND,50
NDG,122
DGT,207
GTM,66
TMS,73
MSF,87
SFA,129
FAV,163
AVA,247
VAD,176
ADV,182
DVI,324
VIG,409
IGK,265
GKG,219
KGI,338
GIP,200
IPA,128
PAA,105
AAL,337
ALA,400
LAM,116
AMS,90
MSM,38
SMI,125
MIK,140
IKF,131
FGM,68
GMD,58
MDS,43
DSY,90
SYG,107
YGH,60
GHS,77
HSQ,36
SQL,205
QLP,124
LPS,157
PSD,92
SDG,127
DGL,228
LKR,261
KRL,289
RLN,188
LNR,157
NRV,97
RVV,122
VVE,246
VEK,322
EKN,171
KNI,329
NIN,250
INQ,242
NQN,125
QNM,42
NMF,51
MFV,69
FVT,186
VTM,61
TMF,45
MFY,36
FYG,91
YGL,186
GLY,143
LYE,161
YEE,143
EEM,118
EMN,80
MNH,46
NHL,125
HLL,176
LLY,207
LYC,21
YCS,20
CSS,19
SSA,154
SAG,163
AGH,64
GHE,68
HEP,31
EPG,91
PGY,63
GYI,204
YIY,88
IYR,91
YRA,64
RAE,83
AEK,270
EEF,135
EFE,176
FEE,174
EEI,377
SVR,95
VRG,95
RGR,71
GRV,142
RVL,168
LGI,456
GIS,285
ISS,289
SSQ,113
SQT,104
QTR,56
TRY,58
RYQ,53
YQQ,94
QQQ,167
QQE,97
QEI,168
EIP,129
IPI,200
PIY,86
IYL,197
YLD,148
LDD,254
DDL,272
DLI,348
III,509
IIL,544
ILT,391
LTD,258
TDG,117
DGV,192
GVT,230
VTE,213
TEA,199
EAR,126
ARN,87
RNS,68
NSE,151
SEG,134
EGT,141
GTF,163
TFI,229
FID,246
IDK,357
DKQ,190
KLL,454
LEY,130
EYI,150
YIK,195
KKH,127
KHK,110
HKH,32
KHM,39
HMH,19
MHP,21
HPQ,29
PQD,59
QDI,176
IVQ,153
VQI,116
QII,244
IIY,184
YEA,148
EAI,368
AIL,432
ILK,410
LKL,398
QNP,53
NPN,137
PNK,103
NKK,316
KKD,264
KDD,243
DDM,83
DMT,72
MTI,128
TIL,344
IKR,237
KRV,176
MKK,185
KKN,205
KND,218
NDQ,106
DQQ,84
QQL,240
QLS,216
LSV,299
SVP,97
PLP,87
LPY,110
PYD,56
YDR,55
DRQ,54
RQL,153
QLH,68
LHM,29
HMP,15
MPN,50
PNI,132
IRQ,115
RQM,40
QML,85
MLL,184
LLQ,293
LQM,49
QMW,5
MWQ,8
WQN,19
QNI,220
NIQ,149
IQM,44
QMF,25
MFI,93
FIV,256
VQA,139
QAL,271
PIF,109
IFI,321
FIT,208
ITI,326
TIC,36
ICL,61
CLI,52
LIV,412
IVS,336
VSI,268
SIL,394
ILS,409
SLT,231
LTP,176
PIL,236
ILN,388
LNV,292
LSQ,274
SQI,160
QIF,82
IFT,179
FTP,79
SLL,461
SSE,168
SEL,308
ELS,291
LSP,151
SPG,66
PGI,123
LFS,251
FSM,51
MIR,71
RKD,108
KDG,309
DGM,53
LLF,340
LFN,212
NLH,55
LHQ,82
HQG,29
QGA,116
GAL,327
ALL,509
QGM,43
GMT,127
MTA,100
ATQ,136
TQL,170
QLL,347
LLL,627
LLV,393
LVF,180
VFF,111
FFS,124
FSS,162
SST,166
STF,132
TFT,139
FTA,128
TAC,28
ACS,25
CSV,26
SVT,184
TMT,75
MTM,44
LLK,515
LKH,143
HLG,80
GGQ,152
GQS,109
QSA,127
SAL,292
ALK,410
LIG,491
GKQ,121
KQM,68
QMV,51
MVT,66
VTS,236
TSL,285
GVG,261
VGI,300
GII,420
IIV,366
IVK,282
VKI,214
KIV,272
IVM,118
VML,118
MLI,155
MPI,66
PII,222
IIG,520
GVV,257
VVN,209
VNE,265
NEL,330
ELN,318
LNT,197
NTI,223
ITS,245
TSI,250
SIV,322
VKA,273
KAM,107
AMT,97
MTL,137
TLY,154
LYQ,168
YQV,83
QVT,120
VTV,260
TVK,265
VKF,113
KFF,72
FFK,142
FKS,174
KSS,213
SSY,107
SYD,112
YDC,10
DCF,9
CFT,15
FTN,120
TNS,136
NSL,182
SLN,286
LNF,158
NFM,35
FMI,68
MIQ,76
IQS,165
QSL,242
LFL,320
FLN,210
LNQ,285
QLI,282
IVI,407
LHC,5
HCL,15
CLK,35
KSK,297
SKY,154
KYL,234
YLM,57
LMK,124
MKH,48
VSV,222
SVK,206
VKW,25
KWF,38
MML,75
LKI,274
KII,351
ILY,202
LYA,130
YAY,85
AYT,103
YTQ,58
TQS,126
QSV,140
SVF,140
VFS,144
SGR,89
GRR,85
RIE,182
IEK,434
LLH,140
LHD,95
HDS,61
SIR,142
IRM,50
RMM,35
MMW,10
MWL,20
WLA,48
LAQ,237
AQN,133
NQT,128
QTP,68
TPS,120
PSY,86
YKT,114
KTI,311
TIN,247
INR,148
NRF,98
RFR,49
FRV,66
RVN,97
VNP,127
PNT,108
NTD,118
TDA,175
DAL,388
ALI,476
IES,269
ESL,318
SLF,247
LFI,410
FIQ,124
QFH,30
FHS,44
SQC,11
QCL,23
LKQ,366
KQN,176
QNL,171
IDN,250
DNN,144
NNS,142
NSI,218
IDG,260
GTK,146
TKV,203
KVE,268
VEA,293
EAN,123
ANA,197
NAN,163
ANR,84
NRY,78
RYT,74
YTF,100
TFV,157
FVW,22
VWK,23
WKK,43
KKS,223
KSI,355
IQN,170
QNH,57
NHE,72
HES,55
ESK,252
SKL,303
KLN,347
NEN,174
ENS,126
NSK,185
SKA,209
KAL,452
ALY,171
LYR,112
RDL,154
DLV,250
LVE,304
VEE,266
EEK,291
EKI,333
IIP,222
IPE,172
PEI,158
IKE,406
EDG,178
DGD,145
GDS,164
DSD,528
SDL,281
DLT,249
TIE,282
IEE,357
IGS,305
GSH,67
SHL,129
HLD,115
LDK,356
EIE,380
IED,296
EDL,310
DLN,269
NHS,75
HSI,91
SIE,282
IEN,359
ENE,267
NED,193
EDC,23
DCA,18
CAQ,9
AQI,151
QIR,95
RKQ,92
KQT,166
TRK,90
RKK,180
KKR,149
KRT,133
RTE,57
TEI,216
KFK,191
FKK,243
KKK,266
KFD,148
FDD,154
DDY,160
DYS,93
YSE,127
SER,128
NKY,151
KYE,154
EEQ,183
EQK,137
QKS,94
KDR,129
DRN,71
NSF,100
SFS,154
FSK,186
SKT,202
TDH,54
DHD,47
HDA,74
DAT,171
TFM,45
FMR,19
MRM,21
RMK,58
MKE,115
EDH,51
DHM,19
HMK,29
MKN,115
KNG,237
NGQ,133
GQL,150
QLK,257
LKP,172
KPG,141
GYN,106
YNL,137
NLQ,115
LQI,149
QIA,176
IAT,326
ATN,180
NSQ,86
SQF,109
QFV,112
FVL,203
LSY,184
YDL,202
DLF,175
NPT,129
PTD,75
TDT,136
DTR,62
TRT,78
RTL,157
TLI,394
LIP,212
IPF,151
PFL,141
FLT,202
LTM,115
TMI,115
QNT,79
NTF,113
TFG,143
MYR,32
YRT,78
RTT,91
TLA,264
LAH,105
AHL,95
HLF,73
FLF,184
LFK,240
FKN,242
KNY,143
NYF,87
YFF,66
FSR,82
SRN,82
RNK,127
NKS,181
KSL,376
SVN,160
VNN,162
NNT,157
NTT,138
TTF,134
TFS,135
STT,186
TTA,223
TAS,178
SSS,232
SAS,231
SSF,136
SFF,111
FFI,200
INV,211
NVF,114
VFA,162
FAI,187
LTK,313
TKM,59
KMN,85
MNK,133
KAN,200
NAM,71
AMI,144
MII,164
IKS,323
SIT,233
ITD,236
TDW,21
DWI,37
WIN,35
INK,309
NKP,140
KPY,80
PQN,61
QND,123
NDH,60
DHS,53
HSL,88
LAK,355
AKS,225
KST,216
STD,149
TDP,68
DPK,136
KIL,319
ILP,220
PIN,99
ING,223
NGI,233
GIM,83
IMI,113
MIF,96
FST,146
STN,175
TNE,185
EDI,319
DII,332
ILL,586
LKA,354
AAP,75
API,122
PIT,136
ITT,250
AIA,401
IAK,384
KTL,317
TLP,197
LPF,141
PFK,91
FKA,167
ANS,115
LNS,231
SFN,160
FNI,183
NIT,198
LNL,332
NLS,214
LSF,211
SFL,232
NVT,233
SII,389
IIQ,177
IQQ,154
QQI,175
QIK,208
LEN,337
ENR,107
NRL,146
RLF,102
MVG,74
IIS,443
SHV,60
HVS,101
VSE,266
ELK,389
KNR,112
NRI,134
RIP,86
IPL,215
PLV,170
VLE,278
LEV,239
EVK,300
VKS,253
KSD,182
SDQ,89
DQY,92
QYQ,72
YQS,108
QSS,126
STR,77
TRF,58
RFK,105
FKR,123
MIL,174
LKK,444
KHT,64
HTG,53
TGY,100
YRY,68
RYS,58
YSA,90
SAH,71
AHT,58
HTI,69
GTS,158
TST,249
STI,269
TIH,92
IHA,79
HAI,119
IER,213
ERG,127
RGM,51
GMA,85
MAR,49
ARG,105
RGL,159
GLG,328
GTI,269
ILG,404
LGV,376
VLV,327
SVI,311
FSI,197
SIP,140
IPT,180
PTP,84
TPV,114
PVA,119
VAV,254
AVI,336
ILM,158
LMG,94
MGI,126
ALF,255
LFT,181
FTE,114
EAL,419
ALV,338
LVG,305
VGA,249
GAN,143
ANY,97
NYA,100
YAI,141
IAV,320
AVV,272
VVF,170
VFI,219
TIQ,157
IQV,115
QVI,180
LMN,125
MNG,61
NGL,204
GLA,308
ASQ,136
SQN,117
NLT,228
INI,273
NIA,227
IAF,215
AFP,65
FPR,27
PRV,58
RVI,174
VID,319
IDV,274
DVA,192
VAM,84
AMG,87
GIV,332
VIA,382
IAI,418
GLF,223
LFV,216
LGQ,139
GQR,85
QRT,66
RTA,108
ASA,209
LLP,256
LPN,181
PNV,125
NVM,66
VMA,87
MAE,98
AEV,189
EVV,239
VVR,111
VRK,146
RKE,150
KEA,364
EAT,176
LFH,60
FHY,23
YLF,155
FSE,136
SEN,158
ENQ,98
QYK,94
YKD,198
DDV,246
DVY,143
VYQ,83
YQK,77
QKN,82
KNT,162
NTA,161
TAM,89
AMN,62
MNL,106
VKL,286
LNN,297
NNM,57
NMT,67
MTQ,89
TQV,101
QVY,71
VYN,90
YNA,88
AAN,159
ANG,155
NGE,198
GEL,221
ELF,189
SDK,234
DKT,189
LIQ,237
QNY,87
NYY,90
YYP,56
YPS,60
PSL,137
LFA,227
ALE,310
LEE,377
SFM,52
FML,73
NRA,78
RAM,49
AMA,90
MAN,67
ANE,177
EDR,73
DRL,149
RLT,157
INE,332
NEQ,160
QLM,80
MGE,46
GEY,105
YLA,154
LAI,418
AIF,203
IFE,165
FEN,184
AKH,92
KHF,93
HFE,72
FEL,174
NTE,153
TEL,250
ELE,323
LEI,259
IKI,235
LPD,153
PDL,131
DLP,165
LPQ,115
PQY,39
QYN,74
YNY,84
NYI,170
YIQ,85
SAM,79
AMM,45
MMN,45
MNI,112
IQH,85
QHN,48
HNG,58
NGF,122
GFR,67
FRE,62
RER,100
ERD,102
RDK,120
DKN,218
MNQ,77
NQG,107
QGL,186
GLE,219
EVI,338
AMR,55
MRI,58
RIV,168
IVG,401
GAK,215
LEM,79
MNR,68
NRP,63
RPL,94
PLQ,74
LQR,119
QRY,58
RYY,57
YYR,53
RDM,44
DMR,33
MRA,45
RAG,101
AGL,325
GLH,76
LHN,65
HNP,31
NPP,47
PPM,20
PME,25
MED,64
EDA,204
DAA,151
AAY,120
YTN,89
TNI,171
MLG,111
LGH,91
GHH,38
HHL,82
HLY,52
LYN,138
YNE,112
ENK,232
KRA,140
RAI,153
NNK,253
KLP,175
SYT,113
YTI,138
SID,235
DLL,330
ELL,441
LLR,201
LRE,214
REK,146
EKM,112
KMS,81
MST,81
STG,182
TGN,140
GNL,168
LSD,332
SDE,190
DER,130
ERF,129
RFD,83
FDL,169
DLK,354
LKE,529
EII,343
IIN,350
INF,154
NFN,110
FNQ,131
NQI,196
GKI,269
HIE,115
ENV,247
NVY,91
VYI,133
YIE,204
IET,273
ETR,90
RKG,107
KGK,265
GKV,273
KVH,78
HYS,50
YSK,132
KTG,203
TGA,218
GAH,70
AHI,91
HIV,104
VPY,71
PYI,112
YID,179
MFS,43
FSC,12
SCN,13
CNL,19
NLR,102
LRN,156
RNG,95
GFV,201
FVF,101
VFC,15
FCG,16
CGL,35
FLI,290
LNG,281
GLN,239
NFA,73
IAN,272
ANM,52
NMI,82
MIA,140
AAS,186
ASF,135
SFD,137
FDK,181
DKV,338
KVI,396
EPF,82
PFS,91
SSG,174
SGT,185
IIT,322
ITP,134
TPC,4
PCA,6
CAI,29
AIG,314
IGF,224
GFK,182
FKY,103
KYY,109
YYK,83
LYK,161
IYC,25
YCV,10
CVN,22
VNS,142
FLL,277
PNN,109
MFG,70
GSV,195
MTT,98
TTE,176
TES,146
ESQ,106
NII,327
IIF,311
LTW,32
TWV,29
WVI,34
VII,350
ITM,78
MFF,40
FFF,68
FFL,132
FLV,176
LVN,265
VNM,54
NMA,61
MAS,81
ASI,284
SIG,281
IGN,177
GNK,152
NKN,253
KNV,240
NVH,60
VHV,78
ILR,156
LRI,136
RIN,120
MLF,109
LFP,93
FPL,80
PLN,96
NTC,9
TCP,12
CPP,5
PPP,8
PPI,39
PIK,118
KRD,115
RDI,157
DIE,311
ETE,163
KDI,443
DIM,86
IMA,102
MAM,43
MIE,157
SKK,304
KKE,364
KET,231
ETV,208
TVP,101
VPI,164
PIS,122
IST,243
STL,297
NTP,109
TPT,111
PTI,142
TID,250
IDI,333
DIT,251
TAL,310
LVV,334
VSN,192
VTT,220
TTR,77
TRS,78
RSA,79
SAV,206
VVG,275
VGP,111
GPL,112
PLI,241
LIN,345
INL,274
NLN,221
NKQ,155
QMI,79
MIN,113
INA,252
NAI,328
AIP,130
IPK,164
KIM,91
IMS,109
MSE,109
ELI,391
IIC,63
ICV,31
CVI,40
VIV,364
IVC,46
VCI,37
CII,45
IIA,459
ATP,128
TPP,61
SLH,74
GYL,183
YLP,120
LPE,213
PEY,81
YIV,153
IVA,385
ADA,166
DAG,122
AGY,133
GYG,140
YGS,107
GSE,133
SEQ,155
EQN,108
NYM,40
YMA,43
MAI,115
IDD,284
DDF,126
DFN,141
FNK,216
NKT,181
KTP,120
TPL,171
LIT,378
ITY,155
TYG,115
YGM,48
GMF,52
FIK,187
IKD,390
KTR,103
RKF,92
KSG,181
SGI,249
GIF,195
IFN,193
FNT,129
NTQ,74
TQN,99
QNW,17
NWK,37
WKY,12
KYD,201
YDE,163
DEL,427
NNE,204
NEF,121
EFI,151
FIC,33
ICP,16
CPN,28
NKR,136
KRI,211
RIG,136
KRY,130
RYA,64
AYR,72
RND,89
NDR,82
DRY,73
RYG,72
YGF,97
RDF,62
DFK,193
FKL,198
KLY,203
YEC,13
ECD,18
CDD,19
DDC,16
DCS,26
CSL,27
SLR,137
LRH,74
RHQ,38
CMK,5
MKP,63
KPN,109
PNS,71
SKS,268
KSN,206
SNK,224
KKI,333
IMK,92
NYN,106
YNW,14
NWE,23
WEY,10
EYF,90
YFK,140
FKV,170
KVQ,119
NQK,134
KLS,354
LSE,356
SEP,69
EPE,92
PET,149
ETK,206
TKN,172
NIY,161
IYS,150
YSQ,75
SQR,71
QRK,81
KID,249
DVE,213
VEP,97
EPA,68
PAF,68
AFG,163
FGF,113
GFM,61
FMK,44
MKA,92
KAI,373
LGF,266
GFT,149
FTR,67
TRM,29
RMS,39
MSV,96
RGI,153
GIN,218
NKV,287
KVK,341
VKR,175
KRE,122
REL,203
ELG,296
VLM,127
LMA,122
MND,83
NDM,66
DMD,59
MDN,49
DNS,106
EIQ,163
IQR,87
RKW,16
KWI,52
EKF,146
VIR,112
IRD,127
RDT,69
DTF,130
TFK,204
AKA,340
KAE,234
AEY,78
EYN,94
YND,107
DQH,49
QHS,47
QFP,40
FPY,44
PYK,76
YKN,173
NIE,285
IEW,32
EWL,56
WLI,55
LIK,433
KEG,242
EGY,143
YGK,120
GKL,271
LPK,234
PKA,115
KAY,177
AYG,111
YGG,126
GGE,141
GEG,164
EGA,164
ATI,271
EDM,74
DMV,74
MVI,102
LQS,181
QSF,128
FLG,238
LGE,241
ELD,268
LDG,204
DGA,132
ATA,216
ALS,321
IGW,47
GWH,14
WHV,7
VGQ,107
GQI,165
QIY,72
YEQ,107
KLW,27
LWS,31
WSQ,14
SQD,95
QDM,37
DML,96
MLE,107
QFA,77
AVE,214
VEI,221
EIN,251
NNG,163
NGA,187
VNR,125
SEA,191
EAE,212
AEM,62
EMG,69
MGS,63
GSP,76
SPT,98
PTR,46
TRG,72
RGG,92
GGR,107
GRP,71
RPS,60
PST,101
STH,59
THA,65
HAV,75
ADD,144
DDG,110
DGY,117
YIL,204
NGV,203
GVK,225
VKT,212
KTY,150
TYT,132
YTS,103
TSM,66
SMS,101
MSK,160
LTH,118
THI,104
HII,110
AYI,153
EEL,387
LES,292
SVG,196
VGF,158
GFF,109
VDR,119
RNL,120
NLP,127
LPG,152
PGV,116
GVE,198
EIA,304
IAD,279
ADN,136
DNW,21
NWD,21
WDV,19
GMR,39
RAT,78
ESH,69
SHD,71
HDL,101
LND,337
DVK,278
VKV,283
KVP,115
PLK,142
HLV,104
VET,196
EKS,180
KAP,96
APN,65
PNG,113
NGW,30
GWI,43
WIL,44
LHI,94
HIP,60
IPS,140
PSC,13
SCY,9
CYL,28
YLG,134
IAQ,209
AQA,191
AAR,128
RNY,53
YAV,110
AVN,183
VNF,109
AIQ,213
HSP,22
SPN,72
IEG,237
TIA,309
LPT,148
PTV,112
TVQ,123
VQQ,109
QQN,86
NLG,194
LGK,261
MSQ,92
QTE,109
TEY,96
EYQ,75
SGN,148
GNI,202
IKG,267
KGN,176
GNS,110
SEE,209
EET,217
ETS,152
STV,170
TVS,195
SNI,269
NIS,273
ISY,165
SYE,126
ENA,175
ANN,149
NSG,139
SGL,286
QNK,148
KQI,233
LQE,164
QEK,115
NKF,135
KFP,53
FPK,75
PKN,109
KNL,245
SYL,198
YLK,246
KSY,167
YTD,98
PKT,116
TGT,188
GTT,205
TTT,200
TTS,180
TSA,173
SAF,142
AFL,261
NKD,261
KDT,204
DTG,103
TGK,235
KVT,272
VTL,309
TLG,230
MTG,67
GTN,112
TNV,166
VHK,55
HKD,75
KDA,312
DAI,302
QTF,106
FGV,181
GVP,148
VPS,147
YQG,84
QGY,99
DVS,190
SET,159
ETL,343
TLK,336
DIG,193
GAD,167
DVN,178
VNI,191
NIG,201
LHS,85
HSV,51
VTD,201
TDK,196
DKD,257
KDP,96
DPH,36
TQD,87
QDF,91
DFI,206
IKN,364
KDY,173
DYD,118
YDI,168
DID,342
ITG,267
GRD,95
RDA,105
DAM,74
GMS,82
MSN,108
SND,191
DIK,334
IKH,142
KHI,127
IVV,328
VVY,116
YNP,65
NPA,78
PAP,42
APL,136
PLA,162
AIK,355
KDV,303
YAD,99
ADQ,100
DQE,82
QEE,119
EKY,262
YDG,113
DGH,66
GHI,101
IVR,145
VRF,82
RFV,101
FVS,179
VSD,209
DED,184
LDA,240
AGV,258
GVR,114
VRN,93
RNH,35
YET,110
ETA,165
TAG,215
AGE,144
GEK,217
IVL,444
VLK,298
EGH,79
GHA,85
HAM,32
MSG,88
LMS,132
MSR,70
SRT,116
RTQ,49
TQA,120
QAI,289
ILA,391
AEL,240
VKG,231
GYQ,97
YQD,108
QDE,113
ENN,187
KSV,226
TRH,34
RHR,34
HRL,80
RLH,51
HKV,62
TLR,137
LRA,138
RAN,77
ANW,17
NWI,39
WIQ,11
IQT,150
TTG,175
TGG,202
GGS,227
GSL,278
LSS,335
SQQ,108
LEA,253
IAE,267
AEG,130
EGL,269
QLV,218
EES,173
SQH,38
QHL,89
HLK,140
KKC,20
KCI,32
CIT,29
ITR,124
TRW,13
RWH,6
WHI,16
HIN,81
NLE,220
LET,237
ETT,185
GKK,257
KRK,165
EMK,112
MKL,123
KLV,261
LVK,313
FYK,133
YKS,112
SLD,196
LDC,30
DCQ,7
CQI,11
DKF,108
KFI,170
FII,329
IFD,158
FDE,200
DET,186
ETH,51
THK,50
HKY,38
YFQ,38
FQW,9
QWC,3
WCS,1
CSI,33
MYK,51
KIN,274
IIR,136
IRS,100
RSD,69
SDS,663
DSV,178
SVY,90
YNN,116
NNI,226
NIL,271
IND,310
DRD,78
RDS,58
FTK,157
TKE,289
EIL,355
LVP,166
VPF,105
KFE,155
FEV,140
EVQ,127
VQH,46
QHM,26
IYN,153
NDD,186
DDK,216
MSA,87
SAI,254
FLD,154
DAF,154
AFQ,73
FQI,68
QIS,122
ISP,137
SPK,111
PKD,125
DLR,139
LRM,50
MSD,114
DQM,38
QMS,44
MSI,117
IQY,104
QYL,142
YLN,217
NND,174
NDF,132
DFW,19
FWS,15
WSN,22
SNC,12
NCE,10
CEK,23
LKV,255
KVA,246
VAI,327
AID,271
DQF,100
FSN,156
SNY,120
NYS,111
YSI,165
SIS,304
SQV,107
QVS,114
NYH,57
YHF,56
HFT,44
FTV,126
TVL,287
LGD,189
GDR,76
RQK,78
QKP,56
KPL,152
PLM,81
LMY,66
MYL,65
NRG,72
GGD,119
GDG,131
DGG,110
IPG,139
YIM,47
MIY,65
STS,373
INS,213
NSM,46
SMK,58
MKS,93
LIA,435
IAH,121
AHE,64
HEV,74
EVN,179
VNH,91
NHN,70
HNM,19
NMR,28
MRY,38
YQY,63
QYI,115
IDW,42
DWD,18
WDG,19
IEL,355
AEN,172
ENY,127
NYV,104
YVE,126
VES,217
SLY,151
LYG,151
GKA,184
KAH,95
HIG,91
IGP,124
GPW,9
PWV,14
WVT,21
VTN,189
TNT,129
MIP,76
NAP,82
APP,38
PMH,17
HPW,12
PWC,2
WCR,5
CRS,14
RST,73
TTV,222
VPH,41
PHV,41
HVG,52
VGN,156
GNW,20
NWR,13
WRD,17
FKE,237
KER,219
ERE,136
REG,107
EGK,227
KYQ,123
QVE,129
VEV,233
VKE,332
MKQ,114
KQF,156
QFK,126
INT,210
NTS,122
TSQ,116
DFE,186
FEK,259
EKR,164
KIK,376
KEV,343
VIN,302
NDP,88
DPD,73
PDV,95
VKQ,205
EAH,91
AHR,53
HRA,44
LTN,227
TNA,193
MID,115
IDE,354
QEY,48
EYK,137
KDQ,131
QQK,113
QKH,48
KHY,71
HYD,61
GHK,58
HKF,38
KFA,105
FAD,103
ADC,13
DCP,16
PNF,60
FVK,167
KGH,77
GHV,102
HVP,50
VPE,131
PEL,201
ELY,137
LYV,122
YVD,136
VDN,172
KIR,138
IRY,67
RYL,143
YLQ,95
LQC,13
QCP,12
CPC,7
PCK,8
CKI,22
IKY,199
RFE,87
FEA,138
TSH,74
SHH,38
HHM,22
HMQ,16
MQR,40
QRD,62
DTL,253
LNA,248
NAK,238
DIY,159
IYM,52
YMN,39
NHR,47
HRD,46
RDR,62
RLD,120
LDV,231
MAA,88
AAD,137
DDI,315
DIC,24
ICT,35
CTA,28
AIT,284
ITN,243
TNG,149
GEQ,79
EQV,204
QVK,150
KGL,301
LYL,222
YLY,110
YGP,88
GPF,74
PFG,82
FGT,142
GTG,213
KSF,181
SFI,258
FIL,334
LGA,303
GAI,325
KKV,369
KVR,132
VRS,96
TII,375
PEF,80
FIR,92
IRT,121
LKG,312
KGG,154
GGF,175
FKD,256
DGS,149
GSF,144
SFE,151
EKK,187
KLH,82
LHR,43
HRV,45
RVR,69
VRE,127
REA,124
ANI,212
LML,159
MLD,98
GAE,118
EEV,282
EVT,227
VTP,152
TPW,13
WVR,9
VRD,114
RDE,121
DEV,286
LHY,55
HYR,31
YRM,25
RMV,39
MVH,20
VHE,48
HEL,113
ELP,178
PTF,64
TFF,97
SSN,167
SNF,115
NFD,129
FDY,100
LEH,111
EHH,46
HLA,103
MTR,72
TRD,73
RDG,114
DGE,153
GEE,150
EKT,188
KTK,202
TKA,197
ARI,117
RII,206
IIE,348
ERV,153
RVK,116
STP,96
TPY,86
PYF,72
YFL,136
FLS,228
LSG,347
SGE,147
GEN,130
ENF,118
NFR,50
FRN,65
YNM,40
MTP,59
PTY,60
YTT,97
TTN,176
TNR,77
RNF,68
FVR,77
VRI,129
ISR,159
SRY,74
RYV,77
YVN,118
NEI,353
EIV,294
IVE,281
ETI,300
TIP,132
IPD,105
PDS,70
DSE,171
SEF,141
EFD,152
DEF,149
EFR,63
FRH,42
RHH,27
HHR,25
HRG,49
RGA,93
ATS,192
TSY,120
SYH,55
YHP,44
HPK,58
PKM,48
KMM,55
AQD,106
QDQ,73
QTL,214
QFY,57
FYS,84
DDN,150
EAS,166
SAN,128
YTL,150
TLV,262
LVR,132
KVF,163
VFK,168
FKI,163
KIT,243
MFE,57
FEW,19
WLR,34
LRQ,145
RQN,77
QNG,100
GFL,223
KGV,239
GVD,212
VDY,133
DYN,92
NMP,37
MPT,40
PTQ,61
TQY,57
QYS,65
YSM,44
SME,49
MER,49
LFE,219
FEI,141
ITH,89
THS,56
HSD,73
GHT,87
HTS,65
ISK,371
TPK,144
PKV,113
VTG,232
KGQ,129
GQQ,85
QQY,88
QYF,70
YFV,126
FVN,127
KFL,139
EKQ,199
MEL,70
VLA,363
GFI,249
IAP,141
APV,108
PVT,88
TGV,195
GVA,258
VAT,245
FTI,156
IAM,127
AMD,64
MDE,82
DES,163
ESS,111
GRG,108
RGS,72
LGL,481
GLV,317
LVQ,143
VQF,73
FGG,228
GGV,226
VAS,218
ASP,82
SPL,113
VGV,204
KGE,230
GED,132
DNP,116
NPI,111
IPY,101
YII,174
TAV,162
NMK,68
MKV,87
FKT,162
KTN,161
MTS,90
NLD,215
LDF,174
YKG,109
VRQ,92
GLL,415
LLM,164
LMI,156
PAI,140
IGY,177
YLC,24
LCG,40
CGN,29
GNF,91
NFQ,42
FQF,61
QFG,102
FGL,246
LVA,279
ATG,226
GTL,248
HIY,60
IYV,137
YVF,89
FKG,170
KGP,70
GPS,89
PSR,52
SRS,92
RSK,112
LRT,131
RTV,111
TVI,275
ICN,24
NLA,170
LAF,208
AFA,156
AIC,46
ICM,14
CMM,2
TLT,296
AKT,186
VFG,171
IVT,320
VIP,174
PFY,62
YIF,121
IAG,314
AGP,55
PSS,95
VTF,154
FSL,176
SLP,159
APE,80
PEE,155
EEA,284
RGF,69
GFA,145
VGG,224
LAT,272
ATM,84
TMM,22
MMV,44
MVL,99
VLI,371
TIV,264
IVF,234
SKN,189
EQA,201
LHT,67
HTY,42
TYN,103
NDK,269
DKS,209
KSA,180
FLQ,82
QVA,113
VAK,254
KTA,188
AVD,184
VDS,167
DSF,99
SFK,176
KAS,202
ASD,174
TSS,187
LSR,184
RRF,70
RFQ,33
FQK,67
SAQ,92
AQG,137
QGI,156
GIY,153
LEL,286
AKQ,224
IRP,91
PDE,104
IEM,103
EMM,52
MMD,41
MDH,18
AQL,195
QLD,171
LDN,204
EEN,179
NVR,100
VRY,75
RYW,9
YWR,9
WRK,23
TEE,233
EFQ,57
NLF,165
FNH,72
NHI,116
DEM,70
EMV,78
VHA,56
HAN,60
NEA,210
RIA,158
AYE,141
EAD,168
ADM,56
MRK,66
RKP,62
PLY,97
LYS,144
SKR,151
RIY,94
IYQ,124
YQN,94
TLD,230
LDS,172
VFR,61
RNT,77
NTL,211
LRY,80
YTA,92
AIM,101
IMM,54
MMI,53
FIA,236
IAL,495
ALM,118
MFD,57
FDF,130
AYW,15
YWI,16
WIP,17
PLF,130
LFC,30
FCT,14
CTY,19
YNI,146
TRN,88
RNI,140
INY,133
NYT,110
YTC,17
TCN,17
CNR,8
NRE,98
ERY,108
YGT,105
GTR,69
FRY,31
YYF,78
YFR,51
FRC,8
RCV,10
CVS,20
VST,224
FSH,51
SHI,104
VFN,143
NTN,134
TCC,2
CCS,3
CSN,19
FNG,112
NGH,70
GHC,11
HCS,10
MFK,66
RQA,104
QAT,138
EKD,245
DVV,261
VVQ,113
RDV,115
ATK,194
KAW,32
AWF,18
WFN,29
NTY,91
TYL,165
IYA,147
YAA,110
AAT,170
ATT,230
TVN,187
ASY,118
SYN,92
NEH,71
RLQ,104
QEQ,74
EEG,181
EGN,113
FAN,121
ANF,95
NFI,145
FIY,120
IYG,172
YGE,100
YLS,217
LSA,292
AHY,46
HYV,38
YVK,134
VKP,162
KPE,125
PES,106
QHT,51
GTA,192
NEG,152
GLS,356
SRF,93
FED,149
FEG,129
EGV,190
GVY,88
VYL,153
YLE,181
EVD,184
DNK,213
EAV,278
VAY,102
AYY,70
YKE,185
KEQ,246
EQG,157
QGF,100
LRS,143
RSY,66
YEP,64
PEM,52
EMY,36
MYG,41
LDL,270
LAL,416
YKA,105
MLS,143
SRK,120
RKY,118
KYK,197
AIN,245
EST,185
YEV,121
EVE,257
VEN,213
NNN,152
LSK,427
NQF,110
QFN,115
FND,146
NDL,289
KKM,97
KMK,99
FPS,57
PSN,95
SNL,216
EYV,124
TDS,134
DSL,224
LTG,305
TNL,170
DEA,284
EAF,188
AFK,167
EGE,150
GEF,118
EFS,95
SRQ,76
QNV,129
GYA,130
ADL,213
YSP,54
SPA,67
PAS,95
DQN,69
NYR,75
YAN,94
ANT,135
TQE,96
QEF,47
IDF,201
DAV,246
VVL,348
SNG,148
NIV,262
ISI,393
LNP,144
NSP,80
SPD,60
PDG,69
DGK,260
GKR,124
NYK,145
VAE,211
NDA,162
LTE,345
ENL,245
NLK,306
KKY,251
YKH,48
FFG,130
FGN,82
NGK,273
HEM,37
EME,85
MEG,58
EEE,231
QKA,174
KEL,476
YAE,92
SFV,165
VKN,222
KNS,140
NSN,163
SNN,169
NNA,195
KLA,326
NMM,35
MMT,50
NGG,149
GGG,311
GGL,284
KVL,388
AQS,135
FSQ,68
DDE,213
DEI,319
KMY,50
MYN,38
FGK,167
GKN,148
KNW,24
WED,25
DAQ,113
KAG,203
AVG,240
VGE,184
DLS,285
VNG,210
VLN,287
ALD,285
LDE,372
DEG,126
EGQ,114
GQV,127
QVN,120
NES,164
SSM,71
SMV,65
MVR,47
REP,35
PEQ,78
EQM,64
MIS,123
SAK,170
AKE,349
ERQ,131
TIG,235
SSV,215
SVS,234
IMR,47
MRV,42
VRL,125
RLS,178
SIN,211
IVD,255
DQV,123
QVL,152
IGG,353
MMK,39
MKY,66
KYP,109
YPY,50
PYM,27
YML,51
ITK,295
DKR,109
KRF,117
RFN,99
FNA,119
NAT,192
ATD,164
TDD,152
DDR,68
DRI,160
GVH,82
VHG,59
HGY,51
YIG,161
GNA,154
QGH,47
GHQ,38
HQV,54
QVD,130
VDQ,144
DQI,161
QLW,25
LWK,25
WKS,23
TSF,126
YDV,155
LIH,120
IHT,73
HTA,67
TAA,178
LVH,92
VHN,54
HNN,54
SPQ,58
PQA,61
QAR,72
ARL,145
SDY,121
DYM,46
YMQ,22
MQV,40
NML,79
LLT,435
TKQ,154
KQL,368
QLA,203
AED,137
EDV,260
FIF,212
IFM,63
FMS,52
STM,60
TMA,81
MAV,100
AVY,101
VYG,114
GKE,223
VGK,234
VDT,170
DTQ,67
TPM,46
PMN,27
MNP,51
PTT,130
TNY,96
NYG,78
YGI,143
AEQ,161
ALQ,202
ISD,247
AIV,399
VRP,70
RPP,26
PMI,64
YGA,130
AHC,11
HCP,4
CPG,10
PGN,65
FQR,38
RLM,62
LMQ,66
MQL,61
RLP,80
NNQ,164
NQR,78
QRS,42
LYI,177
HLT,119
TAF,135
AFI,252
DQL,248
VYH,40
QDS,83
SFY,95
FYF,71
YFD,90
FDT,118
DTS,151
SVM,74
VMY,36
MYE,58
EIR,153
IRR,120
RRQ,62
RQS,84
QSH,46
SHR,57
HRK,45
RKT,90
KTV,225
INM,68
MPS,49
NKL,339
FRK,91
KLF,217
LIY,196
YSN,97
SNT,156
YEN,116
PGK,109
GKM,76
ADI,245
IMD,64
TTK,189
KYS,152
QDV,144
LQL,181
PNY,65
YIS,173
ISG,271
SGQ,117
QSI,205
SIA,304
VKK,298
EGC,22
GCK,16
IDS,232
NHK,74
GHL,89
PDI,104
DIW,24
IWY,15
WYQ,11
QYT,78
TKS,179
LFD,167
SEV,199
EVY,118
VYD,124
YDS,92
DST,154
STQ,96
LAA,314
AAK,259
AKK,307
GNQ,96
NQS,144
DEQ,167
EQT,118
QTK,107
TKG,170
KGR,128
GRF,83
FNR,81
NRH,36
RHW,5
HWS,5
WSS,18
SSK,236
SKG,213
GQG,110
GLW,33
LWM,11
WMS,12
VLR,140
RPN,44
NVA,159
VAF,176
AFS,143
SKF,153
KFN,152
ALG,349
GIR,127
QHF,59
HFS,69
KWP,12
WPN,5
PND,89
DIF,172
DNG,148
KVC,22
VCG,40
CGF,24
TEM,75
MVA,81
DGI,179
GIE,227
IEA,368
ICG,44
CGI,39
GIG,348
TQQ,93
QLE,254
ESI,246
IRH,58
IQL,206
LDR,126
RYN,60
YNQ,101
IRE,152
REE,122
EEY,131
EYT,69
ASN,149
NIW,33
IWN,37
WNR,23
NRT,75
GQA,111
DLD,204
LDY,150
EAG,231
GES,150
RLI,209
SAD,103
SEK,207
KQE,126
EFN,121
VTR,105
TRQ,66
RQY,55
FRT,45
RTD,65
KEF,171
EFK,178
FKP,107
KPV,154
PVM,42
VMH,31
MHL,37
KGD,216
GDA,127
AFN,127
NQQ,132
QLQ,134
YPQ,39
PQI,97
QIQ,104
IQK,175
KNM,73
KSE,201
YYD,94
YDK,179
KEK,385
RET,96
YAW,6
AWN,17
WNL,31
LQK,198
IMQ,55
MQS,48
QSY,82
SYP,50
STK,162
TKF,85
KFV,115
FVQ,84
VSP,98
SPS,78
MVD,67
VDG,198
DGN,130
GNG,132
NGR,106
GRL,145
RLK,217
SDT,133
DTN,127
NVI,242
EGG,105
GGK,214
MYI,46
YIN,168
MKD,113
GLT,323
TGI,230
TRA,92
RAL,199
GRC,13
RCK,19
CKP,16
KPT,121
TVY,99
YIP,94
PKG,132
KGT,191
TYD,127
ICK,23
TIY,136
YGN,96
GNT,128
LLD,347
NET,173
LRR,127
RRC,10
RCH,5
CHS,4
HSG,47
SGP,65
RFG,100
GFY,92
FYR,61
RGY,76
YNG,111
HSH,38
HIH,42
GKF,119
FDM,37
DMN,70
GVS,260
VSY,121
PYN,51
AMC,13
MCI,6
CIG,34
IGH,91
HAE,62
DIQ,150
TIK,305
NVV,221
SGH,72
IDA,286
DAC,29
ACG,72
KSC,16
CSF,15
IDY,190
YSG,98
GER,117
RFY,70
QVP,58
VPG,127
PGA,89
GAF,171
PKF,79
TTD,158
DCY,16
CYF,20
YFG,104
FGP,83
PSE,116
GSW,29
SWN,15
HAS,74
ASR,86
SRH,33
RHN,26
HNR,25
YYE,76
NIH,91
HIR,45
IRN,128
RNN,88
NIF,150
IQG,124
YAL,163
LKY,210
INC,14
CEG,9
KNA,227
DVM,78
VMT,91
GKD,215
DLG,227
LGS,219
GSQ,77
QAG,114
AGI,325
NMN,54
GNE,114
KGS,189
GSM,73
SKD,280
AIH,81
IHV,83
HVR,35
NVK,268
TFN,121
FNN,141
NST,114
SIH,71
IHL,140
HLE,100
LED,313
IDT,258
DTV,162
TVF,127
VFL,191
SPV,99
PVE,122
GIQ,111
TTI,244
NVD,222
VDE,265
MTK,160
ETD,127
TDN,119
KKT,216
TVA,206
TSD,173
SDN,132
NQP,103
QPE,79
NGY,149
TDL,218
DLE,256
EQE,135
ELR,195
REM,69
MKT,79
TGE,200
NDY,116
DYK,151
IRF,82
FVH,51
HKM,22
NQV,140
LPA,131
AIR,161
TDY,107
YKM,43
KMC,8
MCV,11
CVL,33
LDM,91
DMH,22
MHI,39
SIM,94
IME,71
IEC,25
ECF,11
CFI,22
FIH,64
HID,118
LSH,130
HDE,82
EFA,106
FAS,124
YKP,70
KPK,135
SKV,233
VIK,318
TIF,168
IFR,73
RVF,69
DSQ,87
KRS,117
RSI,127
EPD,57
PDF,71
DFV,124
FVE,152
EVL,336
VLP,187
ASK,209
IHH,46
HHI,60
QKE,139
ETN,127
AGG,216
GLI,451
AKY,166
KYV,155
YVT,118
KQG,173
QGE,102
KFY,84
IGD,214
GDD,106
AEI,211
YRF,62
FVD,134
NID,264
DHT,49
VEH,90
EHA,86
HAR,36
ARE,151
REN,112
NNL,178
ASC,22
FAK,170
HML,42
EDS,111
TTQ,119
TQH,32
HSK,74
TDV,150
SPE,115
PEK,128
IKV,274
VFE,155
AQP,60
QPG,60
PGE,72
NVW,13
VWN,26
WNN,20
NAG,118
AGT,169
HSA,51
ALC,29
LCE,37
CEL,21
LNY,196
GTV,238
TVD,180
VDC,17
CSK,9
EQY,99
SKQ,163
QFW,13
FWA,17
WAY,8
AYL,186
TGQ,98
NPD,139
PDR,38
DRF,82
RFI,142
IQA,168
QAV,163
AVP,105
PHM,16
HMS,24
FVI,223
IGE,217
DNV,183
KSR,95
SRV,95
RVA,135
SWV,25
WVP,6
EGR,99
GRK,121
RKS,105
DEP,133
EPI,105
LTY,169
ETG,189
GTD,148
NFG,96
FGA,153
FDN,127
DNL,197
EQR,113
QRG,67
RGV,94
YKQ,105
VLD,237
KKQ,201
SGV,219
GVW,26
VWL,36
WLV,43
TTY,107
TYE,107
YES,108
ESD,144
SDF,123
FIG,265
GAG,280
GGA,235
GAS,223
ASL,311
LPL,289
QKT,83
GIK,318
KQS,158
QSK,148
SKH,90
GFP,59
FPV,72
PVS,118
FLR,73
LRC,14
RCT,8
CTN,15
TNQ,140
QEV,142
IDR,172
DRH,53
HHA,33
HAK,85
AKV,234
KVY,162
GAP,98
PMS,44
PHL,53
LDT,193
RSL,140
PFA,76
FAG,129
AGF,177
GFS,151
FSP,85
FLK,226
TGS,185
SHM,23
HMD,24
MDL,84
KEM,128
EMS,83
TKY,118
LVS,300
VSQ,126
LSN,309
NDE,208
ERM,63
RMD,31
MDD,66
LRV,100
FFP,51
FPN,56
PNA,101
AKN,200
EDW,18
DWE,32
WEV,21
VIT,300
ITA,269
AGQ,131
QRV,125
RVQ,62
VQV,104
DTE,152
TED,185
DSK,190
LQF,91
GTE,143
TEV,143
SDD,178
AST,187
VDI,256
IMF,60
FDV,149
QRC,11
RCY,7
CYR,5
KGW,32
GWE,17
WEP,10
EPK,83
MVP,31
PSF,86
YRL,99
DHE,47
HED,58
DLY,168
LYH,77
YHK,47
HKI,84
VTK,238
NSD,149
GDK,197
DKM,80
KMD,55
FFN,98
FNF,94
NFL,141
ANL,198
NLV,177
FVV,201
VNV,204
NVS,195
VYK,131
KAF,191
FGQ,83
GQN,88
LLC,58
LCI,48
GIT,244
ESN,145
SNQ,110
QER,78
NNF,86
VFV,154
FIS,227
YSS,102
SSH,68
HVL,102
PFM,27
FMF,36
GPI,107
CVK,12
IKW,41
WPF,13
LLS,489
GVQ,90
GST,198
VVM,86
VMD,68
MDI,67
KNN,261
NNW,23
NWL,51
WLS,51
MAF,63
AFV,185
IAR,192
TET,142
TQM,34
MLV,114
LVM,85
EQD,123
QDK,130
NLL,299
VSL,293
QTS,100
TSR,103
SRI,146
IFV,213
VVV,253
PFI,159
SYF,102
FFH,20
FHD,42
HDG,61
GNM,51
NMH,18
MHA,25
PLS,160
IGQ,159
QIV,171
IVY,152
LIM,122
SKI,292
FPT,69
TFQ,58
FQL,92
LLA,431
LAP,145
IVW,31
WNF,20
NFS,117
LTF,201
FTL,162
LDH,78
DHW,7
HWL,15
LNM,83
MAQ,79
YMI,52
IRI,148
RLA,159
NIM,71
IML,137
IMV,69
MVY,43
IIH,94
IHF,82
HFF,35
FFD,83
NNP,106
GAA,182
APG,99
PGG,99
VNQ,183
VAL,311
MIT,110
YHI,60
HIF,69
FRI,52
RIF,86
IFF,140
KYR,96
YRS,56
RSN,76
MTH,48
THR,33
VVD,238
YDF,84
LTC,27
TCG,22
CGK,39
GKP,159
PGQ,48
EDF,132
FNY,106
YYQ,56
LMD,91
DLH,75
YLH,53
DIH,97
HHP,29
HPE,94
FPP,24
PPH,26
PHN,23
HNI,93
TSG,190
GRE,84
KVG,207
KAQ,186
QPN,60
VHF,47
HFI,80
RYD,60
GTP,118
PLD,80
ERS,95
GVC,41
VCT,39
CTD,12
VLH,92
SAY,97
AYN,112
LGY,198
GYK,169
VPA,123
PAE,66
QKG,127
HEW,13
EWA,24
AHF,59
HFK,102
VEQ,175
FAQ,75
IQE,124
QEA,134
LME,88
MEQ,49
SNP,110
LVT,293
DKA,245
KAT,203
DTI,231
ILE,329
ETY,122
TYP,52
YPN,73
PNH,51
NHQ,64
GHG,70
HGH,34
GHD,63
TSK,215
TVW,19
VWI,32
WIV,38
VDP,92
DPI,88
PID,124
VHQ,52
HQQ,44
QEN,84
IYI,162
PYA,52
YAG,105
FVY,82
MAD,64
VLY,168
YHA,51
GAY,118
SQP,56
QPL,106
NDS,151
DSN,166
INP,150
PNW,18
WLT,35
TKP,94
KPI,168
GEI,243
EIF,146
IFK,215
IVN,246
VND,189
DSR,76
SAR,71
ARA,127
RAY,61
GSA,167
SAA,170
EAY,166
AYM,42
YMT,49
TPR,45
PRL,74
LQP,77
QPW,6
PWD,11
WDF,14
DFA,106
QAS,120
GEP,105
GPN,81
GNR,74
HQE,45
ISN,265
DYL,213
LEP,117
PHH,22
HHD,31
LHE,83
HEQ,46
QRF,78
AVM,101
TGC,22
GCG,54
KSQ,120
SQE,87
TLE,260
DKK,293
LAD,274
QKD,113
KPS,128
PSK,102
SKE,325
KDE,268
SSD,152
KDN,247
DNH,79
HKK,66
KKP,121
PTS,95
DQK,75
AND,164
DKH,89
KHQ,86
RIL,218
YFI,154
FIE,208
KTS,173
SHK,57
HKL,109
IRC,10
RCF,11
CFL,22
LIC,62
ICY,29
CYI,27
QLY,95
MRL,66
DAR,70
EVR,119
QRI,147
NAF,118
AFY,109
FYM,26
KEY,156
EYC,12
YCR,7
CRL,23
MAK,131
KNQ,120
NQD,97
NEV,219
GKT,302
KTT,201
TLM,99
MKI,132
QQD,93
DSG,136
DNR,77
RPM,22
PMT,42
VGS,183
ETP,102
TPA,95
PAT,97
ATY,105
YNH,51
HLS,138
QDN,94
VCL,30
CLN,32
SVD,185
VDF,148
NSV,125
SVL,271
VNL,180
GMK,61
KQR,110
RLG,153
GLD,249
LDP,105
DPY,58
PYG,57
QGT,86
ADH,42
IHE,85
HEG,60
QQR,99
QRN,58
SCK,13
CKL,27
LKF,126
KFS,90
KQA,217
FVP,95
INW,39
NWY,16
WYL,23
NLW,31
LWN,29
WNG,18
GRQ,69
RQI,115
NFE,124
GHF,56
HFN,74
LNW,42
WLN,52
NAS,178
ASM,71
FTY,73
ICI,46
CIL,40
LLW,41
LWH,12
WHS,5
HDM,29
DMK,70
LFF,173
FNV,144
VYF,97
GDH,44
HSW,8
SWF,27
WFY,14
FYL,106
TYA,94
YAT,115
ATR,91
YVY,77
VYM,32
YMF,22
EGS,120
GSI,263
IPV,234
AIY,151
LAV,265
AVL,298
KGF,155
GFN,128
NKW,30
KWS,30
WSG,20
GRT,119
RTI,127
TPN,112
PNL,109
YNK,129
TLQ,159
PVI,226
EMQ,50
MQQ,52
PYP,27
YPF,55
PFF,63
FFV,111
IKM,86
KMP,36
MPE,41
SNR,88
NRS,80
KYT,120
TFD,153
SYS,121
GDT,167
IWS,29
WSV,21
KRC,14
RCI,12
CID,21
PSV,109
TND,171
VDD,215
DDT,130
DTT,186
TSV,162
MTN,94
TNP,92
RTK,116
TKR,119
RCG,11
CGG,26
GDV,205
VLC,47
GID,263
NHF,63
HFQ,46
ENH,62
NHC,7
HCQ,8
CQL,16
KTF,136
FFE,91
FEY,75
KTH,72
THD,78
HDY,43
DYA,122
KIC,24
CIS,34
MKR,84
REV,116
QQF,107
NAD,152
KRR,111
TQF,75
FHI,40
KVN,239
SEM,81
EML,120
VSK,249
SKP,103
KPA,113
SIK,260
AKD,269
SHN,44
HNE,61
VNY,112
TQK,94
SYI,188
YIH,65
IHD,86
ELH,81
HEK,52
VFD,137
DDD,150
EMA,77
IEF,141
EFL,145
PIR,63
QTA,126
NMV,58
MVN,80
AQH,69
YER,81
WIA,37
AEH,73
HHN,35
HNA,54
HTL,104
EHT,53
HTK,57
TKH,91
IRV,113
RVG,124
GSG,271
SGG,262
MLP,67
NHA,75
HAP,41
MAT,82
PNR,47
RVD,86
VDL,242
LGR,150
GRA,89
RAP,25
PGT,90
TDM,50
DMM,35
ALR,162
RRD,59
RDQ,46
QHD,49
YKF,76
FPE,91
EVS,171
GPA,68
PAH,32
QQA,173
QAY,76
AYV,117
YVR,57
VRA,106
AYP,49
YPA,36
PAV,91
NVP,130
DSA,125
ARK,136
GLP,181
PYV,62
HFA,75
FAP,74
APQ,60
PQQ,51
QQM,45
QMK,67
EIY,159
IYK,142
FEP,83
SDV,192
EPY,64
YVI,128
EAQ,165
AQY,70
SMA,65
AQV,125
QVM,51
VMV,72
MVS,57
GRM,42
RMQ,29
MQP,22
QPV,60
PVQ,68
VQP,75
QPP,34
PPT,46
PTH,41
THE,68
PRE,75
REY,56
EYA,108
YAM,37
AME,79
QKI,180
ENT,139
NTV,163
KIQ,101
IQD,136
DFM,39
FME,40
MET,60
GEV,219
EIM,91
IYD,163
KDM,110
DMQ,41
YRR,56
EGI,224
DSS,131
SSI,264
VQE,94
EKV,379
EAP,95
APM,27
PMP,30
MPK,76
PKE,144
TAQ,110
DYV,203
YVL,165
ADT,125
EEH,69
EHY,52
HYE,49
YEK,135
FMN,56
MNA,96
NAR,84
MQN,46
KNF,99
KQW,28
QWL,43
FDI,179
NHP,49
HPL,69
EVA,225
PVG,116
VGL,304
YVV,119
VVP,141
VPM,47
PMM,22
MVE,87
EEP,55
VVA,294
ERI,227
RIM,54
MIG,141
FDG,106
QIH,48
IHK,86
ADE,177
PSI,139
KAR,139
GGY,131
TFP,55
EQQ,154
SLK,308
DTK,149
MGA,90
EFP,40
FPQ,26
PQS,79
QSD,109
SDI,268
SNH,63
HAT,48
ASV,187
VVK,260
VQG,95
LAR,169
RGE,122
ERT,89
AKR,183
KRM,85
RME,42
ERA,134
RAS,92
IHR,58
RAA,106
ATH,65
THN,40
HNK,63
NKG,183
GVM,82
VMN,66
GIH,96
NDT,147
AEA,218
AHA,89
HAY,43
AYA,126
YAS,126
SRD,75
DGQ,110
GQY,82
QYR,60
ATW,40
TWR,12
WRY,16
YDQ,80
DQD,85
QDR,47
RQR,85
IGT,270
IEV,263
EVP,139
GGT,200
NVE,215
ESA,121
AQE,114
HVV,76
QNF,54
FAA,116
AAC,38
ACR,16
CRA,8
QQG,85
GHM,25
LQY,91
AKG,222
GDE,135
EPR,41
PRA,38
AAE,192
EHI,97
MFL,72
WNE,14
RRN,78
VLT,332
YLL,280
LAN,240
DKW,27
KWQ,33
WQA,17
QAD,81
DAN,130
QTV,143
QQS,120
HQK,47
HKA,59
KIG,203
SQS,159
DEK,232
KYN,157
VIF,220
AKI,221
NPR,42
TGD,159
DKI,324
NAV,192
TNW,11
WKD,36
KPQ,73
ATV,207
FLY,92
YVM,40
FGI,234
ANV,184
FLP,115
PDA,91
VPV,137
PVK,120
MIV,107
TIR,128
IDP,134
DPL,84
FYV,69
DVH,65
IFP,97
TDF,90
DFT,132
FTS,125
YQP,61
QPM,24
PMG,32
MGL,111
ANH,60
NHV,93
DRR,61
QYD,84
DQS,98
NGD,155
GDF,133
DFL,149
QGS,79
SPF,94
PFC,8
FCN,16
CNY,16
NYL,186
AHS,44
SGS,240
FYN,116
YNR,62
NRM,48
RMA,48
AFD,146
DFG,111
LGN,177
GNH,64
HEF,43
RRL,128
NYP,62
YPV,89
PVL,162
LCA,26
CAN,11
VKY,138
FQV,40
QVG,120
VGD,187
GDQ,82
TVG,183
LTT,280
FIP,145
IPH,64
PHW,4
HWE,10
WEQ,12
EQP,74
PEH,57
TFH,46
AFE,127
KRH,57
RHA,44
VVC,37
VCY,16
CYH,7
YHG,51
HGG,93
GFE,146
ESG,173
PTE,77
AML,126
HQH,38
QHR,51
HRQ,32
AER,142
FKQ,142
VIQ,138
IQP,97
RGT,67
VGR,126
TDE,216
DEY,120
SVE,192
ESC,12
SCE,15
DDS,134
EDD,171
DDQ,90
LRK,234
DWL,49
WLD,35
DYE,115
YDM,37
INH,119
HAF,40
ARV,90
VAP,124
APH,36
PHP,22
HPF,53
PFT,92
TNF,89
MNY,75
SDA,157
DAD,159
VAC,34
ACT,19
ASG,212
SGF,140
KQV,169
QVV,127
VVT,238
TMR,34
MRD,47
NNY,116
PFP,31
SGA,210
SAE,114
PKP,63
PQH,32
NYD,134
RVS,104
SNM,58
QTY,87
DMY,59
DAP,76
VEG,217
GAQ,103
NLM,65
LMR,62
PQV,58
LFR,93
FRR,29
RRP,26
RPT,51
TYI,136
VCR,11
CRN,8
RNW,16
WES,15
LGP,106
GPT,96
TPQ,77
PQL,90
VEF,120
YVG,116
NIP,178
PKS,129
SVW,19
VWW,6
WWL,7
IGM,126
FLW,24
LWP,19
WPL,12
YMK,54
GMV,96
KLG,267
FTC,13
TCL,26
CLC,6
LCS,20
CST,28
NFF,66
FHG,49
HGW,7
GWP,11
WPW,2
PWY,3
WYA,12
AVW,24
GGM,75
GMI,129
MAG,73
AGA,258
GAV,249
VWP,8
RQT,83
AAM,91
MGG,101
AEF,86
FSF,141
IMY,47
MYV,40
AVT,204
VTQ,114
YPT,54
THL,104
ARF,71
ICA,50
CAM,10
AMF,51
ICW,3
CWV,3
WVA,23
IQW,21
QWE,18
SFT,118
FTQ,54
ISM,112
YSV,92
VLW,34
LWT,27
WTI,33
VAQ,139
IKP,179
FVG,174
NFT,91
VGM,100
FGE,123
GEM,67
EMF,52
WPA,13
VPT,103
APD,60
QGQ,81
NSA,137
VDA,214
FNM,39
MMF,35
GMM,24
LMV,77
MVF,59
TQP,53
QPK,82
PKK,140
FFR,35
FRD,67
NEC,18
ECI,24
CIY,17
IYF,144
VWT,26
WTE,17
VSF,151
LTS,291
PFD,85
KVV,289
VKM,64
MDV,60
DVD,229
RFA,53
FAT,143
IIM,142
IMN,93
TME,63
MEE,91
EVM,91
EFV,121
VQD,101
TKK,265
KKG,276
GSK,180
KPH,46
PHI,72
HIM,32
IMP,58
MPV,47
PVW,13
VWS,25
WSI,33
EEC,16
CDL,24
GEW,31
LRD,187
RDD,81
DDH,60
DHK,41
VGT,207
SNE,178
SKC,17
KCG,12
CGA,41
AYK,114
YKY,88
YTE,97
AYS,102
IDM,91
KVD,236
PFH,27
FHA,32
ADY,99
ETF,166
FDP,70
DPA,58
KYA,138
YAF,69
FER,117
RTC,9
CLA,21
QMP,29
MPP,18
PPE,31
EEW,23
EWI,32
WIC,3
CTM,9
TMV,59
SMR,37
QSQ,87
SQK,115
LIR,174
RYF,73
YFS,106
IPC,21
PTK,125
RTR,59
EHD,72
EKW,45
WQQ,22
DYC,15
YCI,22
CIR,7
VEM,74
ANK,180
DFP,69
VTA,220
TYW,15
YWV,14
WVF,19
FDQ,87
DRG,88
SLM,110
QAK,168
HIT,90
ENP,89
WLK,59
QKK,117
IRL,155
NKM,61
KMH,28
MHD,30
MMC,7
MCS,4
CSD,18
TGR,123
GRW,10
RWA,18
WAG,25
AGR,91
VQL,127
HYI,58
ARD,98
VHP,60
QDL,153
VRT,84
TAE,186
ELA,296
FSA,112
IAW,45
AWY,19
YAK,147
EQW,20
QWR,11
WRL,16
DVF,151
NTH,48
THG,65
HGK,68
SQM,59
MFN,54
GDP,66
PLR,59
QGG,92
DSW,15
SWR,20
WRN,10
RNA,85
ANP,86
NFW,13
FWK,18
WKA,19
KAC,18
ACQ,11
CQE,10
EAA,244
THH,34
HHT,26
HTH,37
HGL,97
GLR,131
LRF,77
PSG,110
LAY,138
YPK,56
NSW,15
SWG,32
WGS,17
EFM,34
FMG,54
NRK,116
WSK,23
TAR,96
RLE,172
VGH,73
HVH,40
IPR,87
PRG,40
GSN,129
TIM,87
PVD,89
VDW,25
DWA,20
WAK,31
DGF,132
TSP,81
ENG,263
MIH,44
IHQ,85
HQN,38
IYT,127
TER,94
RIS,133
PAN,73
EQI,218
QIM,60
NHY,72
YVH,40
SRL,170
GFW,22
FWR,11
WRA,8
NEW,34
EWK,26
WKM,8
KMT,83
ELV,263
VER,166
TTM,65
TMD,63
DHA,43
YGD,99
YQC,13
QCE,11
CES,21
TKC,11
GHR,43
HRY,30
HRP,25
PSP,45
MDP,23
DPE,125
TKL,261
QGK,120
SQY,90
YQL,161
ERL,275
HIS,116
SPY,71
PYH,27
YHV,44
HVD,97
QDG,89
DSM,55
SMY,39
MYQ,41
HVQ,31
MAW,11
AWS,34
WSP,11
KIF,152
VQS,126
DKY,167
KYG,177
DTA,138
VMI,101
KIP,97
PHR,29
HRI,64
RID,144
DQA,126
QLN,237
QSW,12
WFD,30
GQD,88
KFQ,56
FQC,8
QCG,12
SYA,111
SGC,32
KQY,148
NFY,66
RYI,102
SNS,204
RKV,135
VHT,63
PIV,190
MLA,132
EPT,103
PTG,114
GQM,49
DMA,58
NQC,16
QCD,8
CDE,24
SIY,160
YNF,84
FQE,79
QET,94
DNY,99
NYE,110
YIR,75
LDW,30
DWQ,11
WQL,19
SES,226
HHF,42
HFD,66
FDA,130
QNN,105
AYH,46
YHD,61
DIN,226
FFQ,33
FQQ,46
QNR,37
ESY,137
SVQ,99
GHP,46
NPQ,59
IFG,236
KTM,75
MTC,8
CGT,32
RVP,52
VPN,99
KQQ,184
PQK,53
PRI,76
KIE,275
NSS,113
RFL,110
PEV,137
DYI,213
YIT,148
ITE,241
EIG,202
DVR,104
HSN,74
LHA,70
GKW,37
KWG,23
WGY,18
GYF,110
REF,77
EFF,71
DHL,92
HLN,130
YNT,89
MLH,33
KRG,125
YPE,76
PDN,77
DNM,40
TSN,189
VEW,28
EWS,17
WSL,24
DQR,63
YME,25
MNT,59
NTK,165
AAG,213
GAC,29
DQG,48
SED,179
GET,178
TVE,232
KLM,125
MLT,99
GPD,41
GDI,278
AMV,83
YCK,12
CKK,28
AHV,74
LER,196
KQH,88
TPE,172
ATC,15
NGN,165
PEG,122
HVY,44
GFD,138
NTR,77
HEN,59
IEH,128
DAH,64
AHK,74
KPD,102
PDT,54
VIY,137
IYH,57
HSE,67
QIE,205
EKH,106
KHA,88
HAL,105
LDQ,169
HAQ,44
APF,96
SIC,37
CAF,12
RFH,25
PER,83
RTS,92
QYE,83
ESF,153
SFH,47
FHE,42
MEA,66
AQM,54
QME,28
MEK,82
GNY,105
YYM,29
ILD,318
QPD,57
RGD,66
YYG,69
NAE,154
KRP,81
RPH,17
PHF,36
FQA,44
LYP,83
YPD,63
YST,87
TRI,133
PPK,40
TNK,226
DAK,221
ERP,55
RPE,73
RSV,85
VVH,52
VHS,42
HST,46
EPP,36
HHV,33
HVK,83
RAK,123
TRL,128
IPP,58
PPS,39
HKP,36
AFF,117
GSR,83
SRM,44
DMI,100
NME,33
LHL,116
DRK,101
FPA,23
IGR,162
GRS,88
RSS,76
TLW,22
LWQ,26
QLR,151
FTD,123
DFF,74
RPI,83
RHE,47
HEI,84
KMR,48
RKA,143
EYD,116
YKL,145
IFA,178
FAW,16
AWG,25
WGF,18
FRF,47
FNS,127
TAH,61
HYG,50
ITF,172
TFR,55
IRG,99
MVV,75
PLE,99
DPF,48
GSY,101
YQA,93
QAQ,115
MDR,46
DRA,83
EDY,146
EKG,258
NSH,38
YSR,74
RTF,79
QKR,78
RYM,26
YMD,38
KHE,68
HEA,67
SNW,30
NWQ,11
WQK,20
MQI,41
QIT,138
TGF,131
NPE,169
YPR,27
NGT,141
VEY,98
YKR,90
RMT,40
MTY,59
YRP,35
AGS,181
SWS,21
WSE,37
SEW,26
TPF,87
PFE,79
FET,138
SNA,168
TAN,139
IFY,129
FPG,64
TEF,95
EFG,109
NPS,108
VYE,108
YEF,65
SSR,103
QKY,99
AKP,91
KGA,180
AVQ,105
VQM,25
MEV,60
DNQ,110
QFT,85
GQE,95
QEG,80
GRI,165
RIT,112
MGF,51
GAM,88
AMP,46
MSS,59
PGL,117
HKQ,43
TKW,18
WFP,14
SYY,87
YFM,34
KDH,75
QKC,16
KCE,12
CEN,20
SAC,26
ACK,14
CKE,30
QFF,75
NER,125
VAH,86
TYY,69
YFH,38
PGW,22
GWQ,18
WQG,23
QHG,47
QKQ,100
FTT,95
KCV,18
CVP,10
FAY,79
HYF,49
MQE,42
YGR,49
RPD,51
PDD,76
ART,94
GQT,122
RYC,17
LQT,124
QTI,163
QGD,88
VEL,233
ELM,94
GGN,133
PTN,81
TNN,148
PTL,180
YDD,143
YPM,17
SRE,109
RED,100
EDQ,91
QDA,114
DAY,129
AVR,120
RSH,27
SHQ,55
HQR,35
AYD,104
YDA,146
DGR,105
PIQ,62
GPK,74
HTN,51
ADG,140
SAP,74
IMG,112
PAY,49
VED,168
EVG,151
RTN,70
PLG,115
NEM,79
MGR,51
TMC,8
GMG,91
QMY,27
THF,64
HFY,39
FYC,11
YCL,24
CLD,19
MTV,94
RPV,59
RRK,104
ESP,69
EMT,65
MAY,41
ETM,66
TMN,58
MPL,69
FRL,77
VFP,66
PSH,38
SHF,72
KGM,75
KVM,83
QSM,48
DLM,76
YCD,15
CDR,13
GDL,196
RQQ,93
HNQ,41
HVT,78
TQG,71
MGT,60
HKW,10
WSA,22
APK,142
DND,153
SDP,45
PYE,63
RDN,69
KSH,72
HNV,48
NVQ,105
VQT,104
TGM,73
STE,141
RYR,44
YRQ,54
RQV,78
VMK,63
TVV,221
AVC,28
VMG,83
PAL,121
IFH,40
FHK,34
HKR,49
DTP,110
PWS,9
VSH,97
HMR,16
PAD,58
ADS,117
QIP,80
IPM,64
PML,65
DDP,67
DPQ,39
PQG,60
PPQ,21
PQM,19
PKQ,78
QGP,36
DYH,57
DMS,73
FRS,50
VMQ,55
MQD,41
MKG,73
TGP,64
GPM,28
MDY,50
EVF,127
RIH,44
HEE,44
EYS,81
GDN,118
KES,203
GPV,105
FFA,87
FAF,107
VFQ,69
QED,89
KSM,75
SMG,76
MGM,39
VLF,239
VRM,34
SWY,13
PAW,10
QES,63
ESE,179
EAK,240
KDS,189
YDT,91
VYP,60
HQD,44
AHG,74
HGQ,44
QDD,88
DDA,139
YQE,77
LYD,182
NKH,85
HQL,124
KYM,45
FIM,77
HQI,96
GYD,146
HTP,47
VDV,221
LMT,108
VMR,44
MRE,55
RES,84
QMH,9
MHS,23
MDQ,44
QQH,55
QHQ,58
ITW,32
TWA,12
WAD,12
EVH,54
PIH,50
IHP,52
HPM,15
MSP,35
IFW,23
FWM,11
WMK,9
EWQ,17
WQD,15
AKF,106
FYH,33
YHL,86
TYV,111
PFV,106
DKP,109
KPR,52
PRT,56
IFC,24
FCY,11
CYV,9
DHY,49
GGP,93
PVN,90
LRW,18
RWL,35
TQI,132
FHP,44
HPY,35
LAG,300
PLW,24
WNA,25
KEH,97
EHM,31
HMI,36
IRA,113
NLY,123
LYT,124
YTV,115
MNE,91
KMI,114
EVW,25
VWR,10
WRQ,15
QMM,35
MMS,49
SCL,28
CLG,29
ACV,20
NNH,66
NHT,63
PIE,119
DFQ,70
RQH,39
HIA,105
GYW,18
YWT,9
WTG,25
RYK,86
HAA,59
LEF,125
AEP,61
FMW,7
MWP,4
WPV,18
PVY,85
HTD,47
VQY,68
QYP,47
PGP,45
GPG,82
PGH,54
STY,106
TYQ,101
YQH,49
QHK,43
GIC,36
TCY,11
CYY,10
MHG,25
HHQ,32
RYH,27
YHS,60
NFP,39
KDC,18
DCI,28
CIQ,15
FEH,71
EHK,78
HKE,68
QYH,49
MVC,10
VCS,24
VYS,98
NDN,160
QQV,127
QIW,16
IWT,32
WTS,28
QYG,106
YGQ,67
HKS,42
KSP,98
HAW,12
AWT,14
WTT,16
DHV,75
ETW,23
TWP,9
WPY,3
TKI,221
PYY,58
DEH,68
EHN,74
HSY,49
YSF,89
RNV,103
ESM,72
VWM,8
WMH,7
MHK,29
KRW,34
RWN,23
WND,15
NMY,29
MYA,47
YMG,37
FKM,62
MPR,33
PRH,16
RHV,44
WLG,50
FYP,50
FKF,94
DYR,65
NFK,190
SDM,65
EYH,41
YHR,24
HRN,25
FAH,31
AHD,60
YEH,61
EHL,141
RFS,86
GHN,38
DNT,109
NTG,92
HKT,48
RLY,82
VFT,138
QEP,24
PYT,80
SFW,29
FWV,13
WVD,21
DPR,45
ARP,52
RPG,59
HYM,18
GQF,83
GGH,88
HGT,68
GTH,59
NAY,114
ELW,18
WIY,26
FQY,46
VMP,46
NPV,88
RRE,59
DKG,194
YQM,36
QMD,35
MEY,33
PMQ,21
MQG,45
LYW,18
YWY,23
WYT,15
YTG,114
MYY,31
GNN,98
HHS,26
VSM,61
SMT,68
MTD,77
YYI,85
QDT,82
QNA,131
AFR,55
AGW,36
GWF,21
WFL,28
HYN,36
LTR,146
GRN,79
RNM,34
GAW,26
NFC,8
FCP,9
CPQ,3
YWE,6
WEH,6
RFT,51
TPG,106
PSA,77
HQF,54
HDT,45
KYW,26
YWG,14
WGA,18
AQT,130
KRN,114
RMP,33
VYA,115
YAC,14
ACD,17
CDQ,8
QIL,212
EHF,68
HFP,28
VVW,23
VWQ,12
WQT,14
GTQ,74
MNV,67
SYV,104
YVA,117
DHQ,44
HQS,61
HPN,66
PTA,99
AMH,26
MHV,24
HVA,85
RTH,31
SGW,27
GWR,17
DRC,9
RCE,10
CET,20
NAH,47
AHP,56
GYP,67
KFH,34
LHG,83
AGD,133
VRW,18
GPR,56
PEN,106
PGS,95
MPG,50
CEM,2
MGN,45
SQG,88
VIM,116
IMH,26
MHN,22
HNT,36
GME,45
NNC,11
NCA,10
CAV,18
NPH,33
GYE,130
GYV,138
QFE,128
EAW,24
WIK,47
PED,119
STW,35
TWL,48
LVY,120
FPF,48
NWF,20
WFI,25
PKR,77
FWP,20
HTF,53
TFE,165
SLC,31
LCF,33
AAF,126
GGC,33
GCS,31
LIW,38
IWL,47
WLM,25
IMW,9
MWI,14
WII,45
YTH,54
VTY,118
DRE,90
MGW,13
GWG,27
WGP,15
MCK,11
GPQ,51
QRE,74
REI,164
ASW,38
WRG,24
RGP,48
HRS,35
RSW,12
KCA,7
CAS,24
EPQ,60
TMQ,36
EPM,39
FQD,51
SFR,50
QSG,119
TDR,78
KHS,70
RGQ,54
DME,42
EIH,71
GEH,64
ARH,42
RHF,41
HFG,65
GSD,151
HKN,55
DPG,34
HGI,81
FPD,54
VPD,82
PDH,19
GRH,30
RHD,42
YYV,70
TEG,124
DRV,119
ICS,39
LSC,33
SCR,10
CRM,5
MEI,72
DAS,154
VIH,95
IHS,89
DPN,86
REQ,84
QMR,28
RKR,116
RRG,78
DFD,152
DVQ,108
DVP,114
YRV,68
RVH,39
SDR,81
RLR,127
RQF,65
HPT,43
MLR,71
RSM,40
SMQ,44
QAH,46
EYY,79
RRY,73
RYP,47
TVH,53
VHR,35
SMD,46
RWE,6
RRA,80
DTD,105
EYM,39
EGM,70
VHI,57
DYY,87
QMA,60
VTH,82
THV,76
GMP,49
DRS,59
RSQ,59
QRP,33
RPA,51
PAR,32
KPF,110
ARR,92
YFT,99
EFT,88
NCD,19
CDI,33
DIR,126
HSS,54
HLI,136
PIC,7
PVF,82
ITC,28
TFA,129
YQT,71
QTN,94
QID,179
IHN,52
HNH,36
DGP,65
TPH,48
HLH,51
LHP,67
HPR,32
PRY,29
YDN,119
THP,49
NGS,154
QSR,76
SRG,81
ERN,111
RNR,60
KNP,131
ECN,14
HFV,71
HSC,5
SCD,13
RPF,46
FHN,36
DRP,42
LKW,37
RSR,59
REW,14
WLP,29
LPW,28
QPS,57
RAF,63
GFQ,57
GIW,24
WYE,16
YEG,117
NHM,25
MHR,19
GYY,93
YYL,126
IMT,116
KYC,14
YCF,15
CFE,13
SRA,97
TRE,119
SEY,135
KQD,124
VFH,44
CEF,13
VIC,57
CLS,34
YPI,98
MME,34
RSE,88
GNV,171
PDM,29
FKH,67
AET,174
MVQ,43
VQK,108
APS,85
DNA,176
RHG,40
HGE,54
YAQ,78
AQC,13
CED,19
DMG,53
MGD,61
YEY,83
YNS,71
MKF,68
QSE,107
YYN,75
GKH,66
HSR,33
EGD,153
FYY,56
TTH,70
THT,56
RMG,40
QFM,31
TNH,78
HET,53
VQR,70
QPF,52
YVW,22
WIS,31
DRM,38
RMY,21
YFE,114
HRT,27
RTP,58
HLP,73
PGM,41
ARM,49
RML,63
IKC,18
KCQ,7
CQF,6
FYD,91
DNI,191
HVE,86
IWD,19
WDL,19
RIR,91
QLG,162
FHT,26
EHS,51
FGH,55
VRR,87
DAW,23
AWD,19
WDN,26
CAA,17
HGP,30
SHS,68
HSF,46
ADR,82
AYF,84
FTG,134
MRP,21
SGM,72
GMH,23
MYW,6
YWQ,7
WQI,19
HPV,48
NCL,18
HPH,23
PHD,28
HDF,63
KWT,33
WTK,24
NRD,72
KYI,183
PDY,64
YDY,108
RQD,56
NRQ,78
QDY,70
LYY,98
AFH,40
LGC,30
CKV,32
AIW,23
IWQ,19
CTV,21
CVT,22
GCY,15
CYA,14
RHK,28
RQP,30
QPI,99
DRT,53
CNN,16
CTF,19
TFC,10
FCI,27
IPW,18
PWA,9
WAR,10
GLM,109
MRS,41
RDP,37
VRH,42
RMR,21
MRR,44
YTM,35
LHV,70
HVF,53
PYS,61
SPR,43
VGY,151
QAN,116
YPL,92
AMQ,44
VYV,127
NQH,44
YYC,9
CDP,10
NMC,7
MCC,2
CCI,12
QPA,74
ALH,84
MNN,87
EAM,98
MDK,87
RAR,80
RYE,71
ADW,19
WEA,14
WDW,3
DWN,19
WNY,19
PKY,109
DCR,16
CRI,15
THQ,57
VYY,55
VDM,68
MHF,22
YYY,69
MLY,63
KMQ,25
YFC,13
VHL,84
YYH,34
YHQ,52
QHA,68
KVW,23
WLY,39
LYF,130
FMY,29
YYW,10
IGC,40
LSW,32
FYT,78
ITV,237
MFR,27
MLQ,77
HLM,48
YAP,79
NFH,29
FFT,73
KFR,63
HRE,45
LQA,156
QAM,62
KFC,16
FCE,13
RSG,81
SGK,255
RMI,69
FQS,66
FPH,25
PHK,33
VME,63
PHA,48
NPK,155
EMR,63
MRF,26
CLL,55
MCD,5
CDS,9
NWS,19
WSY,13
VSC,22
CNC,8
CEC,2
CIK,19
NWN,19
SPC,10
PCY,11
FHC,4
HCY,8
YFY,71
YMR,26
MRQ,45
WNI,23
QTH,39
YHT,44
HTE,51
CYN,14
ARS,91
MNF,50
FFM,34
NCI,20
LMM,56
FRQ,42
TMY,35
MYF,34
FES,142
ESR,84
RKM,56
FMT,50
YIA,151
QDW,12
WNP,26
HDN,45
QMN,45
QPT,53
QHV,60
FMA,51
GMN,56
RVY,55
FEM,63
MCP,4
CPE,9
MGP,38
PPV,40
DHH,33
HHK,25
KCD,19
CDF,10
TAY,121
ERH,56
APR,42
PRD,27
KPW,18
PWP,8
WPK,13
PAQ,58
AQQ,137
FQP,39
NGP,55
YHN,37
GYT,140
FMV,45
VTW,28
TWN,25
KQP,74
PMA,27
MAH,39
VGC,18
GCF,11
CFF,9
CVC,7
VCH,15
CHG,17
GQH,38
DVG,109
QAW,6
HHH,37
MYT,22
MYH,28
PNQ,55
NQA,152
PHQ,29
HQW,11
QWQ,15
WQH,8
YSD,107
PGR,52
VNT,150
QQP,37
QPQ,50
YRH,35
HNS,32
PGF,72
VFM,45
TYK,128
KPM,44
GNP,95
DYT,93
YCP,11
CPK,18
RAD,63
QST,135
ISW,36
SWK,31
WKT,25
TAP,95
NLC,19
LCV,26
CVE,25
LEC,22
ECC,2
CCL,11
ECL,25
CLH,10
ERW,16
RWG,11
EMI,135
PKL,171
PRM,23
RMN,39
DIA,295
PRS,30
RAH,33
WGK,19
FWL,26
DWY,19
ACN,10
CNQ,10
AEW,23
EWE,27
WEK,33
QYW,12
YWL,25
RMH,18
PPF,33
HEC,4
ECR,6
CRE,11
YPC,6
FTM,52
MDA,66
MQK,50
GPC,8
PCG,11
HQT,50
PRR,24
YRE,81
KHH,42
KFT,88
CRF,19
PWI,14
MEF,36
FAM,47
GYH,45
HPD,54
PMY,23
ENC,20
NCY,13
AGN,114
AFW,14
FWQ,12
WQY,8
CNI,15
YGY,81
YIW,11
WYG,17
SHT,53
PWH,7
WHF,8
DSP,54
QNS,87
WAV,15
PRF,46
IWV,17
FHL,59
HVW,15
SCC,6
LKC,29
MCY,8
CYT,15
TCI,26
CIN,31
QAC,14
ACH,13
CHW,2
HWV,6
LRG,118
TSE,178
EFY,83
TMP,48
LWG,30
WGG,29
LVC,28
VCV,25
SKW,29
KWY,30
QYA,75
DQP,47
QPY,31
WFE,19
KNH,66
HCK,8
CKD,19
VNW,27
WLE,43
GDM,46
FCD,18
YHH,23
GVF,156
HTV,68
WDA,9
MTF,75
KHV,118
DAE,147
NGM,43
NPY,63
YEW,20
EWY,12
EHG,85
DPV,79
PVP,42
WRT,8
ECA,13
CAR,11
MEM,31
MQA,46
RPY,37
MQT,29
GEC,11
CAE,12
GCD,16
CGC,12
CNG,15
NSC,11
SCG,25
GKC,6
KCK,20
PAG,75
GCT,24
GCP,21
PKC,17
KCR,13
CRP,7
YPH,37
HDH,31
MRG,42
KYH,78
IWE,24
SCV,23
CVG,20
EFC,15
FCR,9
KMG,64
MGV,76
CPR,4
RSC,11
KLC,26
MQY,29
QYY,46
APW,16
PWL,26
EPW,18
PWE,11
NAQ,149
ARY,57
YMS,45
KMV,71
LMH,36
DHG,46
HGS,49
EKC,22
ASH,69
YAH,46
ADP,58
KEC,21
ECQ,6
APA,90
SVH,29
GPY,50
YDP,40
PRK,46
HEH,28
LMP,62
CSP,8
YSH,43
RTM,45
FHV,42
TWK,31
EMH,30
QFR,34
VWY,16
WYK,17
YRI,88
DVT,210
NTM,48
ICD,33
CDV,25
HDD,59
RDC,16
DCM,6
CMI,11
THY,41
SKM,66
KMA,79
RKH,61
MLM,42
DPS,76
YLW,17
LWV,29
WVL,24
LPP,62
FWF,24
WQF,11
KHP,62
PEA,96
HHY,18
FWG,20
WGT,24
VMF,47
TWF,16
WFV,27
YPG,54
VGW,20
GWV,28
WVG,26
PHG,39
HGV,94
WQS,18
FWT,19
WTV,17
GWL,45
MSH,38
PMF,30
DPT,78
FVM,50
SMM,41
YYS,72
LCT,35
TRP,49
MAP,32
HGD,72
RVM,45
APT,103
VQN,112
HRR,30
MHQ,19
IYP,77
EFH,29
HNF,25
QRM,30
RIC,16
ICE,25
CEA,15
EHP,51
RRS,61
KKW,59
KWL,53
MHC,3
HCI,12
CIA,34
CIP,20
VYT,92
DCN,11
CNV,20
WFK,29
VYR,72
RMF,35
PWT,14
TSC,23
YMY,24
YEM,47
HQM,28
QMQ,21
MQH,33
TLC,28
CTI,21
IIW,41
TDQ,89
QKF,86
RVT,87
VMM,41
PYW,12
NDW,32
DWT,20
WTN,28
HGA,63
QTQ,58
NQW,17
APY,68
NYQ,86
KCM,3
NRC,10
RCA,8
RQE,52
MNS,43
AGM,71
PDK,108
SHG,68
MMP,28
PCS,8
CSE,14
GQK,134
DGW,17
THC,8
HCH,7
PKH,49
KHW,9
WLC,8
WAT,22
QKW,15
KWV,27
WVW,8
LCC,5
CCT,5
CTP,17
MMA,33
TVR,96
PQR,23
MGK,66
YFW,14
HPA,37
RGN,66
RRV,78
RVE,101
ERC,15
CFD,20
DKC,15
KCY,13
WET,20
IFQ,84
WDM,8
AFM,53
EPV,103
CFN,20
ALW,29
WTL,25
QEW,13
YED,106
ENM,66
MYP,19
PNP,54
NPF,72
FSY,85
AHH,42
PIM,40
ICF,24
CFP,8
TVC,19
EVC,16
CGD,22
LCM,7
CMD,6
TVM,55
VMC,9
MCT,8
CTG,23
AEC,9
ECK,12
AMK,97
NRR,51
DFR,63
QAP,71
NVG,148
LPH,53
GYC,10
PDP,43
EGP,45
NCV,14
NGC,16
GCQ,8
CQV,7
QVF,101
KCT,13
TRC,9
CTS,15
RLW,15
NMS,60
TSW,21
SWQ,18
ACL,41
IVH,93
VHH,29
NCM,5
HNL,74
YTR,55
LSM,112
SMN,55
TEW,13
EWR,21
PSQ,54
KDW,25
DWG,19
WGN,26
FTF,84
SMW,8
MWK,10
WKQ,21
FNE,165
ILC,54
CIV,38
VPP,37
PPD,15
PDQ,36
QWK,12
WKV,20
LKM,95
MES,53
RTY,54
YNV,104
MCF,4
TYF,78
CEE,12
YKC,12
KCS,12
LWL,59
YAR,69
KRQ,100
SHY,58
VPR,45
MDT,50
FWI,29
MDW,6
WDR,13
TEH,64
NPG,65
GAR,92
PLH,47
LHF,63
FQG,61
RIQ,94
QPH,30
PPW,6
DWK,28
WKE,25
QCI,14
WQP,5
ICR,23
CRR,6
CFR,6
KEW,32
WGI,31
RFP,40
MYD,40
QMT,42
VCF,21
DLW,30
LWR,18
PPG,28
VRV,68
VPK,111
LHH,47
HHG,30
TAD,128
KHD,77
HDR,37
YVP,69
YVQ,71
FYE,82
FMQ,14
NPC,4
PCP,2
MQF,31
EWM,16
WMN,11
CAP,8
CEI,21
CLT,38
RCD,7
CDC,6
DCG,14
PQE,38
MGH,20
QCW,1
CWD,3
RTW,17
TWG,27
VPQ,72
PQP,38
PGD,90
GDW,18
WGV,40
GGW,26
GWA,25
HVN,73
PCT,4
DYW,13
SPP,16
PPY,35
TTP,139
PIW,18
IWK,20
EKP,104
NSR,66
EYP,49
WAP,16
AVF,135
DVC,18
VCE,20
SIW,25
IWR,18
WRS,14
WNM,8
NAW,16
WGW,6
WAN,21
RAQ,81
RIW,12
QCY,6
CYQ,16
EAC,27
KHN,77
FAR,59
GWT,34
PAK,78
IRW,19
HQY,51
EWC,3
WCQ,4
CQH,5
HQA,59
PRQ,27
AMY,39
DTM,56
TMK,73
HTR,23
RNP,39
SCA,5
CAH,5
AHM,20
HMM,11
WEG,15
QMG,36
ICQ,15
CQM,5
FDR,79
FMM,19
GQP,70
SYM,35
MQM,17
FQM,26
MDG,79
MKM,35
PVH,37
KFM,46
HYH,27
WYF,13
FPC,7
PCV,9
KWH,7
WHY,7
GPE,69
DYP,64
LWY,14
LFW,29
ARW,9
RWD,6
WDY,12
FGW,21
GTC,19
TCV,22
PRN,33
PTC,19
GEA,148
CAT,25
AWK,17
IWF,22
WFT,14
FAC,14
MMH,14
MHT,19
HFR,20
FRM,22
DHF,42
EMW,6
DVW,21
CKT,8
YVC,12
CFY,10
WGE,25
QEH,47
HYQ,37
EHE,67
RHS,37
GNC,6
CYG,15
HYA,43
GWN,20
TLH,88
HFL,61
NVC,20
CTH,11
FWY,5
QKM,54
MEP,32
YKW,19
YFP,38
VRC,7
RCM,4
CML,3
FEF,78
CSW,5
HRF,23
QFQ,43
EHQ,53
HLW,13
WIM,6
AFC,25
KME,46
WDI,14
AQF,62
CHE,10
MYS,43
VTC,18
IHY,51
IHG,82
LAC,31
TRR,60
MPF,38
PFQ,58
RRR,57
TMG,60
FHM,11
HME,16
VDH,65
SPM,29
NTW,18
EYG,107
VPC,13
PCF,5
CFC,2
FCK,20
YLR,100
HDQ,26
YKV,126
WSF,25
DWH,11
WHA,6
HAG,68
FKC,11
KCL,28
CLF,34
SHE,50
DWR,14
KMW,9
MVW,10
WTR,11
QGR,59
FYA,82
IWH,12
WHG,7
RGH,28
GPH,26
PHT,30
HTM,17
DMP,36
MPQ,37
WNK,22
PEP,36
FPI,89
GRY,71
QIC,16
CDN,15
VCC,8
CCG,6
MEN,78
CLE,21
WLQ,25
RSF,70
HTW,5
FDC,16
FCS,23
CSA,21
MHE,25
WHE,8
QAF,125
AFT,111
PDC,14
DCL,24
CLP,17
WVE,16
MMM,17
PMV,39
PMW,6
MWS,7
KWE,23
NSY,68
MGY,52
PMD,21
IYY,95
VCA,19
CAG,22
WGD,16
CGS,30
QFC,12
EDP,54
ICH,18
PNM,30
RMW,5
MWE,7
WEN,18
QSP,71
RFM,26
HDV,86
WEM,10
HSM,23
KWA,23
FKW,12
LYM,46
ETC,23
QTD,61
KTW,17
TWS,28
WSD,19
CLR,13
TYH,55
FLC,26
LCP,15
CPF,11
MSC,6
THM,21
HMN,21
KNC,8
NCF,6
RRT,58
ECY,10
TEP,90
FLH,56
SFP,52
MLC,19
LPM,57
ICC,14
CCA,4
FCF,10
CVY,7
KWN,21
YTY,75
CRY,10
FDH,52
CSR,13
QLC,19
LCK,28
CKN,16
PHE,42
KQC,9
QCQ,7
CQD,9
HGN,40
HGF,49
NQM,52
HPG,32
CPV,18
PVC,12
KCF,11
QGC,9
VSW,23
YCH,6
CHN,16
SMF,48
MFQ,23
APC,12
PCD,4
CDY,20
CRW,2
RWQ,11
HNY,33
HPI,55
NIC,24
PYQ,48
PPR,21
IAC,34
DFC,9
QEM,48
NHH,33
HGM,23
GPP,17
AHN,53
TWE,16
WEW,4
EWN,20
GCL,32
YHY,39
CFA,11
KHG,79
YIC,26
CMY,5
FFC,13
FIW,22
WFF,19
TAW,17
WIT,36
FFY,37
EIC,17
MIM,34
FCL,16
CTL,25
QRR,54
WGL,29
FDW,13
DWS,22
HWK,6
NPL,139
VFY,55
GCA,17
REH,50
IHW,12
HWP,4
WPC,1
PCE,12
VCN,18
CNF,9
AWM,17
WMP,5
MRN,29
WHL,11
ARQ,86
PSW,12
WIW,7
IWM,11
PPA,33
FNP,103
HFH,32
TNC,19
NCC,3
QDP,49
MGC,11
GCR,12
RCN,10
LPR,49
KFW,12
FWE,14
WEI,13
PDW,15
WFS,22
RFC,5
YYA,82
HYC,11
YCE,16
CEY,14
VWD,20
DHC,6
CYE,10
KCP,10
PNC,24
NCG,17
CGY,20
CKY,9
MEH,29
HEY,25
HTT,45
IDC,26
QVQ,61
VMS,91
QYM,26
FTH,43
EWF,19
WFR,7
QRH,24
EMD,52
KWW,3
WWN,3
SWW,3
WWS,7
WFG,20
SSW,17
AWQ,11
AWA,25
WAH,4
KWD,15
WKG,19
YDW,17
WIR,11
KWM,19
WME,9
QHP,39
DHP,41
WQR,12
RHY,28
WTD,22
WNW,4
WYM,6
YMH,9
SHP,51
PQT,67
GWS,19
ETQ,88
TQW,16
QWF,15
MWN,5
CYD,11
AQW,17
QWP,5
WPM,4
QHW,7
HWH,7
GYM,37
YMV,40
YPP,28
VPW,14
FEQ,125
YWN,16
WNQ,13
NMD,43
MDM,21
DMF,38
TWI,43
HWQ,9
DEW,25
GMC,6
CKM,5
LNC,18
NCK,18
CKA,12
HGR,43
SCI,21
NMG,40
MGQ,39
GHW,6
HWY,7
WYN,13
WQE,14
FRP,31
RSP,24
QAE,101
VAR,126
DTH,53
PFR,32
WYS,15
GFH,40
FHW,7
HWC,2
PFN,83
KGC,15
KCW,1
CWE,2
ENW,18
MCR,7
CRD,14
LHW,9
HWG,12
CSM,11
MFH,12
FHH,23
YWA,19
RNC,10
LCR,19
CRQ,12
QHH,27
SWI,34
RCS,9
FNC,10
DCD,15
CDH,4
FRA,57
TIW,21
NDC,18
DCT,12
CTE,9
WYY,13
EYW,17
YWS,20
FGR,80
RDH,22
RPQ,36
DNC,10
ECG,19
MNM,38
SFC,16
FCQ,9
CQS,19
YMP,16
KHC,12
YSW,13
SWA,13
WAF,22
HMV,21
EPN,65
MNC,14
NCS,10
FMD,34
VHC,14
HCD,7
TWH,5
WHD,11
RRM,25
SEC,12
NHG,53
ECV,20
MPH,23
RAW,10
SCH,11
WGQ,10
NCH,11
CHD,11
MFW,7
MKW,20
WDE,16
FHR,16
CDA,15
IQC,12
QCR,3
MPD,37
EWV,33
WVK,37
TRV,80
MWG,9
NPW,9
WER,15
NWV,22
HYW,4
WST,15
EMP,35
RFW,9
WDD,13
MFT,36
NPM,29
LCL,55
GCV,19
CRT,3
TCH,12
TNM,34
CIF,20
IWI,33
RFF,66
CLM,12
TFY,79
MHM,9
NMW,7
PWF,13
RHI,76
QWT,18
VYW,16
CFS,6
TTC,11
NAC,12
ACA,22
FSW,18
PHS,26
DTW,25
WNH,6
LCD,29
EWP,7
LWA,18
WAQ,15
FNW,15
WEL,20
WNS,16
VWF,21
PPC,4
QVR,68
YWF,16
SMP,38
MPA,34
ACF,13
HMC,3
MCG,17
ANC,10
CMV,4
MVM,32
HPS,49
FCA,10
CAK,14
DSH,51
TFW,14
WVN,26
TMH,16
SLW,28
ESW,16
LWW,6
YCQ,7
CQR,8
RCL,16
RAC,8
MMG,29
CND,9
HAC,15
NCQ,8
WIF,22
RWK,8
SWD,17
FQT,54
PWQ,11
KWK,24
WKF,14
NWG,14
WKN,27
SDH,40
MWT,5
MMY,21
WNC,3
FRW,3
WKP,5
AHW,10
HWA,6
RDW,14
KCC,5
CCN,4
CNP,8
TDC,9
RVW,13
CIE,25
ACI,34
MHH,18
AWV,15
YDH,36
TWD,16
RHT,38
DHR,34
CHI,11
QCT,14
CTW,7
TWW,5
WWA,1
NRW,17
KMF,52
ELC,33
AAW,24
YMM,17
SQW,18
EHR,53
WRV,14
PRP,23
VCP,14
CPM,7
HCE,8
AGC,30
GCH,11
CHY,12
HVC,7
CHV,10
PPL,57
KPC,6
AWP,7
TCK,17
CKF,8
NCN,8
CNH,11
YWP,6
WPE,9
KCN,12
CGR,18
GCI,25
WMV,8
PTW,13
DPM,21
PTM,39
ACE,18
CEP,5
YTW,17
HPP,12
CCD,3
DCW,4
CWT,3
YCA,10
MFM,24
WRM,7
WMF,14
NHW,14
HWN,4
HWF,12
MPW,2
PWR,7
WSR,14
PLC,10
GMW,6
FPM,29
WKI,17
QCN,8
CNS,11
CLY,18
QVC,13
VCD,23
CHH,6
DLC,21
HRH,24
WNT,15
FRG,62
SHC,6
FHQ,27
DTC,19
GMY,30
PQW,11
QWI,26
KIW,22
AWE,15
TWM,10
WMM,7
WRI,14
CHM,4
PPN,29
MKC,13
CNE,23
LMC,13
SFQ,55
RLC,9
MFP,30
CGE,16
EWH,11
WHP,7
LMW,8
WSH,19
CVA,16
TCQ,9
CQA,15
HVM,27
CIM,10
WVV,21
HMG,17
TCD,12
DCC,4
WYD,22
FFW,8
KPP,30
DWV,20
WVS,21
SMH,20
TPD,94
CIC,10
VCM,8
CAC,3
YHM,10
ACY,21
CYS,6
WEC,4
ECE,17
CEV,19
WIH,14
VIW,32
YCM,5
WTP,9
HDP,29
HTQ,27
IHM,29
RPR,30
EHC,8
HCN,8
NMQ,34
CKG,15
RHC,6
HAH,35
SWT,19
YHE,37
VMW,6
MWV,9
WPS,10
MCA,8
MWF,10
SYC,12
CDG,14
TCR,12
QWA,14
WAW,8
CCV,6
LCN,21
RCR,5
CRH,2
CNK,10
CYK,10
KCH,9
RWS,10
CGV,33
VCK,19
CKH,10
RCP,10
RHP,23
FTW,13
QWY,13
DFH,37
FHF,28
SVC,22
PMK,35
NKC,12
CAD,12
PYR,33
WVY,14
HNW,6
DWP,9
YPW,5
PWG,16
WWF,6
WFA,19
GTW,23
MPM,21
DQW,10
QWV,15
NYC,12
RVC,13
SPH,24
DCV,15
WLH,13
LCW,6
CWG,3
MQW,7
QWN,8
RKC,7
CTQ,12
SHW,10
LWF,21
YQW,10
TWY,19
QTW,14
FCV,15
GWK,21
CGM,8
CPI,14
HCF,6
CFK,18
SDC,11
CSC,4
YHC,8
HCG,8
FPW,8
HIW,8
CHL,14
NWA,21
WAS,15
CME,5
MEC,2
QQC,9
TCW,3
CWK,2
VWG,24
QDC,9
CPS,12
GWW,8
YGC,19
CAL,24
VQW,15
QWD,11
WDT,16
PFW,15
WLW,6
YCN,11
HWM,2
WMA,8
WKR,14
WFC,5
FWW,2
WWM,3
WMT,15
CFV,20
CRG,5
WKL,25
AKW,27
HMT,29
PAM,32
CHF,8
YWH,4
CMA,8
NWP,10
WPT,22
SCP,11
TYM,32
TTW,16
WDS,12
VCW,3
CWF,3
QEC,10
EWD,16
HFM,16
VHW,6
FVC,28
HMF,15
GWM,9
WML,14
TGW,26
FEC,22
ECH,11
MMQ,22
WVQ,12
FWN,14
TWQ,21
VEC,19
SRP,48
HQP,28
TCA,19
KWR,15
WRP,4
AWC,4
WCE,4
FMH,17
WTW,3
WQW,5
QWS,14
HYP,35
EFW,16
WKW,5
CTT,19
WQM,4
SWC,4
WCK,7
FYW,9
RPC,2
PCQ,1
VWH,6
WHT,7
DEC,15
CHR,3
MMR,20
LCH,13
WRR,8
DQC,9
QCS,10
CHA,8
MDC,9
WHQ,8
SRC,10
LEW,14
VKC,15
QWW,5
WWK,3
WYI,19
MNW,16
NWW,6
DDW,26
QPR,29
STC,16
QCA,13
PCL,14
NCT,13
RMC,2
PWK,11
CDT,17
LWD,22
WDH,6
GQW,15
GWC,5
WCP,4
CPD,4
CRV,12
MWH,2
NWH,10
CQN,9
WQV,17
WTA,26
EMC,6
MCN,3
RQC,9
CYC,3
YCG,19
CVF,13
NWM,10
SCW,4
CWL,6
WTF,10
PQC,2
RWV,10
WVH,6
EPC,6
PCH,5
HHE,25
RWT,8
FCH,6
KHR,37
DMC,4
MCH,6
CHK,11
CPH,10
REC,7
QCF,7
DCH,5
LWE,23
WDK,24
WYP,8
CKW,1
DPP,12
ECT,9
YGW,15
VQC,12
CYP,5
GCC,6
VWV,22
QWG,15
CEH,8
MWR,4
WMD,8
GDC,14
CLV,43
RGW,10
ILW,24
QCV,14
PVR,55
MWM,4
PYC,7
ACP,11
CPT,14
LPC,5
QYC,6
PKW,16
MHW,4
HWT,9
CVV,24
CVW,2
VHM,18
RWI,19
WID,33
MDF,34
HMA,21
WWE,4
QVW,11
VWE,20
MRC,6
VCQ,10
MIC,26
WMQ,2
MFC,5
SWH,2
NWT,14
CVD,15
TCF,10
TWT,13
CLW,8
YSC,10
IWP,20
GFC,16
CSG,20
SPW,8
EGW,13
WEF,12
WTY,10
GLC,21
LWC,3
WCV,5
ISC,23
CER,11
IMC,7
ECS,11
EIW,22
RWP,6
WNV,15
GWY,16
WSC,1
IWG,23
WGH,9
MAC,10
DWW,1
WEE,25
GWD,16
QWM,7
WMY,3
GQC,13
WYV,19
WAA,12
LQW,19
WRE,13
MWC,1
WCL,2
AKC,11
DCK,20
VFW,26
WMW,3
WWG,3
CYW,1
YWK,20
IYW,13
YMC,3
YWM,7
SYW,22
GSC,11
LGW,36
CGH,17
KTC,9
CKS,15
GMQ,33
WPD,9
MTW,11
PWN,14
WFM,8
CNM,7
DGC,8
WHW,4
HWD,8
AYC,21
YRW,8
WAE,15
SWP,8
WPI,15
RWW,3
WWT,1
WTM,9
VNC,12
CGP,7
RGC,8
QRW,11
CQG,4
HRM,19
CSH,6
WWV,3
CVM,8
PCN,9
WWR,1
DWM,9
YRC,5
TYC,14
YCT,15
SRW,8
ARC,11
RCQ,6
CQC,3
HFC,9
RWM,9
IHC,6
MRW,7
WAM,12
AMW,6
MWD,5
WDP,12
HWI,11
PHC,4
DPW,6
HCA,10
CHC,3
RHM,11
QCK,7
AWR,10
WQC,5
WMG,11
YWD,13
MHY,12
CMN,5
DWC,2
WCT,3
TMW,8
WMR,8
EWG,17
FMC,7
WKC,2
SMC,7
CVQ,5
MCQ,7
SCQ,8
CRK,10
RWF,9
TCE,7
VAW,16
SWE,6
SCF,14
PCM,1
PEW,14
CPL,12
SCT,12
QQW,17
PRC,5
WTQ,10
EWT,10
NCP,11
YHW,6
PMR,17
CGW,5
HRW,2
MCE,8
MSW,4
WFH,1
CQK,9
WVM,7
WFW,3
TEC,10
CFH,2
CFG,11
PEC,4
RRW,8
CKR,12
CVR,9
WHH,5
TWC,2
WCD,2
QSC,9
HDW,7
MCL,16
MQC,2
PCI,10
CNT,8
WDC,1
WWP,1
RWR,8
QTC,10
WGR,7
CHQ,6
PCR,2
RWY,6
CLQ,6
WRW,2
CQT,9
CVH,5
YCY,8
LCQ,19
WRH,4
MEW,9
TCS,9
ACW,4
CAY,12
FCM,7
WCY,5
ACM,2
QNC,5
HNC,3
EQC,7
CDK,12
HCR,4
THW,5
WYR,4
CDM,2
DCE,13
EHW,12
WGM,2
HCV,2
CFM,4
PRW,4
WVC,3
CPW,2
CFQ,4
FCW,3
RQW,10
QWH,8
YWW,2
QHC,4
PGC,7
WDQ,10
CMT,8
VYC,14
WHK,6
RPW,4
CEQ,10
NYW,12
QGW,8
AWW,5
WWI,4
LCY,12
CQQ,4
TCM,3
CMF,6
CCE,2
HDC,4
CQY,6
CGQ,8
MRH,23
WPQ,4
GCE,8
YNC,5
FWD,7
WSW,4
WPR,2
HLC,10
ECP,11
PWM,3
CPY,8
RWC,3
WCA,3
WSM,4
WTH,4
CWI,3
FWC,7
WCN,2
WYC,3
DRW,8
KWC,4
WYH,6
HMY,13
DSC,8
NWC,3
DMW,6
CPA,9
EWW,2
WWY,3
GCM,13
CMC,1
CQP,1
NCR,7
HIC,5
WPG,14
CCF,5
CKQ,7
ACC,4
MYM,9
ECM,2
WHM,6
WKH,9
CHP,7
MWA,3
HPC,2
CCY,1
WRF,4
CMG,2
VWC,1
WPP,5
AWH,6
WHR,2
WCG,3
HMW,5
MWY,2
CIH,5
CSQ,7
ECW,5
CWC,2
CWY,3
HKC,3
YCC,5
QMC,2
HHC,3
CMP,5
YMW,2
CCW,1
WPH,2
CCK,2
CIW,2
CWM,2
WYW,1
HCW,1
MWW,2
WWQ,4
WMC,2
FCC,3
HFW,1
HCM,2
CMH,1
FWH,4
WWD,4
RCC,1
CMQ,2
CWA,3
HWW,1
CKC,1
CCH,1
CCQ,1
HWR,3
HGC,6
CWP,2
CCP,1
MPC,3
YWC,2
MYC,1
CDW,3
CYM,3
HRC,3
WGC,1
PMC,3
PAC,4
WHN,4
CMR,1
CCM,1
SCM,2
CNW,1
HCT,1
WCF,1
CFW,3
CTR,4
DPC,1
CWQ,1
MCW,1
WWH,1
PCW,1
WCM,2
RCW,1
CWN,1
QPC,1
