MF,268
FG,928
GV,1457
VG,1208
GI,1577
ID,1026
DI,962
II,1148
IE,1264
EI,1425
DR,723
RI,1075
IR,1121
RK,979
KS,971
SY,827
YQ,467
QT,646
TY,425
YG,583
GD,968
RF,747
FL,1956
LK,1845
KK,1533
KI,1224
IF,1072
FT,624
TE,936
EG,1324
GE,1303
ER,1093
RV,1023
VY,577
YC,149
CF,257
FS,1789
SK,1218
SN,684
NP,663
PY,466
YA,702
AS,1778
SL,3310
LA,2762
AA,1976
AR,1088
FA,1056
AK,1414
KE,1719
EA,1664
AV,1569
VA,1453
KA,1336
AL,2968
LG,2319
GT,948
TG,1043
IG,1333
GK,1284
KL,1575
LL,4004
KW,120
WK,201
EM,396
MC,78
CR,244
RD,746
DS,1069
SR,1169
RQ,629
QP,432
PQ,623
QV,745
VV,1523
VP,820
PE,1133
LC,643
CS,543
VK,997
KR,987
VL,2374
LS,3345
SV,1562
VS,1776
SH,519
HS,556
RE,1101
EY,572
AT,1202
TA,1198
AI,1691
IA,1749
MA,501
TL,1900
LI,1911
IS,1683
LN,1067
ND,436
DA,1006
AN,779
NR,574
RM,298
ML,726
AD,990
SQ,1079
QE,1288
EE,2008
EF,753
LQ,1487
QI,773
AC,399
CY,172
YD,458
DW,164
WI,228
ST,1118
NK,700
IH,517
HK,397
RG,860
GA,1590
AF,1149
FY,536
YV,599
SG,1714
GG,1479
KT,1162
TP,961
PL,1525
FQ,513
IV,1327
RA,1042
SD,954
DC,204
VF,1049
FW,159
WG,222
DE,761
NE,523
ED,1048
DV,924
VE,1171
AG,1351
GS,1472
NY,383
YL,1100
AM,466
MD,311
IL,2269
KG,1105
GL,1896
LR,1684
IP,1084
DQ,543
FR,616
DT,709
DP,802
PK,745
AY,728
YE,517
IQ,869
QK,890
KY,452
PD,618
FD,642
DM,293
MV,365
VM,323
DG,802
GH,382
HT,367
LF,1879
FP,841
ET,1100
TH,371
HA,506
LE,2237
EK,1469
FV,941
FN,441
EV,1255
QL,1287
LH,810
TR,632
RR,776
MT,374
LT,1723
TF,712
PI,903
VR,952
QA,1154
RH,344
HL,823
LV,2071
VQ,752
QG,861
EN,877
KQ,876
QD,690
DL,1696
FH,317
VH,418
HP,435
GR,845
PV,897
QW,113
WV,193
SS,2535
SC,484
TD,689
PA,851
CK,212
MS,413
SF,1382
RS,1067
TT,994
TM,247
MQ,300
AH,514
HH,192
HY,280
YH,260
HR,369
RY,565
YT,507
DK,794
QN,566
NH,289
KD,931
SP,1326
KP,573
PT,764
EQ,956
CN,169
NT,608
TS,1205
EL,1863
SE,1352
QR,622
IC,381
CD,236
DF,738
FI,903
RP,489
PC,201
CL,605
HG,401
RN,594
NL,1137
KN,791
NS,786
SA,1716
TQ,635
LD,1516
WS,185
SI,1529
LP,1711
WF,133
PR,457
AP,840
GY,621
YS,775
HQ,331
TV,1056
VT,1018
PP,533
CW,61
WQ,108
NC,172
PS,1198
TI,1186
IY,558
YW,87
WR,153
NA,703
MM,146
IN,649
DY,539
YP,473
NI,822
QF,415
NF,517
PN,466
GQ,586
QY,347
LY,970
YN,322
NN,443
QQ,704
GF,988
IK,932
TK,844
SW,264
WA,174
RC,235
CC,148
QM,248
ME,428
MG,431
GW,221
VN,650
QH,313
HI,528
HV,425
RT,666
GM,483
CA,321
NV,673
VI,1383
GC,324
CG,372
GP,529
QS,788
PH,346
HE,331
AE,1377
FK,561
RL,1592
PW,148
WE,223
YI,554
CE,251
DD,508
FM,180
MH,160
CP,212
KM,337
KF,501
VD,894
PG,776
TN,514
FE,649
EH,469
YY,318
LW,338
EP,550
HN,294
YR,564
EW,178
WL,355
ES,1301
NM,191
DH,341
IM,296
MI,439
PF,685
GN,760
MP,258
AW,212
WP,77
AQ,909
HF,333
NG,646
FF,945
WN,117
NQ,481
RW,166
PM,248
TW,148
CQ,209
WD,150
IW,150
CI,323
YF,487
KV,1040
VC,399
FC,365
CT,189
LM,551
CV,344
IT,1105
SM,410
HD,275
KC,130
MY,132
WC,49
WM,70
MK,389
YK,474
DN,470
YM,132
KH,442
MN,242
EC,208
HC,126
CH,105
HM,116
QC,138
WY,86
VW,198
MW,40
NW,101
WT,135
MR,383
CM,72
TC,227
WH,69
HW,68
WW,42
