MLQ,179
LQS,340
QSN,99
SNE,140
NEY,90
EYF,85
YFS,139
FSG,413
SGK,524
GKV,403
KVK,220
VKS,247
KSI,205
SIG,373
IGF,293
GFT,353
FTS,247
TSS,305
SSS,380
SST,271
STG,351
TGR,382
GRA,381
RAS,341
ASV,595
SVG,396
VGV,542
GVM,280
VMA,324
MAE,271
AEG,514
EGE,400
GEY,200
EYA,200
YAF,141
AFS,412
FST,238
STA,382
TAA,718
AAP,494
APE,377
PEE,290
EEM,162
EMT,149
MTV,190
TVV,393
VVS,499
VSG,595
SGA,676
GAL,1061
ALN,658
LNV,416
NVL,401
VLL,1108
LLP,941
LPG,736
PGE,364
GET,443
ETE,209
TEW,67
EWK,56
WKV,48
KVY,98
VYA,247
YAA,357
AAG,1163
AGE,600
GEV,478
EVF,186
VFN,171
FNV,189
NVP,229
VPG,385
PGQ,203
GQS,234
QSE,163
SEF,143
EFH,64
FHL,107
HLQ,145
LQV,296
QVA,408
VAE,645
AEP,244
EPT,205
PTS,193
TSY,124
SYL,247
YLC,59
LCR,111
CRY,40
MLY,115
LYK,136
YKG,100
KGD,262
GDT,359
DTL,569
TLY,253
LYL,336
YLD,251
LDW,111
DWL,165
WLE,191
LED,362
EDG,251
DGI,331
GIA,769
IAE,563
AEL,823
ELV,552
LVF,358
VFD,233
FDA,314
DAP,336
APG,425
PGS,318
GSV,531
SVN,251
VNK,177
NKL,243
KLD,285
LDT,372
DTA,352
TAT,405
ATV,546
TVA,521
VAS,602
ASL,971
SLG,611
LGQ,359
GQA,341
QAL,1003
ALD,737
LDV,511
DVL,664
VLE,565
LEK,563
EKQ,237
KQT,157
QTD,149
TDL,281
DLK,285
LKG,473
KGL,415
GLL,1200
LLL,1809
LLR,916
LRS,427
RSN,137
SNK,116
NKA,201
KAA,588
AAF,519
AFI,372
FIV,248
IVG,580
VGA,695
GAD,442
ADI,506
DIT,290
ITE,273
TEF,121
EFL,205
FLS,329
LSL,1067
SLF,463
LFL,570
FLV,303
LVP,381
VPE,306
EEQ,243
EQL,641
QLS,464
LSQ,495
SQW,80
QWL,158
WLH,72
LHF,154
HFA,156
FAN,179
ANS,246
NSV,204
SVF,251
FNR,161
NRL,353
RLE,451
EDL,293
DLP,359
LPV,729
PVP,277
VPT,201
PTL,408
TLS,783
LSA,1136
SAI,551
AIN,391
ING,313
NGY,162
GYA,360
YAL,371
ALG,1158
LGG,795
GGG,633
GGC,109
GCE,74
CEC,13
ECV,50
CVL,112
VLA,1120
LAT,777
ATD,298
TDY,145
DYR,172
YRL,269
RLV,539
LVT,575
VTP,378
TPD,314
PDL,329
DLR,378
LRI,413
RIG,365
IGL,734
GLP,588
LPE,660
PET,284
ETK,105
TKL,195
KLG,389
LGI,782
GIM,154
IMP,109
MPG,205
PGF,200
GFG,401
FGG,391
GGS,473
SVR,279
VRM,110
RMP,94
MPR,76
PRM,64
RML,252
MLG,303
LGA,903
ADS,337
DSA,358
SAL,1059
ALE,889
LEI,326
EII,301
IIA,595
IAA,1034
AGK,564
GKD,244
KDI,216
DIG,263
IGA,639
GAE,448
AEQ,511
EQA,543
ALK,723
LKI,280
KIG,216
GLV,771
LVD,533
VDG,430
DGV,440
GVV,690
VVK,318
VKP,228
KPE,217
PEK,218
EKL,656
KLL,642
LLD,954
LDG,502
DGA,415
GAI,588
AIA,1096
IAV,591
AVL,1019
VLR,516
LRQ,661
RQA,472
QAI,448
AID,461
IDG,374
DGS,375
GSL,707
SLD,439
DWK,46
WKA,78
KAK,256
AKR,386
KRQ,168
RQP,207
QPK,94
PKL,190
KLE,298
LEP,264
EPL,343
PLK,256
LKL,472
KLS,368
LSK,366
SKI,175
KIE,194
IEA,465
EAA,744
AAM,381
AMS,208
MSF,107
SFT,229
FTI,148
TIA,468
IAK,304
AKG,415
KGM,133
GMV,293
MVA,297
VAQ,496
AQT,374
QTA,295
TAG,477
GKH,97
KHY,60
HYP,81
YPA,225
PAP,376
APM,108
PMI,93
MIA,265
AVK,460
VKT,241
KTI,243
TIE,235
AAA,1524
AAR,870
ARF,364
RFG,339
FGR,240
GRE,299
REE,295
EEA,468
EAL,978
LNL,557
NLE,211
LEN,446
ENK,122
NKS,110
KSF,144
SFV,209
FVP,202
VPL,420
PLA,763
LAH,344
AHT,141
HTN,49
TNE,112
NEA,248
EAR,469
ARA,754
RAL,850
ALV,1112
LVG,792
VGI,461
GIF,248
IFL,314
FLN,202
LND,355
NDQ,105
DQF,90
QFV,138
FVK,119
VKG,297
KGK,265
GKA,431
AKK,318
KKL,332
KLT,360
LTK,270
TKD,110
KDV,212
DVE,293
VET,341
ETP,253
TPK,132
PKQ,88
KQA,258
QAA,662
AAV,992
VLG,736
GAG,875
AGI,812
IMG,149
MGG,250
GGI,568
IAY,162
AYQ,124
YQS,106
QSA,297
SAW,157
AWK,92
WKG,61
KGV,335
GVP,393
VPV,456
PVI,401
VIM,135
IMK,61
MKD,102
DIN,235
IND,263
NDK,131
DKS,141
KSL,389
SLT,612
LTL,1165
TLG,625
LGM,337
GMT,218
MTE,139
TEA,367
AAK,595
AKL,485
LLN,699
LNK,276
NKQ,89
KQL,337
QLE,374
LER,531
ERG,340
RGR,281
GRI,439
RID,284
DGL,484
GLK,415
KLA,614
LAG,1329
AGV,941
GVI,590
VIS,457
IST,286
STI,235
TIH,99
IHP,99
HPT,95
TLN,459
LNY,207
NYA,133
YAG,283
AGF,484
GFD,281
FDR,187
DRV,350
RVD,258
VDV,421
DVV,492
VVV,680
VVE,469
VEA,566
EAV,592
AVV,776
VEN,259
ENP,196
NPK,104
PKV,141
VKK,239
KKA,291
KAV,446
LAE,1070
AET,380
TED,181
EDN,163
DNV,276
NVR,210
VRP,192
RPD,288
PDT,211
DTV,313
TVL,580
LAS,971
ASN,215
SNT,156
NTS,178
TST,244
TIP,222
IPI,131
PIS,136
ISE,302
SEL,500
ELA,898
ASA,833
LKR,433
KRP,131
RPE,244
PEN,220
ENF,106
NFC,16
FCG,67
CGM,28
GMH,48
MHF,32
HFF,82
FFN,115
FNP,143
NPV,193
PVH,100
VHR,104
HRM,35
MPL,234
PLV,536
LVE,572
VEI,309
IIR,237
IRG,254
RGE,392
GEK,350
EKS,206
KSS,167
SSD,260
SDE,301
DET,229
ETI,254
AKV,346
KVV,336
VVA,844
VAW,148
AWA,183
WAS,85
ASK,260
SKM,63
KMG,115
MGK,98
GKT,505
KTP,226
TPI,185
PIV,222
IVV,407
VVN,318
VND,260
NDC,27
DCP,50
CPG,54
GFF,211
FFV,195
FVN,150
VNR,208
NRV,230
RVL,617
VLF,455
LFP,272
FPY,62
PYF,87
YFA,183
FAG,450
GFS,404
FSQ,222
SQL,424
QLL,741
LRD,597
RDG,340
ADF,315
DFR,165
FRK,127
RKV,236
KVD,220
VDK,224
DKV,277
KVM,131
VME,149
MEK,145
KQF,120
QFG,184
FGW,91
GWP,64
WPM,22
PMG,80
MGP,87
GPA,278
PAY,168
AYL,313
YLL,463
VVG,601
GID,449
IDT,277
TAH,139
AHH,88
HHA,105
HAQ,133
AQA,759
QAV,467
AVM,317
MAA,419
GFP,162
FPQ,109
PQR,192
QRM,124
RMQ,82
MQK,115
QKD,96
KDY,112
YRD,167
RDA,466
DAI,552
IDA,554
DAL,1096
ALF,661
LFD,362
DAS,397
ASR,507
SRY,222
RYG,247
YGQ,108
GQK,181
QKN,85
KNG,198
NGL,410
GLG,763
LGF,474
GFW,62
FWR,77
WRY,80
RYK,94
YKE,78
KED,152
EDS,151
DSK,126
SKG,243
GKP,394
KPK,108
PKK,87
KKE,145
KEE,183
EED,172
EDA,327
DAA,746
AVD,471
VDS,289
DSL,483
SLL,1115
LLA,2000
AEV,498
EVS,263
VSQ,312
SQP,221
PKR,108
KRD,172
RDF,168
DFS,225
FSD,227
DEE,262
EEI,335
IAR,657
ARM,210
RMM,82
MMI,72
MIP,103
IPM,101
PMV,117
MVN,118
VNE,201
NEV,180
EVV,431
VVR,424
VRC,57
RCL,116
CLE,80
LEE,582
EEG,356
EGI,359
GII,500
IAS,575
ASP,319
SPA,371
PAE,314
AEA,699
EAD,294
ADM,199
DMA,183
MAL,523
LVY,219
VYG,225
YGL,369
FPP,100
PPF,98
PFH,62
FHG,95
HGG,172
GGA,655
GAF,358
AFR,286
FRW,32
RWL,265
WLD,178
LGS,506
GSA,504
SAK,279
AKY,151
KYL,162
LDM,198
MAQ,235
AQQ,495
QQY,120
QYQ,117
YQH,69
QHL,240
HLG,196
LGP,260
GPL,359
PLY,221
LYE,196
YEV,124
EVP,161
PEG,341
EGL,506
GLR,585
LRN,363
RNK,127
KAR,367
ARH,249
RHN,105
HNE,70
NEP,118
EPY,66
PYY,66
YYP,78
YPP,65
PPV,193
PVE,298
VEP,196
EPA,218
PAR,298
ARP,270
RPV,300
PVG,336
VGD,364
GDL,474
LKT,416
MDH,25
DHL,152
HLP,223
LPI,309
PIF,94
IFC,62
FCQ,43
CQL,78
QLR,449
RDR,252
DRD,199
RDC,51
DCL,79
CLL,180
LLV,1076
VGG,543
GGD,368
GDV,467
DVA,590
AER,637
ERK,188
RKA,313
ARL,917
RLL,1007
LLE,909
LEA,769
EAG,567
AGA,1005
GAR,417
RLT,539
LTV,596
TVN,257
VNA,441
NAL,744
ALA,2024
LAF,529
FIP,218
IPQ,175
PQF,105
QFT,121
FTV,266
TVW,77
VWA,103
WAN,52
ANE,206
NEG,149
EGM,156
GML,382
MLT,278
TLV,630
VEG,400
EGA,407
AFE,229
FEE,138
EES,250
ESL,539
DGC,64
GCW,25
CWL,50
WLA,387
LAI,812
AAT,698
TDD,224
DDD,260
DDA,495
DAV,600
AVN,385
VNQ,188
NQQ,169
QQV,313
QVS,250
VSE,368
SEA,356
AAE,783
AES,381
ESR,242
SRR,334
RRI,351
RIF,170
FCN,27
CNV,36
NVV,291
VVD,484
VDA,571
APK,169
PKA,203
AAS,785
ASF,311
SFI,236
FIM,86
MPS,98
PSI,170
SII,296
IID,299
IDR,261
DRS,179
RSP,181
SPL,462
PLM,201
LMV,269
VAV,717
AVS,644
VSS,394
SSG,455
SGG,576
GGT,442
GTS,315
TSP,198
SPV,300
PVL,576
LAR,1003
LRE,777
REK,304
LES,458
LPQ,345
PQH,84
GQV,334
VAH,213
AHY,137
HYA,123
AGQ,442
GQL,435
LRA,788
RAR,453
ARV,499
RVK,251
KKQ,139
QFA,221
FAT,274
ATM,145
TMG,106
MGE,150
GER,409
ERR,308
RRR,331
RRF,299
RFW,47
FWE,26
WEK,53
KLF,237
LFI,424
FIN,159
NDR,151
DRL,464
RLA,907
LAQ,950
AQS,359
QSL,414
SLA,898
LAN,541
ANA,464
NAD,281
ADA,747
DAK,250
AKA,666
SEI,237
EIT,301
TEQ,218
EQM,140
QML,222
MLS,302
LSE,535
SEP,166
PLD,308
LDH,145
DHR,85
HRG,121
VVL,771
VLV,756
AGP,232
GPG,236
PGD,287
GDA,492
DAG,514
AGL,1196
LLT,1020
TLK,443
GLQ,334
LQQ,524
QQI,270
QIQ,147
IQQ,181
QQA,543
QAD,295
ADV,581
VVY,163
VYD,159
YDR,120
LVS,651
VSD,349
SDD,276
DDI,332
DIM,85
IMN,54
MNL,136
NLV,316
LVR,491
VRR,343
RRD,281
DAD,392
ADR,392
RVF,200
VFV,258
FVG,297
VGK,304
GKR,319
KRA,284
RAG,503
AGY,362
GYH,71
YHC,14
HCV,41
CVP,43
VPQ,190
PQE,198
QEE,180
EIN,192
INQ,195
NQI,139
QIL,319
ILL,881
REA,574
EAQ,354
AQK,299
QKG,181
KGR,226
GRR,322
RRV,357
RVV,409
VRL,480
RLK,381
KGG,213
GDP,177
DPF,117
PFI,211
FIF,156
IFG,271
GRG,361
RGG,337
GGE,432
GEE,333
EEL,518
ELE,505
LET,385
ETL,678
TLC,157
LCH,64
CHA,53
HAG,224
GIP,342
IPF,194
PFS,228
FSV,294
SVV,476
VVP,356
PGI,301
GIT,504
ITA,495
ASG,762
SGC,123
GCS,118
CSA,112
SAY,159
AYS,179
YSG,189
SGV,575
PLT,489
LTH,217
THR,107
HRD,105
RDY,161
DYA,218
YAQ,187
QSV,238
VTG,573
TGH,166
GHL,231
HLK,114
KTG,300
TGG,465
GEL,714
ELD,397
DWE,57
WEN,46
ENL,347
NLA,454
LAA,1756
AEK,499
QTL,563
VFY,109
FYM,33
YMG,54
MGL,297
GLN,417
LNQ,303
NQA,190
ATI,376
TIQ,119
IQE,144
QEK,209
KLI,358
LIA,1049
IAF,358
AFG,418
FGM,109
GMQ,104
MQA,162
DMP,105
MPV,228
PVA,577
VAL,1169
ENG,353
NGT,237
GTA,453
TAV,434
VKQ,194
KQR,191
QRV,367
GVL,807
AQL,719
QLG,440
LGE,544
LAK,701
AKQ,230
KQV,194
QVE,245
VES,310
ESP,145
PAL,808
ALI,966
LII,454
IIV,301
VGR,357
GRV,423
ALR,1063
RDK,173
DKL,418
KLN,249
LNW,70
NWF,29
WFS,85
FSN,140
MLN,209
LNS,351
NSA,260
SAM,224
MSV,184
VVI,510
VIL,587
ILA,785
GKG,385
KGT,208
GTR,249
TRM,99
RMY,41
MYS,36
YSD,133
SDL,428
LPK,274
KVL,447
VLH,239
LHT,174
HTL,247
TLA,1101
KAM,171
AMV,287
MVQ,103
VQH,105
QHV,132
HVI,132
VID,442
AAN,451
NEL,337
ELG,550
GAS,602
ASQ,345
SQV,231
QVH,67
VHL,165
HLV,215
YGH,81
GHG,160
DLL,723
LLK,688
LKN,345
KNT,129
NTL,456
KND,121
NDN,112
DNL,325
NLN,232
NWV,41
WVL,119
VLQ,346
LQA,569
QAE,295
LGT,485
GTG,502
GHA,219
HAM,50
AMQ,143
MQQ,140
APF,238
PFF,152
FFS,223
DDE,296
DED,189
EDI,244
DIL,474
ILM,163
LML,489
LYG,342
YGD,176
DVP,262
PLI,433
LIS,581
ISV,362
SVE,302
TLQ,392
LQR,443
QRL,684
RLR,680
AKP,209
KPQ,134
PQG,236
QGG,266
GIG,652
TVK,284
VKL,336
LDD,494
DDP,197
DPS,162
PSG,310
SGY,266
GYG,268
YGR,167
RIT,300
ITR,325
TRE,307
REN,187
NGK,304
KVT,280
TGI,400
GIV,561
IVE,340
VEH,153
EHK,59
HKD,56
KDA,265
DAT,358
TDE,231
DEQ,294
EQR,306
QRQ,262
RQI,237
QEI,202
INT,239
NTG,220
GIL,583
ILI,384
IAN,321
ANG,432
NGA,334
DMK,65
MKR,154
KRW,69
LTN,278
TNN,131
NNN,99
NNA,207
NAQ,227
AQG,478
QGE,313
EYY,74
YYI,67
YIT,123
ITD,298
TDI,242
DII,295
IAL,991
LAY,281
YQE,124
QEG,221
EGR,322
REI,324
EIA,517
AVH,148
VHP,103
HPD,158
PDR,165
RLS,635
SEV,296
EVE,292
EGV,429
GVN,309
VNN,167
NNR,119
RLQ,358
LQL,500
LSR,652
SRL,638
ERV,435
RVY,147
VYQ,129
SEQ,260
VML,353
MLR,254
RDP,169
DPA,330
RFD,240
FDL,290
LRG,512
RGA,400
ALT,947
THG,130
HGR,122
GRD,273
RDV,380
EID,274
DTN,120
TNV,170
NVI,233
VII,349
IIK,184
IKG,239
KGN,153
GNV,347
NVT,289
VTL,755
LGH,228
GHR,138
HRV,147
VKI,202
AGC,184
GCV,109
CVI,68
VIK,278
IKN,170
KNS,146
SVI,400
VIG,626
IGD,329
GDD,295
DDC,47
DCD,39
CDI,57
DIS,314
ISP,286
SPY,144
PYS,99
YSV,185
VED,260
DAH,171
AHL,272
HLE,166
AAC,205
ACT,77
CTI,39
TIG,299
IGP,218
GPF,133
PFA,228
FAR,350
LRP,360
RPG,288
PGA,433
ELR,500
REG,385
GAH,155
AHV,163
HVG,108
VGN,231
GNF,147
NFV,137
FVE,194
VEM,136
EMK,117
MKK,216
RLG,583
LGK,434
KGS,197
GSK,183
SKA,271
KAG,437
AGH,189
HLS,208
LSY,250
YLG,276
LGD,481
DAE,394
AEI,477
EIG,281
GDN,249
NVN,147
VNI,240
NIG,224
AGT,513
GTI,318
TIT,335
ITC,56
TCN,36
CNY,19
NYD,85
YDG,145
GAN,330
ANK,184
NKF,70
KFK,73
FKT,110
TII,226
IIG,474
DDV,355
DVF,203
VGS,367
GSD,295
SDT,206
DTQ,176
TQL,357
QLV,397
LVA,1037
VAP,378
APV,536
PVT,342
VTV,481
TVG,384
KGA,338
GAT,586
GTT,343
TTV,296
TVT,388
VTR,338
TRD,219
VAD,515
ADN,273
DNE,143
LVL,966
VLS,664
SRV,334
RVP,204
PQV,235
VHK,68
HKQ,50
KQG,189
QGW,79
GWQ,140
WQR,126
QRP,146
RPA,292
PAK,232
MTD,120
TDH,68
DHT,68
HTM,41
TMK,92
KKN,115
KNP,121
NPA,309
PAS,407
ASI,410
SIP,258
IPH,86
PHS,71
HSI,93
SIW,55
IWP,59
WPA,90
PAD,386
ADE,395
DEI,339
EIK,208
IKR,249
RAE,388
ERE,315
AAD,627
LGL,1124
GLT,702
YEL,164
ELM,194
GEA,500
AFQ,161
FQV,96
VAR,594
ARD,357
DAY,161
AYP,113
YPD,120
PDS,249
DSR,211
RRW,111
WLV,219
VLC,144
LCG,177
CGH,47
HGN,110
GNN,169
NNG,166
NGG,294
GDG,358
DGY,168
GYV,251
YVV,149
GIE,364
IEV,250
EVT,331
TLL,1282
AQE,324
QES,153
ESD,202
SDK,217
DKP,221
KPL,377
PLP,450
AAQ,648
QAR,380
ARE,612
EAW,125
AWL,403
WLN,146
LNA,711
NAG,399
AGG,712
GGV,639
VIH,136
IHA,168
HAS,157
ASD,374
SDI,311
IIW,70
WPD,84
PDH,68
DHI,109
HID,129
IDV,325
DVI,394
ALL,2059
LLG,1159
TGL,611
LTQ,429
TQA,312
QAP,175
APR,230
PRT,147
RTS,170
TSL,521
SLS,736
LST,462
STL,698
TLI,555
LIE,460
IER,366
ERA,398
RAN,200
NSH,68
SHP,122
HPA,210
PVV,506
VAI,660
IDI,267
DIP,306
IPS,199
SGL,785
QTG,248
TGA,562
ATP,380
TPG,332
GAV,690
VMN,122
MNA,133
NAA,526
AAH,295
HTV,114
VTF,256
TFV,180
FVA,403
LKP,337
KPG,294
PGL,460
LTG,899
TGK,402
ALH,327
HFD,137
GLE,495
ESW,85
SWL,201
GQE,160
QEV,232
EVR,318
VRI,276
RIQ,168
IQR,215
QRF,226
RFA,370
FAA,609
LSH,262
SHW,36
HWL,88
WLT,192
LTP,596
TPR,231
PRR,186
RRP,215
RPT,182
TSH,95
SHK,59
HKG,81
GDH,82
DHG,112
GRL,543
LVI,596
IGG,567
HGT,144
AIR,523
IRM,84
RMT,104
MTG,179
TGE,439
AAL,1831
VRV,337
VLT,580
LTR,603
TRS,261
RSE,178
SEN,172
ENI,245
NIA,353
IAP,391
APL,630
PLL,906
LTA,956
TAR,381
PEL,509
MVH,53
VHE,88
HEL,190
ELT,473
TPQ,248
PQS,166
DDS,219
SLQ,321
LQW,71
QWA,68
WAD,69
GQQ,245
QQE,231
QEW,47
EWG,78
WGK,58
GKK,286
KAL,739
ALQ,608
LQK,286
QKA,264
KAE,286
AEN,332
NFR,114
RKP,148
KPM,72
PML,195
MLW,48
LWD,87
WDA,82
NLL,550
INP,225
NPD,233
PDK,206
DKR,229
KRH,104
HNR,69
RVI,378
VIT,383
ITP,339
TPH,108
PHP,72
HPG,137
LGC,142
CSV,88
SVA,618
EIE,287
IES,264
SDR,240
LLS,1191
SAR,443
ARR,627
RRL,623
LVK,425
VKR,299
KRY,156
YGG,195
GVA,776
VLK,429
GTV,418
VAA,1055
QSH,74
SHA,167
HAL,353
AGN,409
GNA,332
AGM,362
GMA,330
MAS,204
GGM,262
GMG,265
MGD,138
LSG,1091
SGI,527
QKF,62
KFS,110
FSP,251
PYD,81
YDA,237
ACA,177
CAG,112
CVA,123
AHG,207
HGA,178
GAA,873
ARY,305
YGT,144
TRG,250
RGM,150
MLA,510
DLF,273
LFS,574
QRI,321
RIV,351
IVN,244
VNP,213
PDV,316
DVN,202
VNH,94
NHD,58
HDE,94
DES,247
ESS,184
SSN,161
SNS,171
MKF,51
KFI,117
FII,191
IKL,256
FPE,145
PEI,252
ITI,233
TIK,185
IKS,176
KSQ,106
SQS,202
LRF,331
RFI,234
FIK,126
IKI,130
KIL,275
ILT,459
TGN,286
GNI,283
NIR,182
IRN,180
RNV,194
LKH,116
HYD,61
YDE,149
LAV,1043
VRH,168
RHW,48
HWD,29
WDN,54
DNI,199
NIE,164
VRA,447
RDE,294
DEN,211
ENQ,137
NQR,156
IRD,280
TRI,276
RIP,203
IPG,323
GIH,136
IHH,74
HHI,63
HIL,177
ILE,326
LEV,377
EDV,245
VPF,199
PFT,193
FTD,196
TDM,88
DMH,40
MHD,49
HDI,141
DIF,157
IFE,120
FEK,168
EKA,435
LVQ,354
VQY,84
QYR,108
LEG,484
EGK,348
KTF,167
TFC,39
FCV,69
CVR,53
KRR,203
RRG,357
RGK,235
KHE,49
HEF,69
EFS,177
FSS,294
SSI,276
SIE,211
VER,393
ERY,198
RYV,189
YVG,174
GGL,679
NQH,68
QHI,128
HIE,140
ESA,410
TNP,160
DVT,350
TVH,111
EDD,201
DDR,196
LLI,871
LIK,292
GRY,220
RYE,125
YEG,127
GGF,324
FPI,78
PIG,202
IGT,311
GTQ,197
TQE,173
QED,93
SLI,528
ISG,526
FDS,204
DSG,317
GVS,622
SSY,162
SYM,50
YML,87
MLM,137
LMR,226
MRR,128
RGC,55
GCR,77
CRV,70
RVH,120
VHY,60
HYC,22
YCF,32
CFF,38
FNL,243
NLG,311
AHE,142
HEI,98
IGV,466
GVR,421
VRQ,356
RQV,301
HYL,148
YLW,57
LWN,72
WNR,36
NRF,155
FGS,256
GSS,362
SSH,122
SHR,105
RVR,330
VRF,236
RFV,272
INF,124
NFE,80
FEP,118
EPV,303
VGE,376
GEI,476
EIL,414
EKV,345
VDD,345
DDG,291
DGQ,251
GQM,115
QMG,108
MGV,230
KRM,101
MMV,70
MVR,144
RAA,718
SKV,174
KVA,389
YGV,254
GVQ,275
VQA,385
SSQ,219
SQT,183
TLT,710
TNL,210
NLR,283
LRL,837
RLI,505
LID,535
IDN,229
NVS,279
LIL,749
ILR,428
RPL,372
ISY,144
SYD,116
YDK,98
DKE,162
KEH,69
EHI,157
HII,117
IIN,260
INL,316
ARQ,524
QIG,199
GTE,236
EDF,148
DFA,289
ART,382
RTM,94
TMP,94
MPE,156
PEY,128
EYC,28
YCG,47
CGV,132
ISK,152
SKS,175
KSP,117
SPT,183
PTV,200
VKA,483
KAI,394
AIK,326
IKA,352
AKI,304
EAE,436
AEE,456
EEE,302
EEH,109
EHF,111
FDF,160
FSI,239
SIL,394
ILD,401
LDK,391
VEE,349
EAS,327
SNV,184
NVD,214
VDI,328
DIR,285
IRE,319
IAQ,483
QQT,211
TGQ,264
GQD,153
QDV,221
VEV,341
ETV,324
TVS,441
SGF,310
FGP,173
GPN,103
PND,105
NDV,208
LDI,463
IRS,233
RSV,284
SVD,332
VDE,380
EQD,158
QDD,152
DDK,170
IEG,312
GVD,461
VSL,645
SLP,523
LPF,316
PFY,103
FYK,61
YKL,110
STK,112
TKF,70
KFG,134
FGD,228
DLD,325
LDQ,258
DQS,90
QSK,114
SKT,199
KTW,68
TWL,164
WLL,335
LLW,235
LWC,25
WCE,22
CER,65
RGV,391
VMS,179
MSR,150
ALY,368
YLR,239
REQ,317
EQG,394
QGF,202
GFQ,124
FQN,70
QNV,170
NVK,170
VKV,312
VYR,137
MSE,187
EQI,286
QIV,220
IVT,334
VTS,319
TSE,189
IIT,318
TPV,387
VPD,228
DKN,135
GKI,359
KIN,155
LDL,578
DLN,310
LNR,370
NRQ,152
RQQ,360
QQM,110
QMR,87
MRE,166
REF,172
EFF,110
FFK,77
FKE,108
KEL,361
EKP,190
KPF,167
PFR,134
FRA,258
RAD,306
ADQ,189
DQV,191
QVM,130
VMK,91
MKW,17
KWM,22
WMY,19
MYH,28
YHY,41
YCS,49
CSD,38
SDN,183
DNF,149
NFD,147
FDE,231
DEM,135
INK,159
NKV,157
GKL,547
KLK,293
LKE,464
KEV,245
EVA,467
EIR,294
IRA,372
RAP,193
PEV,273
QRS,190
RSS,226
SDG,307
DGT,356
IKW,30
KWA,42
WAI,58
AVG,648
GDQ,148
DQR,121
RVE,334
TVY,142
VYI,116
YIP,104
IPE,240
PED,220
DRA,297
RAT,301
ATL,1009
LCV,125
CVS,86
QVG,248
VGC,106
GCA,136
CAL,189
LEC,69
ECK,24
CKF,9
KFC,22
FCS,56
CST,59
TAQ,348
QQG,307
GFN,200
NRN,97
RNL,310
LRV,512
RVS,304
IGQ,229
QVW,73
VWR,94
WRA,127
KIV,264
GQR,263
RPI,131
PIT,171
ITN,145
VVM,243
VMM,108
MMG,111
MGM,90
GEP,324
NLT,340
VPA,475
PAM,159
AME,176
MEI,102
EIM,80
IML,227
MLD,255
DDF,206
DFG,195
FGF,199
FGL,498
GLS,739
SKR,153
RVT,344
STS,280
TSG,395
GDM,138
DMI,85
MID,106
AIS,525
ISL,573
SLH,187
LHA,312
HAP,139
APN,113
NDE,181
EIV,381
IVP,265
VPI,164
PIN,90
INR,225
NRK,105
RKY,78
KYN,61
YNI,89
IET,267
ETF,200
TFL,247
FLD,262
LDA,859
AVR,507
RRY,204
RYL,364
YLQ,192
QKS,117
KSN,104
SNA,251
NAN,160
ANQ,166
NQG,112
QGR,269
VTI,314
IEY,84
EYV,150
YVM,69
HIN,78
NDG,176
TEH,97
EHA,185
HAH,71
AHQ,156
HQL,205
QLA,813
ELL,880
LKD,341
KDT,136
DTP,216
TPC,48
PCK,20
CKI,23
NLI,248
LIP,367
IPW,62
PWN,42
WNP,23
NPF,122
PFP,100
FPG,179
GAP,322
APY,132
PYG,128
GRS,268
NSR,164
SRI,297
DRF,215
RFS,272
FSK,132
VLM,281
LMS,245
MSY,66
SYG,155
YGF,145
FTT,214
TTI,248
TIV,262
IVR,319
VRK,249
RKT,197
KTR,207
RGD,257
DID,340
ACG,174
CGQ,49
AGD,483
DRT,160
RTK,109
TKR,146
KRT,178
RTL,554
TLR,642
LRK,396
RKR,207
MQG,119
EAI,535
DIK,186
MKI,129
KIY,97
IYL,206
YLV,245
VRD,311
PVK,202
VKD,231
KDK,160
DKD,184
KDW,37
DWV,84
WVV,107
QEM,121
EML,270
GYQ,185
YQQ,205
DFP,111
FPV,185
PVF,251
VFL,339
FLH,111
LHP,172
HPQ,116
PQT,215
QTR,221
EEY,118
RTE,210
TER,217
RKS,175
KSG,271
SGS,498
GSG,573
GYT,235
YTG,186
TGF,264
FTC,35
TCY,29
CYA,50
APD,289
TLE,571
DLQ,274
QRR,284
RDL,417
DLT,381
LTI,452
TIN,207
INA,404
AQD,251
DGH,112
GHI,151
HIV,119
IVD,342
VDP,244
DPY,80
PYQ,75
YQG,162
LDN,382
DNR,155
LRH,304
RHV,125
HVS,118
VSP,287
PAF,279
FSE,204
SED,175
EDP,129
DPL,299
PLR,366
RVA,550
RYA,266
YAH,79
LSF,377
SFR,153
FRI,131
RIA,536
IAD,518
LAL,1768
ALM,467
MRD,135
RDM,96
DMT,110
MTA,215
LEH,219
EHL,212
HLT,188
TPE,421
PER,260
RVW,95
VWK,39
WKE,50
KET,190
TEN,159
ENA,365
LTT,440
TTR,222
TRN,200
RNP,143
NPQ,224
QVF,156
VFF,174
FFQ,82
QVL,457
DCG,56
CGA,144
EVD,255
LFG,562
FGV,339
APA,622
AKW,53
KWH,17
WHP,32
HPE,164
DTG,251
IHT,97
TLM,243
LMT,251
MTL,305
LSM,221
SMA,183
AML,466
LSP,481
SPN,112
PNV,131
DVR,271
CHD,20
HDL,180
DLG,387
ALW,234
LWP,116
WPR,29
PRH,86
RHH,108
HHG,91
HGH,71
HGP,84
PAG,481
GVK,399
KLV,379
VEQ,340
QLC,73
LCQ,84
CQR,59
VPN,112
PNE,73
NEI,193
DLA,606
AEF,260
FHD,74
DLI,391
LIH,188
HTF,74
TFP,107
PIL,240
ILQ,269
LQP,278
PKT,142
IVK,219
DSI,234
SID,222
DAW,139
AWR,181
WRK,90
QIA,374
LTS,460
VRG,324
GRT,312
RTG,315
GFE,226
FEA,220
SDY,148
DYP,141
YPQ,137
GRW,94
WLR,211
AVP,339
PTK,109
TKE,155
GFK,153
FKG,122
TRR,274
AVA,1074
VAN,296
ANW,68
NWK,40
KER,207
RRC,90
RCP,46
CPK,27
PKP,115
MTT,173
TTN,130
TNY,78
NYI,113
YIF,75
IFV,211
FVT,233
SSL,635
KGI,290
AAI,907
AIL,807
ARG,434
RGL,479
TIM,87
MKL,195
LDP,344
PYI,120
YIN,102
INV,209
DPG,138
PGT,281
GTM,125
TMS,88
MSP,92
SPI,134
PIQ,75
IQH,86
QHG,113
HGE,158
VTE,314
ETD,170
GHY,92
HYE,62
YER,100
ERF,303
FIR,212
IRT,255
TKM,49
KMS,69
RRN,168
RNN,120
NNF,75
NFT,132
TTG,332
RIY,133
IYS,161
SDV,343
RKE,187
GDY,196
DYL,351
TVQ,191
VQV,246
QVI,305
VIP,300
PHI,130
HIT,121
TNA,191
NAI,326
IKE,223
ERI,402
RII,296
IIE,274
EGG,333
GEG,393
EGH,120
GHD,130
HDV,133
GDI,414
DIE,279
PFL,250
FLE,199
IRQ,323
RQL,580
IGR,344
REH,138
LFM,141
FMH,23
MHL,51
VPY,130
PYM,32
YMA,81
EVK,264
KTK,111
TKP,108
KPT,143
PTQ,144
TQH,78
QHS,91
HSV,138
SVK,253
VKE,319
LSI,465
IGI,475
GIQ,224
IQP,144
QPD,195
PDI,237
LIC,136
ICR,61
CRS,67
RSD,201
RAV,433
PAN,230
NER,147
RAK,232
KIA,353
LFC,116
NVA,366
AVI,680
SLK,365
DVD,268
SIY,111
IYK,76
YKI,79
KIP,110
PGM,178
MLK,206
LKS,383
SQG,217
QGL,399
GLD,483
DDY,165
DYI,166
YIC,31
ICK,34
CKR,40
KRF,165
FSL,497
LDC,67
CPE,42
PEA,398
EAN,191
ANL,398
AEW,87
EWE,57
WEQ,61
EQV,350
VIY,186
IYE,98
YEE,103
ANP,262
IGM,182
MVG,207
GKY,154
KYI,109
YIE,120
IEL,418
ELP,355
LPD,518
PDA,448
AYK,113
YKS,87
KSV,259
VIE,350
KHG,116
KNR,121
NIK,142
IDS,293
DSQ,182
SQD,138
ETR,254
GVE,445
ILK,253
KDL,289
PGG,388
FGY,167
GYR,235
YRG,141
VAT,497
ATA,637
YAR,224
ENN,142
NNI,161
NIP,197
IPY,105
PYL,187
GIC,85
ICL,104
CLG,85
MQV,105
IEF,113
EFA,210
ARN,280
VAG,804
GME,129
MEN,99
NST,162
STE,168
EFV,167
PDC,52
DCK,17
CKY,15
KYP,91
YPV,140
LIT,455
EWR,84
WRD,111
NGN,173
NVE,196
VRT,252
TEK,209
KSD,136
TMR,84
MRL,239
GAQ,313
AQM,144
QMC,15
MCQ,4
LSD,632
SLV,607
RQM,115
QMY,29
MYG,66
GTP,363
TPT,200
PTI,177
ERH,105
RHR,144
HRH,67
HRY,82
EVN,188
NNM,57
NML,153
MLL,458
QIE,185
IAG,731
AGR,536
RSG,398
SGD,375
DDQ,125
DQL,275
PNH,45
NHP,96
HPW,24
PWF,62
WFV,68
VAC,129
ACQ,80
CQF,23
QFH,52
FHP,75
PEF,153
EFT,178
STP,229
PRD,134
GHP,118
HPL,234
PLF,351
LFA,622
GFV,311
ASE,369
SEY,118
EYQ,123
YQK,87
QKR,158
DAQ,375
QTI,188
IAT,478
KAT,261
IPL,497
ETG,371
TGP,203
GPK,110
AHF,114
HFY,48
FYD,94
DRM,91
RMF,64
MFT,86
FTH,92
THN,88
HNP,103
NPE,208
ELK,410
KEI,265
EIF,172
IFN,124
FNM,43
NMS,95
MSN,107
SNQ,108
QRN,140
RNG,260
NGD,228
QRE,222
LFN,291
FNA,233
AAY,286
AYA,278
YAS,231
SNI,200
IEN,214
NLP,324
LPA,906
PAV,459
AVE,552
VEK,321
EKI,266
QKH,69
KHT,59
HTS,90
TSF,168
SFQ,80
FQI,79
QIK,134
IKP,185
PEQ,294
EQY,141
QYN,55
NIV,225
GGH,158
HLL,344
TLD,505
LDE,666
EMF,72
MFS,119
SPG,221
EVL,538
VLD,512
AWG,121
KAY,130
AYG,227
ANV,312
NVF,150
VFI,254
NRE,165
AQI,342
QIY,85
YSE,124
NAS,313
SKN,129
GGW,148
GWE,49
WEG,58
EGT,213
TRP,209
RPF,130
IVA,630
VAK,409
AKT,325
PRS,155
RSA,425
ITS,279
SFE,138
FEF,71
EFE,138
PVD,286
DGG,296
GGP,181
GPV,280
AEY,221
EYH,45
YHP,56
GQY,135
QYL,186
LGV,859
GVW,110
VWL,230
WLK,136
EGF,225
FPH,68
PHQ,81
HQE,80
RQY,120
QYS,81
YSL,275
TRK,182
KPD,172
PDG,389
DGK,391
KGY,180
YRI,159
KRE,174
RED,211
GGQ,283
SSW,74
LHN,134
HNH,31
NHA,125
DIV,355
IVH,110
HLA,304
GDF,192
DFF,170
FFM,72
FMD,58
MDV,120
TDT,215
PVS,408
ISA,598
SAG,590
GVG,611
VGQ,239
GQT,229
QTP,185
TPM,93
LAM,408
TKA,212
KAN,186
ANH,93
NHT,65
HTA,129
AQV,430
QVN,170
VNW,55
WFH,17
FHA,109
HAA,280
DVH,95
VHA,175
HAF,125
AFA,604
FAD,328
DEV,406
KTL,479
TLP,586
LPR,337
PRF,130
RFT,249
FTA,318
HTW,26
TWY,48
WYR,44
YRE,164
REP,149
PTE,160
AFD,287
DST,198
GLM,300
LMD,177
MDL,124
ISD,284
SDP,176
MQF,56
QFY,68
FYL,169
CGP,58
VGF,340
GFM,95
FMQ,85
QLT,443
KSE,140
NIH,89
IHY,60
YEC,14
ECF,25
CFG,58
GPH,67
PHK,60
HKV,90
MKV,123
FER,192
VMV,262
MVV,211
DVM,163
LDR,357
DRY,167
RYW,69
YWY,21
WYG,50
YGP,124
GPT,188
TSR,230
RIS,318
SPE,328
EAP,192
VDT,264
DTI,213
IEE,294
EER,268
ERP,143
VAM,272
AMN,142
MNI,132
VGL,751
IDD,312
ALS,1127
LAD,898
VNV,316
VKC,34
KCD,31
CDF,34
DFV,235
FVS,249
VSV,520
SVP,292
PTH,70
THP,114
ITK,153
KLR,338
SRN,159
RNQ,128
QQL,613
QLI,436
LIR,432
IRL,368
RLD,446
LDF,251
DFE,125
FEG,161
LPL,965
PLH,176
LHE,176
HER,87
RIN,192
GSI,339
YAK,123
SVQ,216
VQQ,234
QMI,79
MIQ,71
IQL,250
ARK,352
VLI,607
IDP,256
DPK,146
PKG,188
GTD,227
TDF,151
RYR,211
TPN,114
PNL,158
NLS,379
GKC,44
KCK,15
CKS,35
SEE,265
GMK,125
FSA,491
QGM,147
LLQ,708
QPG,274
PGK,271
KAP,192
LHM,53
HMP,29
MPT,107
QAQ,353
EVY,131
YDV,149
TVI,355
GNS,241
NSL,349
SLE,436
EAC,82
ACY,45
CYF,17
STV,272
PIE,134
NAV,403
ADT,320
VMT,171
LKQ,315
KRG,245
MTN,100
TNG,191
NGV,338
GVF,281
FDI,199
ILH,163
GHV,160
VSY,176
YLA,417
NAR,316
RKL,414
GDR,299
LIV,587
VNS,193
NSD,164
SDA,428
AST,410
KRL,507
KGE,337
PVN,194
NPL,333
PLE,279
LEQ,603
RMI,104
MIV,155
IVL,579
ESV,323
VDW,60
VSF,281
SFD,212
EDT,115
VLP,524
DYK,76
YKP,56
AGS,557
GSE,261
EEV,351
EVW,77
VLN,428
LNF,193
FED,116
STT,242
TNI,138
NII,192
IKK,181
KKI,219
KIQ,106
IQK,121
KDS,151
DSD,200
MAD,185
DRN,128
LAP,553
APW,102
PWV,59
WVP,61
REM,153
LDS,419
LFV,425
VGH,134
GHQ,112
HQA,181
ADG,536
DGR,310
RYI,153
PQA,345
QGV,348
AII,550
EAK,329
AKD,265
KDE,182
DEA,475
EAT,303
TDG,278
DGE,340
EMH,49
MHG,56
HGV,207
YLS,293
QLN,285
LNE,374
ERL,671
GRF,267
RFY,114
FYH,52
YHE,58
HEP,66
EPS,129
PSE,161
SEH,93
EHM,45
HMR,32
GVT,532
TGT,382
GTN,154
KTT,238
TTT,271
TTQ,188
AQW,102
QWS,57
WSQ,52
ETS,183
TSA,414
SAV,508
VMG,218
MGT,119
GNG,288
KVI,286
IPT,187
ENT,166
NTT,179
TGS,461
DVQ,226
HVL,178
QGA,351
ATF,265
TFG,240
FGA,448
GAM,262
MEV,88
SHG,158
HGL,244
QHR,94
LKF,145
KFA,140
VFT,255
FTN,113
SRD,230
RDH,82
HLD,195
LDY,216
DYH,60
YHG,66
HGD,158
DME,75
MEH,43
EHY,89
YEA,143
KWT,28
WTL,111
LYS,249
YST,133
STH,103
THH,51
HHY,47
HYG,93
YGE,182
AIV,620
ADD,370
EVG,283
RLP,450
VSM,131
SME,96
MED,69
EDH,65
NPN,123
PNC,18
NCH,31
CHG,34
LKA,675
VKY,118
KYH,45
YHD,65
HDS,99
TIR,229
IRF,154
DSS,237
SWG,80
WGE,93
RLM,265
LMG,299
MGA,233
AFN,245
VSN,203
SNL,245
LGY,358
GYP,147
YPL,201
ADL,639
KTA,344
TAP,314
PRL,328
QPV,309
PVC,60
VCG,129
CGR,62
GRM,137
RME,94
VFS,321
SAP,356
VDY,189
HTP,86
RLH,238
LHC,51
HCT,21
CTG,84
QLW,95
WCV,26
CVF,45
VFG,304
FGC,42
GCG,191
CGG,107
DKG,199
EEF,154
VVT,489
VTD,345
DDN,151
DNP,189
NPR,147
TEE,280
EEP,114
EPR,131
PRA,210
RAI,451
NDI,213
HAK,99
MEG,125
AVT,501
VTC,59
TCA,68
CAI,88
AIM,184
IMQ,84
QAK,274
AKE,339
KEN,145
END,164
KGH,99
GHE,127
HED,66
EDY,124
DYQ,174
YQI,91
VGT,364
TQR,224
DYS,138
VTA,607
RRS,233
RSF,122
SFM,95
FMK,43
MKA,156
LSV,702
PGV,394
QEA,318
KWD,43
WDK,60
DKA,348
APC,60
PCR,34
CRF,41
RFC,67
CGT,78
TGC,110
TQQ,240
CQG,50
QGD,258
DPD,223
NRG,143
LNC,50
NCI,36
CIK,29
GYF,144
YFL,150
FLP,302
PKI,100
KIM,70
IMY,22
YGK,139
KDR,114
TQP,210
QPM,54
LRM,174
RMK,95
KDG,246
YNK,69
NKE,120
KEG,259
GEF,232
FTP,264
ISW,84
SWD,59
WDQ,28
DQA,185
QAF,270
FDV,256
MEE,120
EEK,260
EKF,146
FKA,160
KAS,288
KEK,224
EKG,375
KGP,94
GPE,154
AIG,656
GMF,111
MFG,125
SGQ,288
GQW,79
QWT,32
WTV,58
VWE,53
EGY,197
LFK,182
GFR,219
FRS,136
SNN,102
NID,234
DPN,146
PNA,184
RHC,26
HCM,5
CMA,48
FMR,61
MRT,120
RTF,174
GMD,116
MDE,137
DEP,285
EPM,74
MGC,44
GCY,49
CYD,30
YDD,124
IEQ,329
DAF,295
AFV,330
FVL,381
VLW,128
LWG,150
WGS,76
GSN,187
SNM,57
NMA,111
AEM,217
MHP,30
HPI,67
ILW,101
LWS,118
WSR,71
TNR,113
NRR,187
STF,200
TFQ,99
FQH,64
HRS,86
FEL,212
DNG,271
NGI,299
IVF,196
QSD,158
DLV,440
ILN,260
YIA,226
ANY,174
YII,109
IIQ,156
IQN,91
QNN,100
NQD,91
QDF,96
SKY,78
KYV,108
YVN,127
VNL,364
RKG,261
TTD,214
IGY,241
AKN,197
NPG,181
PMS,63
DEY,131
EYK,92
YKA,139
KAF,251
EYT,91
YTL,271
EKT,222
TAE,392
TGV,527
VPK,115
PKD,100
KDQ,70
QLY,204
LYA,346
YAD,202
ADP,237
KKK,112
KKV,237
SYW,28
YWT,23
WTM,22
MGF,154
FNQ,113
QHT,77
HTR,97
ANN,189
NNL,253
VYN,102
YNL,123
NLH,125
LHL,292
KIS,193
ISQ,240
PGC,75
GQP,240
QPS,119
PSA,312
SAC,99
REV,335
GTF,218
TFS,275
FSH,147
HRL,244
DMV,152
VTN,187
NEK,163
EKH,97
KHR,60
RDI,345
DIC,57
ICE,45
CEK,63
KHW,19
HWQ,58
WQI,76
QIP,153
PTG,254
IPA,459
GLH,234
HAV,223
QDR,123
NVY,96
VYW,32
YWV,44
WVM,41
VMC,40
MCN,11
CNN,24
NMQ,56
QAG,456
PNI,104
NIN,145
INE,228
NEE,155
ERM,119
PGW,79
GWR,175
DPR,215
PRN,101
RNF,125
FVI,220
VIV,411
IVS,330
PYP,94
YPT,85
VSA,638
ILP,383
LPT,332
PTA,272
TAM,201
AMW,45
MWV,31
WVE,80
EKE,245
GAY,197
YGN,111
NAE,275
RRT,202
RTQ,145
TQF,122
QFW,32
WRQ,82
AKS,257
DLW,70
LWQ,146
WQL,135
VQF,113
RFK,133
KTE,174
VWP,81
WPE,83
QKP,117
LYD,206
TPA,486
VSK,235
SKF,86
KFP,66
FPL,249
LTD,480
AED,314
EDQ,103
SRE,278
REL,667
GFY,133
GLF,456
LFE,270
YAW,58
AWF,120
WFG,100
RGH,116
PFD,136
FDD,208
YHK,29
HKA,112
LRW,116
RWP,72
WPV,77
GKE,262
ETQ,188
TQW,49
QWR,88
RYS,184
SEG,248
HDP,88
PYV,128
YVK,100
GYK,132
YKF,43
KFY,56
FYG,171
VIF,265
IFA,344
FAL,589
ALP,780
PFE,123
PAA,606
KEY,91
EYD,123
YDL,198
LWL,298
WLS,189
EHW,30
HWH,24
WHT,45
HTG,137
GSM,143
SMT,117
MTR,162
ELH,193
LHR,219
HRA,152
RAF,239
AFP,193
FIH,76
LRR,601
GDK,299
ISR,345
EVI,380
GRN,219
RNR,203
NRP,127
RPP,98
PPQ,126
VYM,43
YMP,41
MPF,90
FFD,147
LVN,442
TDP,174
PLS,500
SKE,181
DFK,98
FKK,99
KKC,25
KCA,28
CAV,131
MDM,54
MTS,142
SAF,363
AFT,320
FTL,501
VSI,314
EKM,164
KMN,54
MNT,127
ATQ,317
TQV,201
QVR,245
KQI,155
QIR,184
VVF,330
FIS,289
PDN,152
NFI,133
FIA,415
INM,76
NMI,60
MIG,213
IGN,221
GNC,40
NCK,17
KSA,261
SAQ,362
RQG,321
QGQ,195
QIM,73
IMA,192
EIQ,144
IQA,285
AIH,155
IHG,157
GAC,110
ACL,151
LEM,185
EMA,250
LAC,191
ACH,43
CHR,40
HRR,113
RIC,65
ICT,53
CTD,42
KTV,287
EVQ,183
VQL,326
VST,315
TAL,910
MIL,186
GKQ,207
RPK,90
RVG,341
VPH,100
PHA,121
HAI,197
VEL,487
AQR,488
PVR,276
VRE,421
RER,386
RIL,497
PLG,439
LGR,483
LLF,622
LFR,317
FRM,54
RMV,125
MVS,181
SKK,155
KKT,170
QKT,140
KTQ,139
TQG,209
QGN,179
GNY,118
NYP,77
PAT,358
ATE,325
GLA,1037
QGS,196
GYD,208
FGE,242
AMT,221
MTP,150
QSQ,156
SQA,353
RNI,210
NIF,138
IFF,150
FFA,249
FAS,353
TEV,253
KKD,125
KDP,126
AQP,252
PGP,144
AYV,193
YVT,138
TAC,81
ACK,53
CKG,35
RIK,210
IKD,193
NAK,170
GIN,322
INH,91
LKY,160
KYS,86
YSW,51
TKV,159
KVR,224
RRH,199
RHI,154
HIK,69
ERD,240
DKQ,155
GST,351
STD,181
RGF,254
AVF,360
VFE,153
KQQ,159
QMV,109
EQN,154
QNC,17
NCA,54
CAP,62
APH,123
PHT,69
HTI,86
TIF,131
DIA,540
KMP,75
HAT,127
ATT,391
TTS,253
QGK,263
FYV,88
NRI,196
LTE,580
TEG,280
VKF,129
VGP,206
GPI,131
GTK,159
TKI,108
KII,254
IIP,222
IPV,444
NDD,180
DRK,124
GRK,234
RKN,156
NGR,200
YLY,124
KSK,126
QVD,223
PAI,345
AIY,219
IYR,164
LIG,748
QSR,179
QMA,156
ERC,71
RCV,64
CVM,27
ARC,104
RCF,47
CFD,49
DEK,226
VIR,291
DGD,286
FGI,298
FLG,349
FRY,92
RYM,55
YMD,35
MDT,98
TQY,95
QYG,144
PCE,29
RMA,217
FWN,21
WNS,54
NSG,292
SGE,434
MAN,158
NYF,92
YFN,88
FNT,147
KCR,28
RFM,107
FMG,114
MGR,125
DEF,185
ASY,216
LQG,424
LNM,120
NMR,57
RDS,196
KEA,351
EKR,283
ASW,118
SWR,92
NGF,166
FKV,116
KVG,252
GTY,130
TYE,77
ELI,465
LVV,834
KQH,74
HSD,116
VRS,278
VQP,163
QPL,415
LMK,157
GYS,268
YSH,53
HGF,106
FNI,140
GEQ,302
IRK,185
RKD,133
ITV,361
PKC,13
KCP,22
YKR,91
NDP,190
MAI,262
KAW,99
WAA,159
ATG,656
SSF,220
DLM,142
EQT,215
TIL,369
ILC,106
LLC,248
LCF,87
FDK,153
YAE,200
LIQ,296
IQY,51
YGW,62
WET,60
ITL,700
LMM,122
MMD,68
MDR,86
LSN,345
SNP,178
RAY,148
QLK,302
MAP,119
LFQ,176
FQK,82
KHM,17
HMD,36
MDD,107
IIS,390
SGM,210
GMM,105
MMA,143
ADW,114
DWA,75
AND,219
DKK,157
LTW,114
TWR,94
WRE,102
EET,244
TAF,285
FET,124
ETA,381
APQ,241
PQY,81
QYE,81
IGE,364
EQE,233
QEY,95
YFD,90
LMI,208
IAM,224
MVK,126
ETM,103
TMV,112
MVD,146
AYY,98
YYE,44
YES,72
ANT,245
NTI,168
RLY,229
YEM,48
EMN,82
MNV,100
EYG,147
NYL,218
YLF,172
FSY,131
SYA,192
YAC,40
ACV,125
AFM,122
FMT,91
TEI,196
VDN,203
DNA,307
AIE,481
IEK,281
QKL,337
RGY,185
GYM,64
YMT,55
KRI,290
EKK,173
KKY,113
YIV,119
DQG,140
QGT,217
SSR,303
SRA,346
VMD,153
DHD,74
HDA,183
DAN,227
ANI,272
SVS,432
SQR,230
FEQ,186
IYP,119
YPK,55
AGW,197
GWV,136
EHD,87
DPM,62
PME,51
EIW,63
IWA,73
WAT,83
TQS,178
QSS,183
KAD,276
ISS,348
SDQ,112
DQI,152
TNQ,76
RET,263
ETT,196
IVW,80
WER,52
KPI,145
PIY,80
IYN,103
YNA,159
VWQ,85
WQC,14
QCR,27
CRR,69
RTA,337
EIC,58
DGM,115
YIR,107
NNT,142
SGT,414
VKW,45
KWI,28
WIL,79
DHV,97
HVE,121
EGS,234
GSR,248
FGT,195
TVD,272
DTW,69
WLI,136
LIW,88
IWK,26
WKM,15
KMT,91
MTQ,138
VHV,105
HVT,107
DYT,118
YTN,75
SRT,236
TML,215
MLF,218
DWD,56
WDD,72
DKM,72
KML,156
IPR,160
RAM,195
MLP,245
SSE,223
QTN,102
GGK,355
PIA,278
DQQ,132
FGQ,180
CVK,33
MAK,211
NTY,70
TYG,127
GCF,66
CFM,16
FML,150
LMN,155
IAC,137
VNY,112
VFM,86
FMA,139
MAG,299
SIQ,125
IQW,34
DSE,195
ATK,178
GVY,233
VYV,124
FTG,349
PYW,36
YWD,33
WDP,34
PYA,157
AIF,320
NSN,124
SNH,52
NHI,78
ESI,269
SIA,436
YQT,124
EAM,215
GIR,357
NFL,177
FLM,104
LMQ,209
QFQ,65
FQS,104
ILG,532
TRV,259
VGY,246
GYW,60
YWQ,61
WQN,59
QNL,247
NLD,263
DEL,630
ELQ,282
LQE,344
EFR,120
FRP,114
TTE,201
ERN,175
SGW,148
GWK,68
WKK,56
LAW,293
AWE,95
WED,38
DHE,65
PDM,85
NAT,287
ANR,239
LYT,202
YTS,116
VQI,173
QIN,165
NEN,106
ENV,261
IFI,212
IQS,174
QST,148
STC,53
APT,241
PTN,82
TND,120
NLM,152
LME,188
MEL,148
RRA,400
YFG,126
RQD,167
DRR,174
TAK,260
DFL,283
LSS,588
SSV,365
VDR,264
VDL,454
DLH,146
HAE,153
IQG,180
GSP,225
EDM,69
DML,208
NPI,97
SPD,259
NDT,159
DTD,150
IDK,225
RPR,135
VMH,61
MHI,41
DCV,58
DDM,101
GTL,718
LCK,67
CKA,50
GAK,357
KRV,283
VFA,374
FAY,102
YAT,170
ATH,155
IFS,274
SGN,315
RNS,127
IDE,338
VVC,104
VCD,65
CDT,49
LPN,195
IRR,391
ISN,195
SIS,334
AMF,129
MFE,58
IRV,259
GGR,369
RMG,136
GRQ,226
MDG,137
VQS,202
KDD,154
DFD,181
FID,240
IDF,195
DFT,203
FTR,231
AFC,93
FCR,57
CRQ,70
RQH,160
HGK,127
IVI,340
QDI,223
ANF,163
NFS,151
NVM,95
YTD,114
IEI,246
EAH,120
HHR,86
RHK,64
APS,285
AMG,275
IAH,234
AHA,285
KAC,62
AVY,230
VYS,190
YSR,144
GFA,468
TVR,330
GEH,152
EHT,88
MFA,117
RIE,298
ITH,141
THK,61
ASS,503
SRM,123
MTF,104
TFA,293
AIW,96
IWL,157
SKP,122
KPN,69
PNG,184
FDM,66
DMS,103
MSD,154
LNN,300
RGI,346
IEP,173
EPH,60
PHL,166
HAN,92
VRN,222
EIY,140
KPV,258
VQR,239
LEL,604
DGW,99
GWI,82
WII,47
III,283
IIH,112
IHL,142
GMS,205
MSG,172
SLR,538
KHD,43
HDH,58
HVD,134
LVM,311
SNG,217
LRY,270
RYT,182
GAW,155
WLW,61
LWT,67
WTK,28
GHN,77
HNV,105
PEP,211
DFN,133
FNG,193
QQK,174
QKC,28
CAK,47
TAI,467
KPW,59
PWL,146
WLM,78
MDN,83
DNK,117
NIY,95
IYA,215
SES,209
VEC,55
ECE,53
CEL,88
RSI,230
TTL,594
KDF,126
FLQ,216
PGY,137
FAQ,228
QEL,335
QVY,113
EPC,35
RVC,71
AKH,117
KHA,110
QRA,355
TFY,82
FYC,27
YCR,33
RQC,54
QCQ,40
MSA,235
TIY,98
QPQ,160
PQW,75
QWH,29
WHS,28
HST,88
TDA,425
RFE,165
ERW,86
RWV,82
WVA,126
TAY,159
QHA,159
QSW,70
WDV,51
PQK,96
QKE,139
AKF,132
KFL,109
NEH,73
HTH,56
GED,234
EDE,247
RFF,187
FCL,74
CLH,29
LHI,179
HIG,131
YQV,124
LCE,109
EKN,162
NDL,305
PHW,44
HWF,25
WFD,63
DMG,131
MGS,157
EPN,60
PNF,71
IRI,194
IFD,167
FDN,170
EGW,98
AQF,195
TGD,345
YPR,101
MMS,76
SND,142
IFP,128
FPN,72
PNK,67
IQI,117
IGC,110
CWS,20
WSA,108
FDW,47
TFI,220
PQL,339
QLM,163
LMA,447
SAS,569
FYN,71
YNF,63
FLI,261
PFV,220
STR,220
TRY,164
RYP,186
PPE,190
VSH,186
ANM,108
NMF,46
TVP,241
PDY,151
DYF,118
NKN,93
KNI,198
NIT,223
ILV,486
ESQ,158
SQQ,246
GPS,142
PSD,131
LGN,349
ASH,197
VQK,132
HIF,69
KAH,112
KPC,34
PCG,50
CGI,117
DAR,406
YLE,198
LEW,82
WGA,108
VFR,167
SAT,462
TQK,121
AFK,133
MIK,103
GMN,114
EVM,166
MGI,219
GIY,182
IYD,135
GYL,403
GLY,257
YED,85
EDR,169
QLD,340
SDM,77
MIN,108
RFP,178
FRD,179
NLK,213
LKK,365
KKR,194
GSY,191
TEM,95
EMG,158
FPC,25
PCI,50
CIG,84
TID,215
DND,129
YTI,93
YFT,95
RDT,170
DTS,206
SHQ,106
HQR,150
ISI,248
SIV,282
RYC,37
CGD,63
CEF,22
FVV,269
VEF,178
FSR,297
RDD,235
DDL,403
KKH,79
AIT,500
HMC,4
MCD,17
CDV,70
HYI,57
TRA,343
HIQ,66
QRG,244
DRI,289
YAI,188
GRC,64
CVG,97
QNE,105
NEQ,157
LVH,171
VHH,64
HHD,68
ENM,81
NMK,42
PFK,93
GDW,98
DCA,84
RES,252
ESY,122
SYT,131
YTK,60
SGR,366
ELF,296
GPQ,116
QLP,344
PNM,43
IKM,73
TET,191
GGN,320
YVE,121
LWF,103
WFF,48
FFG,245
GCH,50
CHF,30
HFI,84
FIG,339
DPV,240
PVM,176
VMP,170
GCL,108
DAM,202
MWQ,25
LGW,175
GWL,276
WLG,216
KFT,111
LPS,359
VTY,119
TYR,120
RIH,100
IHF,67
HFK,56
FKR,130
LIM,153
LIY,182
IYT,119
YTA,197
TAN,230
LKV,360
FQD,97
QDT,123
MKN,100
KNV,205
NVG,244
GFI,334
IGW,95
WRG,130
SVL,640
MQR,144
MVE,185
IRP,236
TSQ,159
PTF,116
LQD,282
QDA,273
TCQ,37
ESG,383
WQG,122
QGY,157
YWI,34
WID,70
IIL,388
GIK,297
IKT,229
NCT,23
CTV,75
SLM,252
MSL,237
WVS,84
ATY,160
TYQ,82
YQA,188
RHM,39
MGH,75
HLY,88
HVA,172
TPS,229
PSS,190
SSA,417
VTT,295
NFG,126
PWI,59
NGQ,246
EEW,66
KGQ,182
ETN,108
TNK,81
NKI,186
LNT,319
GLC,113
LRC,106
RCH,27
CHS,45
HSQ,85
DVS,341
TVE,300
AHN,96
NPW,49
PWA,69
WAK,79
TTP,244
NMG,80
RRM,153
VNG,355
SAA,790
PNQ,61
NQV,183
EFY,80
FYR,134
YRH,91
RHG,175
HGY,89
QAT,273
KME,46
RKQ,149
QAS,278
ARS,353
SAE,446
FVR,212
RGT,187
NSW,56
WGP,41
SEM,142
EME,111
EHH,84
VPW,61
PWQ,72
WQM,41
MLC,66
LCA,223
CAR,101
PLN,242
NTD,153
PSL,389
DER,258
ERT,184
RTR,251
TRL,544
PEM,168
EMI,130
HQY,35
YGA,240
MHH,24
DFY,106
YVF,100
SGH,155
GHK,90
HKL,122
KLY,141
VLY,220
LYV,199
YVR,108
QDM,68
MPP,75
PPW,20
PWE,46
SMI,134
TTW,74
TWT,57
PWR,65
WRF,76
PNT,103
YVC,28
VCA,114
EIS,254
EYE,100
YEQ,97
LMH,67
MHY,31
VIA,761
KHH,39
HAY,67
AYD,137
DVG,270
GSF,250
SFL,335
DNY,111
NYG,125
YGI,220
GHH,70
HHC,17
HCA,50
CAM,46
AMP,192
MTY,44
TYY,73
YYN,37
YNV,98
AMC,37
MCR,37
CRA,69
AMY,92
MYN,26
YNT,82
NTH,69
THE,83
HEE,78
IHR,109
KHL,129
HLF,132
LFT,370
DKI,228
QIS,208
QDP,105
ACE,110
CET,57
ETY,93
TYV,81
TGM,167
MVL,272
ITT,282
AWV,138
WVD,69
RNT,180
NTV,232
YVH,47
VHS,104
NSC,18
SCA,91
IGK,253
KQS,125
QSP,141
LMF,102
ATN,208
NET,154
TDV,252
LMP,200
MPA,160
API,219
ITY,100
TYA,154
AHR,170
LPW,132
QVT,247
FQY,33
QYD,106
STQ,164
IDQ,174
DQK,91
SEW,63
EWL,167
KFF,62
FFI,192
NPT,148
GPM,89
GDC,43
CGL,157
RKI,216
DTY,72
MAR,245
PSK,87
YVA,229
DRC,53
RCE,42
CEI,57
IQV,185
TSI,217
SIM,100
IMV,117
KVP,125
VPS,217
RPY,79
GLI,634
IQM,47
LLH,369
GHF,112
HFG,120
HFP,95
FPW,48
KTD,157
TDK,177
KAQ,265
SRG,300
AQY,185
RFL,345
QQR,340
DWH,29
WHA,50
AVQ,341
QAM,179
AMK,143
MKS,99
KSR,195
YDH,45
DHH,54
HHV,62
RCI,57
CIT,66
GKS,413
KST,257
AFL,509
FLL,539
HYT,57
YTR,138
FEI,106
ESF,165
SFF,148
FNS,159
SVY,176
VYC,34
CRL,84
RLF,363
FDH,83
RSL,423
QPE,223
RFR,217
FRT,129
RTI,220
PRP,154
FFP,126
FPD,150
HGW,53
WEP,30
ILS,511
QNK,71
DIH,124
RSH,89
SHL,202
LFY,208
YRN,114
AAW,232
PIH,48
HRT,84
RTD,174
DEG,252
FVD,204
DTC,43
TCL,67
CLT,89
TTA,383
RSY,108
SYF,114
YFM,32
FMV,104
MVY,63
YAP,171
VEW,74
ELY,204
LYM,61
GCQ,56
CQK,32
TES,226
SYR,147
REY,125
EYL,226
LLY,329
EQF,159
QFI,139
FIE,199
MVM,104
MLV,312
VFK,114
FKI,64
FAP,270
KEM,116
EMS,109
HVR,109
RAC,80
CYQ,30
YQL,223
HDR,97
QEF,85
FEN,116
RQE,216
IDL,411
IRH,166
RHL,282
LYI,160
MVP,112
LNI,387
NIW,40
EGQ,215
FKN,89
KNF,92
TRH,149
YDY,85
DYD,148
ICY,32
CYM,11
VNF,146
YPE,117
EPW,48
PWY,49
WYS,33
VFP,138
FRH,108
WLC,44
CAD,100
PRI,173
MHA,62
HAD,180
ADY,266
DYW,52
YWR,55
LQT,337
RIR,373
DVY,146
YAY,82
AYR,210
YRR,135
RRK,191
FCF,44
CFR,35
FRF,123
ERQ,233
QPT,136
TNW,34
NWQ,75
WQA,185
IVM,147
VMF,107
MFL,114
LIF,356
TYW,24
YWA,41
RSR,301
SRS,273
DYY,93
YYT,63
ITG,482
QNG,173
DYM,39
YMS,45
GIS,521
GFL,375
VGW,85
WPI,42
PII,195
ILF,346
YTF,87
QGP,79
PIR,116
CGS,108
YLI,227
NYH,48
YHI,46
HIA,204
MMM,43
MMY,27
MYV,38
YVL,259
TWV,64
WVQ,51
QII,203
MAF,169
MKH,38
KHV,85
FSF,211
SFN,169
FNN,102
NLF,234
FTE,166
AMA,412
MAV,269
HPK,53
IMS,100
DPI,126
LPH,173
MRF,120
FFT,175
FYA,140
MGY,97
YFY,53
FYI,88
YIL,184
LTF,312
YKD,97
GNL,378
VAF,361
SHD,126
DLY,182
YAN,145
KIT,210
IAI,532
NQN,65
QNI,156
FAI,284
ASC,110
SCN,30
CNF,16
NFP,84
SMY,32
MYW,12
YWS,41
WSK,53
SKL,268
AMM,122
TIW,45
IWV,55
HEK,67
PYE,69
YEY,45
EYP,67
GIW,81
IWF,45
TDN,162
DNS,149
EGN,211
GNR,201
QFR,114
RAQ,291
RSQ,187
TGY,223
MAT,220
TYL,164
VHG,136
HGC,32
LHQ,194
HQV,140
TLW,170
RGP,109
GNH,90
NKP,145
TPL,502
NWL,112
RRQ,253
MAH,80
QWD,33
WDL,62
KDC,16
SDS,220
DSY,141
SYP,89
YPF,68
FFL,200
MPN,55
PNN,61
NNW,26
NWT,40
WTP,56
FIT,232
NAF,195
RMR,118
MRY,87
CFP,30
DMY,40
YSK,107
KES,174
NAP,236
WFA,114
AIP,368
EAY,148
YSI,119
FGH,122
GHW,41
HWA,35
IYG,188
GCC,26
CCW,9
CWG,15
WGG,120
LTC,92
CLR,81
RWE,54
EDK,172
RYF,142
YFV,107
FVQ,139
PSN,93
SNR,124
NRH,86
ARI,453
NEW,28
EWA,77
IWE,28
ETH,91
THQ,87
HQQ,120
QQP,208
FLA,480
FAV,406
NQF,81
QFE,102
FEV,142
FND,162
KPR,120
RLW,139
AHM,49
HMH,19
MHV,48
RHY,104
CAT,98
MSQ,149
SQI,202
QIH,74
IHK,59
HKH,27
CLI,95
LIN,406
KYQ,71
QQS,207
QSI,195
SIN,212
EPD,159
DTF,148
TFW,62
FWG,55
DWI,37
WIT,60
TPY,141
PYK,66
YKK,65
VKN,222
SFA,317
PGN,185
SIK,174
KWY,18
WYE,24
ANC,40
NCL,54
CLD,69
DRH,85
QEN,147
EGD,287
SKH,46
KHI,95
HIS,112
DVC,81
VCR,76
KKG,219
IYM,36
MPM,52
TAD,363
EHV,134
HVV,159
WHE,40
HEG,112
LWW,24
WWS,14
WSD,87
SAD,346
ADH,134
DHQ,65
HQP,104
FIL,292
ILY,157
HTT,86
GGY,234
TTF,194
TFK,81
FKY,52
FDY,128
PDD,260
DIY,161
IYW,27
YWC,5
WCT,10
CTA,65
WVT,70
GHS,143
HSY,52
PNW,25
NWP,44
WPT,53
PTP,188
QVV,366
DKH,83
KHQ,54
TDR,182
EPI,146
WEW,16
EWY,30
WYW,7
YWK,31
GNE,177
EKC,40
CPV,77
TWW,22
WWQ,29
WQT,101
QTE,149
FMI,62
MIT,130
TEL,364
ATR,387
QPA,296
TDS,231
DSW,81
SWP,55
WPG,90
TLF,504
QTY,86
TYF,67
KNM,70
NMY,20
MYF,23
GYY,118
YYW,30
PHN,49
HNI,70
LNH,154
NHG,88
PSP,198
YTE,95
RNW,43
WVR,96
LHW,53
HWT,20
WTD,43
IMR,117
TSN,120
MSK,148
KVC,38
VCI,63
CII,60
IAW,143
WVH,21
RVQ,195
VQG,247
YTT,117
QHE,92
HEA,118
CGE,72
GES,340
ESE,252
KLM,152
KWL,86
GPR,125
PHR,76
HRP,92
MKQ,125
QTV,268
VYT,137
TAS,444
PES,289
IHV,83
HVW,31
VWS,86
WSL,134
SLN,395
HDG,115
QVQ,183
FRV,163
THI,102
HQG,124
FVF,144
SYN,97
SVT,411
EGC,59
HSA,164
SAN,256
NIS,231
NRT,144
LWV,132
KQD,103
CLF,76
QEP,95
HMA,56
AFH,106
HPN,63
QYA,148
AYC,32
YCV,36
CVN,45
ELN,331
NSS,165
DVW,76
WEL,62
DPH,96
PHG,110
IEC,39
CVQ,46
VQT,181
DMM,54
MMP,67
DTR,216
TRW,98
RWA,84
IHI,86
GRH,126
ACD,69
CDR,52
TVF,224
FQP,80
QPR,129
PRG,171
VDH,101
DHS,57
HSG,134
KSH,63
SHH,65
YAV,237
GQG,262
PMW,24
SHF,121
FAH,113
NRW,50
WPL,130
MRN,98
EHS,75
HSL,203
RKF,95
KYF,71
NSQ,105
VDM,135
PDE,243
DEH,129
ALC,222
CAY,26
YLK,169
LKC,40
KCL,40
ELS,442
NNE,104
NEF,103
EMD,80
MDY,64
PSF,124
SFH,70
QDS,129
DSP,177
FFR,119
FRN,140
LYR,234
YRV,159
NHV,80
YSS,180
QQW,74
QWY,26
WYM,21
YMR,50
MRW,35
DPT,140
PMA,133
IKH,71
GRP,227
THF,102
HFS,136
FPR,92
HLH,88
LPP,417
PPT,103
THL,192
LPM,166
PMP,90
GEM,183
MLH,100
HQI,82
IMM,63
MME,66
MEA,149
PRE,187
YRY,129
GKN,214
KNC,24
NCV,31
CVE,83
YRK,113
TKT,143
EKY,157
YSA,245
GEN,264
VSR,414
MMN,61
MNY,48
NYT,97
SRQ,246
RQF,206
QFL,218
KLW,60
LWH,67
WHL,67
VRW,86
RWI,63
WIY,29
ADK,345
LWI,99
WIF,49
LLM,431
QVK,201
AMI,233
VVH,145
HSH,48
HKS,48
FMS,75
LFH,129
FHS,77
HSF,83
SFG,234
FLY,124
LYP,192
YPS,99
LHY,120
HYR,105
RNC,33
NPY,83
YDF,85
KLQ,209
TRQ,236
WQD,87
QDK,130
DKF,109
TEC,39
ECA,81
VPM,115
MDA,176
NIM,80
MNG,76
GWY,56
WYD,47
YDT,117
FAK,171
EMV,175
KMH,25
LQY,127
RTH,105
HGI,150
VPR,169
IRY,120
PDF,159
KSW,55
SWV,87
EPE,265
MKT,146
IFR,140
RAW,118
WVY,30
VYY,79
SPW,90
PWT,52
WTR,51
SVH,96
VHD,98
HDN,55
DNQ,114
NQL,314
DQP,109
PRY,122
VAY,200
YYQ,93
QAN,194
NNV,167
DLE,254
RTV,268
EFI,183
RGS,199
SFY,102
AYM,72
YME,30
YRA,219
DSV,325
DSN,112
EWV,76
QQD,131
QDN,107
NLW,57
TQD,142
DSF,148
RKM,94
KMA,142
MPH,50
NGE,326
KQP,92
PVY,170
YNP,100
PAQ,278
FAE,322
WGQ,54
QTT,146
EEN,204
QTF,113
SQN,159
NCG,43
CGK,85
EIP,190
CLN,58
LNG,454
GHT,130
TSM,115
MIR,99
WNY,36
WKL,68
CVV,109
KPS,146
PPG,208
THM,33
HME,29
QDC,31
DCT,49
ACR,110
CRI,56
EST,174
QAH,110
VTK,199
YYF,52
KQE,134
IVQ,170
SVW,90
VWT,70
RAH,132
YGC,41
GCT,78
CTW,10
WVN,69
VNT,247
HFM,31
EMP,108
KRS,202
KDM,58
SLY,269
YTV,155
HIM,43
SFP,133
PPI,78
FFE,104
IFW,56
FWL,139
FVW,53
VWH,45
NTA,266
LYC,63
YCC,11
CCL,34
HIR,127
GFH,104
FHF,63
HFQ,44
FQL,151
PRW,57
WAV,99
GCI,90
CIA,108
ITM,97
TMI,91
LVC,138
VCC,20
CCI,18
CIW,6
WAG,123
GFC,63
FCT,40
TWI,51
WIS,65
ENS,163
NSY,79
WGL,106
RCS,55
CSE,54
IVC,66
SPR,196
DRE,240
MQL,153
LCI,86
GDS,304
WGD,55
GMR,167
MRS,114
NME,52
MES,92
SRW,95
RWG,76
WGR,58
ITQ,202
QSC,35
SCE,38
QNT,102
TFR,158
FRE,169
AWT,84
WTG,82
YTW,35
TWA,74
KVE,204
NFW,34
WRT,62
RTT,209
LSC,119
SCV,74
LFW,104
TGW,100
GWT,84
WTS,45
VMI,147
AMR,211
PNP,103
DFI,190
FIY,105
LYF,145
IPN,88
NTQ,130
QSM,70
SML,231
LCL,183
CLS,117
SMG,162
INI,178
NPM,66
PMT,97
TFH,64
SQF,166
GQI,265
GCM,27
CMM,10
RDN,172
ENH,84
NHL,129
LYQ,217
QLF,213
MNK,94
PKF,55
KFR,100
FRL,264
LTM,184
MII,151
PIP,145
DLS,488
FHR,90
HRQ,95
GND,181
WEA,64
APP,183
PPR,103
PRV,190
TEP,145
LHK,118
HKY,25
SPQ,185
RHA,210
FAM,152
VNM,78
MLI,236
TFE,129
EQS,191
NIL,320
AWP,104
WPY,16
YGM,91
GMY,61
MYR,64
MRV,124
WVK,73
KNL,223
WHQ,42
QIT,186
ISM,120
YGY,119
DYC,36
KVS,214
SYH,67
YHQ,64
MEF,70
ACI,83
CIV,67
GYI,187
YIS,147
LHH,121
HVP,89
SER,242
QYK,57
YKQ,64
VIQ,189
AVC,130
VCF,54
CFL,54
FLT,304
LHV,184
HVK,50
NNY,65
NYW,31
YSF,110
FDQ,87
KTN,118
KMV,91
MVF,99
PTR,176
RRE,292
AIQ,249
GNM,110
NMP,74
PPN,51
NIC,46
ICN,38
CNA,42
SYS,197
EQQ,306
QMK,58
MKE,90
MHS,40
HGS,115
GSQ,211
NES,112
GNP,232
NPS,154
TFD,193
KPA,270
MKY,56
KYD,105
YDM,56
DMC,17
MCG,35
VMR,176
MRM,60
CEN,33
YRP,117
TTM,93
LCD,112
LTY,155
NHN,45
WRL,159
GDE,327
EFQ,73
FQE,79
QEQ,203
ESN,133
SNF,95
NFA,166
SRF,268
YNW,30
NWA,48
WAH,24
TAW,107
WRS,91
NRA,225
GNT,275
ESH,96
VPP,225
LQH,182
QHD,84
PDQ,118
TDQ,94
QDY,106
PGH,126
YTY,57
EQK,198
QKY,66
KYG,136
QGC,51
TQM,76
DWQ,94
WQQ,159
QNP,96
FFC,50
FCP,33
CPD,52
PDP,128
KID,208
MRA,170
MSI,142
DGF,219
QNR,141
NRD,159
SIT,294
PGR,243
TKG,154
RHD,122
DPC,33
PCV,46
RQR,374
AQN,212
QNA,232
DVK,218
QPI,131
HML,80
TRC,36
MRP,75
IGH,174
IDY,141
ENY,107
PPL,281
PQD,173
DTT,196
KPY,74
YID,145
QNY,82
NYQ,83
YQR,178
YRS,137
NSM,64
SMQ,68
ITW,52
TWG,78
CTR,40
DMD,92
DMN,56
MNH,41
HIP,118
IPD,185
MTI,152
NWR,58
WRV,76
HDF,69
TPP,227
PPA,240
QLQ,302
LQF,140
TYN,78
YND,85
NDH,53
MAM,137
MCF,17
CFS,71
KCT,20
YFE,76
LEF,193
FLK,206
NSI,151
SIH,92
IHD,95
HDY,71
YKN,80
KNA,241
FLF,247
PRK,102
KLP,281
SYE,123
LEY,158
EIH,104
QGI,306
CYS,31
FGN,145
NDA,293
VKM,88
KFE,80
MNP,70
PMD,63
VPC,42
PCS,42
TIS,294
AMD,152
MDK,115
QDE,172
QFD,124
DRG,173
YFI,102
SPF,189
NTM,66
MRG,134
VIN,322
NKD,94
VTQ,256
TQI,175
ATS,387
TSD,233
QER,190
IKV,207
GQN,155
NED,96
DQN,65
PSV,249
DGN,192
GYN,117
IDM,115
ECM,17
CMV,29
MVT,138
YRT,129
KLC,51
IKQ,177
DEW,70
ATW,97
RLN,347
NLQ,198
TRT,224
QHQ,82
PSC,38
SCL,102
CLV,116
YFP,84
MHQ,34
QQN,133
QNF,98
PCH,21
CHI,26
EAF,287
TTC,50
TCC,18
CCM,5
CMI,16
LQI,202
FQR,140
LYW,55
YWH,21
WHR,37
HRF,108
MMR,78
MER,121
CRN,39
IDH,112
DHA,106
CRD,55
VGM,224
HFV,98
GKW,60
WIW,27
IWQ,81
ISH,178
SHE,91
ECQ,44
CQY,20
DSH,111
HHH,73
HVH,61
VHM,47
HMF,19
MFP,55
PQI,151
QIF,125
DRQ,164
RQS,199
MCH,13
CHP,20
YCY,10
CYP,20
KYA,129
FTQ,140
FKQ,93
QFN,118
NDS,143
AWS,137
RVN,231
PQQ,198
IHS,119
HSW,29
KLH,110
RND,162
WCK,9
CKD,26
NNQ,114
YTH,58
AHW,70
HWC,6
WCL,20
CLA,149
AYE,114
YEI,100
MPQ,100
QKK,114
KCG,46
MMT,89
AYN,98
DMQ,77
MQE,106
PRC,32
RCQ,45
CQE,33
VYP,123
YPI,86
EFP,85
VQN,136
QQQ,382
EHP,114
RIM,98
MKG,96
PSY,88
SQE,170
LMC,33
MCP,11
CPF,34
NMM,45
IEH,120
NDF,133
HEM,53
QMN,49
MNE,77
EPP,95
TMA,160
YQP,120
TSV,280
YVP,131
QEH,65
QRY,185
RYQ,182
QPF,129
YVS,137
IME,65
AFY,167
YMV,55
TYH,25
YHL,93
QMF,41
YPG,154
GMI,176
RGQ,203
QDL,248
KRK,178
TKK,105
NMD,62
GKF,152
LRT,405
QFF,107
CSF,43
SFC,39
SQH,90
HEV,129
ICD,71
CDE,60
DEC,41
CVD,61
DLC,57
LCN,62
CND,26
HRE,101
ERS,197
PHE,54
RNH,81
DYV,189
YVI,134
YNH,35
NHY,50
HYK,34
FTM,56
CDY,30
IVY,106
SRK,184
RKH,89
KHP,69
TSK,115
FIC,49
ICG,109
IKF,68
KEP,90
EPK,114
PKN,82
TKQ,90
KQY,82
DTM,60
TMY,44
MYD,35
PSM,64
MIE,115
EFG,191
NFY,62
FYQ,96
TWQ,97
QRD,208
RDQ,133
DQH,49
KQW,45
WSN,38
PYR,85
LHS,205
SET,245
MPW,31
DTE,151
SDW,79
WKW,11
WDR,43
YHM,22
HMW,5
MWR,26
WRM,36
FLC,88
NTF,148
FDT,180
FSM,89
LYH,102
YHR,64
HLW,40
VYF,97
KNW,48
CGF,85
VCV,94
CVT,54
GWM,60
WMV,42
HSK,55
DKT,219
VTW,80
LVW,135
RWW,27
WWR,33
KFV,95
EGP,97
RHT,111
EMR,116
RPQ,167
RYN,122
MSS,162
WLY,69
MIF,111
FNH,80
DMF,56
MFQ,34
RFH,87
KKW,35
KWV,40
NYS,134
ACF,68
QYH,47
QFM,38
WIN,59
FPT,114
PTW,53
WAR,75
EVH,102
PCW,9
CWE,14
AYH,68
YHA,85
HAR,182
RPH,81
GPY,81
PYN,49
NGH,102
IFK,80
FKP,100
TPW,81
QLH,156
NNP,150
QRC,76
RCT,48
CTC,9
GEW,129
EWD,46
EPQ,128
PQP,167
HVY,38
VYE,112
AWQ,173
IEM,93
QVP,156
NTR,183
TRF,223
SCG,79
NWN,26
WNK,34
PFG,175
NHR,62
RPS,143
AWY,65
WYA,47
YCA,41
CAW,26
NGP,126
DKY,105
IHQ,105
THT,90
NVH,89
EPF,141
FRQ,202
VIC,103
YSY,69
HAW,51
PIK,73
GWS,110
WSV,80
SGP,188
EHQ,94
HQH,59
QHP,116
WDI,47
RHF,135
CEQ,53
AEC,67
KTH,81
THA,146
LHD,231
SHI,113
FHW,17
HWR,46
WRW,49
RWQ,125
QMP,79
RWR,124
NPP,114
VRY,198
YCH,24
MNR,81
NRM,63
FYS,90
IRW,48
RWH,48
SRH,154
PWD,39
WDE,90
HFL,147
LSW,182
VFH,90
FHQ,71
HQT,58
TFT,247
FSC,51
CEH,35
SCT,50
CTL,93
HND,72
LCM,50
CMD,17
NQT,123
TPF,193
QDG,189
VTH,164
THD,116
VEY,142
MLE,289
NDW,45
KPP,77
PPS,162
MYK,27
YKV,87
YTP,107
HYQ,81
AIC,105
NKY,62
ENE,154
LCT,82
ADC,94
DCM,12
CMQ,18
MIS,133
NRY,121
PID,108
VDQ,174
PVQ,195
DSM,86
RQT,194
IKC,22
KCV,40
CVY,23
EHG,170
LQN,236
YFR,81
IIY,111
SKQ,128
YRQ,192
YLH,108
HSR,90
FTK,94
QTK,90
HGQ,94
QKV,208
KQK,122
QKQ,147
IGS,361
YVD,152
NQS,111
QSG,306
SFK,89
FDG,212
RFQ,117
LKM,135
KMK,77
IPP,174
PPH,53
SPM,73
TVC,65
VCP,72
CPS,48
KVH,58
NNK,89
KFH,35
PTT,196
DYG,162
FVY,97
NPH,80
RQN,151
FHN,55
FCH,36
CHE,21
HEQ,88
MRQ,131
FMP,83
VQD,171
SMV,124
QEC,33
ECR,50
CRE,80
YLN,201
ESM,65
PAC,74
MND,120
RYY,107
YYR,94
DPQ,241
PFQ,72
FQQ,131
FYT,100
VSW,83
MAW,79
IYI,100
MWP,12
WPS,45
PST,136
CKH,13
FKL,155
GNQ,140
VMQ,139
DIQ,193
YIW,27
WQP,104
IHC,31
HCR,43
AFF,249
RNA,283
KVN,191
FLR,311
RMD,73
HRK,55
AYT,137
SMN,61
MNM,49
NMV,82
QWV,69
YSC,30
SCD,43
CDW,12
WEI,38
PPP,117
PPD,116
IMT,104
GWA,119
IYQ,126
YQF,70
HTK,28
TKS,126
DMR,93
SLW,133
PLW,110
FYF,73
YFF,66
MSH,73
DWT,51
WTF,36
YSN,99
QPN,89
CSL,126
NSP,139
RCR,79
ASM,174
LNP,268
SEK,223
FKD,108
NMH,22
SQK,124
RSM,105
FEH,66
HSE,102
ELW,80
WFQ,24
FQC,13
QCF,20
CFN,30
FNF,111
LWM,49
WMR,39
RQK,160
MEY,41
IDC,60
DCR,60
CRK,53
IQC,21
QCG,63
HNT,51
IWG,62
STY,99
TYK,75
RHE,114
EFM,55
YKM,34
PIM,66
KFW,22
FWD,34
QGH,94
HPV,125
ENR,188
IHN,75
RWF,49
QRW,82
RGN,172
NDY,106
TME,62
NKG,137
NMT,70
YIG,195
HHL,129
HLN,132
FWT,31
SMF,68
MFF,57
MFR,71
KFQ,35
FQT,95
FVH,89
VWV,84
WVF,51
LPY,194
PFN,105
NHW,19
WAF,56
MYA,71
PWW,14
QWI,52
IFH,81
FHI,72
IFM,73
VYL,244
FRR,216
WLF,100
WRR,116
WGW,37
WQK,72
QKM,85
MNQ,79
PTD,118
GQF,156
SCF,33
CFA,58
CTP,40
WIA,115
TTH,113
YAM,87
GVC,91
FMW,17
MWL,56
HNG,102
SPP,97
AVW,127
VWG,107
WGN,41
VVQ,213
QSF,116
CKL,43
RMW,21
MWG,38
WGF,52
WLP,173
PMM,49
MST,128
MIC,40
CEM,17
EYR,151
MVI,179
PKS,119
ICA,103
DPW,34
WYN,34
YNY,41
NYR,119
ELC,95
PDW,65
DWR,92
FMF,45
MFM,33
KFN,88
FNE,141
YSP,125
PFW,46
WES,63
MPK,75
PKH,49
RNY,101
ECD,40
FPA,267
YHH,39
HHF,74
HFR,109
KCH,13
RLC,117
CAE,84
EWM,30
WMM,21
EYI,113
AHP,169
FWH,38
AKM,117
CNS,31
AHD,131
GTH,97
YSQ,107
DDT,210
PMQ,60
HNA,122
YMH,26
CAS,100
SVM,209
TTY,87
NTP,186
QRH,118
KEQ,168
NQW,22
YLP,240
PEH,123
EHR,92
KGF,195
MHR,45
HLI,196
YPH,79
PHD,75
PHH,75
HVF,79
SDF,177
VDF,237
IYV,119
QTW,52
WYI,39
YFH,36
HNY,35
SKD,128
LWK,62
INW,53
KQN,98
MTK,96
AWC,37
WCI,14
PQN,99
QNW,22
WPH,20
WIG,77
VMW,21
WGV,99
IWM,28
WMI,36
IFT,200
SWI,80
WIV,63
LFF,290
MAY,71
YKH,34
KYR,115
RYD,155
NHS,86
HSS,112
SSP,235
WSE,70
LMW,40
INS,214
DCI,26
CIL,81
MPI,92
SPK,114
INC,39
AHK,92
DFH,62
CAQ,55
MAC,66
CEA,78
SIF,197
CAA,179
QQH,121
HSP,104
ICS,73
CRG,58
PHY,45
DPE,233
LCW,45
CWI,20
WIQ,24
QQC,43
QCI,22
TWF,69
WFL,70
WST,65
ESC,55
SCC,16
CCR,24
CRC,11
RCY,30
CYH,17
TFN,176
NSF,114
SYI,135
VSC,67
SCR,51
CRW,20
WGI,84
GEC,82
CQQ,77
WTQ,37
PAW,127
PSR,176
YEK,112
FPK,51
VHF,89
SPS,220
HPF,77
FKH,43
HLM,77
PSQ,128
SFS,286
FHV,57
WCY,11
TKN,89
LHG,256
NKM,48
KMD,53
MDS,102
ISF,204
SQY,95
QYV,114
NVW,51
KNE,101
YQY,60
SWH,41
WHK,22
HKP,54
KKP,126
TCG,64
YLT,216
FPF,86
EQP,159
SSK,169
EQW,59
QWF,41
NVQ,143
VCK,25
NCS,29
TDC,34
DYE,88
MPD,155
SYQ,139
QAY,126
YRF,111
KDN,126
MIM,51
KKF,89
YDI,127
EWT,33
WTT,49
FIQ,124
SSM,127
ICV,53
IYF,85
CRH,30
RHS,108
HCL,59
VYK,83
KNY,100
ISC,66
SCH,30
CHQ,23
KHC,12
HCQ,22
CQS,53
FHT,58
TQT,173
PCP,28
CPT,53
DTK,79
NTC,35
TCI,48
CID,53
DFQ,100
THY,76
YEN,78
GPD,143
MNS,75
RCN,27
CNL,46
MET,101
FFY,68
FPS,125
PRQ,128
FFH,66
INN,190
NQP,125
IIF,192
TFF,146
ICQ,58
CQM,14
DNN,124
NAY,101
PHV,100
GYC,54
CCY,19
CYK,12
CQA,60
CRM,35
SMP,106
FQA,155
GTC,43
GCN,50
CNC,7
NCP,30
PFC,53
CSM,32
NQK,75
YKY,38
KIR,168
MGN,104
HYY,46
YYL,130
VCL,108
SCI,49
CIQ,22
QWN,27
WNI,32
KIK,172
HCF,22
KQC,22
QCL,50
CLQ,51
LQC,52
QCV,37
RHP,185
HET,65
FCA,73
PLQ,260
QNM,48
NLC,58
CRP,79
IDW,67
NNS,119
NSK,117
MFC,20
FCI,55
CVC,18
KRC,41
CNI,27
VQC,46
QCA,56
QET,183
IMI,82
MFV,79
TVM,150
MCC,7
RYH,77
FFF,107
ICW,16
CWT,12
HYH,41
YHF,53
DFC,35
CRT,46
QCC,13
CCG,31
HKI,69
KIF,139
MFN,61
NFN,91
FTF,127
NND,144
KTS,179
SHN,68
FRG,163
NNC,19
NCD,23
HNF,47
YNS,83
FQF,51
NFK,64
GQH,120
IFY,83
TCR,55
THS,109
HMT,36
TWN,42
WNT,34
CTS,37
FRC,42
PEC,37
CQH,33
GNK,130
NPC,24
GMP,137
PTY,74
TYS,96
SDH,79
DHY,55
HYN,36
NKH,45
CKQ,22
QYY,49
YYG,111
RCA,82
KFD,102
KYK,58
FSW,60
PYC,23
YCP,34
CPM,12
MFK,50
NKK,121
DCS,52
CSY,28
QQF,158
HIH,70
QKW,34
KWE,19
CQP,47
WKR,44
YFW,22
FWA,59
WAL,134
FAW,91
KYW,29
WQE,99
ENW,53
NWE,38
YKT,65
GYE,176
RCC,26
EDC,25
DCF,33
GHC,49
HCC,10
CCN,10
ENC,29
NCR,40
AWM,64
SRP,179
RPM,65
MQW,27
SHC,38
HCY,13
CYL,54
YLM,101
MQI,92
MDI,105
QKI,158
IMD,99
KYE,50
IEW,45
EWH,33
HTY,35
DYN,89
CKV,31
SNC,28
CSI,47
QFK,74
FKS,88
NGS,237
KRN,118
NSE,128
RTN,107
NKT,133
PEW,91
NHF,77
NEM,78
EMM,77
THV,87
HRI,114
FCD,32
CDG,59
PCF,34
CFV,47
CYV,34
RFN,165
SCP,43
CPA,72
PQM,62
SRC,60
EEC,49
MQN,60
QNQ,95
AWI,119
ICF,40
QPP,114
HCG,33
TYI,86
ARW,154
RWS,64
TNF,74
TCT,44
SVC,73
SDC,50
FAC,58
ACP,93
FHC,18
CGY,52
TKC,29
KCQ,11
MMC,23
SSC,44
SMR,95
MRK,125
KIH,63
NCE,21
CEP,41
ATC,74
KNK,147
HPR,108
HVQ,67
RKK,149
RKW,33
KWP,13
WRC,15
QTC,43
TQN,129
NKC,15
KCS,27
LWY,45
MQS,76
FLW,55
QHF,93
GVH,139
HPH,72
KDH,35
QRT,179
EQH,132
IFQ,97
CQT,32
QHH,57
HKT,67
KTM,75
NRC,28
RNE,168
PAH,156
HQF,60
CAF,64
FAF,186
FHM,20
RCG,91
VCE,71
RSK,156
FWW,22
HQK,48
CHC,12
VFQ,146
HFH,45
QPH,60
PHF,66
FHE,58
NHH,38
IHW,38
EFK,94
EYS,104
NGW,58
GWF,76
QRK,152
PPY,66
SWF,62
WFC,18
NIQ,134
KNQ,97
CYI,30
QTM,80
EPG,225
CFH,11
QFP,83
LWR,141
ACS,109
LCS,101
CSG,77
HEC,15
ECI,40
CIN,47
RQW,80
VWM,47
WVG,79
FPM,56
FQG,98
DKW,49
KWC,7
TEY,95
MIW,32
IWT,38
YYA,116
MNN,77
NWS,49
LWA,146
FES,141
DRP,137
KSC,31
CTT,55
FMN,38
KQM,56
HSN,60
NFQ,64
DQY,79
EWF,54
YVY,68
AHI,129
KKS,180
KSM,80
VCM,24
MCM,7
CMG,22
CLP,74
GTW,82
WAP,64
TYM,39
REW,85
WRI,77
GLW,145
WRN,71
SLC,111
CFY,27
YMQ,37
YMI,30
MCA,35
FFW,39
FWY,23
WYV,31
MCE,29
WQV,96
MQT,106
TNS,153
YWN,27
WNH,15
HDD,88
THC,36
RHQ,131
QNH,44
DDW,63
DNH,68
DNW,60
EHN,92
SEC,29
CQD,23
NCQ,32
NKR,108
YQN,89
QDQ,59
NTE,128
CEE,59
DAC,87
AQH,174
NRS,145
QVC,41
NLY,134
LQM,125
QMS,81
CSR,59
PYH,36
YYD,79
YRM,44
YMM,22
MCS,21
WDG,59
WSS,69
DDH,106
RSW,53
GMC,19
TFM,88
HLR,208
HNM,27
YHT,43
WVC,19
CIF,29
FEY,64
NGC,72
RCW,25
CWP,24
KNH,54
NHM,20
HMI,32
MIY,64
INY,93
YYC,19
LCY,50
EWC,16
WCW,5
CWR,23
TSC,41
YEH,64
HFT,94
LCP,69
SQC,31
IQT,152
TKH,44
SWQ,111
QID,186
IMH,32
MHK,31
YQM,35
KGW,73
MNF,56
PNR,86
MRC,22
HES,78
HCI,26
IPC,60
PCA,62
SMK,79
WYC,16
YCT,26
WCG,27
MMK,82
CNT,32
TIC,58
GSC,59
CPR,34
TLH,235
QHK,63
AYI,145
TYC,27
YCL,53
IIM,137
QTS,151
CLM,53
IMF,50
HMV,40
IKY,69
CAC,23
CCA,42
VCT,50
QCT,19
CTN,27
LCC,45
SCK,18
CCP,12
SMD,85
NWC,10
CLC,20
CHY,21
HYS,82
MIH,40
IHM,21
EFD,164
HHK,25
HKK,52
VKH,100
FKF,45
ECN,23
MFI,84
ICP,53
YTC,15
VHC,29
HCE,38
CCC,12
ITF,166
WYT,25
VWD,59
QMH,27
MHN,35
NHQ,62
AHS,156
SYK,76
FTY,72
HNL,165
GSH,110
QPW,60
IPK,103
PKE,137
SMC,12
MCI,19
AYF,102
YIM,34
KHK,52
HKN,42
KHS,71
NAM,154
HVC,26
VQM,70
MYT,34
LMY,58
NHC,12
MPY,72
WKQ,32
IED,226
MGQ,78
DQT,115
YFQ,56
GCD,84
CDD,45
NAC,52
DHP,96
SHS,138
VFC,72
CLY,43
EYW,37
YWM,20
MTM,70
KMC,7
MCT,13
KMI,81
YWE,21
ECP,36
YYY,42
QYC,39
CVW,19
RGW,86
WIH,14
CFI,50
EHE,76
YDN,116
NFF,107
KNN,117
LYN,159
PKM,42
KMM,41
PPK,87
QAW,130
AWD,95
VQE,182
HEY,57
YGS,161
RWY,46
YEW,21
WDS,61
FDP,159
SCQ,36
AHC,49
AKC,26
FMM,40
HQN,38
QND,107
RDW,97
WHY,23
SFW,66
CPC,14
MCL,20
HDQ,59
CIY,32
QTQ,162
WHF,35
HFN,59
NFH,55
KIC,39
HRN,60
NCY,15
HHN,36
DNC,35
QFS,163
KHF,58
HTD,97
EFN,116
VNC,49
STM,91
TMT,99
IYH,47
QAC,76
DSC,30
CIE,42
WWN,12
IQF,86
EWS,46
WSG,115
DWG,66
WGC,23
YIY,58
YQD,94
SMW,23
NNH,44
YTQ,84
GKM,97
KMQ,50
LYY,113
KKM,91
SPH,89
HHS,46
HSM,36
FYE,77
YIH,49
CMY,4
STN,108
NYC,14
YCI,32
YEF,55
WDF,37
NCN,11
CNM,13
KCI,29
HPM,35
PMN,40
VHI,98
IYY,55
NYM,28
NYK,45
SNY,88
NYY,62
ICC,26
QCN,21
FCY,33
AQC,61
IWH,30
HKF,36
FHY,52
YCN,14
FYW,25
WQY,22
KCF,16
YHN,35
FNK,104
CYR,32
RPC,31
FWV,46
TQC,36
CGC,35
SWM,38
WMK,21
DQD,89
HDK,82
FMY,22
YVQ,86
EWI,54
QWK,34
WKI,39
GWD,74
PVW,112
DHF,87
ECL,67
CHK,26
MRI,125
PLC,77
WNQ,36
NHK,31
CSC,14
SCY,24
MWA,32
GPP,37
CDL,85
QTH,73
SYY,92
SYV,132
CYN,24
YNR,89
PTC,37
KVF,152
PCM,12
YRC,33
VIW,75
WGT,68
MML,132
FWC,11
WCF,13
FYY,48
FWQ,83
GWN,62
MRH,58
SWA,84
WAM,46
CIR,44
YVW,34
FCK,28
CKK,23
CSS,94
VCW,20
WTI,44
RTP,195
HPP,33
RWC,19
CTQ,20
KMR,86
PCQ,21
SAH,161
HMG,48
YNG,106
RSC,49
WYH,24
WHH,19
WRH,50
HHP,67
STW,77
YYS,97
CFC,12
WHG,49
QWQ,92
WQF,38
CKN,32
FHK,36
PYT,105
CNP,25
QYF,63
EHC,41
CWV,19
WVI,84
TCV,55
WKP,32
VHN,75
KTC,33
TCH,24
VCQ,43
CQW,11
NAH,87
CFQ,19
VTM,89
TMQ,76
CTY,18
CTE,35
YDQ,74
NQY,86
RST,153
QHC,23
RTC,32
TCS,53
CSN,29
CHN,26
TKY,68
IWY,26
CFK,22
KFM,44
CWW,4
WWV,28
WRP,58
WFE,40
FEW,30
WKD,38
QMT,62
KMY,29
MSM,76
DNM,76
DPP,57
VHT,105
KEC,29
ECG,55
TWP,56
IRC,52
HFE,74
MWK,16
YNN,58
KYT,93
QPY,67
TTK,116
EVC,73
DGP,140
EKW,56
KWS,34
HYF,64
YWL,74
YEP,76
CEY,28
DNT,172
GNW,80
NWY,16
WYP,22
YYV,61
EKD,171
QHY,65
HYV,76
NAW,91
WEE,48
TDW,63
VYH,60
HQW,31
CDA,87
CYG,32
YMK,25
KSY,96
QYW,27
NTW,48
PTM,59
VHQ,101
QMQ,84
HVM,49
TNM,43
SIR,202
TNH,57
WAQ,78
MFD,70
QMM,44
MEW,17
EWQ,86
QIW,37
WEM,32
HHQ,62
HQM,46
DWC,13
QYT,66
HHT,49
GWG,104
MDC,19
KVQ,124
HLC,36
PHM,43
DWP,40
WPQ,64
MQP,65
PNS,91
HPY,60
HCK,17
WAE,80
FHH,50
QHN,56
HNQ,50
TYT,96
QCS,31
EMQ,75
QWP,40
DRW,53
RMH,44
FGK,177
PWK,23
WKH,10
QNS,103
SHT,102
RCD,47
WPK,23
NFM,40
RMS,88
MTW,38
MMW,14
WKT,57
VWN,51
WYK,24
TNC,35
WYL,62
ESK,120
MEQ,116
TMD,71
FTW,68
WSF,52
IYC,34
YCM,11
CMR,7
TMM,56
PWH,28
WFI,56
FIW,54
WMT,37
NCW,9
CWD,17
YYH,32
YHV,48
PCT,24
KVW,52
CPI,31
NGM,101
YTM,45
SMS,109
PKY,55
FEM,50
FYP,83
HWS,31
WSP,64
AWH,68
GQC,43
EWN,32
RTY,83
YCD,42
CDP,50
AEH,214
WKY,22
YYK,52
WDM,20
REC,50
EFC,36
MNC,24
MWW,9
WWC,3
WMG,40
SCM,22
WPC,9
NTK,80
NQC,10
CQI,24
GHM,48
CDK,23
HTQ,59
KWQ,45
WQS,89
QSY,100
HPC,11
CCF,10
HTE,68
KGC,36
CHL,57
LKW,48
KWR,40
CMK,9
MKM,48
TSW,53
PSH,59
DTH,85
YWF,29
WFR,41
PSW,46
YPN,65
KYY,58
VMY,53
VHW,25
HWG,24
IIC,56
HWP,34
KTY,102
NYV,101
KHN,58
HNS,62
ECS,38
RNM,61
MQD,83
QMD,59
WAY,37
AWW,47
WWY,13
TYP,99
VCY,38
RVM,174
MHT,32
WSI,60
TMN,50
MMF,36
PNY,44
AMH,69
CYE,22
NWG,46
WNM,15
QFC,32
FCE,52
CED,40
WLQ,135
ACW,32
CWA,18
ETW,72
TWC,18
WCD,17
CLK,48
PPM,48
MDP,55
WWI,14
WIP,36
HRC,26
RCM,25
EDW,40
KMF,55
QIC,37
SWS,77
AWN,69
WNG,52
YMN,28
ETC,62
TCK,24
DQE,104
FNC,23
NCF,22
MMQ,71
CPH,23
CDC,14
DHM,22
KPH,54
HVN,82
SHV,120
VDC,64
CDM,27
DCC,17
CCE,20
CEG,60
TWK,25
GSW,109
GCP,57
CGN,63
QYM,26
FNW,48
IQD,130
DFW,36
PWC,13
GPC,23
MQH,39
VCS,83
HMS,28
HKR,68
HQD,70
HAC,39
FNY,64
MVW,38
YMW,12
NTN,84
CWH,10
WHD,36
CWF,10
HQS,72
DIW,64
WYF,28
WSW,18
YDP,89
HHE,57
WYQ,40
RPN,81
PMK,41
YNE,77
QDW,35
QYI,98
QME,62
CPQ,48
VVW,118
MCV,19
SWY,41
FWS,65
HGM,61
WFT,50
CFE,32
MYI,37
YDW,40
DWS,67
WML,60
RWT,37
WTA,60
RWK,39
HIW,24
SQM,79
YQC,20
CSQ,34
HEW,25
WMA,59
WQW,20
AFW,90
WMQ,25
QDH,38
WEF,21
FWP,38
WPF,32
PFM,62
CEV,63
WPP,22
PWM,29
CAH,36
FKC,17
TCE,33
YSM,48
EYN,60
EMY,48
WNF,35
WWM,13
WIE,81
HEH,54
HIY,56
MQY,44
YWG,47
RMN,61
ACN,36
MEM,45
TWD,45
TYD,75
GWH,48
FEC,32
ECT,29
PMF,58
SHY,94
QHM,31
KEW,50
HWK,19
QCE,40
PMH,28
MHC,16
WDH,17
SYC,26
KMW,21
WKS,38
HMK,21
WNV,48
EQC,48
VWF,70
YHS,53
CNW,4
YFC,25
TWS,59
CIS,55
KCY,13
IWR,79
YDS,117
GWW,33
IMW,18
MWD,25
WDT,37
WHV,24
FDC,45
CDN,41
DCE,32
KEF,96
DWF,43
WWP,12
PMY,31
MYL,92
FWI,33
WIC,15
CFT,48
KWF,37
WFP,42
QYP,75
TCF,37
WTE,31
MKP,89
NWI,29
YCQ,30
CQV,45
WKN,32
CTH,20
THW,36
YNQ,50
SIC,40
CEW,12
WTC,8
TCP,54
CPL,76
FVM,74
FME,46
HDT,77
PWP,55
HYM,28
FCC,20
CCS,14
CMF,20
KWK,22
CAN,52
MEP,52
LWE,86
CGW,22
GWC,18
PWS,62
TNT,137
MDQ,51
DCQ,37
NYN,56
NYE,57
CSP,46
VCH,41
VWW,23
RPW,50
WWG,14
VCN,31
CNG,43
MWE,16
MHE,43
TCD,52
CDS,50
SKW,30
EMW,24
MWT,17
PCD,31
WSH,20
CSK,23
NQM,46
WNE,39
DFM,55
WNL,52
QWM,27
QWG,49
DHC,16
WGM,49
MTH,52
DQM,63
CDQ,29
CPN,23
SKC,23
EFW,43
YFK,51
CTF,31
SWT,54
HPS,79
WPN,27
SMM,63
YPC,16
IHE,99
RCK,33
CKT,28
PWG,67
TWM,27
WGY,52
FKM,26
RIW,60
YIK,89
TMF,52
SHM,33
CCT,13
DCY,24
YPM,41
WEH,26
NQE,85
WCA,25
WIK,43
NMW,11
HCH,20
WQH,51
NMN,50
YET,106
HEN,49
MGW,57
PPC,15
HWW,9
WNC,9
WFN,62
WMS,40
ACM,30
WFY,22
HNK,38
WTY,23
SMH,23
DWN,40
CKE,26
LPC,66
IWI,52
MYM,18
CSH,24
NHE,41
MYY,21
QMW,12
IWW,17
QCD,33
DQW,32
VQW,53
MSC,26
WNN,28
RTW,59
TWH,29
WYY,14
KCC,8
MWS,23
MDF,67
WMH,10
MYQ,46
HWM,18
SWN,45
WND,48
YCE,31
CME,18
WHI,36
AYW,49
QCY,16
PMR,71
CPP,40
MCK,12
WFK,35
QCK,19
WCN,9
CHV,25
CCV,15
IWN,34
VFW,50
FWF,46
MVC,35
CFW,9
IWS,62
CCQ,16
WSY,23
HKC,5
WIM,30
IWD,27
CNR,20
CMP,12
HWV,33
WNA,55
YIQ,68
WWD,14
NWM,16
YHW,13
FVC,43
HKE,52
SCS,62
WMN,28
WAW,33
HMM,19
CVH,21
HDM,41
WMF,14
WWL,46
CMN,20
EWW,11
WWF,21
HWE,28
WGH,36
IMC,12
HNC,13
YMF,20
CWQ,19
IWC,17
CNE,31
GPW,47
WWA,23
QPC,31
PCN,23
DCH,31
WHN,37
EWP,33
HCP,28
VWY,36
NDM,67
YRW,43
ICI,58
GMW,35
MWI,19
MDW,30
DMW,15
HHW,28
QCP,31
YQW,31
MWC,3
GCK,39
PQC,22
QCM,11
DHK,44
CPW,12
RWN,45
WNW,15
RWD,47
WMP,29
YPW,27
MQC,16
NKW,28
KWW,9
ICH,22
WPW,16
MFW,27
FWK,29
SWE,50
YNM,22
PCC,15
PIC,24
CHT,28
CML,33
CQN,23
ECY,24
HWY,25
DKC,27
KCM,6
YPY,45
WEV,44
MYE,44
WSM,31
EYM,41
TMC,9
MQM,57
HYW,24
YWP,26
CNH,16
HMQ,38
HQC,16
SWK,61
YMY,13
HTC,23
ACC,31
DHN,41
TWE,72
FQM,24
WKF,14
HCD,34
WFM,23
HWN,19
QWW,19
TCM,14
ICM,21
SWC,13
WCS,10
HNN,31
SWW,18
WMD,34
CTM,11
YDC,7
KCE,27
WME,37
MMH,17
ECH,20
CHH,15
KWG,36
MFH,24
CES,28
HCN,13
WIR,34
RKC,23
WTW,19
HSC,20
WWH,9
WHC,10
PMC,16
VWI,74
CCD,16
CYW,11
NWD,42
CIH,19
DQC,13
QHW,28
SCW,18
CMH,8
QCW,15
WTN,21
CMS,14
DWY,34
NWH,30
CPY,31
WTH,15
KCN,12
HMN,21
DWW,15
MHW,15
YCK,14
CMT,21
WWT,10
CLW,20
CTK,18
SNW,38
WWK,17
MYC,7
YCW,2
CWC,5
TKW,20
MTC,26
ECW,15
FCM,19
KYM,31
VWC,21
NCC,8
MWY,9
KIW,32
HDC,22
CDH,22
FCW,26
MFY,34
CIC,14
MCW,4
HCS,23
RWM,38
EMC,20
HRW,28
WVW,15
CMC,5
WEY,31
YKW,14
PCL,50
SPC,31
PCY,21
WHM,9
YWW,9
NVC,25
WKC,6
WDC,9
QWC,12
MEC,14
HWI,20
WDY,26
QWE,36
PKW,16
WCR,24
HFW,32
CKW,3
CYY,13
WEC,11
ECC,11
DCN,14
WAC,14
MWH,9
HDW,20
CIP,28
CYC,11
HIC,19
KCW,9
HKM,19
RMC,16
NEC,26
CWK,7
TMH,24
CYT,21
NCM,10
WDW,11
TCW,15
MWN,10
DWM,27
CKM,9
YNC,9
MYP,35
YYM,23
MPC,19
CHW,6
HFC,19
FWM,27
PHC,25
CQC,7
MWM,16
CCH,11
NWW,7
MWF,20
CIM,15
WFW,27
KYC,25
CKP,22
CWN,9
WWW,5
TMW,18
WCQ,10
FMC,8
MSW,33
CHM,19
CNK,26
KWN,16
CWM,4
WMW,7
MHM,18
CCK,8
HKW,9
CSW,13
WHW,12
YKC,15
MNW,10
MCY,8
FQW,15
MKC,8
NMC,6
CNQ,13
CWY,5
HMY,10
PIW,22
DHW,13
WCP,5
HHM,15
WWE,11
DCW,5
WSC,10
QCH,20
FKW,13
WCH,7
YMC,3
HNW,16
WCM,4
HCW,4
CKC,4
WCC,4
CMW,1
WMC,1
