MLE,108
LEK,360
EKV,233
KVV,144
VVI,174
VIA,267
IAN,156
ANR,100
NRG,54
RGE,117
GEI,218
EIA,229
IAL,350
ALR,274
LRI,125
RIL,169
ILR,166
LRA,187
RAC,16
ACK,22
CKE,21
KEL,239
ELG,215
LGI,345
GIK,148
IKT,110
KTV,143
TVA,139
VAV,194
AVH,39
VHS,32
HST,32
STA,178
TAD,102
ADR,84
DRD,66
RDL,146
DLK,139
LKH,59
KHV,28
HVL,48
VLL,304
LLA,478
LAD,266
ADE,164
DET,81
ETI,139
TIC,25
ICI,22
CIG,39
IGP,70
GPA,43
PAP,63
APS,70
PSA,88
SAK,136
AKS,177
KSY,74
SYL,124
YLN,106
LNI,184
NIP,111
IPA,152
PAI,101
AII,246
IIA,260
IAA,281
AAA,340
AAE,208
AEV,199
EVT,94
VTG,155
TGA,148
GAD,142
ADA,150
DAI,176
AIH,50
IHP,55
HPG,24
PGY,32
GYG,96
YGF,53
GFL,134
FLS,147
LSE,273
SEN,123
ENA,177
NAD,126
ADF,125
DFA,109
FAE,153
AEQ,243
EQV,154
QVE,126
VER,136
ERS,63
RSG,101
SGF,101
GFT,93
FTF,59
TFI,85
FIG,139
GPT,35
PTA,113
ADV,161
DVI,141
VIR,95
IRL,129
RLM,66
LMG,65
MGD,40
GDK,146
DKV,130
KVS,130
VSA,178
SAI,194
AIK,154
IKA,184
KAM,71
AMK,56
MKK,141
KKA,189
KAG,196
AGV,249
GVP,120
VPC,16
PCV,18
CVP,19
VPG,65
PGS,43
GSD,103
SDG,87
DGP,38
GPV,54
PVS,104
VSN,116
SND,69
NDI,105
DIA,174
IAK,229
AKN,168
KNK,99
NKE,95
KEI,198
AKR,162
KRI,132
RIG,119
IGY,87
GYP,43
YPI,49
PII,108
III,121
IIK,109
KAS,97
ASG,185
SGG,203
GGG,213
GGR,99
GRG,119
RGM,39
GMR,41
MRV,35
RVV,97
VVR,113
VRS,115
RSE,88
SED,75
EDA,114
DAL,240
ALE,308
LEE,260
EES,99
ESI,141
SIA,175
IAM,81
AMT,51
MTK,49
TKA,141
KAE,193
AEA,222
EAK,189
AKA,310
KAA,211
AAF,135
AFN,96
FNN,61
NND,78
NDM,20
DMV,48
MVY,20
VYM,16
YME,16
MEK,72
EKY,104
KYL,98
YLE,105
LEN,286
ENP,94
NPR,56
PRH,19
RHV,29
HVE,23
VEI,190
EIQ,106
IQV,81
QVL,163
VLA,352
ADT,80
DTH,28
THG,40
HGN,35
GNA,130
NAV,144
AVY,77
VYL,86
YLA,163
LAE,462
AER,186
ERD,76
RDC,17
DCS,27
CSM,12
SMQ,17
MQR,36
QRR,62
RRH,27
RHQ,32
HQK,23
QKV,114
VVE,179
VEE,143
EEA,156
EAP,58
APA,101
APG,53
PGI,46
GIT,183
ITE,134
TEE,143
EEV,152
EVR,140
VRR,60
RRD,58
RDI,94
DIG,94
IGS,187
GSR,73
SRC,13
RCA,19
CAN,27
ANA,166
NAC,19
ACV,43
CVE,23
EIG,139
GYR,70
YRG,60
RGA,115
GAG,236
AGT,168
GTF,85
TFE,71
FEF,57
EFL,135
FLY,49
LYE,104
YEN,59
ENG,176
NGE,159
GEF,85
EFY,46
FYF,41
YFI,58
FIE,96
IEM,53
EMN,35
MNT,22
NTR,52
TRI,91
RIQ,56
VEH,51
EHP,27
HPV,37
PVT,83
VTE,121
TEM,40
EMI,53
MIT,42
ITG,164
TGV,144
GVD,164
VDL,190
DLV,207
LVK,220
VKE,159
KEQ,85
EQL,247
QLR,108
RIA,165
AAG,241
AGL,343
GLP,180
LPI,179
PIS,108
ISF,98
SFK,60
FKQ,89
KQE,90
QED,48
EDI,115
DIK,107
IKV,116
KVK,137
VKG,163
KGH,39
GHA,44
HAM,16
AME,63
MEC,10
ECR,17
CRI,19
RIN,71
INA,158
NAE,162
AED,127
EDP,45
DPK,115
PKT,84
KTF,90
TFL,130
FLP,114
LPS,126
PSP,39
SPG,43
PGK,47
GKV,220
KVN,94
VNH,34
NHL,76
HLH,24
LHS,75
HSP,26
PGG,49
GGL,234
GLG,303
LGV,309
GVR,121
VRW,22
RWD,18
WDS,19
DSH,37
SHV,30
HVY,15
VYG,76
YGG,77
GGY,79
GYT,75
YTV,42
TVP,56
VPP,44
PPH,18
PHY,20
HYD,25
YDS,42
DSM,25
SMI,57
MIA,84
AKL,318
KLI,216
LIT,199
ITY,58
TYG,57
YGD,60
GDT,83
DTR,39
TRE,95
REV,107
EVA,166
VAI,228
AIR,140
IRR,84
RRM,20
RMQ,22
MQN,43
QNA,94
NAL,250
ALS,417
SET,105
TII,116
IID,141
IDG,156
DGI,131
KTN,62
TNI,78
IPL,148
PLH,42
LHE,59
HEL,53
ELI,223
LIL,300
ILE,186
LED,157
EDE,110
DEN,133
ENF,87
NFQ,40
FQK,43
QKG,98
KGG,108
GGT,146
GTN,64
NIH,46
IHY,40
HYL,52
EKK,101
KKL,247
KLG,241
LGM,122
GMN,47
MLA,119
LAK,396
KAK,223
AKY,76
KYR,62
YRK,50
RKD,51
KDY,82
DYK,53
YKQ,51
KQP,61
QPD,55
PDF,69
DFT,75
FTV,81
TVT,114
VTD,105
TDI,94
DIY,62
IYL,119
YLD,101
LDF,139
DFQ,58
FQL,76
QLD,137
LDP,122
PKH,28
KHT,26
HTV,32
TVV,149
VVT,129
VTA,175
TAI,182
AIT,160
ITK,123
TKF,50
KFQ,25
FQR,37
QRL,156
RLN,146
LNN,130
NNE,79
NEA,124
EAT,111
ATS,108
TSL,144
SLC,32
LCL,61
CLD,28
LDG,169
DGH,33
GHS,46
HSF,38
SFQ,37
FQF,41
QFS,83
FSS,136
SSI,147
SIK,136
IKF,53
KFN,60
FNG,83
GEP,98
EPF,57
PFS,63
FSD,101
SDY,77
DYQ,71
YQQ,72
QQD,57
QDG,48
DGE,113
GES,110
ESL,199
SLT,182
LTL,296
TLD,156
LDL,303
LKD,200
KDK,106
DKS,84
KSA,232
SAD,121
DEF,90
EFE,76
FEI,66
EIE,208
IEI,156
EIV,162
IVT,131
VTF,79
FLV,103
LVP,151
VPA,112
PAE,103
AEN,202
ENT,97
NTS,57
SLQ,134
LQG,180
QGL,163
GLY,96
LYQ,88
YQS,53
QSG,104
SGE,124
GEG,105
EGI,147
GIC,35
ICT,25
CTQ,9
TQC,12
QCE,22
CEA,23
EAE,164
AEG,173
EGF,82
GFR,71
FRQ,55
RQI,91
QIT,87
TYM,11
YML,33
MLD,79
LDR,142
DRP,34
RPD,59
PDV,68
DVL,211
LAR,237
ARY,81
RYI,57
YIT,53
TKI,90
KIT,155
ITA,208
ADK,169
DKT,78
KTK,113
TKY,45
KYP,51
YPF,40
PFL,100
FLL,214
LLS,373
LSN,183
SNG,91
NGN,87
GNR,57
NRI,115
IAS,176
GEL,231
ELE,250
EDG,100
DGR,93
GRH,28
RHW,6
HWV,9
WVE,28
VEW,22
EWN,20
WND,24
NDP,57
DPF,35
PFP,23
FPK,43
PKP,52
KPS,72
PSY,40
YLF,84
LFA,221
FAL,194
ALV,320
LVA,292
VAG,203
AGD,114
GDF,72
DFD,90
FDL,143
DLL,292
LLQ,277
LQD,112
QDK,74
DKF,83
KFI,78
FIT,86
TKS,102
KSG,169
SGR,92
GRE,98
VAL,308
LEL,228
ELY,112
LYV,93
YVD,56
VDR,80
DRG,50
RGN,60
GNL,145
NLN,142
LNR,139
NRA,80
RAT,68
ATW,25
TWA,22
WAM,14
MES,42
SLK,194
LKK,239
MKW,12
KWD,19
WDE,23
DED,84
EDR,52
DRF,63
RFN,74
FNL,122
NLE,151
LEY,69
EYD,41
YDL,97
DLD,142
LDI,162
IYM,15
YMI,11
MIV,34
IVA,223
AVD,149
VDF,116
DFF,55
FFN,57
FNM,20
NMG,33
MGA,67
GAM,66
MEN,51
ENK,110
NKG,70
KGL,215
GLN,159
NIF,64
IFN,87
FNS,81
NSK,81
SKF,41
KFV,71
FVL,184
LAN,261
ANP,109
NPQ,80
PQT,50
QTA,127
TAT,130
ATD,87
TDD,55
DDD,59
DDY,53
DYL,157
LAI,300
AIE,218
IES,157
ESV,105
SVI,161
IAH,78
AHE,37
HEY,22
EYF,58
YFH,21
FHN,17
HNW,5
NWT,22
WTG,17
TGN,97
NRV,93
RVT,66
VTC,20
TCR,15
CRD,12
RDW,24
DWF,19
WFQ,13
QLS,173
LSL,399
LKE,291
KEG,115
EGL,170
GLT,238
LTV,166
TVF,73
VFR,39
FRD,48
RDQ,39
DQE,46
QEF,65
EFS,78
SSD,91
SDT,72
DTG,55
TGS,135
SRA,97
RAV,141
AVN,167
VNR,54
INN,86
NNV,80
NVK,126
VKF,88
KFL,85
FLR,106
LRT,92
RTV,75
TVQ,80
VQF,53
QFA,81
DAS,75
ASP,74
SPM,32
PMS,22
MSH,17
SHP,26
HPI,30
PIR,73
IRP,69
RPE,71
PEK,97
KVI,173
VIE,169
MNN,43
NNF,40
NFY,29
FYT,40
VTV,123
TVY,64
VYE,43
YEK,59
EKG,186
KGA,134
GAE,150
EVI,182
IRM,19
RML,54
MLH,23
LHT,55
HTL,80
TLL,377
LLG,377
LGE,201
GEQ,105
EQG,159
QGF,78
GFQ,54
KGM,39
GMQ,29
MQL,53
QLY,64
LYI,73
YIA,82
IAE,270
END,83
NDG,71
DGK,154
GKA,160
AAT,141
ATC,23
TCE,12
CED,11
EDF,83
DFV,108
FVS,109
SAM,61
MER,39
ERA,123
RAN,76
ANN,84
NNL,149
NLD,141
DLN,144
LNQ,176
NQF,63
QFR,44
FRR,42
RRW,15
RWY,11
WYS,11
YSQ,43
SQS,100
SGT,128
GTP,102
TPE,130
PEL,172
ELL,327
LLI,357
LIS,237
ISD,135
SDA,96
DAY,54
AYD,55
YDE,58
DEK,129
EKT,155
KTH,44
THT,28
HTY,18
TYR,42
YRL,95
RLT,134
TVS,120
VSQ,146
QST,53
STP,70
TPP,49
PPT,40
ADQ,66
DQM,17
QME,23
VNL,151
NLH,53
LHI,84
HIP,43
PLK,117
LKV,164
KVA,175
ALY,129
LYD,60
YDA,65
DAN,83
ANG,135
NGT,78
GTK,84
TKQ,66
KQM,26
QML,58
MLQ,73
LQH,68
QHN,39
HNG,47
LSD,231
SDV,116
VLN,179
LNV,183
NVT,89
TEK,145
EKD,120
KDQ,53
DQV,59
QVF,68
VFE,93
EFH,27
FHG,28
HGI,49
GIY,86
IYG,95
YGR,48
GRP,57
RPI,67
PIP,58
PAL,165
ALL,587
LLC,62
LCD,47
CDF,14
DFS,127
FSA,147
SAP,73
APV,73
PVK,78
VKL,175
KLD,146
LDY,118
DYD,58
YDY,37
YKT,48
KTE,123
TEQ,118
QLL,243
LGL,410
GLL,343
LLK,370
LKF,74
KFA,85
FAD,112
ADN,97
DNQ,72
QFI,73
FIR,82
IRW,12
WDA,18
DAA,136
AAQ,164
AQM,30
MLF,75
FAQ,111
AQE,127
QEL,139
ELR,165
LRR,120
RRN,51
RNV,71
NVV,135
VRF,85
RFQ,40
FQQ,72
QQG,99
QGE,133
GEA,131
EAL,294
LEI,187
EIS,153
ISP,125
SPE,116
PEI,112
EIL,296
ILT,223
LTA,410
TAL,622
LSY,107
SYV,48
YVL,90
LNH,57
NHY,24
HYE,27
KDI,126
DIE,159
IEL,200
ELA,362
LAT,234
ATL,294
TLI,231
TLP,139
LPK,182
PKE,106
KEM,61
EME,49
MEF,24
EFA,110
AES,141
ESF,75
FKT,75
KTI,138
TID,88
IDP,108
DPD,52
PDG,63
GIS,213
ISA,217
SAA,165
AAR,157
ARA,172
RAF,81
AFM,39
FMQ,43
MQA,56
QAQ,115
AQI,133
QIA,167
KDD,58
DDF,95
DFL,126
LRV,132
RVY,52
VYT,52
YTH,19
THI,41
HIR,43
LND,130
NDY,58
YQV,60
QVT,56
VTQ,66
TQQ,77
QDI,99
RVM,39
VMR,45
MRN,32
RNL,118
NLC,30
CLT,26
LTY,84
TYL,65
LAY,120
AYT,57
YTN,33
TNL,106
NLG,135
LGN,177
GNN,74
NLV,149
LVQ,133
VQK,94
QKH,25
KHY,39
HYN,16
YNN,34
NNA,106
NAN,84
NNM,21
NMT,28
MTD,44
TDT,59
DTL,151
TLA,280
LAA,372
AAL,395
LSV,229
SVA,188
VAT,157
ATK,108
LCR,29
RDV,82
DFE,89
FEQ,124
EQK,114
QKW,24
KWQ,27
WQH,12
QHD,7
HDG,23
DGL,153
GLV,237
LVM,67
VMD,41
MDK,44
DKW,16
KWF,15
WFA,28
ALQ,201
LQA,210
QAT,81
ATR,79
TRP,51
PDD,45
DDN,50
DNV,88
NVL,182
VLE,197
EII,197
IIQ,70
IQL,127
LLM,109
LMD,49
MDH,13
DHP,22
HPS,36
PSF,60
SFN,85
FNF,51
NFN,47
NNP,80
NPN,92
PNR,48
NRL,124
RLR,144
LRS,139
RSL,133
SLV,195
LVG,272
VGS,119
GSF,88
SFA,127
FAN,85
ANH,44
NHN,26
HNL,74
NLK,162
LKA,271
KAF,119
AFH,32
HNV,52
NVS,120
VSG,164
SGS,156
GSG,215
SGY,98
YRF,40
RFL,113
FLT,144
LTD,177
TDV,98
VLI,198
LIR,152
LNE,207
NES,74
ESN,71
SNP,65
PQV,63
QVA,121
VAA,258
ARL,170
RLI,166
LIE,263
IEP,102
EPL,115
PLI,161
IRF,55
RFS,80
FSR,69
SRF,81
RFD,76
FDA,115
DAQ,96
AQR,105
QRQ,79
RQT,64
QTL,192
TLM,59
LMK,76
MKR,38
KRA,119
RAL,201
LER,173
ERL,249
RLS,192
SVV,141
VEN,164
ENL,256
NLS,217
LSK,240
SKD,69
KDL,213
DLF,116
LFE,141
FEK,117
EKI,237
KIE,168
IEK,235
EKA,240
KAL,348
MIN,45
INM,34
NMK,16
MKP,26
KPQ,65
PQY,35
QYY,32
YYL,67
YLG,128
GMM,22
MMS,27
MSG,53
GTS,111
SLD,157
DGV,155
VDI,128
DIV,152
IVL,254
VLV,249
LVD,225
FSQ,103
SQD,66
QDP,61
DPQ,49
PQL,82
QLI,174
ILS,242
SDF,68
FFP,42
FPM,20
PMP,25
MPE,54
PED,100
EDL,173
DLR,110
LRE,248
REK,142
EKL,389
KLT,216
LTT,132
TTL,173
LIQ,169
QVG,100
VGE,153
GET,123
ETT,87
TLQ,137
LQN,123
QNL,156
ELD,181
LDH,47
DHK,21
HKL,62
KLA,310
LAL,482
LLY,111
LYS,95
YSD,49
SDC,15
DCV,26
CVN,22
VNA,124
NAF,72
AFL,202
FLQ,118
LQK,192
QKN,71
KNT,113
NTF,59
LPN,141
PNQ,50
NQI,106
QIQ,104
IQA,140
QAI,194
AIG,240
IGC,37
GCH,8
CHG,15
HGQ,23
GQT,55
QTV,85
TVW,22
VWH,7
WHS,6
SPN,73
PNS,71
NSQ,71
SQF,73
QFP,38
FPF,35
PFT,60
FTM,24
TMQ,32
QLG,152
LGD,163
GDM,38
DMN,23
MNL,70
NLL,235
AAK,250
AKT,136
KTG,109
TGI,145
ISV,184
VIG,249
IGD,119
DFR,46
RRK,67
KDM,30
DMA,36
MAW,16
AWG,25
WGG,25
GGQ,90
GQG,80
QGA,102
GAP,72
APL,146
PLV,157
PAF,72
FHE,24
HEA,33
EAV,183
AVF,124
VFS,117
FSN,79
SNS,89
NSN,66
SNF,62
NFA,83
FAT,94
ATA,205
TAV,136
AVL,311
NIG,118
IGG,232
GGI,199
ISN,115
SNV,96
VSI,131
SIL,215
ILF,168
LFP,96
FPN,51
NQA,93
QAV,161
AVI,257
IGF,131
GFD,106
FDT,72
TGP,35
GPG,47
PGN,31
GNT,79
NTL,130
LLD,352
LDQ,101
DQW,12
QWI,23
WIE,33
EKH,46
KHQ,24
HQG,38
GLR,141
LRY,90
RYD,45
GEW,39
EWA,29
WAA,51
AKG,201
KGN,107
GNV,121
NVN,72
VNK,100
NKV,107
KVL,235
LDE,275
DEL,266
LLN,295
NEP,62
PFF,63
FFS,89
FSL,186
SLP,154
LPA,172
APK,90
PKS,93
KST,133
STG,121
TGR,105
REL,204
ELF,136
LFN,130
LVW,36
VWL,48
WLN,59
NHK,32
HKI,52
KIA,205
AKI,226
KIR,105
IRE,122
SVE,128
VEM,78
EMS,32
MSF,33
SFR,49
FRP,38
EDV,98
DVQ,81
VQA,109
TLV,190
LVE,255
VEL,221
ELT,186
VTS,100
TSI,99
SIV,150
IVN,109
ALN,233
NQL,151
QLQ,133
LQT,135
QTD,54
TDL,153
DLP,141
PKR,56
KRL,185
RLL,248
LLV,321
LVC,44
VCG,38
CGG,44
GGA,218
GAK,190
KNS,95
NSL,154
SLI,238
LIM,49
IMR,35
MRG,31
RGL,149
GLH,78
LHD,45
HDN,11
DNL,137
LDW,48
DWQ,39
WQV,31
QVS,73
VST,103
STT,77
TTT,74
TTE,78
FDI,105
DID,96
IDY,79
DYV,99
YVE,63
VEA,164
EAA,211
AFA,221
FAW,21
AWL,71
WLA,69
AYC,8
YCR,9
NLP,184
PAN,59
ANL,211
PSV,76
SVT,93
SAV,437
AVS,204
VSL,193
SLG,229
LGA,320
GAI,190
AIF,165
IFP,63
MAT,67
ATY,58
TYF,52
YFV,62
FVG,104
VGD,151
GDL,161
DLQ,106
QGC,24
GCY,16
CYD,11
ELQ,158
LQL,183
LLL,525
LLE,344
ERV,132
RVD,70
DFN,84
FNP,63
NPT,90
PTQ,56
TQD,55
DKL,216
KLY,94
LYL,133
YLV,92
VAR,136
ARG,101
RGD,69
KSL,217
SLE,204
LEC,23
ECL,31
CLR,23
LRF,91
RFV,79
FVK,87
VKS,147
NAA,125
AQT,88
TVL,165
VLG,305
GNH,32
NHD,25
HDL,41
DLH,53
LHL,117
HLI,80
LIA,374
IAT,185
ALD,236
IKK,150
KKV,158
VKP,83
KPR,46
PRD,33
RDR,55
DRV,95
VDA,155
FNA,116
NAP,90
APD,58
FDE,122
LIH,67
IHW,10
HWL,20
WLR,44
LRH,76
HQP,22
QPL,90
PLL,230
LVH,63
VHN,38
HNE,28
NEK,139
KLN,172
LNF,111
NFL,88
FLM,38
LMS,74
SHA,49
HAG,45
AGI,243
SPD,56
PDW,20
DWD,19
WDL,39
LKT,169
KTA,165
TAK,160
KSC,11
SCA,18
CAA,40
EVE,156
VEQ,145
EQI,185
QIL,176
ILQ,146
QHG,24
HGD,37
DFH,20
FHY,24
YLI,89
IEN,167
ENM,39
NMY,11
MYS,17
YSE,55
SEQ,129
EQP,62
PDR,31
DRW,11
RWS,13
WSP,11
PDL,101
GLA,292
ARH,48
RHR,31
HRY,18
YII,54
IIN,126
AFT,94
FTR,50
TRM,16
RMR,21
MRF,32
RFC,19
FCY,10
CYL,24
DHR,18
HRF,38
FDF,60
FAC,18
CKS,11
KSP,64
SPL,130
KDA,127
DAP,81
AEL,341
LTP,126
TPW,13
PWF,14
WFN,18
LDN,151
DNP,69
NPL,119
PLY,64
LYK,74
KQI,129
QIP,71
IPI,79
PIV,90
IVF,95
VFG,102
FGH,29
GHW,15
HWA,11
WAS,23
ASL,239
VDE,138
DEP,95
EPT,86
PTP,49
TPK,84
PKG,100
KGI,177
IYA,92
YAL,123
LDT,112
TGC,35
GCV,43
CVW,2
VWN,22
WNN,16
NNR,55
NRM,18
RMT,19
MTM,15
TML,80
MLR,58
LRW,27
RWE,10
WED,12
EDK,93
DKQ,70
KQF,80
QFF,45
FFT,81
FTQ,77
TQS,94
QSA,169
AVK,237
VKN,176
KNY,75
NYS,57
MPN,29
PNF,52
NFS,85
FSF,90
SFV,75
FVF,64
VFF,66
FFY,35
FYD,51
DSA,99
ITP,114
TPI,91
IST,130
LGR,126
GRR,66
RMN,20
MNY,25
NYL,95
YLK,103
LKI,151
IAQ,181
AQD,95
QDS,39
DSL,134
SLS,246
VES,109
SNA,94
LSQ,217
SQR,54
RLG,161
GDD,71
FNQ,59
NQV,91
QVI,119
VID,152
IDL,176
DLI,214
ILA,343
LAC,42
ACE,23
CEG,16
EGR,92
GRL,148
RLV,161
LVI,213
GIG,226
IGK,175
GKS,216
SGL,257
GLI,268
LIG,294
GKK,169
KKM,48
KMV,45
MVA,78
ATF,86
TFA,106
FAS,91
AST,118
TGT,111
TPS,61
SFF,75
FFL,88
FLH,42
LHP,54
HPT,35
PTE,82
TEA,122
EAF,105
DLG,199
GML,113
MLK,100
LKP,127
KPI,117
PID,61
IDI,129
IVM,58
VML,69
MLI,82
ISY,67
SYS,65
YSG,71
ETD,70
DDV,118
DVN,78
NKL,163
LIP,152
IPS,84
PSL,105
LKN,220
KNF,65
NFG,64
FGN,58
GNK,82
NKI,130
KII,181
IAV,227
AVT,137
TSN,60
SNK,83
NKN,78
NST,98
STL,248
RHA,26
HAD,37
ADY,107
VLD,219
DIT,104
ITV,120
TVE,126
ERE,113
EVC,22
VCP,20
CPN,15
PNN,61
NLA,225
LAP,134
APT,69
PTT,70
TTS,89
TSA,131
SAL,315
LVT,182
VTL,172
ALG,381
GDA,85
ALA,472
LAV,290
TAR,88
ARN,86
RNF,63
FQP,48
QPA,53
PAD,83
FAK,118
AKF,114
KFH,22
FHP,33
GGS,173
GSL,211
RRL,135
LCK,28
CKV,20
VKD,138
QMQ,28
MQT,43
QTR,45
TRL,108
RLP,92
LPT,151
PTI,82
TIL,168
ILP,174
TTN,67
TNF,44
NFT,72
FTD,88
TDC,19
DCL,35
TVM,40
VMN,54
MNE,40
NEG,65
GRM,32
RMG,36
MGV,61
GVA,194
VME,55
ENE,123
NEQ,94
QLK,170
LKG,208
GII,199
IIT,131
ITD,126
TDG,75
DGD,77
GDI,157
DIR,82
RRA,79
ALT,229
TAN,80
NGA,112
GTL,189
TLN,155
LNK,179
NKT,96
AKD,136
KDF,84
DFM,33
FMT,24
MTS,37
TSS,98
SSP,65
SPK,76
TIH,42
IHQ,57
HQD,29
QDE,81
SKA,139
FMK,32
MKA,60
AKK,213
KKI,169
KIH,43
IHS,56
HSL,80
LVV,242
VVV,202
VVN,105
VND,91
NDE,102
ENH,38
NHV,20
HVV,40
VVG,181
VGL,246
VEF,92
RVL,186
VLK,199
KFG,105
FGG,133
SLA,273
NPE,112
PER,62
ERF,107
SQA,109
QAA,178
IEQ,219
EQA,205
QAH,46
AHL,95
HLE,75
EEQ,116
GVL,256
VLS,266
LSA,398
PAK,83
ITN,78
TNH,27
HLV,80
SEK,152
NQS,85
STD,74
THF,37
HFN,29
FNE,92
EAI,219
EIF,94
IFY,41
FYN,33
YNI,40
NII,127
ING,132
NGL,182
HTE,35
TEN,129
ENN,106
NNQ,68
QFD,72
LNG,179
ALI,323
LID,212
IDA,162
DAE,152
AEF,133
EFV,100
FVQ,71
VQI,85
QIK,100
IKG,124
EEI,202
EIR,122
IRQ,93
RQA,117
QAG,117
AGK,226
KVE,163
VED,109
DAV,153
VKA,196
KAT,133
ATI,143
IDC,30
DCR,23
CRG,11
GEK,158
KLS,211
LSI,231
AMM,29
MMK,34
KAW,28
AWF,24
WFE,22
FEA,88
EAR,92
RGY,69
GYS,80
YSV,86
SVH,26
VHI,42
HIV,47
IVD,129
VDP,60
DPV,59
VKQ,104
KQL,197
GYL,138
LES,176
ESS,77
SSV,131
IEE,170
EST,72
STK,76
TKR,68
KRV,111
AAN,135
ANI,135
NIA,148
VVL,219
VLM,89
LMA,119
MAG,90
AGF,132
FTA,119
TAG,155
AGN,99
GNE,80
KGE,173
ELV,210
LVL,307
GRN,80
RNG,72
NGS,82
DYS,67
YSA,73
AAC,39
ACL,43
CLA,44
CLG,32
GAS,173
ASV,139
SVC,19
VCE,26
CEI,27
EIW,30
IWT,22
WTD,11
DVD,76
VDG,153
GVY,65
YTC,5
TCD,19
CDP,19
DPR,49
PRL,73
VPD,55
PDA,72
DAR,72
LLP,245
PTL,134
TLS,246
SYR,46
YRE,55
REA,132
EAM,68
MEL,58
ELS,216
SYF,50
YFG,78
FGA,135
AKV,193
VIH,46
HPR,24
PRT,39
RTI,68
TIG,132
GPL,72
LPQ,131
PQN,45
QNI,113
IPC,20
CVI,32
VIK,117
IKN,137
NTG,72
GNP,78
NPS,68
GSI,160
SII,149
DGN,62
KSE,124
SES,99
LQV,108
QVK,121
LAM,106
AMF,36
MFN,22
FNV,71
SGP,35
PGM,31
MQG,31
QGM,34
GMV,77
MVG,71
VGM,57
GMA,85
MAS,75
ASR,89
SRV,80
RVF,61
AMS,38
SGA,189
VIL,233
ILI,192
ITQ,93
QSS,65
SSS,149
SSE,106
SEY,46
EYS,35
YSI,54
SIS,145
SFC,19
FCV,27
VPV,126
SAE,161
VAK,192
LET,178
ETE,102
TEF,79
ANE,110
NEL,199
ELN,161
NEH,35
EHQ,34
HQL,68
QLE,177
LEP,100
EPI,85
PIE,77
IEV,133
IKD,111
DLS,216
IIS,186
GDG,82
DGM,30
GMK,39
MKQ,37
KQA,179
QAK,157
GIA,249
ARF,91
RFF,53
LAQ,309
AQA,219
QAN,103
NIS,126
ISI,148
AIA,330
AQG,142
QGS,77
GSS,123
SER,80
RSI,87
AVV,220
VVP,98
VPQ,54
QNK,84
NKA,100
KAI,208
IEA,215
ATH,38
THQ,30
HQA,55
QAL,264
ALF,244
NNK,58
NKK,105
VVD,140
VDM,35
DMF,30
MFL,39
VGV,177
GVG,193
VGG,188
GGV,192
GGE,145
VKR,130
KRQ,58
RQK,63
QKE,84
KEY,60
EYL,107
KKN,72
KNV,119
NVE,118
IRV,88
RVC,15
VCA,26
CAI,33
ANS,110
SNR,50
MLL,109
LNL,275
EDW,16
DWK,24
WKN,31
KND,92
NDL,125
DLE,161
NAT,104
ATQ,111
TQP,62
QPS,43
PSD,55
FDV,121
LSF,147
SFI,123
FIK,84
IKL,183
KLH,59
LHH,28
HHV,9
VNP,83
NPV,72
PVF,73
VFV,111
FVD,95
VDC,25
DCT,19
CTS,15
LYA,112
YAR,66
ALK,255
GFH,34
FHV,18
VTP,89
TPN,79
PNK,62
KAN,128
ANT,80
LVY,67
VYY,23
YYN,21
YNE,47
LRQ,151
RQN,49
NAQ,106
QAS,90
ASQ,89
SQH,30
QHK,38
HKF,25
YET,47
ETN,67
TNV,75
NVG,110
VGA,174
LPV,161
PVI,109
NLQ,117
GDE,106
YFE,41
FEG,90
GIL,242
LSG,298
FIF,79
IFG,135
FGK,112
GKL,245
KLE,172
EEG,122
GLS,272
SEV,104
ARE,145
KGF,91
FTE,85
TEP,42
EPD,28
PDP,29
RDD,56
DDL,140
SGQ,78
GQD,64
QDV,95
DVA,151
ARK,113
RKL,156
KLL,343
EAG,153
GIE,202
DVE,156
VEV,152
VEG,144
EGV,141
VLP,156
GFS,121
EFM,19
FMA,46
MAM,28
AML,117
MLP,72
DEE,131
EEF,94
EFK,86
KTR,74
TRV,63
RVA,144
EGK,196
VLR,142
RYV,52
YVG,84
VGK,174
GKI,197
KIS,132
ISE,152
SEG,96
GKC,27
KCK,13
YKV,46
KDG,130
GEN,121
LAF,192
AFY,67
YTR,39
TRY,39
RYY,40
YYQ,56
YQP,41
QPI,73
LLR,230
LRG,119
YGA,85
TAA,160
GIF,116
IFA,131
ADI,209
DIL,238
RTL,188
MAK,106
IVK,162
KPG,43
PGV,56
GVV,175
TGE,121
GED,94
KVF,76
VFA,110
FAY,61
AYA,121
YAK,106
AKE,216
KEH,36
EHN,43
HNF,24
FAI,119
AIP,116
PAV,98
VNC,19
NCV,13
CVG,32
SDS,77
DSV,85
SVN,104
ETA,143
ARV,110
RVK,102
KAP,62
VII,138
IQF,63
NGG,96
GAA,217
FYA,51
YAG,87
GKG,170
IKP,88
KPT,76
PTS,84
TSG,119
GTR,51
IAG,250
AGA,248
AKQ,153
KQV,103
QVH,22
VHT,26
EYG,68
YGV,80
ILH,76
HTD,34
TDH,21
DHA,21
HAA,49
LPW,19
PWI,17
WID,20
LDA,250
DAG,122
AGE,145
KHF,43
HFA,48
AET,146
ETG,117
RPL,95
PLF,112
LFS,198
SSH,40
SHM,7
HMI,12
MID,53
SEE,128
ESM,27
SME,34
MEE,42
EEN,116
NMA,55
MAI,96
AIC,33
ICR,15
CRE,22
REY,58
ARM,36
RMD,16
DKM,33
KMG,44
MGM,32
GMT,60
MTL,68
TLE,212
IGI,209
TGG,147
GEE,97
EED,68
VDN,71
DNS,69
NSD,74
DES,102
ESR,78
SRL,164
RLY,82
LYT,55
YTQ,45
VLY,75
YVY,27
VYD,50
YDQ,36
DQL,111
QLH,49
VSP,76
AFG,130
NVH,27
VHG,45
HGV,40
VYK,42
YKP,35
KLK,212
PSI,79
ILG,265
ESQ,63
SQE,76
VSK,101
SKE,116
KER,114
ERN,71
AKP,88
PIN,58
INF,50
NFV,66
VFH,31
HGG,53
SSR,81
SRE,83
REE,103
IKM,34
KMN,32
MNI,73
NID,112
IDT,108
DTD,51
DTQ,58
TQW,15
QWA,17
ASW,18
SWN,15
WNG,27
NGI,142
ILN,155
FYK,36
YKA,58
EAY,72
AYL,136
YLQ,98
QGQ,55
GQL,118
PEG,108
EGP,25
GPD,14
APN,57
KKY,102
KYY,39
YYD,33
YDP,39
PRV,48
RVW,12
LRK,166
RKM,31
KME,39
SMS,30
MSK,53
SKR,66
RLE,152
LEQ,267
EQS,101
QSF,51
SFE,76
FED,70
LNC,23
CVD,25
VDV,140
MKT,48
KIL,216
LFF,128
FLF,102
FST,100
STF,73
TFS,97
SFS,98
FSI,100
SIF,100
FAA,159
AAP,98
API,131
PIT,69
ITI,110
TIA,187
IAI,231
AID,129
DPG,25
PGH,32
GHG,42
GGK,140
GKD,122
KDP,50
PGA,68
AIS,227
ISR,121
SRN,55
IYE,53
EKN,132
ELK,216
LDK,216
DKD,99
DPH,23
PHF,84
HFR,32
FRG,61
RGV,94
VLT,192
LTR,129
TRK,73
RKS,86
KSD,81
DYY,47
YYI,26
YIS,74
SVP,88
VPE,100
SEI,134
IAR,178
RKF,45
KFK,66
FKA,84
ANY,57
SIH,42
IHA,61
ADS,115
DSS,77
SSK,89
SKS,100
DRR,43
RRG,77
SVW,21
VWV,20
WVL,30
NRR,49
AND,81
DEM,49
EMG,57
MGQ,22
GQW,17
QWL,49
WLE,45
EDD,74
DDE,102
EKR,133
KRS,79
SEL,197
LGG,281
LSH,94
SHN,24
HNN,24
NDK,87
DKY,56
DQT,33
LQF,71
QFG,84
HSQ,30
QRT,49
RTG,75
TGY,70
GYV,97
GEH,48
EHI,81
HIL,85
HHF,14
KVT,129
VTT,82
LSR,195
SRS,78
RST,64
TPQ,46
PQH,15
QHA,40
HAS,28
RSP,42
PDI,69
DIP,88
SVL,228
VET,144
TGF,90
NSE,78
EEE,118
EEK,167
LNS,162
SQT,82
QTY,45
YRR,44
RRR,71
RRI,92
IAY,111
AYM,25
MIY,26
YEG,63
VAF,135
FHS,28
HSG,56
SGK,217
GKT,257
TNT,59
KDN,71
VQN,82
NIK,99
IKQ,146
KQN,79
QND,44
KKS,99
GKN,145
KNN,100
NRT,70
RTS,63
TSE,92
EQN,112
NIN,97
INE,108
NED,69
EDN,76
DNI,78
KDS,80
DSG,76
SGI,169
GIR,110
IRH,43
RHI,56
VKK,161
KKG,150
LGS,196
NKY,49
KYH,24
YHV,20
HVK,25
VKV,157
VSD,110
SDI,128
DII,134
LKR,148
KRK,98
RKT,73
KTL,236
TLW,30
LWL,56
IKI,102
KIP,69
IPD,54
PDN,36
EIK,174
NKS,72
LTI,178
TIK,102
IKE,139
KEN,134
NDF,60
FHK,23
HKK,35
KKQ,104
QNS,67
LVN,164
VNN,63
NNT,48
NTN,58
TNK,67
NKD,68
KKE,113
KEK,188
NTQ,66
TQT,74
QTN,61
TNN,69
NQK,61
KNI,134
IIP,106
LYH,46
YHK,19
HKV,34
VTK,86
TKN,73
KNQ,68
NQT,79
TLY,79
YAI,77
EYN,46
IPV,160
PVN,65
VNI,123
NIL,152
ILL,383
SLN,154
LNP,124
NPH,38
PHL,93
HLK,67
KNG,160
NGK,189
VIT,147
TGQ,51
GQK,84
QKI,131
KIK,153
KLR,154
MSY,15
SYT,47
YTT,42
TTQ,72
QQI,126
QII,104
IIE,166
KIV,138
IVP,93
DNA,96
ADD,95
DDI,113
LPL,279
PLA,158
VAE,226
AEI,248
EIT,129
ITF,89
TFR,50
FRS,45
SEA,121
AAD,152
NRP,58
FLI,132
GTV,137
TAE,172
QVV,114
KSS,92
SSG,127
FVV,82
TPG,52
PGL,70
NPK,87
PKI,66
KLC,26
LCQ,27
CQD,15
QDL,125
NFP,49
FPI,53
GVN,119
NPM,28
PMA,46
LEM,78
MGI,60
KFF,47
FPA,69
EAS,83
GVK,182
VKM,44
KMI,44
MIK,48
LGP,50
GPY,25
PYA,58
YAQ,54
AQL,183
LQI,111
QIM,33
IMP,42
MPT,38
PTG,81
IGL,305
LHN,53
HNI,36
NIR,99
IRD,117
RDY,50
IPN,88
PNI,79
NIV,132
VAC,35
ACG,36
GSW,20
SWF,32
WFV,18
FVE,111
VEK,228
IQS,83
QSN,53
SNN,72
NNW,10
NWD,26
DEI,199
IGR,121
LVR,150
VRE,137
YMA,30
KLP,146
KEE,128
FEE,88
EER,114
ERR,84
RRT,45
RTR,70
MQP,26
QPN,69
NSA,77
LLF,211
FSE,105
KRR,61
RNN,53
NDC,12
CTY,9
TYP,43
PFR,29
RQD,38
DSY,41
YFW,8
FWY,9
WYL,21
YLT,115
LTG,226
GFN,94
EPN,39
PNA,105
IIF,106
IFL,145
LRP,93
RPR,34
RDP,35
DPL,79
ETW,18
TWN,15
NGR,64
GVE,170
RAP,39
APQ,51
PQQ,55
QQL,178
QLN,148
VNE,102
AYS,77
SIE,122
ATV,162
ILK,177
KNL,212
NLT,226
HVP,17
EIH,49
IHT,49
HTW,4
TWG,27
WGD,16
LVS,217
VSE,136
ESA,212
VNF,87
ILD,199
DWR,18
WRP,5
RPM,22
PML,60
MLS,108
SEM,38
EMR,20
MRL,60
LIK,177
IKS,120
PNE,68
NEI,125
LMQ,65
MQQ,42
QQA,175
AGQ,98
GQI,111
LGH,80
GHI,53
HIK,52
AMQ,70
QTT,66
TTR,57
RPN,51
NRF,60
RFE,74
FEY,32
EYE,52
YEI,64
ESD,71
HEF,27
EFN,81
FNR,72
NRH,17
RHC,16
HCA,18
CAR,11
RFP,39
FPS,44
SYN,46
YNS,43
NSI,111
AGG,209
GSN,87
ACI,24
CIL,26
LHY,32
HYT,24
YTE,57
NDR,70
PLN,91
AGC,48
GCE,18
CEF,16
FAM,47
AMY,22
MYA,17
ITR,74
TRT,49
RTF,80
TFP,46
FPV,49
VNG,100
GKF,89
KFS,74
SQP,49
QPQ,58
PQR,24
QRE,65
REI,143
EIY,73
YEL,77
KAQ,122
AQK,123
QKR,76
RAI,133
GNS,71
DEV,168
IRI,74
RIK,112
KTQ,72
TQG,71
KGD,110
GDV,168
VDT,80
EQQ,120
QAY,49
AYR,63
YRQ,46
RQF,64
QFY,36
FYM,9
YMH,6
MHG,13
HGL,64
WLG,60
GLD,183
LDV,157
DVH,31
VHD,18
HDV,36
DVG,77
GSY,60
SYG,53
YGQ,31
KQR,78
QRI,111
IGM,73
MVI,54
VEP,60
EPG,29
IYI,52
DAD,92
DVP,78
PEQ,83
EQY,74
QYK,40
YKG,58
IGV,205
VRI,93
RIE,123
IED,118
LMT,65
MTE,62
TEY,45
YGN,57
AAV,221
AVP,83
VPK,66
IAD,192
NLM,65
LMN,46
RLF,111
SDK,88
LEH,76
EHV,36
HVC,3
VCY,11
YDI,42
IRG,96
RGP,22
PVH,26
VHK,31
HKE,28
KEA,152
LRL,223
EGN,88
LKL,265
IGN,104
NPA,90
APF,77
PFG,62
FGF,106
GFE,84
PDE,70
ILV,235
LRN,155
SAQ,109
QGY,64
GYC,20
YCD,16
CDS,10
DSK,68
SKG,123
SAR,111
RKA,124
AIV,221
IVQ,90
VQY,37
QSK,73
GAT,180
TVN,85
NDV,86
DVY,57
VYI,42
YIG,78
GNG,100
NGV,118
GVS,185
ITM,34
TMA,49
EVL,227
VPM,35
MPD,18
PDY,53
DYP,49
YPL,78
PLW,25
LWT,26
WTA,24
KAV,181
VHY,21
YLC,16
CDE,25
ANW,32
NWF,14
WFP,10
FPT,54
IDD,97
NAK,176
IVI,155
INP,95
GAV,192
VYS,63
YSK,58
LQE,157
QEI,127
IVE,151
ARQ,89
QNN,55
NLI,167
LII,213
IYD,59
YDK,55
DKI,164
ILY,81
YDG,45
DGA,90
VHH,23
HHH,18
HHI,33
HIA,79
LLT,299
KAY,70
YRV,43
RQG,77
QGW,22
GWM,10
WMI,6
MIL,67
NGP,24
GPK,37
KHN,33
HNA,43
KGY,89
GYI,74
YIE,66
IEG,130
LDM,52
DML,61
LAS,235
ASM,52
SMR,22
RLC,24
LCA,54
ANV,109
NVP,104
PMQ,22
MQH,18
HAI,53
AIQ,138
IQT,77
GYQ,69
QSI,99
SIN,102
NEF,74
EFI,97
FIL,155
LPG,95
EQR,93
QRN,43
RNK,50
TQI,85
IPG,59
ITC,16
TCV,21
CVK,16
KPM,28
PMG,34
MYM,10
YMF,8
MFP,20
KID,117
IDV,122
DVK,124
KKF,105
FNI,78
HSD,44
SDE,146
EKM,97
MVL,63
RQE,62
QEK,138
HGK,55
FNW,12
NWH,8
PDH,26
DHF,23
FRI,46
RIV,130
LPY,98
PYV,57
YVN,42
VNQ,76
TKL,136
DYR,61
MNV,43
KPA,84
PAT,70
ISS,154
HAL,59
LKQ,239
KQK,102
QKA,116
SKI,128
VVK,154
NAY,60
AYG,89
YGH,29
VVF,111
FVA,143
VAS,155
QNV,73
NVD,99
DCF,8
CFG,18
FGV,151
RSN,51
TKP,71
PIL,163
LEG,152
GFF,66
EQD,94
NNI,101
NIE,131
IET,141
ETV,126
VVH,43
HNH,19
NHE,25
HEQ,32
SPI,93
PIK,67
KVW,22
WLK,53
TGM,53
GMH,16
MHR,9
HRL,72
EVD,94
VDY,64
DYF,60
YFY,37
FYQ,59
YQE,56
PQI,66
IQP,66
QPH,45
HLG,85
LGF,181
GFV,115
VSH,55
SHF,47
HFS,52
RAD,87
DYT,47
TQL,130
QIN,80
INR,99
TKD,81
KQG,131
GER,121
ERT,67
AAS,178
LFW,28
FWP,9
WPK,5
KSH,32
SHL,101
ECI,14
CIR,14
RPG,49
IIM,53
IMY,9
MYG,15
YGI,94
SPT,56
PTD,53
DTI,84
GKE,137
KEF,96
EFG,87
FGL,180
TPV,97
PVM,33
LTS,164
SSL,189
AVR,160
VRH,31
RHH,13
HHK,13
HKQ,29
QGD,69
GDP,54
PVG,78
VGY,75
GIW,28
WTS,18
TSP,66
SPR,38
RDT,54
DTK,58
KIG,157
VVA,249
VAM,74
AMG,84
MGY,31
DGY,65
YPR,22
EGT,82
PVY,32
VPI,71
IVG,222
VGR,107
GRV,118
RVS,82
VSM,46
SMD,23
MDM,11
MLT,69
TVD,95
DSQ,55
ILW,38
LWG,40
WGK,21
ELP,150
KFT,66
FTG,106
SYE,48
TPR,40
RVI,120
EYV,63
MQF,29
QFW,12
FWR,13
WRK,36
RKQ,58
QMS,20
MSE,63
IQH,37
QHF,29
SQQ,62
EQT,98
FTL,126
TLK,196
QFK,68
FKH,30
KHK,25
KLF,132
FAG,134
GQS,65
SGV,173
VTR,79
ASA,181
KED,73
EDS,54
QVR,82
IGA,226
AAY,90
AYH,32
YHP,16
HPE,52
PES,89
ESH,49
SHR,41
HRS,30
SPW,11
PWL,16
WLL,76
AGM,85
MVE,54
EKP,115
KPE,119
RES,68
ESE,111
GIQ,84
LTH,45
THC,8
HCL,18
CLS,37
VWD,16
DSP,49
GIV,198
ERI,149
RIH,36
IHL,61
HLF,51
GEV,189
VDS,97
GIH,53
IHG,35
AEE,196
KVH,32
VHV,25
KRE,101
REQ,92
AYQ,76
YQW,15
QWM,6
WMC,2
MCE,9
IDN,90
DNG,71
GLQ,93
LQW,35
WLQ,42
LNY,96
NYA,71
LQQ,189
QQS,72
QSW,18
SWK,22
WKR,17
SKL,149
KLV,197
NCG,15
CGS,43
AIL,331
DPA,65
ATG,143
AFF,95
LPE,215
PEA,105
ARI,123
IKW,22
KWK,26
WKL,22
ADL,259
AAH,53
AHT,32
NFI,81
FIA,163
ASN,80
SNI,90
AAI,245
IGH,64
GHR,36
HRI,50
IVH,37
KYT,52
QSV,115
VIV,186
TDE,98
EVV,133
AQF,88
FAP,67
HNP,36
PAH,34
AFK,82
AFP,50
FPH,40
DKN,88
VFD,90
DTA,87
TAF,98
FHQ,35
HQT,26
QTM,31
TMP,28
PEE,99
ALP,170
PYS,44
YSL,102
SLY,84
YKE,58
EHG,44
RRY,48
RYG,39
GAH,35
AHG,39
HGT,28
TSH,30
SHY,32
HYF,20
VSR,123
KYV,42
GKP,148
QVN,69
NAI,177
IIC,35
ICH,11
CHL,15
GSV,160
SVS,171
VSV,167
VRN,77
NGQ,70
GQC,12
QCI,9
CID,18
DTS,62
TSM,31
SMG,66
MGL,101
TPL,119
PLE,88
VMG,71
MGT,41
TRC,10
RCG,21
CGD,29
VFY,43
FYL,86
YLY,70
TLG,190
GMS,67
MSM,24
MDQ,12
DQI,92
QIE,130
EET,92
ETL,232
LTE,239
TEV,91
TSD,75
CRY,12
RYA,69
YAE,112
DNY,41
NYD,52
YDD,47
ESK,99
SKP,58
PET,85
ETR,73
TRR,55
NVY,41
YSY,33
RLA,214
KYI,59
GAY,86
MAV,58
DDH,18
DHL,62
HLD,92
IAF,150
IGE,160
ENS,112
SAH,36
AHV,33
HVR,26
LFG,190
FGI,124
DNE,69
NER,62
TRF,53
RFG,97
GVI,242
ITT,100
TTD,58
DDS,62
SAF,131
PTN,90
TNE,74
NEE,109
EEL,288
QDT,37
MSI,57
IIV,156
ASF,108
DTV,83
VMA,83
MAL,123
EFD,96
EIP,89
AEK,299
TTV,89
VQS,81
YVQ,43
MSV,51
SVK,138
AVM,69
GQN,70
LNM,38
NMN,21
MND,47
NDH,22
DHG,25
HGF,27
GFK,82
FKV,66
VAY,80
AYN,54
YNR,26
RTT,52
TSK,85
SKV,113
KVD,114
KGT,114
IIG,256
DLA,227
PRK,35
RKV,100
KVM,50
MLM,27
LMV,64
MVR,39
VRA,112
RAG,110
DVV,189
VDQ,58
DQF,49
LPH,67
EGD,97
DGG,64
GGN,95
SNY,34
NYP,50
YPD,46
PDT,49
DTN,50
TNR,42
RRV,69
RFI,76
EGA,129
GAR,87
RHG,33
HGP,14
GPS,44
SIM,44
MPG,26
GNQ,52
NQE,73
QEA,102
EAW,22
AWQ,22
WQY,13
QYV,45
YVK,77
PIF,69
IFQ,59
FQA,53
EPC,13
PCC,4
CCD,4
CDW,7
DWV,34
WVG,30
AGH,47
GHF,37
HFV,48
MVH,14
IEY,56
DMQ,30
LIC,40
ICE,25
YQF,40
QFL,84
FLK,114
YEE,51
EEM,61
EMQ,40
AEW,26
EWK,27
NTE,69
TEL,176
LDS,150
LGY,154
GYK,74
YKD,45
GTG,160
TGK,156
GKW,33
KWT,15
GIN,112
DFG,77
GIP,101
PLT,102
TES,91
SVF,87
FAR,81
ARC,14
RCV,18
CVS,29
VSS,138
SSF,104
FKD,70
DQR,39
QRV,94
ANQ,86
QLF,91
TIT,121
PVE,80
DKK,104
VWI,26
VRK,84
ASK,103
SYA,67
GFM,38
FML,54
ASE,109
EQF,96
FGW,32
GWD,19
WDI,23
DIN,85
INY,37
NYG,54
LLW,43
LWR,26
WRE,20
REG,98
EGC,12
GCI,24
CII,16
IIR,82
IRS,81
RSR,63
FLG,168
GNI,130
RDA,75
AYE,63
YEA,68
EAN,94
PNL,126
LVF,134
VFL,120
YFK,40
FKG,71
SDW,18
KSI,121
EVG,125
VGI,203
IPM,48
MPC,5
PCM,3
CMA,9
FLD,106
YTS,34
QRD,49
TYE,39
YER,38
RTD,47
TDK,103
DKP,87
PRG,45
EFF,63
FFH,22
FHT,24
HTN,22
TNW,15
RGG,93
NTA,99
TAS,132
TTY,45
TYD,43
TQK,81
RQQ,74
QIR,84
IRT,104
RTE,63
TEI,113
IRK,110
RKI,109
IRA,117
QQH,23
QHQ,36
QAE,171
TQH,23
LYF,70
YFS,82
SFD,90
FDG,85
QSL,181
SLW,29
LWM,8
WMQ,12
YLP,93
PVL,150
VLH,60
HPF,30
FTK,59
TKH,26
YLL,146
LFL,263
RYL,123
LPD,131
DTP,61
TPM,25
PMK,24
QNQ,96
IWE,16
WEP,9
EPK,74
PKL,117
NVQ,72
LFT,132
FTP,82
AFD,97
FDK,96
GMG,70
MGG,75
GGF,113
GFY,64
YDR,51
DRT,117
QNW,31
NWQ,37
WQN,25
KSF,79
FIP,77
YQC,8
QCQ,16
CQQ,12
QQV,103
TEH,31
EHW,14
HWD,9
WDV,13
VPL,140
LFD,149
MTT,57
RCP,17
CPW,4
PWV,8
SIY,56
YID,62
DYH,24
YHD,22
HDK,18
DKE,86
KEW,24
EWG,20
PEF,70
FDS,92
SQK,77
QKL,176
KIC,24
ICL,33
CLE,33
EGQ,63
GQQ,44
LSW,35
SWI,18
WIT,16
KKR,84
ESY,45
HQF,37
FDP,67
PKK,71
AKM,57
KMT,46
MTA,85
DAC,26
ACM,4
CMQ,1
NSG,85
HRA,39
RAK,138
LEA,222
KNA,152
EKC,26
KCG,55
CGE,36
DFI,106
FIW,20
IWS,18
WSF,13
FVN,58
HKP,24
RSV,81
VPT,69
PTK,60
TKT,72
EVS,106
KRG,100
RGF,67
VFI,94
TTC,18
TCY,9
CYA,16
YAF,50
MQS,40
QSM,19
VDD,116
HLN,75
DCP,15
CPC,5
PCK,9
CKT,21
NYI,57
SFP,43
TAQ,124
AQH,33
HAV,44
VDK,95
FVI,118
VIY,81
IYS,72
SQL,171
NHP,27
HIS,51
ISL,270
GST,107
LFK,129
SPY,45
INW,24
NWK,27
LHF,64
HFW,5
FWW,4
WWG,8
DDR,50
DRM,28
RMV,24
MVP,20
PPS,33
SDP,50
DPE,88
YGE,76
EVQ,82
FDH,26
DHI,57
HIQ,38
IQI,75
ENI,177
IHR,52
RIR,81
EPH,21
HFE,44
FEL,137
KRF,75
VIP,93
PNG,86
GVF,93
FDW,23
DWI,21
WII,27
IIL,202
GID,190
GHT,42
HTA,39
SLF,179
PHQ,23
NFD,70
FDD,93
AKH,59
KHP,39
ESG,115
RIS,116
ISK,112
SKT,103
RIT,91
KAD,121
TTP,54
TPA,92
PYP,27
YPA,55
PAA,90
GVT,147
TEW,15
EWY,9
DKA,134
VRL,192
SKK,106
SAS,134
FTS,72
TSV,92
PQA,76
AHK,32
HKA,43
AVE,240
HIN,50
IND,87
DHH,15
HHS,22
HSY,24
PHE,19
HET,23
INL,141
QQT,74
QTK,78
TKV,91
RKK,81
KYK,54
YKN,44
KNP,85
LHA,73
YFT,44
TLF,164
GSA,152
MNA,58
NAG,142
GNF,77
NFH,17
SAN,99
NVI,119
PDK,40
LYN,55
YNK,39
NKW,19
WKP,21
KPY,54
PYD,33
DIF,75
IFT,109
VNS,89
NSS,87
KDV,102
KFY,42
IMA,64
MAN,54
KQQ,94
QGI,143
INK,114
AGS,143
GSE,72
TGD,82
GDS,78
LYG,91
GND,60
YEY,32
EYP,42
LEF,92
FKN,75
NGD,93
FVM,41
MEG,39
EGW,25
GWA,29
WAY,15
FSP,81
ASI,157
SIT,123
IPH,32
PHV,22
MSS,46
SHK,40
KLQ,139
WTE,25
DER,71
ERK,83
LKS,229
KSM,37
SMK,33
MKS,38
LDD,158
DHD,19
HDA,33
DAK,104
KTD,97
TDM,29
SKY,43
YKS,47
KDR,71
DRL,152
AMP,33
RIP,55
EGS,79
ETM,33
TMY,13
MYN,10
DLT,169
TIQ,72
IQN,73
TFN,64
FND,67
NDA,89
YTF,39
LPF,115
YTY,28
TYK,43
YKM,18
DAM,53
DGS,110
GAF,120
FPY,36
PYG,35
IRY,63
RYE,51
NET,75
ETP,67
GKR,112
NKQ,65
KQT,104
QTQ,75
QQW,20
QWE,11
DNK,65
NKR,54
KRY,59
VGT,134
TNA,81
AYV,69
YVA,79
TFG,90
PKY,34
KYE,44
DTY,40
KFM,20
KKH,47
HPH,16
SSN,92
NAS,93
TDA,108
MKY,23
KYQ,45
YQA,83
DCI,27
CIV,34
NKF,53
FSK,90
EID,151
IDQ,55
QLT,110
LTQ,168
LRD,161
LIV,213
VGC,31
GCG,72
CGK,44
TER,79
ERQ,66
RQY,41
KET,119
VIS,203
DLY,77
LYW,32
YWN,10
WNI,15
RFA,75
TIE,125
IEH,64
EHT,39
TNY,44
NYQ,48
HFK,37
FKS,55
KSQ,74
ETS,76
FNT,66
NTD,70
DCA,22
CAQ,15
AQQ,148
ISH,75
HAN,41
ARD,82
ANM,32
NMP,22
MPP,21
PPN,20
NIC,11
ICN,16
CNP,6
PAY,46
EMA,86
KGS,97
ENR,96
RAY,58
YMS,18
LTF,137
TFD,77
ADM,39
DMD,19
MDE,40
EMK,46
KYD,47
YDM,20
DMC,8
MCG,11
CGA,48
FGT,85
GTM,41
TMK,25
LAG,303
CEN,19
YRP,38
PGD,36
TTM,24
TMN,23
MNG,34
LNT,122
VLC,49
CDT,20
TLT,162
TYV,34
FEP,42
EPE,72
GAC,30
CVV,37
LGQ,144
GQH,31
HNS,24
TDN,59
DNN,49
ATE,123
TET,102
AWR,23
WRL,24
PLS,137
EEY,57
EYQ,63
QEQ,83
SPF,55
PFA,65
GRW,16
RWG,12
TKK,87
YRW,7
RWA,29
WAH,10
GTA,151
TAW,12
GAN,123
ANK,115
RPV,48
SLL,348
TQF,56
LIN,186
INQ,137
ISG,199
AVA,263
AMA,108
ACQ,21
CQK,17
ETK,101
KTM,35
TMG,36
GTT,119
TYH,16
VKY,61
DDG,82
THE,28
HEE,31
KMS,34
MST,25
STY,38
YKK,47
KKD,87
DSE,71
NQN,81
QNT,54
TQV,68
VNT,70
NTP,76
TEG,88
GAL,278
DVT,90
TVG,98
VGP,48
PVV,143
NLW,25
WGF,28
GFG,158
FGP,47
GPE,24
KRP,62
EKQ,142
QPT,83
QLA,220
QAW,30
AWV,35
IDK,110
ITL,222
QVY,47
VYV,63
LSS,256
LNA,211
AQN,86
QNY,40
NYM,12
YMV,23
KGK,214
KPW,11
PWQ,14
WQI,32
TTG,105
ASS,118
SGD,100
GDY,83
YRI,51
RIY,47
IYF,63
FAH,39
HEI,45
PIQ,47
QHH,8
HHL,48
HLA,92
SMT,36
ADG,125
LST,209
TGL,178
GLF,191
LFV,151
LEV,148
NGF,94
FVT,91
SSA,130
FKK,77
MKN,71
NVM,30
VMK,36
MKL,93
PAM,48
EPY,50
PYT,32
NAR,71
REM,31
EML,96
HWI,10
WIS,24
SVD,84
KQS,61
INV,121
VSF,107
DDT,40
SPC,8
PCF,10
CFY,8
FYH,20
YHG,25
QQK,115
QKF,49
GKH,47
KHD,20
HDY,25
NQD,55
QDF,66
DFW,20
FWN,11
WNE,16
NEV,110
EVN,87
GCD,14
CDK,24
KYS,49
SIP,95
IPK,74
PKQ,60
NMH,5
MHQ,24
QAR,97
GDQ,57
VYF,43
YFF,43
GRT,95
RTA,88
KNM,35
MHP,8
FMG,37
MGS,31
RER,90
TTK,70
KYN,48
KTP,78
HYG,39
DSD,42
SDD,80
VRG,123
RGI,128
LMR,53
MRA,45
RAA,127
TYQ,54
QPM,22
INS,104
ALW,39
GRF,79
RFT,52
TQA,118
DKR,73
RFK,60
NDS,39
SLR,129
FDY,55
DIQ,91
IQG,99
SIG,157
IGW,29
GWS,26
WSK,24
VNV,114
EQH,42
QDD,38
DDA,92
DIH,46
HSW,8
SWV,20
KVG,150
VGN,99
LGK,263
HTG,34
GRS,86
RND,44
NDQ,49
KLW,27
LWC,7
WCK,6
CKQ,19
QES,60
SVR,85
LQR,109
QRH,27
RHL,66
VQT,72
VMP,36
THL,72
HLQ,56
QRA,54
RAQ,48
AQP,55
AHW,18
HWC,4
WCM,2
MAY,27
EMF,25
MFD,31
FDR,79
YSR,46
NTC,15
TCP,18
CPL,20
PLG,92
TAY,61
YAV,80
RDS,46
LAH,90
AHD,25
FAF,82
TRN,45
RNS,42
SDR,73
RDH,15
LSM,66
SMA,45
MAH,30
HLS,104
EDM,32
DMI,40
MII,64
ANF,85
SLM,70
LMP,62
MPQ,22
PQK,45
QKK,75
NPD,64
CEL,29
RGK,90
SML,77
MQE,45
IFD,101
DTW,18
TWQ,24
QNC,12
TFV,88
YSN,43
KGV,171
VPF,70
SHH,18
VVY,63
VYA,76
GLE,181
TIP,89
IPE,91
EFR,55
LQS,130
QSC,18
SCL,30
KRC,13
CAK,23
PLR,101
MAA,99
KML,86
KGR,99
HVI,30
SFG,91
KFE,86
FEN,71
GAQ,67
QMV,33
MVK,62
KEV,149
DGT,97
TTA,117
GLK,193
MNP,28
PMD,20
MDL,42
VVS,162
KPC,12
PCE,12
CET,17
GTI,150
TIS,103
DSI,109
VGQ,90
ISQ,131
QAM,59
EGM,40
YLS,140
LSP,157
PYF,65
FIN,72
NKP,80
NPY,43
PYL,94
KPL,141
EGE,120
NTM,30
TMR,19
PGF,29
FGD,81
GDR,74
TVI,121
GME,41
GQA,87
VIN,125
DNT,42
NTT,52
TTI,95
DEA,154
EAQ,99
VAQ,129
STS,90
QER,76
MKE,54
ALH,90
HAT,32
TRA,84
GDN,63
RAM,47
MEA,46
QIV,89
VTN,85
FGY,76
GYN,44
YNA,69
GTE,95
QYG,66
MIE,57
DPT,72
TRS,62
RSA,91
GLM,84
LMI,66
TEC,18
ECM,6
CMV,8
MVT,47
PKD,70
DDK,67
GGM,69
FKE,70
FGS,100
GSQ,66
QSE,85
SRM,33
VRT,74
RNT,51
NTK,72
TKM,31
MEM,19
EMV,72
VYC,14
YCL,22
CLP,34
VPN,69
PNT,73
VDH,32
DHN,19
NAM,48
KTT,130
LGT,162
TIF,66
IFV,105
TPT,80
IDE,200
NIQ,75
IQR,71
KHI,48
IVV,149
AYK,54
VRV,109
SGN,86
MGH,19
HIE,62
AKW,26
KWA,35
WAD,33
IAP,120
PAS,67
STI,109
ATN,100
FLA,193
AMN,62
MNQ,25
NQQ,73
QQM,31
QMY,10
MYH,6
YHQ,33
HQS,34
QQN,81
TRG,58
GPN,36
QAC,21
DMG,38
MGK,45
RMS,22
SEP,46
QKQ,107
KQD,78
AGP,40
PTR,52
PVR,45
VRY,54
SNH,35
NHS,35
HSS,31
GKM,52
MGF,51
GFA,104
PKN,69
QEM,43
EMW,10
MWQ,10
WQA,43
QIF,70
IFI,137
GCA,40
VAD,172
VGH,43
GHL,62
THR,31
HRP,19
RPF,47
VGF,104
ETQ,95
TQN,65
DYA,86
RKN,84
MIC,7
ICA,33
DVS,99
GQV,105
VFN,76
FWK,21
NGH,26
GHK,31
KSK,93
IER,143
ERY,75
RYQ,60
YQK,63
QKT,70
TIV,101
IVS,151
KIF,90
IFE,90
EVK,145
HTP,29
IYV,60
YVS,61
FLE,119
VQP,61
RGS,61
DRI,95
IHE,35
SRG,87
ADH,31
ARR,101
ELH,67
VNY,52
NIT,121
PEN,102
SNL,141
GQP,50
QPC,6
PCG,15
CGI,43
AFS,134
GGH,47
GHV,46
HVD,37
CVL,37
NWM,6
WMV,8
AMD,36
MEH,16
EHC,22
KKC,14
KCT,11
CTL,24
AMV,73
MVV,53
EHA,37
HAP,21
APH,30
EAD,103
FIV,110
DFK,61
MQI,33
QIS,125
IDF,91
PFY,47
ATT,102
DWL,70
LPC,13
PCQ,5
CQL,17
EWE,24
WET,15
QTH,26
KWS,12
RII,107
IIH,53
IHH,39
QLM,44
MPW,7
PWR,10
RKG,98
KGP,16
PYH,23
YHL,41
IHV,24
DCE,17
CEW,3
EWR,21
WRS,11
RSD,63
FKW,9
WDR,10
PLQ,69
QGR,78
GYH,33
YHM,9
HMW,1
MWR,5
WRM,10
FLC,22
CQF,8
QFE,71
EQM,49
FSM,33
YHR,16
HRK,24
PLD,96
QLV,141
INT,87
NTV,78
DRY,49
KMK,51
NWL,57
FTN,55
NVR,67
VRC,15
QRK,53
TDW,30
DPN,99
PND,39
DHS,26
HSK,42
EGY,89
QAP,43
QID,91
IDR,100
DRS,53
ERH,25
RSK,56
QKS,78
NEN,88
ENY,94
YQL,91
AQY,58
QYI,45
ITS,116
RNQ,57
RNY,45
YAA,102
QFV,74
LGC,53
GCQ,14
CQS,20
KVQ,84
QTG,74
AIN,132
EVY,46
QHT,22
AYP,54
IKH,33
KHC,9
HCV,11
YSH,26
HPQ,16
VIQ,68
IQQ,125
QQC,14
QCS,12
CSQ,16
FIH,45
RVH,29
EYC,18
YCE,23
CES,10
KPN,69
YGL,112
QEN,81
KEP,51
EPR,36
PRE,50
SSQ,92
SQI,100
IPT,87
TSQ,53
VFK,56
HQI,48
SRP,42
PIY,65
YGK,81
PWE,11
WEE,21
MFY,14
HHP,24
HPD,32
CYP,8
YPS,30
PSE,64
KPV,107
EYI,56
SFL,149
DGF,86
GFW,22
WNV,18
HID,54
VIF,119
RVG,101
KMQ,33
MQC,6
QCL,18
CLV,30
EWV,29
WVN,19
GPR,23
PRN,29
VAP,84
IFC,22
FCW,8
CWV,3
WVF,11
FIM,30
IMN,22
PVD,66
PQF,41
YLR,79
DIS,116
SAT,133
SIC,21
ICV,29
CVF,14
LFY,85
YTI,52
EYT,32
YTL,75
TLH,63
PFN,42
FNH,33
NHW,13
WAF,20
AFI,130
AFR,57
FRL,95
GNM,28
LIF,183
VMY,18
LAW,47
AWA,44
WAI,31
IFH,25
FHI,26
QAF,104
IFM,25
FMM,15
MML,35
NFK,61
FKY,38
KYF,44
YFA,67
AQS,123
QSY,45
VDW,26
WVI,26
GVM,74
VMI,59
ALC,75
LCT,28
LFI,162
VHQ,25
ISW,27
WVD,19
IFR,56
TAP,80
PFV,79
EHS,42
HSR,30
RLD,117
NSR,63
SRD,51
RDK,68
SHE,38
FRT,41
RTP,42
TIN,86
INI,105
YIF,28
IFS,137
SRI,105
NRQ,45
RQP,23
TDF,80
DFP,39
IYN,43
YNF,30
PNW,20
RVR,80
LWN,34
WNL,18
TDQ,45
DQG,50
QGN,88
KIM,29
QDC,17
DCY,15
CYH,4
YHF,29
HFI,46
KDT,75
HIF,32
FEM,26
EMY,23
MYY,10
KES,97
SRQ,70
SAG,158
SKN,98
MGR,36
KKT,107
QQQ,94
QQE,74
TFT,69
VQG,83
QGP,19
GPI,40
SQV,89
NGM,37
MQD,31
QDN,49
AVQ,111
VQV,87
VKC,21
KCI,10
CIP,12
FEV,59
KRH,40
RHT,24
DEG,74
FVH,31
VHM,13
HMK,9
PTH,24
THS,40
HSV,44
SVY,55
QWD,15
WDW,9
DWE,32
WEK,36
IYR,66
YRA,67
HSE,33
RYP,45
REN,99
ICK,11
KPH,27
PHD,14
GRA,105
DDW,16
DWT,17
WTT,13
NGY,63
AFE,101
SSM,36
RLQ,100
EDH,18
LKM,47
KMD,31
MDW,15
DWH,14
WHQ,7
IGQ,111
QSR,47
HIG,56
VWP,5
EKF,102
FTT,62
FQE,40
RQS,57
EPV,88
VHL,55
HLL,126
QGG,80
NVA,128
RNE,83
GGD,91
VQL,135
RQL,139
FIS,115
ERG,119
RGT,60
QHI,50
DQN,36
RAE,126
GRD,73
RDE,100
VLQ,107
RTK,69
EVP,69
RLK,173
FID,121
HTM,10
TMV,28
MDA,39
LHC,22
DEY,62
EYR,48
RRF,60
EPS,55
EDT,57
TDP,58
DRQ,62
QLP,96
SIR,78
RME,30
MEI,49
IDS,104
PEP,45
SRK,88
RKR,58
EKE,170
EYA,85
EVW,25
VWK,18
WKS,23
LQY,64
GRI,121
EMT,57
RYR,51
SKM,43
KMM,27
MME,26
LRM,45
MED,29
LHK,59
HKR,23
GQE,73
QEE,87
VAN,129
RRS,55
PIG,89
ELC,37
RID,80
IDM,55
DMS,24
SEF,85
FME,18
KHS,34
APP,19
PPG,20
GYE,57
EGG,81
RRP,36
RPY,30
KAH,48
AHA,46
DVF,77
DGQ,68
FRN,39
VIM,51
IMT,37
SDL,167
KDE,89
VMS,43
HPL,54
SIQ,79
KRM,35
MET,31
VFT,86
GYD,90
DPI,61
ARP,53
VTI,122
YAN,59
MSN,41
SNT,63
NTI,79
KGQ,77
FSG,119
WMR,5
MRQ,26
VPY,58
YAY,46
YTA,61
DYN,37
CRA,12
HEG,31
IQC,10
QCG,25
IPY,55
YFN,44
MLV,106
AAM,96
NIW,17
IWG,31
TFK,59
RFY,50
FYR,51
YRY,46
LTN,132
TNP,66
KIY,72
IYK,44
WLD,43
MSQ,34
YST,62
TDS,68
DSN,50
SNM,28
NML,49
MLG,84
MKI,65
PIM,28
IMG,42
AFW,23
FWD,12
PVA,112
HFD,56
FDN,63
MSD,50
SDQ,50
KSR,76
LLH,110
IHN,30
QYR,44
YQG,60
RWF,14
WFD,24
ALM,108
LML,127
RET,61
QRW,17
RWV,14
WVA,40
FTI,80
ESP,28
PFD,58
LTM,51
PMV,34
QTS,53
TSR,62
RSY,33
SYD,44
RMA,44
NIY,56
YIN,57
NSP,69
AIY,83
YDT,27
DTM,24
KPD,57
TLC,36
LCI,40
ACS,29
MIH,15
RGQ,51
ASD,94
QIH,33
HAQ,24
TDR,59
RDN,55
DNF,47
NFM,28
FMS,17
MSA,60
ENV,147
IQE,89
IKR,119
MGN,34
QNP,56
PAR,49
KVC,23
KSV,128
NMS,28
APY,48
KVR,168
VRQ,89
QGV,115
TLR,142
TMI,41
LTC,33
TCA,13
CAS,29
HYH,12
HMG,8
RSQ,55
VMV,68
VKT,137
YPK,47
PKA,102
DTT,52
YAS,68
DPS,50
SVM,58
PVP,49
MNK,52
GHP,26
ISM,47
NDD,53
LPP,103
PPI,31
PIA,113
TRH,23
RHE,22
EAH,46
AHN,47
GPC,5
PCS,10
CSI,20
IHD,28
HDP,13
YAT,63
VGW,15
GWK,22
WKG,31
NDT,56
QYL,86
MSW,8
SWG,22
WGA,25
ART,82
VHR,32
HRE,24
LSC,32
CAV,28
AVG,196
TNG,75
YFL,90
HSA,43
TKG,104
EDC,18
DCH,17
CHI,14
HII,48
DKG,69
PNY,49
CAD,19
HVM,10
MVD,52
FSH,46
SKQ,69
KQY,63
QMD,20
MDV,29
DVC,18
VCQ,11
VCN,14
CNQ,7
GSK,80
GRQ,63
GWE,28
YHA,32
VYQ,53
SRT,68
DRK,57
MTV,63
SFH,30
FHH,22
HHA,11
HAF,33
VNM,27
NMV,37
MVM,26
AEM,71
HFP,34
YSS,67
HSH,23
SHG,33
DTF,49
SKC,9
GYA,124
AEY,82
YAD,80
VEY,66
YPH,29
PHH,9
QDQ,38
QVD,74
RKC,5
KCA,12
CAE,31
GYF,65
KMR,32
MRR,28
RRE,79
SMV,49
RNP,46
PNH,31
NHI,39
NQY,45
QYA,51
GHC,14
HCD,16
AQV,124
RGR,76
PTV,73
CVT,20
PGE,37
QLC,28
LCE,40
CER,20
KPK,96
IEF,71
EFT,76
YRD,48
RDG,91
REP,42
YGS,56
KIQ,103
VEC,19
ECF,13
CFQ,5
HES,22
HTS,20
IPF,99
FRH,21
VIC,42
ICG,42
CGL,34
YEF,40
MDY,18
MFS,35
LMF,39
MFT,24
AVC,32
VCS,30
CSL,39
FAV,118
PMT,35
STE,91
GEY,66
FGC,18
CGV,37
WES,19
IHI,28
QVW,20
VWR,13
WRH,3
STQ,56
WLV,65
DLM,56
LMH,21
QAD,119
NTH,28
QPF,40
FTW,11
TWY,12
WYG,16
LIY,95
FER,91
MHN,17
DQK,39
LTK,189
TPY,42
PGT,46
RVE,97
YDV,64
VCC,8
CCF,1
CFI,18
DYE,60
AYY,46
YYT,17
GNY,66
VMT,43
MTH,7
HTI,33
NPI,88
TMT,27
MTQ,23
FRK,40
RKE,68
AYW,18
YWG,9
WGI,25
FVR,58
ACD,23
KCL,14
YNV,38
DHV,28
HVN,25
STN,54
TND,56
YPT,50
VYN,44
IQY,42
YLH,52
HDS,23
DSF,72
RTQ,56
QDA,79
KRT,64
IGT,130
PQG,51
VKH,53
KHL,79
DCG,26
YVM,23
HGA,44
CND,12
PRA,45
EIN,122
MPA,33
PEV,88
QVC,15
VCF,18
CFK,5
MEP,14
MFE,33
FES,81
SID,87
NLR,108
DKC,10
KCV,14
EIC,32
NYV,50
YVF,51
VTY,39
NPF,53
PFI,86
GHH,19
HHN,12
PTY,38
SAY,78
PEM,43
VKI,149
QDM,15
AQC,18
QCK,9
ITH,50
GTD,74
TME,28
AYF,56
TVK,142
KCE,10
CEK,24
AMR,61
MRP,26
RPA,49
EKS,140
NLY,60
KTS,82
TST,74
QTF,50
TFH,27
YIH,18
SKH,25
TPF,64
PKV,87
IIY,54
AGY,95
RSS,55
RVP,54
TRD,47
KYG,80
KAR,110
QQY,49
QYF,60
MRK,47
HTR,16
LFR,72
RQR,58
SYQ,53
YQR,50
YKF,27
SDN,88
DQQ,42
QVQ,62
VQQ,93
QQF,59
QFQ,48
FQH,30
QHP,23
QKD,55
AWN,16
WNS,11
DCK,13
CKL,17
WAV,21
YQI,51
NQP,97
YGP,25
PHM,11
HML,22
QRP,22
RPT,45
NQH,35
HIT,26
TIW,17
IWR,18
WRG,20
GPM,26
LWD,35
DMP,30
PQD,54
SMF,24
SMH,4
MHI,12
HIC,7
ICS,20
CSE,13
SEC,18
ECG,25
CGH,21
HHE,23
KMA,69
MAE,89
RED,59
YWQ,21
WQG,22
HCS,19
CSF,11
FCG,32
YIC,2
CNE,15
NEC,11
CIE,20
LCH,12
CHS,12
HSM,17
SHD,33
TPH,30
RAH,22
YVI,65
QDY,56
YNH,12
HYK,13
YKR,43
RTN,42
NYE,39
YES,36
KSN,73
MAD,55
DAT,101
NCE,12
CEY,16
DTE,64
GVQ,93
IPP,54
PPQ,22
GRK,80
RKH,41
FIC,25
RQV,73
MKF,36
LPM,59
PMI,38
QYQ,39
MYD,13
RHM,9
MLN,56
CEV,24
IQD,63
TAM,50
CLK,27
PRM,14
RMK,39
ERP,37
YPP,23
PPL,54
IRN,84
PYI,62
MMR,23
MRD,35
RDF,71
NHH,13
HHY,10
HYQ,26
FQV,37
SYI,58
ASY,63
ITW,15
WGE,24
FIQ,64
AEH,65
HAE,58
MNH,9
MTI,49
RNI,89
YNW,12
NWR,19
WRV,11
PLP,96
KHA,34
ETY,46
TYN,41
YND,45
HRM,4
AMC,11
MCF,7
CFS,25
PKC,16
CTA,31
PTF,52
TFF,50
EVF,78
VFP,48
FPD,48
PDM,23
MIQ,30
QRS,42
GCS,39
CSR,12
PNV,84
ERC,24
RCR,14
CRQ,20
RQH,18
YHS,26
ILC,37
LCN,22
PPE,47
KFR,48
FRF,34
KIN,118
INH,27
HHQ,16
FKR,85
MRT,27
ETH,38
THK,35
ELW,33
LWF,31
FQC,4
QCF,8
CFN,15
GSM,47
QHL,66
IMF,24
MFG,47
SHI,59
QGT,69
GKQ,102
PPD,24
DYI,87
YIV,69
IVC,27
MIS,68
RFM,22
TTF,65
CAW,1
WGL,42
DST,67
NMW,4
MWG,9
WGN,15
FGM,40
MQM,18
QMA,36
SPQ,54
PAQ,55
TFM,26
IAC,39
NWG,17
MFA,39
ACA,42
CAY,17
AYI,65
MTW,6
SMP,28
MPL,58
ATP,93
VAH,40
HLM,28
LMM,40
YMM,5
MMM,11
MMP,11
MPK,37
GMY,26
MYF,8
LHG,60
HGS,32
GSP,58
YMR,14
FFI,78
FPL,69
VPS,73
PSG,72
GPF,25
STM,29
EQW,25
WMN,10
MNM,10
MAQ,57
PFW,22
FWA,27
WAL,44
VRD,111
DIM,34
GFC,23
FCM,8
CMT,6
FII,89
LHQ,67
HQN,29
DEQ,105
NDN,48
VVC,27
IKC,13
CVA,37
RPH,22
FIY,56
IYT,49
YTK,35
PEY,57
SCG,35
CGF,23
FYI,42
YVV,64
KQC,15
LWE,34
QCD,12
CDH,3
FSY,67
NYF,42
RLH,48
NCP,17
CPV,15
RQM,27
QMH,13
MHY,11
HYW,5
YWL,35
WLM,12
IPR,53
STV,103
TVR,82
KNW,37
NWA,22
WAQ,12
FVP,67
QKC,17
CGR,21
IYH,35
YHN,19
PHC,10
CSK,15
QYS,57
DVR,64
QMM,13
SEH,42
RPP,26
SYP,38
PPF,31
PFE,53
FET,82
ICQ,21
CQE,14
TCK,15
CKF,8
ETF,67
VLF,150
QNG,78
TFQ,32
QYT,38
YSP,38
AMH,21
MHK,9
HKS,27
KWI,26
MFQ,11
QEY,46
WIK,25
PGQ,28
GQF,51
FQW,8
LWY,13
WYV,15
NAW,20
WFC,10
FCA,26
LFH,43
ESC,12
SNE,94
TIM,18
IMD,32
MDI,40
YGT,54
TIY,64
NFF,32
FYG,62
MVF,28
VFQ,45
QYH,20
HLW,15
LWP,10
WPH,3
HLT,68
APM,41
MKV,49
QQR,69
QET,55
VTH,47
HEV,31
MEQ,33
QGK,141
ADC,35
CFE,17
DMY,7
MYL,31
VQH,22
TSF,62
YGM,36
MAF,54
FGQ,61
FWG,22
WGP,8
FGR,91
RKP,48
NSV,98
SVG,145
FFG,73
VFM,29
FHW,8
HWH,10
WHA,8
FYV,42
LWK,34
WKQ,17
GYM,34
AFV,120
IVY,66
FFM,22
MMN,22
VTM,34
MIF,45
FLN,104
SGM,55
GMW,6
MWL,15
WLI,54
WPM,2
FFV,77
PNP,45
CPQ,14
PQM,20
AIM,44
MKM,15
MDT,20
YYF,36
AVW,25
VWG,22
MEY,17
DAF,89
FFE,55
KGC,19
GCN,10
CNI,14
PFK,50
EAC,20
ACN,12
CNT,10
LNW,30
QHV,18
TKE,100
QPY,23
MDS,22
MQY,19
AHS,54
FHL,48
YEQ,49
KRN,66
NMD,23
MDF,26
WIF,25
TQM,27
NRN,48
TQR,67
PRQ,27
IMV,33
MVN,38
DNM,30
RSM,26
NSF,56
PDS,37
RVN,59
VRM,28
RMP,16
KAC,26
EDY,60
YVR,53
RCS,14
NLF,102
DRA,73
HFF,30
TQY,45
CIT,11
TGH,31
GHE,38
RLW,38
RTC,5
TCL,23
RTH,39
HKH,19
KHE,22
QNH,22
HDF,23
NNG,71
GSH,34
HKD,21
HTF,27
KPF,75
MMT,26
TAH,49
ENQ,108
MFK,26
HKG,38
VCT,14
QFT,48
YPE,64
PEH,41
EHL,87
HLP,64
PST,50
LFQ,66
QKY,51
EYH,16
LEW,24
WEH,10
EHR,29
HRG,30
DQH,16
KFD,76
TAC,28
IFF,65
NSY,43
SYW,12
WQR,24
AFQ,63
FQY,23
QIY,46
AGW,30
GWF,24
KWG,16
HRV,33
HMP,11
PCD,10
CDA,28
YVP,48
FSV,100
MVQ,29
TTW,16
WAG,29
NPP,43
PPR,22
RHN,27
KTW,27
TWT,13
WTY,6
MGW,15
MGE,50
SYK,50
EVM,51
CAL,44
HDT,15
MCV,4
AEP,60
YYA,34
DGC,12
CEM,10
SGC,29
EMP,26
YHE,21
HSN,20
QTE,89
EVH,29
VHA,38
FWE,9
WEN,20
SSW,30
SWQ,25
WQW,9
QWP,4
WPA,7
SRY,60
YEM,30
MYR,16
YRT,67
FNC,15
RNA,88
YVT,55
WQK,39
IDW,25
WHR,12
ADW,31
DWY,14
WYC,3
CEQ,21
DDP,44
PNM,24
NMF,24
MFF,25
LHV,28
THA,27
VYP,42
CTP,10
FPR,23
DFY,47
YIP,44
FKM,22
FCE,14
WRD,16
NTY,28
GVW,28
YIL,86
RAW,26
HTK,18
QYP,31
PVQ,46
YYY,13
SDM,31
SGW,31
GWL,48
GWI,29
WIA,36
AGR,117
NNN,56
HNR,17
IYC,13
YCA,14
FQN,39
VSW,24
SWT,13
AAW,25
PHI,45
FFA,85
NRE,68
NPW,13
TED,79
GFI,138
RIM,33
AIW,27
IWI,23
AWK,25
WKE,33
WFK,19
KVY,55
MIP,27
EYK,52
TCS,14
CSC,6
CGN,20
GNC,10
NCH,11
CHP,4
YTG,56
FKI,58
IMK,23
DPY,35
TMS,16
MSP,19
HGE,33
GHY,27
QGH,29
GHD,28
REH,49
LFM,38
FMH,11
MHL,16
QHS,37
CRS,16
RMI,21
LFC,41
FCN,11
CNV,9
IYQ,66
SQG,87
FVC,15
RFR,36
CPE,16
WEQ,15
GKY,85
IKY,45
KDC,18
QPV,72
EWQ,19
WQD,29
QCH,7
RAR,80
HRH,14
YEV,50
HPW,4
QFH,21
MNR,29
GDH,24
DHM,6
FRA,71
KLM,55
ICD,29
NWS,13
WSE,19
YDC,12
DCD,15
HGM,13
GMP,43
MPI,39
SPS,64
ARS,99
GMI,55
EEH,41
HCY,5
CYR,9
HKM,16
MDP,15
KNH,36
VMC,16
MCS,6
VVM,60
DWG,24
IEC,18
PSW,16
YEC,6
CMN,3
TQE,70
FCC,6
CCN,2
DVM,67
YAP,53
FKL,87
MYQ,14
FQM,13
GFP,63
RYK,40
FCL,33
CLN,38
YNY,19
TPD,58
YFD,54
QYN,37
RHK,33
MDG,40
HQE,33
RKY,21
QTW,16
TWI,30
SWE,18
TYW,9
YWD,18
WDP,11
VQE,89
QEH,31
IMI,36
PPM,16
TWE,12
WEV,14
VPH,30
PHT,28
LME,68
AHF,39
ACF,18
FEC,11
CLF,27
NQC,8
TYI,47
IWQ,34
DQS,42
QSP,38
SPV,60
QHR,30
EHM,10
TNS,64
IPQ,56
QDH,11
YAC,11
AMI,88
TDY,57
DYM,18
QCA,8
NPC,7
PCI,8
CIF,18
PYR,31
KNR,70
NRY,41
IVR,103
MAR,57
APE,84
YPN,68
MPS,41
PSR,56
FQD,33
SVQ,84
FDC,13
CSV,20
KKK,63
QTI,73
ACH,12
EMD,43
MDD,31
YMK,17
PKF,37
QRF,63
KYA,69
TVH,26
VHF,30
KVP,54
FPE,70
EQE,98
IYP,63
WFT,23
SPA,73
KCQ,13
PAG,85
CLI,48
SWS,23
WSS,17
HNC,3
HDR,23
QEP,39
SFT,72
LYM,16
HCR,8
CRH,6
QTP,38
GQY,46
ILM,65
THN,38
FPG,28
NFE,74
QPW,10
YFR,29
RTY,39
IML,81
VQR,59
RRC,7
RCQ,13
QEV,70
DRC,6
RCW,6
CWQ,6
WQL,35
IWC,4
WCN,4
PMN,25
PKM,24
MTR,31
FHR,23
GPW,3
SYH,23
GEM,50
WMS,10
LCP,18
CPA,13
EGH,33
GHN,41
HCG,16
DND,53
SIW,30
IWA,28
WAE,27
YQM,20
PEC,20
ECA,24
NSH,41
HMS,7
MIG,77
GGW,34
WAK,45
GVC,31
CNG,14
NGC,27
CQM,10
QMI,32
ENW,40
NWP,8
VWF,19
LYP,72
IMM,18
MPH,13
PHP,30
NSW,14
SWH,6
WHP,7
GAW,33
AWM,5
KRD,58
FGE,95
PVC,13
NRK,50
KDH,14
CQV,18
PRY,32
RYS,54
AHP,47
DRE,77
HLR,52
CDG,18
PHG,24
YNQ,37
DRH,14
RHY,23
HYM,6
YMP,10
VPR,51
PRS,42
LQM,43
CLH,7
IDH,36
PSM,23
TFY,33
KMP,24
MPV,43
SQY,57
TIR,80
RGH,22
CYE,15
NRS,46
FVW,12
VAW,20
AWW,6
WWQ,7
RHD,18
SST,92
FNY,38
NYK,37
KWR,20
WRI,21
RIF,66
IFW,13
GQM,23
QMW,7
MWI,7
WIW,7
IWF,27
LGW,52
IHK,32
FFD,70
RAS,73
WEA,14
RYF,58
KYC,13
YCP,11
GQR,54
QNE,71
MRI,41
CKP,12
NNY,38
KQH,36
QHY,19
HYR,23
PMR,23
AEC,20
ECV,16
NRW,13
RWR,12
PWG,9
WGV,27
HNK,20
QIG,94
QWR,15
NHQ,28
YGY,55
YHH,13
NQR,55
YKL,69
SWD,13
HIY,34
YNL,70
KCN,7
CNL,23
LDC,30
PWC,4
WCD,8
PYN,27
KRW,30
WSV,18
RSF,60
YAH,25
HKY,15
RCI,11
NYY,38
PKW,17
MSR,25
FMF,15
MFV,24
FNK,52
FSW,20
WNW,8
NWY,6
WYE,14
LYR,80
VMM,23
FMV,18
FWS,19
WSL,31
HVT,25
TFC,23
DSR,66
VSY,65
YTW,8
PSN,43
TSW,23
SWA,28
DLW,27
QLW,30
VLW,43
LWV,29
SHW,9
HWQ,17
FYE,38
PSS,60
SSY,56
SYY,37
YYV,28
NKM,26
LQP,82
HVA,42
MIW,10
IWN,16
FVY,49
FWM,6
WMD,6
MDN,27
ERM,38
FPP,22
PPA,48
GIM,44
IMQ,33
KYW,15
VVQ,94
NMM,15
MMG,21
SWL,50
CGM,17
GMF,35
YSF,36
NYT,41
WTI,10
WKW,7
SMY,12
MYV,15
WNP,12
PHN,18
LWA,43
SAC,34
AHM,4
HMF,2
MSC,5
SCF,9
GWQ,36
WQF,16
YFP,38
FFK,46
QFN,57
MLY,33
GWT,18
WTL,24
LYY,38
TYY,28
YYP,13
KWH,7
WHK,20
DYG,49
PCH,4
CHR,7
PRF,32
FKP,45
APR,47
IQK,97
EFQ,41
ERW,25
HKN,37
WCL,6
CLL,55
NQW,15
QWN,9
FQT,28
FYP,40
YPV,45
CAF,17
FPQ,47
CFV,22
SGH,29
HWT,6
WTQ,10
KWL,59
LHW,12
HWY,6
HPN,35
CTE,16
MMA,29
CSP,18
NYR,63
MHA,19
MQK,42
SHC,11
MNF,34
NFC,15
EMM,34
YWR,15
WRY,21
LCV,38
CVQ,15
NSC,10
SCS,21
CST,16
GRC,13
RCL,15
CLQ,14
YYW,9
YWW,5
WWR,4
WRN,19
NEW,21
EWT,11
FQG,46
QVP,41
KNE,104
THH,9
HHG,24
YDF,38
TNQ,100
GNW,21
WYA,16
CRN,9
HFT,32
AWS,13
YQT,69
QTC,16
STW,14
TWV,9
QRY,50
ATM,42
MTY,20
TYC,16
WDN,19
TYT,40
APW,18
PWD,12
FYS,42
HLY,24
TWH,9
SFY,46
EHK,53
DDC,19
TCN,9
CNF,7
FTH,29
HHM,6
VPW,9
PSQ,41
QFM,26
NWC,6
WCW,2
CWE,3
MFI,31
HHT,15
DWA,25
WAR,12
PHS,23
GYY,35
YYS,29
YLW,14
EEP,47
EPM,21
PME,19
EPQ,43
PPP,20
IQM,14
MHS,10
PRR,38
ICY,18
CYT,7
TWL,27
WLS,58
VCL,37
QSH,25
YIK,56
HNT,18
QSD,52
NQG,68
RYT,44
TYA,52
KKW,33
RYN,52
TSY,44
GWR,22
EPA,66
EDQ,44
DQA,64
VHE,18
HED,17
AWD,16
WDK,21
SYM,15
MEV,33
LPR,77
GTQ,52
IYW,16
WLH,17
TFW,17
WSA,19
WQQ,36
NVW,16
YVW,8
EHD,21
DSW,20
SWR,20
RYH,23
HAR,30
YQH,27
RHF,34
CHE,7
HEC,6
CGW,12
QCP,4
CPH,9
HCE,16
HQH,15
LRC,24
RCH,4
CHH,5
HHC,8
RQC,11
GDC,10
STH,37
HYS,27
YIQ,40
THY,25
HYP,28
RHS,22
ENC,22
NCL,37
FFQ,42
FQS,45
RWQ,16
HCK,10
TRQ,42
HKT,34
GLC,28
AWI,22
WIQ,11
FMD,24
YKI,50
NWE,20
WER,19
REW,25
EWM,16
HPM,14
LWI,33
WIC,4
ICP,21
CPS,19
GTH,34
THP,24
EWL,66
VCD,22
EEW,31
EWC,3
WCR,5
EFW,32
PRP,33
PIC,11
SRW,17
PPY,22
DEH,37
HGW,9
HWE,8
WEM,8
PQS,47
PHK,20
QPG,26
ESW,24
WTF,10
WSN,11
WRR,14
KKP,68
VEX,2
EXK,3
XKD,1
HTT,16
VSX,1
SXX,1
XXT,1
XTH,1
LPX,2
PXK,2
XKV,1
DAW,17
WVK,44
DMT,28
GTY,45
TYS,38
DRN,31
QQP,38
YNT,36
SMW,5
MWK,8
WKA,27
QEW,19
WKT,17
KTY,45
SRR,74
GRY,64
GWN,22
WNA,19
RFH,25
NNS,62
YKY,17
HTQ,40
HEK,34
QYE,39
ELM,61
DPM,22
PYM,12
MYP,16
CRP,9
RPK,36
REF,75
THD,32
CDQ,22
QVM,32
RTM,25
HPY,26
GCP,16
CPF,14
PRC,15
EQC,16
CQI,17
NHG,24
RNC,9
NCW,3
CWL,5
CSS,27
DAH,23
HDE,22
WAT,29
AHR,47
HRT,31
VQM,18
QMP,28
WDD,17
FRE,49
TNM,20
KQW,16
QWK,16
CQR,16
NCA,16
QKP,44
KPP,20
SQN,72
AQW,17
QWG,16
ACP,30
YED,37
EYY,28
YYK,31
YPY,18
YCT,12
CTR,10
GGP,42
KDW,27
WEG,19
PGW,8
NCI,15
CIN,17
RWL,42
NFR,37
RVQ,59
MAP,20
DNH,19
TGW,14
ICW,4
CWF,3
WFG,30
VCH,11
CHA,8
YPQ,35
WIV,24
NMQ,26
WLF,27
SPH,37
KWE,12
WEL,21
AHQ,35
FCS,18
CHF,7
AHI,53
PWA,20
QMK,22
EIM,46
PWP,3
LHR,58
HRN,19
RNW,15
NWV,16
GGC,30
GCF,15
CFT,12
TTH,23
PVW,11
MSL,87
PQE,59
FHD,14
FTY,43
EHH,27
HHR,8
WLT,32
RPQ,20
NYN,30
YNP,38
WIG,32
YTD,38
CFA,12
IFK,61
WDY,12
WLP,22
NRD,35
HIH,24
KTC,12
ANC,20
VMF,37
FQI,44
AWY,22
YNG,43
NSM,21
CDN,16
QNM,17
FCR,16
CRR,12
IHF,29
EHF,46
HFY,25
FWL,41
GDW,22
WIN,25
QWS,15
KNC,16
CEE,19
MTP,35
YHY,21
MIR,20
YRS,47
YQN,47
QHW,6
PSK,60
IYY,20
KWN,17
HYV,27
CTK,8
QDW,27
HRR,32
RRQ,46
NCY,8
CYF,7
SHT,41
CIK,18
MPF,25
NHT,17
AHH,22
YDW,13
RPS,36
QRG,59
RWT,12
LKC,20
CAG,28
QRM,18
RNR,44
SQC,20
QCR,7
DTC,14
CNN,5
EMC,9
MCR,6
DIC,26
CDL,33
VMH,10
NYW,15
YWH,6
WHT,13
AWH,12
PLM,52
HVQ,13
RIC,11
YYE,31
MTF,31
WQP,21
VKW,24
KWY,8
QNF,37
SNQ,53
GMC,7
ADP,71
MVS,35
QIC,18
CRL,22
HQR,27
LKY,75
HDI,30
VWM,10
RMM,10
IIW,15
IWL,45
WGT,19
TWW,8
WWV,5
PFM,19
VSC,20
SCR,10
RMF,12
GHM,10
QEC,14
ECY,10
CYQ,5
HVG,23
CNA,13
YPG,28
FRV,48
YKH,21
PDC,13
SMN,27
LMY,20
HTH,20
HTC,6
GCR,17
CRK,14
KCP,13
PSC,9
SCI,20
YVC,7
CSA,32
CKA,22
WNT,19
REC,15
RSH,27
QNR,40
DQD,23
KHG,51
MQV,41
FKF,32
RHP,26
FDM,24
CQN,12
HGH,22
YQD,46
QYD,32
DIW,24
QSQ,46
SNC,13
QCV,9
FCD,13
HYA,37
GLW,38
WEF,9
RWN,15
WNF,13
PGR,41
ISC,25
QEG,70
MTG,57
QPK,48
HSC,9
SCC,3
CCA,7
CAP,5
APC,10
CSG,19
MEW,9
IRC,26
RCT,14
CTM,6
TMC,5
CFD,21
DMR,22
TSC,6
RWK,18
WKD,19
YCG,19
CGC,19
CVY,6
YAM,27
SHQ,32
CHQ,17
HQQ,32
HQW,7
RCN,7
VWS,18
EHY,35
PHR,16
VYH,26
CQT,18
PCA,14
ARW,16
WYN,5
CPM,3
LTW,37
TWD,17
WDH,8
NQM,24
DSX,1
SXL,1
XLM,1
HRQ,19
RQW,9
QWF,20
ACT,23
PEW,15
VYR,46
NAH,28
IQW,19
WGY,15
NHF,25
STR,53
PYE,39
MRE,48
HYI,27
TMF,23
DHY,13
TNC,19
CGQ,22
CGY,16
PGC,12
GCK,16
TKC,12
PTM,21
NMC,1
MCI,9
GCT,24
CIQ,10
MHT,6
DLC,26
CTG,23
PCP,7
CPT,19
DNW,16
WKF,10
WDF,10
HPP,9
ECE,19
CEP,13
CDD,8
YWV,26
WVR,19
DKH,30
PMM,16
SSC,18
CSD,19
YWF,10
PSH,22
KIW,25
IWK,22
TCT,9
CTN,12
HSI,45
IWD,19
WDG,15
YHT,16
PMF,23
FFW,8
QDR,38
EHE,18
KEC,16
CLM,10
NIM,24
EEC,13
ECK,20
PFQ,33
IPW,12
MWF,6
DCQ,9
HPC,2
CGT,28
NWI,25
WIL,40
PHW,7
RCK,13
CKK,20
CTI,13
PQP,32
QWY,9
WYF,7
TWS,13
WSI,17
SFW,18
GCL,41
WYR,15
RWI,23
SNW,20
LCF,31
PTW,11
HDD,17
FCT,16
WHW,8
HFQ,15
SHS,49
SCV,21
VRP,47
PWK,10
KFP,33
PWY,3
CHT,12
LCS,25
CSW,5
LCG,48
HMA,11
CSN,11
CLC,9
WFR,7
WYI,8
HEP,14
PCL,16
HDQ,8
AKC,19
KCY,8
SKW,12
DDQ,21
YSW,13
HVF,18
PYK,34
DMM,8
RDM,29
EFP,43
DPC,4
HGR,28
SAW,32
HQV,40
SEW,26
WRA,19
TCQ,11
GPQ,15
LMC,8
MCA,8
HCI,11
DQY,27
KMF,27
YYM,14
CDI,24
GWV,31
WVV,15
WPQ,2
SDH,21
FCK,9
CKG,18
GSC,25
WMK,11
MNC,12
NCQ,9
HCH,9
HPK,31
AHY,32
YNM,11
KWV,23
FHF,24
FPC,7
VWE,14
ECD,16
PWW,1
WVT,22
TMD,23
QRC,10
RCF,12
CYI,7
QPE,67
YCQ,7
QMR,26
MRH,15
HFG,42
NHR,18
WLY,27
LYC,25
VQD,59
WYQ,9
AHC,13
HCQ,9
PWS,6
MAC,9
ACY,11
YSM,20
GPP,14
YWY,7
WDC,8
MKD,40
YTP,44
QYC,8
DWW,4
WWF,9
VFC,13
CCS,2
SPP,22
CQP,9
PTC,15
FDQ,47
PIW,19
WIM,10
IMS,39
YIY,25
CIA,30
NEM,27
GEC,18
ECS,11
LCY,17
MTN,42
CIS,14
SQW,27
WGH,7
YCN,8
CNS,11
YEP,28
YAW,9
TPC,14
PCN,3
NNC,9
NCD,12
DPP,22
PPK,52
HNQ,26
WQS,26
MPR,21
PRI,36
QYM,11
PPV,28
IME,21
EFC,20
SMM,20
MMW,3
EWI,28
AWE,17
TKW,16
EYW,14
SCH,12
EKW,34
WQE,31
MRS,21
DYC,13
YCY,5
FFF,39
YMD,10
WHF,7
RYC,9
YCI,9
RPW,10
WIY,11
PYW,12
YWS,8
WSR,11
HQY,21
HPA,31
YPM,21
GVH,37
WVC,5
RGC,8
MYK,17
HHW,8
CPR,10
CQG,12
IHC,12
HFL,43
RFW,17
FWV,17
FYW,12
WLC,7
LCW,4
CWI,5
QWQ,37
MMI,21
WNM,5
YQY,24
DWN,9
NDW,16
SFM,25
ASH,39
HAK,39
WHE,10
KSW,24
SWP,6
WPI,7
IEW,36
THV,19
PMY,12
MMC,2
WKV,25
MIM,19
NCR,15
CRF,12
WSG,11
WKK,32
NFW,18
FWF,12
HIM,15
VCK,8
CKR,11
WNK,18
MMD,16
NNH,23
FEH,35
YHI,26
MRY,17
PAC,11
CWK,6
CVM,10
HNM,18
CPD,15
CYK,6
FMR,26
YYG,46
PFH,22
HEN,27
KYM,11
PYQ,26
DHT,18
PHA,23
CAH,5
PPC,4
QKM,48
DFC,18
LWQ,45
PLC,17
YGC,6
CFM,11
MFR,25
CIW,2
LWS,24
FEW,15
TCH,15
TWP,6
WPV,5
WRC,2
RCD,10
QPR,28
RIW,16
WIR,11
MYI,15
MDR,27
PMH,8
NHA,36
HMM,4
HND,25
HRD,28
DDM,24
HGY,18
PWN,4
NTW,13
WQT,25
TMM,14
PDQ,15
NPG,32
FMN,21
YEH,21
WHH,2
NEY,38
CQH,4
SWC,4
QMF,14
CWD,4
HAY,17
AIX,1
IXA,1
XAM,1
ETC,18
RKW,18
FWI,19
WMA,4
SWW,12
WSM,6
SLH,45
SRH,35
VWW,5
WWT,1
GTW,17
MHC,6
PQC,8
HCN,6
FSC,14
SCD,11
CKD,10
KMH,10
MMV,21
HVS,27
QWH,6
WHG,4
DYW,11
PAW,22
NVF,49
PNC,13
SCN,13
NKH,18
KHR,23
HRC,9
CKN,15
MLC,19
YSC,6
SCQ,11
HEM,7
NHC,12
HCF,6
CFL,13
QMG,34
MGC,16
PIH,24
QIW,16
QFC,8
RSW,15
PFC,11
IWH,12
WHL,14
PPW,8
TWF,15
HDC,2
WPE,5
FWQ,27
DNR,43
HMR,9
MRM,7
YVH,13
MMQ,9
YRN,51
GTC,12
DVW,22
VWA,28
MMF,12
FLW,24
WPY,3
FHA,21
QMN,22
YCS,9
QWV,19
FFR,40
WFF,17
IAW,28
FCF,12
LIW,32
DWC,8
WCQ,3
WVP,7
YRH,35
YYR,39
HFM,19
THW,11
HWS,8
RTW,11
MYE,9
CYN,5
WGS,24
YIR,39
MWA,9
QHE,21
RMY,9
FYY,36
YMT,10
DQP,22
MHV,11
DME,31
KMW,8
CTD,11
MMY,6
WGM,11
WGR,13
RMC,5
VCV,21
VWC,4
NYC,6
YGW,18
VMQ,36
STC,11
NVC,7
YKW,5
HNY,15
YDH,31
PYY,22
WYP,8
WFL,26
KWW,5
WWH,1
CDV,14
MRW,3
WIH,7
ECN,9
CWA,4
WTV,19
LCC,11
CAT,27
SWY,11
MLW,17
WNQ,9
AFX,1
FXR,1
XRW,1
SCK,9
WMY,2
PMW,7
ACC,5
CCV,5
MHD,6
MKG,46
HDH,25
IVW,25
QYW,7
YWM,3
DEC,12
DWM,9
WML,8
WHN,8
CEH,6
YMG,18
YCV,13
HHD,12
MRC,5
CKY,1
YCH,13
CHN,8
HKW,6
VNW,20
GMD,32
WQM,8
NWN,16
WHY,7
TVC,18
VWT,9
WSQ,12
TWM,6
PWH,7
WWY,5
YFQ,33
HCT,5
CTF,14
VIW,21
VVW,15
FWT,5
WTN,10
FMI,23
WPF,6
DCN,9
FRY,29
HWF,8
WVS,21
GYW,20
KFC,10
VQC,8
CIH,3
SQM,29
WFS,20
HKC,1
KCH,7
CHK,7
ASC,17
CMD,4
DSC,10
QHC,9
CQY,6
CPY,10
GHQ,24
PRW,11
EEX,1
EXS,1
XSE,1
RMH,11
YTM,8
HMT,9
HMD,8
VCR,13
RYW,17
HRW,3
DHE,16
HEH,12
ECQ,12
VWY,7
WRQ,12
WVW,5
WKY,9
YWI,12
QMT,17
WMP,7
EPP,22
GWW,10
FFC,13
PGP,16
VCI,21
NRC,9
RYM,17
RNH,20
WVQ,7
HFH,15
CQA,12
CYM,4
NCF,11
EWD,9
YRM,22
CPI,17
TCI,15
FMP,31
MPY,19
YMY,6
KMY,11
QHM,10
HME,9
KMC,4
NCK,14
CKI,8
YLM,41
FCI,13
LHM,11
NMI,28
WGQ,11
YHW,3
TWK,16
NME,20
RGW,20
WHD,3
CTV,23
HER,19
HVH,10
LMW,11
MWT,4
WCF,3
IWV,16
FMY,7
CRV,18
LKW,17
WPL,7
FTC,7
MPM,13
CYS,10
EFX,2
FXP,1
XPI,1
WPP,4
PCY,5
WSD,18
FRM,13
VHP,20
RNM,22
IWY,7
CCI,4
CYV,15
RPC,10
FHC,6
ICF,20
YIM,13
LQC,10
KHH,27
PCT,9
YMN,20
HAH,13
KGW,24
HMV,9
WSW,4
EYM,12
AGU,1
GUG,1
UGC,1
MCQ,5
MNS,23
PWT,11
LCM,10
CMS,4
TCM,2
CMP,2
WEI,10
DMW,4
WFM,5
WKI,25
QCM,2
CML,6
GWP,8
WPG,4
GWY,19
CFC,3
YFM,16
HYC,6
WNY,9
ECW,3
CWN,3
EWS,14
YRC,7
RCY,3
CYC,4
WDM,6
GWG,25
EWH,8
SYC,12
LWH,13
SWM,7
WCI,6
LWW,6
WYD,9
MFH,9
TMH,5
MHF,9
DMK,24
CNK,11
WEY,10
HWG,12
VMW,1
MWH,3
CFP,6
WTK,14
NWW,6
WWA,11
KWC,3
CIY,7
DGW,24
YFC,14
CFR,7
MWD,6
EWW,4
WWN,6
HAW,7
AFC,22
YWK,25
CCY,8
KCS,9
NCM,4
DWS,13
DNC,10
CSY,7
VTW,19
GPH,10
NMR,21
FCQ,19
HMQ,9
VFW,14
FWH,9
CPG,11
WQC,4
EMH,10
CRT,10
TMW,4
YMQ,10
HCP,9
YYH,8
MFM,9
KHW,8
NYH,21
YDN,30
HCW,4
WAN,33
GTX,1
TXG,1
XGM,1
EQX,2
QXQ,1
XQA,1
NGW,28
WSY,9
TWR,7
CPK,18
FYC,14
CWT,4
PMC,6
MCL,15
AWT,17
QCN,8
WPT,7
SMC,5
WDT,12
IHM,8
WRF,11
CTH,4
HYY,22
WWK,9
KCM,1
CME,3
CHY,7
WAP,11
WCG,5
CGP,8
CKM,4
TRW,15
INC,12
NCN,11
WYK,7
CDR,10
CKH,4
CVC,4
WSH,4
DMH,10
SCE,14
QPP,15
NHM,9
HGC,5
KFW,14
MCK,7
RMW,3
GCM,5
CMM,1
WFY,12
FPW,9
QWT,9
WTP,9
WSC,5
DHQ,22
YIW,8
DEW,18
WCT,3
KWP,2
CLY,7
AWP,8
CNR,5
YWA,17
VWQ,20
WDQ,8
CYW,5
WWL,5
NCS,6
YFB,1
FBP,1
BPN,1
TCF,11
ACR,12
ICC,9
CCL,7
CNH,4
IWW,5
EPW,7
CSH,6
WCS,4
SCP,7
HWK,9
FKC,8
RCC,4
CCP,5
KCD,17
SCM,5
CCC,2
CCH,3
CHV,10
HEW,3
MWE,5
DHW,3
WVY,5
TCG,16
VGX,1
GXP,1
XPQ,1
YPW,6
KCW,3
HIW,10
WKC,4
MKC,7
WNH,4
HWN,6
WMF,5
KCC,3
FKX,1
KXN,2
XNI,1
WVH,6
YWT,8
VQW,18
CWG,1
CVR,11
WVM,7
DCW,3
MDC,6
YMW,3
MWS,3
CRC,3
GWH,10
MCY,2
ICM,2
CMG,7
WYW,3
DHC,6
WLW,10
RCE,12
HQM,12
CNM,9
WKM,7
ELX,1
LXN,1
XNN,1
CYG,11
NCT,10
FLX,1
LXL,1
XLT,2
CDY,11
WMW,3
MWV,5
RCM,3
CTC,2
ECT,17
WCP,4
MCW,2
WTR,11
YEW,6
EWF,14
CMY,1
MYW,1
WYM,5
CPP,8
SCT,7
MQW,6
CYY,7
CDC,10
WST,3
AWC,4
WCV,6
ECP,8
WRW,6
RSC,15
CQW,2
CWM,2
CFF,9
NCC,3
CDM,4
GWC,7
HQC,3
MYT,9
MCN,2
WFI,18
DCC,2
CCG,13
HCC,2
LLX,1
LXI,1
XIK,1
CHD,5
DPW,5
VHC,7
WAW,13
WWP,1
WPC,1
VYW,7
WGC,4
PQW,11
FCH,6
MCD,6
CNW,1
HFC,5
CHC,1
FRW,4
CVH,5
WHM,2
KHX,1
HXL,1
XLR,1
LRX,1
RXH,1
XHM,1
MKH,9
PIX,1
IXG,2
XGD,1
YAX,1
AXT,1
XTG,1
WNR,8
WFH,6
WWW,1
YCK,12
KCF,9
MHH,5
KCR,5
VHW,6
WTM,4
CWR,2
WIP,12
WWD,1
WHI,9
RWM,4
CWH,3
IWP,5
WPS,12
YYC,9
GCC,7
CCW,2
WPD,5
WYY,6
CAM,10
PCR,6
CCE,5
MWM,2
HLC,12
CMR,2
QCY,6
WCA,2
LVX,1
VXL,1
WCH,1
SCY,11
WRT,9
LIX,1
XGK,1
MVC,12
DAX,1
AXK,1
XKI,2
CMX,1
MXL,1
XLA,2
IMW,8
WMG,5
ATX,1
TXQ,1
XQT,1
NFX,1
FXN,2
XNA,2
IMH,13
MCM,1
THM,7
CTW,4
RNX,1
NXV,1
XVF,1
CTT,12
PFX,1
AMW,10
MWP,2
MFC,2
CWS,3
HWR,7
YWE,3
MCT,5
CMI,3
RWH,4
WYH,2
IMC,6
MCP,2
WYT,3
TCC,3
CLW,3
TWC,5
WPR,1
VCM,7
EWP,7
CNY,5
CCK,2
FCP,13
CWC,2
WWM,3
WHC,3
FWC,2
WGW,6
HDM,4
MHM,2
SCW,5
YPC,7
CFW,2
CIM,2
QCC,3
CCR,1
IWM,5
MFW,1
WWI,5
CCQ,4
WMT,2
WGX,1
GXL,2
XLV,1
YKC,2
HCM,1
CNC,2
WHV,4
HVW,1
MVW,3
MNW,4
WNC,2
KHM,7
CEC,4
WWE,3
CMW,1
FMW,3
KWM,4
QXI,1
XIR,1
FXK,1
XKK,2
WEC,4
YCF,11
CFH,4
DWP,3
FMC,2
KEX,1
EXN,1
XNQ,1
WWS,3
YHC,4
MTC,2
AEX,1
XKM,1
YMC,3
GCW,6
WEW,4
WWC,1
TGX,1
RWP,2
YCC,3
CRW,3
WME,6
QWC,2
CMH,3
QCW,3
CIC,1
HMC,2
WTW,3
MXV,1
XVN,1
PYC,6
WCE,2
WTH,2
NKC,6
WPN,5
MGP,10
HMH,6
CHW,1
WFW,3
CMF,1
GEX,1
XKR,1
TCW,1
WMM,1
CCT,3
YCM,2
HAC,7
CAC,4
CQC,1
CHM,4
VKX,1
XNV,1
CEX,1
EXM,1
XMT,1
CWY,3
QCT,2
HWP,1
DKX,1
KXM,1
XMN,1
CMK,3
LEX,1
EXF,1
XFL,1
QWW,5
DQC,4
HDW,3
MHE,8
MCH,2
MWY,2
FHM,4
CKW,2
HWW,1
CRM,1
RWC,4
MWN,5
HWM,3
MMH,3
ECH,3
FRC,6
HLX,1
LXG,1
XGG,1
MWC,1
NTU,1
TUH,1
UHG,1
EXH,1
XHS,1
NNX,1
NXH,1
XHI,1
RPX,1
PXD,1
XDP,1
PCW,1
WCY,3
WTC,2
YNC,1
HMN,2
PSX,1
SXK,1
XKA,1
WKH,4
ACW,2
NIX,1
IXK,1
ECC,2
QRX,1
RXG,1
XGI,1
YWP,2
FWX,1
WXP,1
XPM,1
WMH,1
DCM,1
MWW,1
WPW,1
WAC,1
MYC,1
