MLQ,173
LQS,365
QSN,101
SNE,133
NEY,82
EYF,88
YFS,131
FSG,421
SGK,480
GKV,447
KVK,220
VKS,244
KSI,196
SIG,337
IGF,298
GFT,361
FTS,219
TSS,294
SSS,360
SST,256
STG,340
TGR,396
GRA,417
RAS,330
ASV,636
SVG,437
VGV,551
GVM,274
VMA,354
MAE,256
AEG,561
EGE,407
GEY,213
EYT,94
YTF,92
TFG,236
FGT,223
GTA,500
TAE,459
AEA,771
EAE,449
AEE,467
EEM,164
EMT,121
MTV,198
TVI,347
VIS,427
ISG,459
SGA,624
GAL,1094
ALN,656
LNV,416
NVL,402
VLL,1125
LLP,874
LPG,743
PGE,365
GET,449
ETE,191
TEW,62
EWK,57
WKV,50
KVY,112
VYS,191
YSA,224
SAG,594
AGQ,482
GQA,374
QAF,276
AFN,247
FNV,159
NVP,220
VPG,392
PGH,152
GHS,152
HSE,101
SEF,187
EFH,55
FHL,129
HLQ,138
LQV,296
QVA,435
VAE,647
AEP,262
EPT,199
PTS,173
TSY,109
SYL,271
YLC,48
LCR,96
CRY,34
RYL,360
MRS,137
RSR,287
SRG,318
RGC,54
GCD,82
CDM,23
DMT,104
MTD,157
TDH,76
DHT,86
HTV,148
TVK,292
VKK,265
KKN,97
KNP,108
NPE,209
PES,272
ESI,250
SIP,231
IPH,83
PHS,85
HSI,68
SIW,60
IWH,40
WHA,55
HAD,176
ADD,361
DDL,432
DLR,407
LRH,311
RHA,220
HAE,167
AEK,494
EKE,207
KEA,364
EAA,779
AAD,672
ADS,357
DSL,467
SLG,612
LGI,797
GIT,525
ITL,698
TLY,257
LYE,195
YEL,150
ELM,233
LMQ,197
MQR,130
QRA,342
RAG,563
AGE,612
GEA,514
AAF,504
NVA,352
VAR,584
ART,364
RTA,332
TAY,157
AYP,127
YPE,127
ESS,191
SSH,105
SHW,46
HWL,86
WLI,138
LIL,722
ILC,121
LCG,184
CGH,48
GHG,173
HGN,106
GNN,143
NNG,203
NGG,283
GGD,372
GDG,374
DGY,149
GYV,239
YVV,176
VVA,904
ARL,959
RLA,896
LAV,1064
AVA,1161
VAA,1123
AAG,1281
AGI,868
GIH,147
IHV,95
HVT,119
VTL,848
TLL,1301
LLA,1991
LAL,1772
ALE,877
LES,483
ESD,190
SDK,225
DKP,205
KPL,369
PLP,414
LPE,619
PEE,286
EEA,463
EAS,342
ASA,810
SAA,770
AAR,942
ARE,613
REA,572
EAW,119
AWL,395
WLN,133
LNA,703
NAG,408
AGG,757
GGV,653
GVI,598
VIH,150
IHA,169
HAT,146
ATD,322
TDI,248
DIV,357
IVW,81
VWP,70
WPE,84
EEI,323
EID,281
IDV,314
DVI,440
VII,358
IID,270
IDG,385
DGL,493
GLL,1181
LLG,1158
LGT,518
GTG,543
TGL,674
GLR,544
LRS,441
RSA,372
SAP,349
APR,240
PRE,196
REP,138
EPV,299
PVA,545
VAT,534
ATL,1038
TLI,558
LIA,1029
IAR,666
ARA,753
RAN,196
ANA,452
NAH,103
AHS,164
HSA,162
APV,576
PVV,548
VAL,1234
ALD,777
LDI,451
DIP,293
IPS,189
PSG,293
SGL,745
GLM,323
LMA,481
MAQ,229
AQT,325
QTG,250
TGT,411
GTT,366
TTP,266
TPG,345
PGA,458
GAV,705
AVI,653
VIQ,182
IQA,278
QAA,637
AAH,293
AHT,133
TVA,577
VAF,374
AFI,411
FIA,414
IAL,1013
ALK,812
LKP,335
KPG,313
PGL,476
LLT,975
LTG,902
TGK,390
GKA,452
KAR,357
ARD,367
RDV,377
DVT,376
VTG,638
GTL,788
TLH,223
LHH,117
HHN,40
HNA,111
NAL,673
ALG,1226
LGL,1190
GLE,491
ESW,100
SWL,186
WLA,369
LAG,1311
GQE,167
QET,161
ETH,105
THV,98
HVS,137
VSR,464
SRV,370
RVE,343
VEA,575
ASL,1012
SLL,1108
LAQ,896
AQW,94
QWL,162
WLP,175
LPP,413
PPR,117
PRR,169
RRP,181
RPT,124
TSH,97
SHK,68
HKG,87
KGD,298
GDH,83
DHG,105
HGR,155
GRL,602
RLV,580
LVI,588
IIG,458
IGG,572
HGT,138
TAG,553
AGA,1006
GAI,619
AIR,474
IRM,78
RMT,121
MTG,201
TGE,450
AAL,1845
ALR,1011
LRC,92
RCG,79
CGA,145
GAG,794
AGL,1271
GLV,836
LVR,465
VRV,353
RVL,680
VLT,676
LTR,641
TRI,277
RIE,294
IEN,201
ENS,177
NSA,295
API,205
PII,172
IIT,289
ITA,549
TAR,418
ARP,276
RPE,256
PEL,530
LMV,309
MVH,48
VHE,91
HEL,183
ELT,499
LTP,596
TPQ,237
PQS,160
QSL,394
SLE,442
LEE,608
EES,233
ESL,543
LEW,86
EWA,72
WAD,77
ADV,562
DVV,571
VVV,693
VVI,560
VIG,621
IGP,225
GPG,254
GLG,805
LGQ,385
GQQ,240
QQA,530
QAW,111
AWG,130
WGK,61
GKQ,191
KQA,266
QAL,1015
ALQ,657
LQK,310
QKV,198
KVE,217
VEN,282
ENF,121
NFR,109
FRK,137
RKP,158
KPM,74
PML,197
MLW,56
LWD,90
WDA,89
DAD,380
ADA,775
DAL,1066
LNL,539
NLL,560
LAI,770
AIN,360
INP,215
NPD,260
PDK,141
DKR,194
KRH,100
RHN,93
HNR,69
NRI,213
RIL,477
ILT,426
TPH,119
PHP,83
HPG,128
RLL,1007
LLN,661
LNC,57
NCS,32
CSV,75
SVA,590
AEI,437
EIE,304
IES,267
SDR,231
DRL,487
LLS,1151
LSA,1099
SAR,409
ARR,610
RRL,601
LVK,454
VKR,302
KRY,167
RYG,237
YGG,227
GVA,792
VAV,771
AVL,1062
VLK,427
LKG,513
KGA,344
AGT,539
GTV,513
TVV,454
VAS,604
ASD,385
SDE,299
DEA,548
EAL,1018
GIV,557
IVD,322
VDA,606
DAG,531
AGN,458
GNA,370
AGM,386
GMA,331
MAS,219
ASG,746
SGG,604
GGM,299
GMG,273
MGD,132
GDV,472
DVL,676
VLS,724
LSG,1047
SGI,473
GII,442
IGA,623
ALL,1968
GQK,200
QKL,322
KLP,302
LPL,937
PLY,205
LYD,213
YDA,242
DAA,741
AAC,203
ACA,179
CAG,116
AGC,182
GCV,108
CVA,120
VAH,207
AHG,226
HGV,205
ADK,364
DKL,478
KLA,654
LAA,1830
ARY,333
YGT,153
GTR,265
TRG,268
RGM,139
GML,395
MLA,504
LAT,754
TDL,312
DLF,270
LFC,104
FCT,36
CTL,93
TLR,657
LRR,628
RRV,339
RVV,497
VVN,349
VNP,231
PDV,359
VID,452
DVE,307
MTR,169
TRS,262
RST,199
STC,43
TCW,12
CWI,16
WIQ,31
IQE,138
ETD,182
TDM,80
DML,204
MLY,107
LYK,119
YKG,111
GDT,348
DTL,606
LYL,340
YLN,190
LNW,96
NWL,121
WLE,178
LED,374
EDG,261
DGI,347
GIA,800
IAE,550
AEL,862
ELV,565
LVF,388
VFD,229
FDA,328
DAP,323
APG,457
PGS,342
GSV,551
SVN,269
VNK,177
NKL,246
KLD,298
LDT,404
DTA,384
TAT,477
ATV,601
LDV,560
VLE,575
LEK,598
EKQ,235
KQS,121
QSE,155
SEL,519
ELK,449
KGL,445
LLL,1732
LLR,915
RSN,136
SNK,98
NKA,215
KAA,653
FIV,245
IVG,534
VGA,664
GAD,455
ADI,518
DIT,287
ITE,274
TEF,107
EFL,217
FLS,348
LSL,1078
SLF,442
LFQ,177
FQV,107
QVP,173
VPE,312
EEQ,231
EQL,608
QLS,463
LSQ,536
SQW,67
WLH,66
LHF,136
HFA,181
FAN,200
ANS,239
NSV,204
SVF,266
VFN,197
FNR,161
NRL,387
RLE,512
EDL,302
DLP,396
LPV,741
PVP,281
VPT,183
PTV,201
TVS,435
VSA,630
SAV,545
AVN,395
VNG,385
NGY,144
GYA,343
YAL,369
LGG,864
GGG,668
GGC,105
GCE,85
CEC,8
ECL,66
CLL,173
TDY,140
DYR,160
YRL,269
ATP,369
TPD,348
PDL,334
LRI,380
RIG,373
IGL,688
GLP,607
PET,262
ETK,112
TKL,182
KLG,378
GIM,151
IMP,102
MPG,197
PGF,227
GFG,406
FGG,434
GGS,472
SVR,307
VRM,128
RMP,96
MPR,77
PRM,80
RML,246
MLG,297
LGA,926
DSA,356
SAL,1050
LEI,317
EII,288
IIA,553
IAA,1024
AGK,595
GKD,239
KDV,220
DVG,264
GAE,441
AEQ,558
EQA,543
QAQ,393
AQK,305
QKI,156
KIG,223
LVD,571
VDG,481
DGV,437
GVV,711
VVK,318
VKP,254
KPE,257
PEK,238
EKL,606
KLI,338
LIE,511
IEG,284
EGS,252
GSL,688
SLA,923
AIL,790
ILH,163
LHQ,187
HQA,164
QAI,452
ING,324
NGD,237
GDL,495
DLD,342
LDW,108
DWK,57
WKA,73
KAK,254
AKR,370
KRQ,146
RQP,178
QPK,104
PKL,198
KLE,313
LEP,283
EPL,356
PLK,238
LKL,478
KLS,374
LSK,376
SKI,173
KIE,187
IEA,473
AAM,396
AMS,208
MSF,110
SFT,206
FTI,138
TIA,435
IAK,308
AKG,418
KGM,127
GMV,315
MVM,115
VMQ,140
MQT,99
QTA,279
GKH,112
KHY,72
HYP,59
YPA,187
PAP,386
PIT,148
TAV,458
AVK,473
VKT,264
KTI,212
TIE,208
AAA,1583
ARF,374
RFG,386
FGR,256
GRD,265
RDE,294
LEN,439
ENQ,149
NQS,106
QSF,107
SFV,210
FVP,208
VPL,463
PLA,733
LAH,347
HTN,48
TNE,100
NEA,253
EAR,466
RAL,873
ALV,1189
LVG,819
VGI,451
GIF,264
IFL,273
FLN,208
LND,389
NDQ,105
DQF,91
QFV,125
FVK,140
VKG,327
KGK,290
AKQ,265
KQL,353
QLT,432
LTK,254
TKN,93
KNV,167
NVE,218
VET,333
ETP,234
TPK,135
PKQ,86
AAV,1045
VLG,838
IMG,124
MGG,225
GGI,557
IAY,157
AYQ,129
YQS,109
QSA,298
SAW,153
AWK,87
WKG,59
KGV,314
GVP,425
VPV,550
VVM,272
VMK,108
MKD,82
KDI,207
DIS,300
ISE,303
SEK,236
EKS,192
KSL,404
SLT,605
LTL,1211
TLG,672
LGM,356
GMT,219
MTE,140
TEA,388
AAK,617
AKL,499
KLL,621
LNK,268
NKQ,88
QLE,420
LER,559
ERG,347
RGK,259
GKI,367
KID,200
GLK,444
SGV,591
IST,320
STI,240
TIH,109
IHP,99
HPT,96
PTL,404
TLD,516
LDY,241
DYS,136
YSG,178
SGF,311
GFD,319
FDR,211
DRV,400
RVD,278
VDV,423
VVE,481
EAV,593
AVV,817
ENP,199
NPK,112
PKV,161
KKA,308
KAV,465
VLA,1102
LAE,1085
AET,405
TEE,256
EEK,232
EKV,358
KVR,223
VRP,213
RPD,243
PDT,218
DTV,332
TVL,582
LAS,972
ASN,223
SNT,142
NTS,191
TST,253
TIP,198
IPI,126
PIS,149
ELA,898
AGV,939
GVL,844
LKR,443
KRP,138
PEN,216
NFC,19
FCG,68
CGM,37
GMH,67
MHF,37
HFF,73
FFN,100
FNP,149
NPV,192
PVH,138
VHR,114
HRM,47
MPL,237
PLV,528
LVE,595
VEV,371
EVI,408
VIR,316
IRG,248
RGE,402
GEK,354
EKT,249
KTS,162
TSD,212
DET,245
ETI,237
AKV,354
KVV,352
VAW,152
AWA,202
WAS,95
ASK,271
SKM,75
KMG,118
MGK,108
GKT,534
KTP,213
TPI,170
PIV,230
IVV,472
VND,256
NDC,24
DCP,38
CPG,39
GFF,226
FFV,192
FVN,142
VNR,226
NRV,229
VLF,438
LFP,265
FPY,56
PYF,80
YFA,172
FAG,500
AGF,531
GFS,392
FSQ,215
SQL,423
QLL,692
LRD,607
RDG,361
DGA,388
ADF,297
DFR,160
RKV,259
KVD,226
VDK,217
DKV,310
KVM,134
VME,160
MEK,152
KQF,128
QFG,193
FGW,94
GWP,72
WPM,33
PMG,92
MGP,78
GPA,280
PAY,157
AYL,307
YLL,417
LLD,974
VVG,663
GID,460
IDT,303
TAH,161
AHH,108
HHA,97
HAQ,138
AQA,836
QAV,498
AVM,342
MAA,453
GFP,187
FPQ,116
PQR,161
QRM,106
RMQ,103
MQK,115
QKD,96
KDY,102
YRD,170
RDA,482
DAI,558
AID,445
IDA,573
ALF,736
LFD,337
DAS,414
ASR,484
SRF,280
FGQ,152
QKN,89
KNG,205
NGL,441
LGF,459
GFW,80
FWR,76
WRY,77
RYK,91
YKE,86
KED,149
EDS,139
DSK,133
SKG,229
GKP,405
KPK,107
PKK,73
KKE,156
KEE,169
EED,175
EDA,342
AVD,473
LAD,966
DVS,364
VSQ,328
SQP,232
PKR,128
KRD,165
RDF,176
DFT,199
FTD,229
TDD,262
DDE,306
DEI,367
ARM,206
RMM,84
MMI,72
MIP,107
IPM,101
PMI,85
MIN,121
INE,228
NEV,171
EVV,465
VVR,438
VRC,65
RCL,101
CLE,83
EEG,365
EGI,363
IAS,537
ASP,353
SPA,395
PAE,354
EAD,324
ADM,188
DMA,190
MAL,491
LVY,210
VYG,233
YGL,368
FPP,96
PPF,113
PFH,55
FHG,114
HGG,207
GGA,671
GAF,369
AFR,286
FRW,40
RWL,226
WLD,174
LGS,517
GSA,564
YLD,239
LDM,168
AQQ,485
QQY,104
QYQ,121
YQH,77
QHL,220
HLG,209
LGP,294
GPL,360
YDV,164
DVP,281
PEG,356
EGL,524
LRN,352
RNK,117
ARH,278
HNE,80
NEP,144
EPY,73
PYY,53
YYP,75
PAV,465
AVE,592
VEP,210
EPA,249
PAR,310
RPV,299
PVG,336
VGE,381
GEL,706
LKT,417
MDY,63
DYL,362
YLP,241
PLF,357
LFA,662
FAA,612
AAI,895
AIK,321
IKD,186
KDR,117
DRP,154
PVL,626
VLV,822
LVV,864
VGT,367
GEV,529
EVA,493
VAD,552
ADR,410
DRK,143
RKI,217
KIA,384
IAF,327
AFL,505
FLQ,230
LQR,441
GAQ,299
AQV,401
QVR,274
VRI,261
RIV,380
VDE,368
EAH,147
AHF,140
HFD,133
FDE,239
DES,229
ESQ,144
SQI,212
QID,196
VVL,850
VIA,781
AAT,707
TDN,190
DNR,148
NRE,163
REL,712
ELN,336
LNR,400
NRR,188
RRI,355
RIS,276
SEA,405
AAQ,678
QAR,414
RHR,133
HRL,251
LVN,442
VNV,337
NVV,320
VVD,528
VDD,328
DDR,204
RPL,386
PLC,66
LCS,128
CSF,45
SFI,209
FIF,156
IFP,130
FPS,118
PSI,159
SIV,272
VDR,271
DRS,174
RSP,161
SPL,423
PLL,897
LLV,1083
LVA,1114
VAI,669
AIS,547
ISS,336
SSG,414
GGT,462
TAP,344
LAR,1014
ARV,499
VLR,551
LRE,758
REK,298
EKI,277
LPT,322
TSL,528
LGR,492
GRM,135
RMA,196
EKA,502
KAS,308
ASF,339
SFW,61
WRN,79
RNH,74
NHL,141
HLK,135
KTR,208
TRL,559
RLT,578
LTS,478
TSV,307
SVT,468
VTE,314
TER,243
ERR,299
RRR,364
RRF,284
RFW,53
FWE,34
WER,47
ERV,470
RVF,246
VFR,190
FRG,164
RGR,297
GRF,280
RFA,379
FAS,347
SLM,280
LMH,69
MHA,64
HAG,248
GNE,178
NET,159
ETA,380
TAA,753
QQI,251
QIL,323
ILE,302
EDE,239
DEL,595
ELD,406
LDN,388
DNL,336
NLG,295
GSS,370
GGE,436
GEI,459
IIL,381
ILV,471
AGP,248
PGD,309
GDA,482
LRG,527
RGL,491
GLQ,345
QVL,448
VLQ,347
LQD,264
QDA,250
VVF,337
VFY,111
FYD,102
YDH,44
DHL,165
HLV,235
LVT,649
VTD,362
TDG,288
GVR,400
VRE,422
ELI,459
LIR,413
IRR,311
RRD,257
DAE,411
EQI,261
QIC,34
ICV,38
CVG,95
VGK,343
GKR,350
KRA,299
GEH,178
EHS,75
HSV,135
SVP,296
VPQ,177
PQH,86
QHD,93
HDT,98
DTN,107
TNQ,81
NQM,47
QML,211
MLV,330
AKA,686
KAG,512
KTV,309
VRL,521
RLK,405
KGG,246
GDP,185
DPF,108
PFI,223
IFG,290
GRG,362
RGG,327
GEE,330
EEL,542
ELQ,320
LQA,651
AAE,790
EAG,629
VPF,209
PFQ,64
QVV,354
VVP,341
PGI,300
AAS,806
AVT,579
VTA,695
AYA,297
YAG,262
GIP,367
IPL,461
PLT,516
LTH,230
THR,127
HRD,89
RDY,157
DYA,224
YAQ,175
AQS,344
QSV,243
VTF,262
TFV,204
FVT,231
TGH,174
GHY,108
HYK,37
YKA,128
KAD,298
DST,176
STP,240
TPF,198
PFD,144
FDW,54
DWS,79
WSH,34
SHL,231
HLA,320
QSR,218
SRQ,226
RQT,197
QTL,531
TLA,1174
AIY,221
IYM,37
YMG,59
MGT,129
GTM,139
TMK,91
MKA,179
SEQ,264
QLI,416
LIQ,267
IQH,76
QHG,133
GRE,331
EAT,305
ATT,383
TPV,410
ISR,338
RGT,237
TRV,291
VDQ,172
DQH,73
QHV,114
HVA,196
AIG,638
IGT,346
TLQ,391
QDL,244
DLA,622
LAK,702
AKE,347
EAP,186
APM,117
PMP,85
MPA,179
PAL,847
ALI,954
LIV,610
VVH,156
VHL,170
HLH,99
LHS,187
HST,85
STL,716
LAW,295
AWF,135
WFQ,31
FQH,69
QHT,85
HTT,83
TTD,219
TDS,257
DSE,220
SEG,277
EGF,271
FGS,256
SSV,387
SVV,494
VNL,358
MDH,31
HLP,204
LPI,289
PIF,97
IFC,54
FCQ,40
CQL,57
QLR,436
RDC,37
DCL,71
VGG,532
DVA,566
AER,619
ERK,193
RKA,356
LLE,901
LEA,770
GAR,454
LTV,628
TVN,274
VNA,473
ALA,2014
LAF,543
AFA,588
FAP,273
APQ,251
PQF,99
QFE,120
FEA,234
AWE,100
WEK,56
KEG,286
EGM,166
MLT,259
TLV,692
LVQ,366
VQG,248
QGG,236
GGF,352
GFN,227
FNE,151
NES,121
DTC,37
CWL,42
WLT,197
LTI,418
DDD,239
DEV,382
EVN,205
VNQ,162
NQR,147
QRV,356
RVS,337
VSD,376
SDA,425
DAC,90
ACE,88
CEA,73
RIF,175
FCN,34
CNV,37
APK,174
PKE,164
FIM,85
MPS,115
SII,249
IDR,286
PLM,215
LMI,193
MIA,269
IAV,593
AVS,631
VSS,410
GGR,399
GRS,267
SPV,290
EAI,545
ILP,376
LPQ,320
GQI,251
QIA,346
IAH,230
AHY,123
HYA,109
GQL,445
RVK,254
VKQ,199
KQT,149
QTF,140
TFA,310
FAT,316
TVG,396
GER,433
EKF,146
KFF,65
NDR,160
LAN,553
ANQ,180
NQD,78
QDH,54
DHK,54
HKA,122
VEE,380
EET,232
ETT,203
TTV,287
TVQ,235
VQL,322
LLC,235
LCE,116
CEP,35
PLD,297
LDH,163
DHR,78
HRG,131
TLK,485
LQQ,492
QIQ,148
IQQ,172
QAD,301
VVY,198
VYD,174
YDR,159
LVS,710
EIM,81
IMN,76
MNL,139
NLV,348
VRR,342
VFV,279
FVG,276
AGY,340
GYH,84
YHC,9
HCV,36
CVP,45
PQE,168
QEE,168
EIN,188
INQ,185
NQI,124
ILL,828
EAQ,339
QKG,199
KRV,314
ELE,533
LET,380
ETL,746
TLC,135
LCN,55
CNA,41
IPF,200
PFS,223
FSV,317
SGC,116
GCS,113
CSA,112
SAY,170
AYS,181
GHL,241
KTG,313
TGS,484
GSE,279
DWH,43
WHN,38
HNL,145
NLA,449
VEK,340
FYM,30
MGL,309
GLN,425
LNQ,289
NQA,210
ATI,369
TIQ,120
QAK,266
LEH,218
EHG,192
HGM,65
GME,119
MEE,131
EDM,68
DMS,107
MSV,200
ENG,359
NGT,277
GTS,317
TSI,204
SIK,159
IKQ,165
KQR,178
NGV,352
LTQ,417
TQL,325
QLG,442
LGE,581
QQV,318
QVE,225
VES,329
ESP,126
LII,408
IIV,295
VGR,332
GRV,482
VEL,532
ELR,491
RDK,180
KLN,275
NWF,24
WFS,85
FSN,127
MLN,198
LNN,289
NNT,140
NTM,74
TMS,112
VIL,552
ILA,773
GKG,391
KGT,193
TRM,101
RMY,39
MYS,43
YSD,147
SDL,425
LPK,290
KVL,475
VLH,259
LHT,187
HTL,256
PMV,142
MVQ,110
VQH,104
HVI,140
AAN,448
ANE,210
NEL,336
ELG,567
ARQ,504
RQV,280
QVH,77
YGH,81
DLL,726
LLK,699
LKK,385
KKT,152
KTL,540
TLN,415
NDD,169
DDK,177
NWV,39
WVL,119
QAE,327
GHA,236
HAM,56
AMQ,168
MQQ,123
AAP,489
APF,239
PFF,152
FFA,265
FAD,306
DED,188
EDI,235
DIL,457
ILM,167
LML,473
LYG,327
YGD,168
PLI,434
LIS,559
ISV,361
SVD,328
VDT,333
RLR,679
EAK,339
AKP,253
KPQ,152
PQG,251
GIG,678
VLD,569
LDD,479
DDP,207
DPT,149
PTG,233
TGY,223
GYG,293
YGR,148
GRI,384
RIT,272
ITR,310
TRE,298
REN,222
NGN,181
GNV,318
NVT,278
TGI,423
IVE,322
VEH,155
EHK,66
HKD,51
KDA,261
DAQ,348
AQR,487
QRQ,250
RQI,221
QEI,215
INT,241
NTG,225
GIL,578
ILI,381
IAN,283
ANG,412
NGA,364
ADL,704
DLK,279
KRW,59
WLS,193
SKL,286
KLT,351
LTN,275
TNN,111
NNN,85
NNA,179
NAQ,219
AQG,444
QGE,316
EYY,67
YYI,44
YIT,122
ITD,288
DII,286
IAM,214
AMA,423
MAY,74
YQE,126
QEG,231
EGR,345
REI,318
EIA,503
AVH,185
VHP,106
HPA,187
ARI,442
SET,243
TEG,287
EGV,437
GVN,303
VNN,177
NNR,127
RLQ,392
LQL,526
LSR,674
SRL,652
RVY,151
VYQ,123
VML,377
MLR,289
RDP,168
DPA,369
RFD,228
FDL,288
TLS,869
LSH,282
SHG,153
VEI,306
TNV,150
NVI,225
LEG,533
EGN,216
LGH,221
GHR,140
HRV,149
VKI,209
CVI,68
VIK,270
IKN,128
KNS,118
SVI,408
IGD,310
GDD,326
DDC,35
DCD,38
CDI,57
ISP,264
SPY,118
PYS,93
YSV,200
VED,256
DAH,162
AHL,288
HLD,211
LDA,849
ACT,74
CTI,28
TIG,304
GPF,145
PFA,236
FAR,354
LRP,376
RPG,288
ELL,847
EGA,410
GAH,164
AHV,149
HVG,110
VGN,234
GNF,169
NFV,132
FVE,204
VEM,151
EMK,112
MKK,222
RLG,622
LGK,449
KGS,213
GSK,196
SKA,305
AGH,228
HLT,215
LTY,167
TYL,184
YLG,277
LGD,472
EIG,272
GDN,245
DNV,299
NVN,173
VNI,219
NIG,224
GTI,307
TIT,337
ITC,56
TCN,27
CNY,15
NYD,94
YDG,139
GAN,302
ANK,192
NKF,57
KFK,67
FKT,121
TII,227
DDV,394
DVF,239
VGS,386
GSD,300
SDT,213
DTQ,160
QLV,392
VAP,411
PVT,399
VTV,565
GNG,295
GVT,592
VTI,331
TVT,500
VTR,358
TRD,280
ADN,293
DNE,124
LVL,999
RVP,213
PQV,238
VHK,79
HKQ,55
KQG,212
QGW,72
GWK,85
WKR,41
PVK,242
MLD,288
QTI,216
IAT,488
VKA,530
KAT,291
ETG,375
TGP,196
GPK,109
LTA,1005
HFY,41
DRM,93
RMF,69
MFT,86
FTH,107
THN,85
HNP,98
LKE,493
KEI,263
EIF,159
IFN,139
FNM,47
NMS,82
MSN,108
SNQ,94
QRN,120
RNG,270
GDQ,155
DQR,117
QRE,224
LFN,301
FNA,265
NAI,356
AIA,1077
AAY,296
YAS,236
SNI,160
NIE,166
ENL,369
LPA,966
IAQ,405
QKH,62
KHT,60
HTS,92
TSF,155
SFQ,105
FQI,71
QIK,138
IKP,195
PEQ,295
EQY,143
QYN,66
YNI,73
NIV,205
GGH,153
HLL,372
LDE,640
DEM,119
EMF,68
MFS,112
FSP,243
SPG,258
PGQ,209
QEV,230
EVL,570
DAW,136
KAY,149
AYG,232
YGV,254
ANV,310
NVF,145
VFI,279
FIN,181
INR,221
AQI,358
QIY,76
IYS,146
YSE,127
SEN,188
ENA,321
NAS,326
SKT,197
TGG,464
GGW,161
GWE,57
WEG,69
EGT,273
TRA,360
RAF,266
FRI,156
TPR,231
PRS,164
RSQ,178
LIT,487
ITS,268
SFE,152
FEF,79
EFE,131
FEP,134
PVD,289
DGK,411
KPV,291
ADY,249
DYQ,148
YQP,128
QPG,311
GQY,122
QYL,192
LGV,902
GVW,120
VWL,214
WLK,160
FPH,85
PHQ,85
HQE,80
EIR,298
IRQ,286
RQY,117
QYS,86
YSL,283
TRK,196
KPD,190
PDG,363
RYR,200
YRI,152
RIA,544
KRE,188
RED,184
DGG,310
GGQ,303
GQV,363
QVS,268
VSN,223
SNW,40
LHN,134
EAN,224
NVG,242
VGD,422
APA,613
PAG,545
AGD,531
GDF,225
DFF,151
FFM,65
FMA,148
MAV,299
ANT,232
NTP,227
ISA,543
GVG,604
VGQ,259
GQT,282
QTP,141
TPM,103
LAM,426
AML,494
AKS,251
KSN,91
SNH,52
NHS,81
SAQ,317
QVN,166
VNW,55
WFH,20
FHA,121
HAA,329
AEN,328
NGE,339
EVH,96
VHA,209
HAF,142
ADE,435
LPR,351
PRF,149
RFT,275
FTA,342
HTW,32
TWY,47
WYR,44
RLP,432
PTD,104
TDA,420
DRA,308
RAA,717
FDS,183
LMN,159
NLS,389
SQH,89
QHE,70
HEG,100
AFS,405
FSA,444
APE,361
PEM,144
EMQ,92
MQF,66
QFY,68
FYV,88
YVC,31
VCG,136
CGP,48
GPV,305
AFM,116
FMQ,58
MQY,51
QYA,146
YAA,350
NKD,106
KDN,130
DNI,181
NIH,78
IHY,55
HYE,57
YEC,19
ECF,24
CFG,48
FGP,204
GPH,74
PHK,60
HKV,99
MAD,212
DRN,130
RNL,296
NLR,287
RDL,418
LAP,559
APW,106
PWV,72
WVP,61
VPN,120
PNA,193
NAP,208
PER,271
ERA,445
REM,163
EMV,179
MVL,318
LDS,445
DSR,229
SRA,394
SGD,346
LFV,442
FVA,402
VGH,157
GHQ,125
ADG,572
DGR,320
GRR,329
RRY,209
RYI,142
YIP,92
IPQ,167
PQA,357
QGV,372
AII,484
AKD,257
KDE,169
DGE,356
IRE,319
EMH,50
MHG,61
PVI,431
VIY,151
IYL,190
YLS,298
QLN,300
LNE,383
NER,154
ERL,723
RLS,618
AGR,558
RFY,114
FYH,66
YHE,56
HEP,64
EPS,147
PSD,143
LRL,822
GTN,140
TNG,177
NGK,323
KTT,214
TTT,295
TTQ,200
QLM,157
QWA,61
WAQ,73
AQL,667
TGA,576
VMG,252
KVS,252
VSP,314
SPT,183
PTE,147
TEN,163
ENT,173
NTT,170
TTG,340
DVQ,220
HVL,191
GLA,1088
GQG,283
QGA,340
GAT,563
ATF,254
AME,172
MEV,104
EVS,254
HGL,255
QHR,97
RVA,585
LKF,157
KFA,148
VFT,268
FTN,100
TNL,230
SRD,222
RDH,92
DYH,73
YHG,60
HGD,157
GDM,131
DME,66
MEH,43
EHY,98
YEA,156
AKW,64
KWL,88
WLL,320
LLY,312
LYS,216
YST,141
STH,104
THH,57
HHS,45
HSG,154
SGQ,281
IIN,228
INA,401
NAD,271
EVG,308
RRW,112
LPD,534
PDA,481
DAV,666
VSM,153
SME,106
MED,77
EDH,63
DHI,89
HIN,82
NPN,124
PNC,12
NCH,15
CHG,37
GRW,97
LKA,714
VDY,201
YHD,57
HDS,83
DSG,305
TIR,225
IRF,157
RFS,266
FSS,261
SSW,72
SWG,87
WGD,62
ESR,248
RLM,256
LMG,302
MGA,255
NVS,273
SNL,246
LGY,369
GYP,138
YPM,44
PMN,37
MNA,138
LQP,277
QPV,314
PVC,59
CGR,68
RME,104
EVF,208
VFS,327
PGK,243
KPT,150
YAH,82
HTP,119
KAL,741
RLH,227
LHC,49
HCT,21
CTG,70
GKL,554
KLW,66
LWC,22
WCV,22
CVF,44
VFG,371
FGC,52
GCG,171
CGG,103
GDR,304
DRD,203
DKG,216
EQF,168
QFA,215
IPV,441
VVT,534
DDN,155
DNP,208
NPR,152
PRT,148
RTE,222
EEP,110
EPR,142
PRA,214
RAI,414
IND,265
NDI,191
ILS,483
SGM,223
RAR,462
VEG,431
RAE,401
VTN,188
TNA,196
AIM,200
IMQ,89
MQA,179
AQE,331
QEN,133
END,158
NDV,238
KGH,114
GHE,116
HED,66
EDY,111
YQI,81
QIV,227
GNR,203
RLD,460
RVT,351
VFA,386
FAY,106
AYH,63
HDM,35
DMG,131
MGC,39
GCA,136
GYE,162
YEI,101
AIF,336
IFT,192
THP,125
HPD,175
GEN,254
ENN,121
NNF,83
NFF,89
FFG,234
RGI,386
PVY,168
VYA,225
YAP,153
APD,316
PDD,245
DVN,203
VNH,94
NHP,109
HPL,229
PLW,114
LWV,132
WVD,94
DRI,301
RIR,281
IRA,392
IFS,256
FSF,191
SFY,107
FYY,40
YYR,99
YRN,125
NLI,278
LIC,108
ICD,54
CDE,63
EIL,404
FNL,255
NLH,108
LHG,254
HGS,109
AYR,196
YRG,157
RAP,186
APL,609
PLN,249
TET,199
TGV,525
LHR,220
RMV,132
HRA,170
RAD,338
QQR,271
TAL,952
QLH,157
HQK,57
KLC,57
LCT,96
CTV,64
VAQ,445
VLP,535
PAI,354
ILN,253
LNG,470
GTF,226
TFS,254
FSE,230
TAQ,380
AQD,228
QDE,172
ESK,144
ASC,88
SCF,43
PED,254
DWN,42
WNK,35
NKP,147
KPA,281
RQL,588
VRA,461
RAV,485
TDP,169
DPW,42
PWP,51
WPG,80
GAY,210
YSF,87
SFA,364
GVS,598
VSK,244
SKF,74
KFI,111
VWK,39
WKS,34
KSR,193
RVR,330
VRD,350
RDD,237
DDI,306
IPA,462
PAA,664
PGT,314
VVS,555
SAS,537
IVS,376
VSC,67
SCG,77
CGE,72
GEQ,283
EIV,349
IVT,345
TGQ,261
QTD,149
DNG,268
GVY,216
VYV,145
YVQ,83
QLA,792
TSA,410
IKR,231
KRR,195
RRT,210
RTR,293
VLI,613
ILG,535
NGF,192
GFI,352
FIG,353
IGN,216
GNH,90
LTE,609
LKD,382
KDD,168
DNY,117
NYE,74
EIY,137
IYG,180
GLD,494
DIG,264
RFL,340
FLD,263
RFH,98
FHF,55
HFV,107
EGD,294
GDI,401
ISI,259
SIH,78
IHS,107
SEW,72
EWI,60
WIE,81
IEY,95
EYH,41
YHI,47
HIK,64
IKK,156
KKC,23
KCD,36
CDV,77
PIE,133
YTR,145
TRN,186
RNP,133
NPL,322
PLR,369
LRV,537
VFE,204
FEL,229
LDF,254
DFE,123
FEE,152
EEN,197
NLK,202
LKI,286
KII,238
IIR,220
IRD,298
DCV,66
CVK,36
VKY,131
KYD,96
YDK,100
KRI,283
RII,297
IIF,165
PST,154
STS,292
TSE,211
SEV,309
EVY,130
YGM,96
GMC,22
MCT,18
CTD,42
TDK,226
DKN,138
KNF,87
NFD,147
EDT,126
DTS,211
TSN,146
VGP,206
GPI,133
PIN,82
INK,143
QRW,81
RWI,68
WIY,30
SVS,506
SKQ,124
LDR,380
RVI,373
VIW,83
IWA,83
WAY,35
YGE,181
LRF,308
FTL,494
TLF,510
LFR,344
FRP,139
RPF,141
PFN,113
FNW,42
NWM,25
WMG,37
GPR,124
PRL,375
NLN,212
NAA,553
IGS,360
SSR,279
AIT,528
ITQ,193
GSP,221
SPI,149
PIK,88
IKL,257
EGG,356
GGK,376
KQK,109
QKR,179
KRC,50
RCF,44
CFT,62
ISD,271
SDG,299
GIE,385
IIE,277
ENK,114
NKE,128
GRC,57
RCN,32
CNG,46
INI,167
GNP,233
PDN,199
ASI,394
SIR,196
AEM,223
EML,270
MLL,450
FER,204
ERH,129
RHP,150
RDR,258
DRF,229
RFP,168
GFR,250
FRE,183
REV,351
EVE,304
SSY,123
SYY,91
YYG,105
YGK,119
KGY,174
GYQ,189
YQD,103
QDV,228
EHR,109
HRK,61
KPS,142
IRN,209
RNA,294
NAK,184
CLN,54
NWT,51
WTP,67
TPT,191
VKM,81
KMD,51
MDQ,51
DQT,108
TID,224
IDE,346
FFL,225
FLR,301
LRT,416
RTV,270
TVE,313
ELS,470
LSE,617
EQV,376
MKF,59
FII,169
IIK,167
KLF,221
FPE,161
PEI,240
EIT,280
ITI,226
TIK,175
IKS,178
KSQ,93
SQS,219
RFI,218
FIK,109
IKI,123
KIL,281
TGN,292
GNI,275
NIR,164
RNV,220
LKH,145
HYD,74
YDE,128
VRH,158
RHW,42
HWD,39
WDH,22
DHV,112
HVE,149
EVR,296
RAK,250
DEN,193
NKR,121
RQD,152
QDI,213
DIR,284
ALT,974
RIP,208
IPG,320
IHH,71
HHI,64
HIL,169
LEV,381
EDV,262
VPY,133
PYT,92
YTS,136
SLH,189
LHD,197
HDI,138
DIF,145
IFE,128
FEK,167
VQY,85
QYR,115
RDQ,155
DQI,148
QIE,185
EGK,355
KTF,171
TFC,50
FCV,54
CVR,50
RRG,329
KHE,42
HEF,71
EFS,203
SSI,241
SIE,194
IEV,262
VER,399
ERY,226
RYV,194
YVG,170
GGL,701
NQH,64
ESA,387
TNP,150
NLE,226
KGR,238
GRY,202
RYE,119
YEG,119
FPI,83
PIG,200
GTQ,188
TQE,163
QED,101
SLI,501
SYM,46
YML,80
MLM,153
LMR,246
MRR,140
GCR,78
CRV,72
RVH,119
VHY,64
HYC,19
YCF,30
CFF,34
GAA,879
AHE,141
HEI,107
IGV,455
VRQ,329
HYL,150
YLW,52
LWN,78
WNR,43
NRF,170
SHR,120
VRF,248
RFV,285
INF,108
NFE,72
DDG,279
DGQ,262
GQM,101
QMG,95
MGV,236
KRM,110
MMV,84
MVR,165
SKV,187
KVA,413
GVQ,288
VQA,430
SSQ,206
SQT,188
TLT,777
RLI,504
LID,528
IDN,224
ILR,387
ISY,114
SYD,104
DKE,166
KEH,75
EHI,152
HII,111
IDL,452
ARK,365
GTE,233
TED,174
EDF,153
DFA,285
RTM,85
TMP,82
MPE,153
PEY,139
EYC,28
YCG,58
CGV,132
ISK,159
SKS,191
KSP,114
AKI,278
EEE,294
FDF,146
DFG,211
FGI,279
ATN,185
TNI,122
NID,222
IDI,244
QQT,217
QTE,163
TEQ,219
EQE,236
ETV,341
VSG,603
FGA,417
AND,219
NDA,299
ILD,410
IRS,235
RSI,188
SID,242
DEQ,275
EQD,150
QDD,144
PLQ,236
GVD,460
VSL,693
SLP,511
LPF,308
PFY,94
FYK,71
YKL,104
LST,489
STK,112
TKF,78
KFG,121
FGD,247
LDQ,251
DQS,107
QSK,101
KTY,113
LLW,248
WCE,18
CER,58
RGV,433
VMS,202
MSR,180
ALY,408
YLR,238
REQ,312
EQG,388
QGF,207
GFA,486
NVK,183
VKV,295
VYR,151
MSE,192
VNT,231
AIP,376
AVP,365
PNK,70
NKN,74
KIN,135
INL,300
LDL,608
DLN,287
NRQ,151
RQQ,330
QQM,111
QMR,89
MRE,176
REF,179
EFF,125
FFK,66
FKE,105
KEM,106
EMG,172
MGE,175
EKP,195
KPF,161
PFR,133
FRA,245
ADQ,225
DQV,208
QVM,143
MKW,13
KWM,21
WMY,16
MYH,35
YHY,33
YCS,38
CSD,38
SDN,195
DNF,159
FDD,205
DDM,110
DIN,219
NKV,162
KLK,291
KEV,263
PEV,306
EQR,251
QRS,156
SAD,380
DGT,419
IKW,31
KWA,53
WAI,73
AVG,677
TVY,157
VYI,119
IPE,220
EDR,182
RAT,302
LCV,128
CVS,77
SQV,246
QVG,234
VGC,115
CAL,176
LEC,51
ECK,22
CKF,5
KFC,20
FCS,53
CST,60
STA,413
QQG,293
NRN,104
VSE,401
SEI,254
IGQ,223
QVW,60
VWR,103
WRA,142
KIV,247
KVT,276
TRP,228
RPI,136
ITN,165
VMM,119
MMG,102
MGM,91
GEP,326
NLT,362
VPA,533
PAM,167
MEI,103
IML,221
DDF,223
FGF,212
FGL,545
GLS,776
SKR,160
TSG,377
LDK,403
DMI,102
MID,113
ISL,547
LHA,342
HAP,143
APN,125
PND,99
NDE,157
IVP,270
VPI,164
NKK,112
KKY,120
KYN,53
IET,268
ETF,178
TFL,249
FLA,477
AVR,547
YLE,218
SNA,251
NAN,162
NQG,118
QGR,259
EYV,152
YVM,73
HVN,82
NDG,212
TEH,92
EHA,190
HAH,80
AHQ,131
HQL,215
KDT,137
DTP,246
TPC,37
PCK,15
CKI,22
LIP,390
IPW,62
PWN,57
WNP,32
NPF,122
PFP,102
FPG,203
GAP,315
APY,123
PYG,104
RSS,219
SSN,168
SNS,144
NSR,167
SRI,290
RID,305
FSK,114
VLM,290
LME,201
MEY,35
EYG,168
YGF,170
FTT,188
TTI,232
TIV,239
IVR,294
VRK,256
RKT,206
RGD,267
DID,349
ACG,156
CGQ,40
DRT,172
RTK,106
TKR,139
KRT,157
RTL,559
LRK,415
RKR,213
MQG,100
STT,250
LVP,433
VPD,238
PDM,100
DMK,64
MKL,185
NAT,262
TPE,455
QRI,284
ANR,230
RLY,229
LYT,194
FSD,241
VSV,548
SVQ,220
VQI,177
QIN,153
NEN,108
ENV,247
NVR,190
VRG,326
IFI,194
IIQ,145
IQS,160
QST,172
TCA,69
CAP,57
APT,236
PTN,81
TND,142
NDN,114
NLM,126
MEL,140
VMV,246
MVD,157
RRA,433
VIP,317
IPY,103
YFG,135
FGY,145
YAR,229
QDR,114
DRR,182
VRS,258
TAK,270
DFL,276
LSS,606
TVD,310
VDL,495
DLH,164
IQG,178
FFD,154
FDV,259
VDN,214
PIL,248
NLD,232
NPI,89
SPD,258
PDI,262
NDT,171
DTD,168
MAI,234
IDK,206
RPR,147
VMH,65
MHI,46
VAG,833
CVL,114
DTG,283
LCK,58
CKA,58
KER,191
RGA,369
GAK,356
YAT,163
ATH,173
HPI,73
SGN,286
NAV,396
NNL,224
RNS,145
VVC,101
VCD,74
CDT,49
DTI,204
PLS,529
LSD,610
EIK,210
IKA,350
ALP,788
LPN,195
PNV,139
VRT,266
ISN,168
NEE,160
SIS,315
SAM,222
AMF,126
MFE,54
MKN,89
VGF,357
IGW,99
GWR,158
WRG,126
MVG,215
SVL,673
MVE,160
EER,282
ERD,236
DFD,187
IRP,174
PVF,247
VFF,170
FFS,193
FST,246
TSQ,169
APS,249
PSF,125
SFG,248
GST,413
DAF,359
AFD,298
DLE,262
VTC,67
TCQ,37
CQG,38
GDY,200
DYT,142
YTN,83
NEI,192
IYP,118
YPK,57
KLR,347
RES,240
ESG,406
SGW,162
GWQ,128
WQG,113
QGY,183
GYW,63
YWI,34
WID,74
ASS,497
SSL,643
SLR,555
LRM,190
RMK,96
DDA,487
III,236
LDP,354
DPV,241
PVN,190
VIT,414
GVK,397
GGN,312
GNC,30
NCT,22
LMS,256
MSL,268
GLF,507
FAQ,238
DLV,486
VEW,70
EWV,84
WVS,88
ATY,145
TYQ,89
YQA,165
RHM,46
HMR,32
TQM,79
MGQ,92
ATE,317
TEL,409
ANP,271
NPA,315
PAS,406
SAI,517
DIE,284
IER,343
RSG,394
SGE,423
ELP,356
NFG,144
FGV,353
GLI,654
PWI,55
DKQ,154
QLD,321
NGQ,262
QTR,199
REE,292
EEW,65
KGQ,195
ETN,119
TNK,73
NKI,137
LNT,309
NTA,262
TAN,217
NTI,160
GLC,119
RCH,31
CHS,27
HSQ,67
SQA,326
AFT,328
KKD,109
VSI,316
IPT,194
AHN,104
NPW,44
PWA,78
WAK,83
RDI,342
ITM,105
TMR,92
TPA,522
LTT,468
RKL,444
LNM,122
NMG,83
GPE,178
PEF,162
SAF,343
FTV,272
DQL,324
LWG,155
WGA,109
RRM,162
LRQ,586
MRQ,134
RQR,334
QRT,176
RTI,218
IVC,63
VCP,73
CPI,32
IQN,104
QND,96
CKM,15
KMA,151
DRG,187
GVF,329
VFP,146
GQW,67
WAL,158
ALS,1089
MEP,45
EPG,244
ETM,101
TME,71
MEQ,115
RRE,320
ITK,137
TKV,153
KPW,57
WAF,66
FRD,195
IRV,278
TYA,167
YAD,205
TTE,227
YMI,26
MIY,53
YLI,229
LIF,343
IFD,164
FDC,46
DCI,34
CIS,54
STN,98
TNR,105
QVT,212
TFN,169
FND,183
DEF,183
EFQ,71
FQE,80
AWV,148
WVR,103
PEA,393
ATR,405
ITF,161
MTT,179
TTN,135
TNY,77
NYI,86
YIF,64
IFV,201
KGI,320
ARG,481
VTM,108
TMM,62
MMK,85
DPY,89
PYI,119
YIN,88
INV,225
NVD,216
VDP,235
DPG,148
MSP,94
PIQ,78
HGE,155
DLG,420
YER,107
ERF,295
FIR,195
IRT,247
TKM,45
KMT,94
TRR,282
RRN,174
RNN,139
NFT,125
RIY,124
SDV,341
RKE,210
VQV,245
QVI,284
PHI,115
HIT,120
IKE,217
ERI,380
IAG,752
GEG,422
EGH,114
GHD,134
HDV,156
PFL,260
FLE,190
VDI,336
IGR,347
LFM,145
FMH,33
MHL,66
PYM,34
YMA,73
EVK,299
KTK,117
TKP,111
PTQ,135
TQH,82
QHS,77
SVK,244
VKE,310
KEL,394
LSI,426
IGI,463
GIQ,186
IQP,123
QPD,211
LVC,145
VCR,56
CRS,44
RSD,208
PAN,224
ISM,103
SMK,79
DVD,281
VDS,284
DSI,230
SIY,108
IYK,77
YKI,65
KIP,108
LKS,406
SQG,238
QGL,422
DDY,157
DYI,179
YIC,24
ICK,27
CKR,43
KRF,185
FSL,461
SLN,425
NCP,25
CPE,44
ANL,403
EWE,53
WEQ,54
IYE,97
YEE,93
EVT,328
IGM,195
GKY,147
KYI,105
YIE,112
IEL,413
DAY,137
AYK,110
YKS,77
KSV,245
VIE,359
KHG,113
LKN,317
KNR,117
NIK,124
IDS,256
DSQ,167
SQD,154
ETR,272
GVE,455
ILK,254
KDL,267
PGG,369
GYR,218
ATA,738
RYA,283
NNI,137
NIP,189
PYL,180
GIC,75
ICL,101
CLG,94
GMQ,110
MQV,111
IEF,135
EFA,243
ARN,268
MEN,93
NST,148
STE,204
EFV,170
PDC,62
DCK,18
CKY,16
KYP,75
YPV,144
EWR,91
WRD,120
DEE,258
TEK,189
KSD,139
MRL,241
QAC,81
ACQ,72
SDD,255
DDS,187
DSV,358
KLY,141
HRH,81
HRY,94
YEV,116
NNM,49
NML,132
LKQ,360
KQI,138
DDQ,130
EVP,183
PNH,44
HPW,24
PWF,61
WFV,62
VAC,141
CQF,22
QFH,60
FHP,71
HPE,189
EFT,158
PRD,135
DGH,140
GHP,132
GFV,326
SDY,147
YQK,87
RQA,452
MDM,60
DMP,104
PSA,298
TVR,362
ITV,382
PNE,74
NEK,146
EKM,149
KMN,45
MNT,132
NTL,458
KAE,327
AEF,252
EFG,190
RAM,226
MLK,216
QIR,207
KAI,389
FIS,281
SAK,267
NFI,137
INM,73
NMI,67
RAQ,316
AQN,221
QNA,238
QEA,314
RQG,316
QGQ,196
EIH,114
HAL,404
AIH,154
IHG,154
HGA,213
GAC,94
ACL,158
LEL,596
LAC,158
ACH,37
HSR,98
RIC,46
ICT,51
DAK,266
AKT,320
EVQ,188
GSG,611
TQR,219
QRL,619
VST,342
LEM,201
EMI,132
MIL,167
LRA,818
VPH,105
PHA,151
HAI,171
GRQ,208
PVR,280
RER,391
PLG,456
GRT,347
LLF,619
LFS,535
FSM,109
SMA,206
MAG,318
GKK,267
KTE,170
EQK,188
QKT,137
TKG,176
KGN,160
GNY,129
NYP,79
VGL,749
QGS,202
SGY,279
KAF,264
AFG,432
FGE,279
AMT,248
MTP,160
QSQ,139
RNI,193
NIF,124
IFF,152
AST,377
TEV,271
KDP,132
AQP,273
QPA,313
PLH,166
GIS,487
ISF,186
TAS,495
RIK,215
GIN,313
INH,95
NHA,120
LQY,126
YSW,45
SWQ,91
WQN,54
QNL,224
DQK,81
RRH,174
RHI,143
KAN,180
DKT,203
SGT,427
FAH,126
AHR,199
AVF,391
FED,123
KQQ,156
QMV,111
MVA,306
VEQ,329
EQH,125
QHC,22
HCA,43
APH,139
PHT,84
HTI,87
TIF,136
IFA,321
DIA,541
QRP,145
GLH,248
LHY,103
HYF,65
PVE,330
KMP,81
HAS,164
TSP,222
SPQ,173
PQT,198
QTV,288
VKL,361
AKM,107
KMQ,50
QGK,251
DKA,356
GFY,157
YVN,119
EAM,221
AMR,241
IEH,135
EHV,161
HVD,138
VKF,109
FPV,178
IQL,234
GTK,145
TKI,110
IIP,227
SPP,94
PPA,264
ANI,275
RKG,275
GRK,250
RKN,127
KNE,115
RGF,267
FYL,150
YLY,140
YGA,244
RKS,159
KSK,123
SKK,146
KKQ,144
KQV,196
QVD,222
DPS,170
PSV,239
SVY,143
PTT,161
LSP,507
PVQ,190
VQC,38
QCA,35
CAE,77
ERC,62
RCV,63
CVM,35
MMM,49
MML,159
ARC,101
KSA,257
DGD,278
FLG,357
GGP,186
FRY,97
RYM,62
YMD,31
MDT,95
ASQ,365
SQY,114
QYG,141
YGP,117
FTP,281
PCD,34
LLQ,659
LQM,131
QMA,158
RGQ,207
TFW,65
FWP,40
WPS,36
PSR,173
SRE,286
RET,274
SLS,682
SIT,290
DEW,70
EWM,38
WMM,17
MMP,69
MPV,219
FIP,208
GSR,272
RLW,135
WDQ,33
DQQ,124
GKE,267
KEY,80
EYI,101
YID,118
IDF,209
AHP,181
DQA,202
AKF,136
KFW,27
FWH,42
WHT,34
HTG,147
AKK,301
KKL,356
DAT,374
FAE,330
KVF,151
FFC,35
CNS,34
NSG,245
RKY,77
KYA,126
AHD,129
HDK,65
DKF,100
GVH,138
HKS,57
KSG,267
IVA,613
AFK,160
FKN,99
KNA,212
NAF,209
AFH,104
LFT,398
GQP,267
QPS,121
PSY,84
SYS,148
YSQ,99
QDF,86
PPD,111
IRH,127
RHG,193
VYN,101
YND,78
NDL,282
DLQ,279
ASE,388
LIN,384
DTT,218
TTC,36
CAV,111
VIV,468
EPM,87
PMQ,60
PAQ,307
QKA,261
LQG,424
ELC,102
LCD,109
CDR,48
DRH,98
RHH,112
HAV,214
VQT,197
RTG,304
ELY,183
LYA,325
YAY,76
AYM,62
YMH,25
MHY,40
HYG,108
VTP,370
GAM,262
SVM,214
VMT,218
GTH,126
THG,151
TTY,97
TYG,148
QRH,114
RHD,135
HDW,18
DWF,55
RLN,381
INS,207
NSK,111
LFK,186
LLI,841
LIG,739
IGC,106
CEL,93
ISQ,251
SQE,141
SEE,272
EEV,366
FAL,618
CEH,26
HVK,65
DPN,151
PNL,174
RNE,157
EPD,176
GFK,168
FKL,146
RRK,198
QVQ,199
NLQ,200
ERN,160
SRS,306
RSK,144
GED,243
IEP,191
IPN,89
PNI,96
IPD,199
RWG,76
WGT,67
GTP,389
EFD,161
FEV,175
GEM,198
FVV,301
MKG,108
AQF,188
QFM,35
FML,147
HTE,72
HGY,87
GYS,283
ETY,86
TYV,88
YVP,130
YLV,270
NHD,60
QLP,332
PKF,49
LFH,126
FHT,55
HTR,110
DSS,213
SNY,80
NYA,143
PTA,276
AEV,506
EDD,227
HSP,102
SPC,44
PCF,27
CFR,34
FRS,142
RSE,189
AGS,606
GSY,182
SYG,136
RDT,200
DTR,237
RMH,43
MHQ,48
HQF,70
QFD,144
FDK,160
ESM,97
SMD,87
MDA,170
LPY,170
PYR,100
YRR,139
ALC,230
TGD,342
MGF,145
ACK,58
CKT,39
TFD,167
EVW,72
VWV,103
QNT,100
NTY,65
TYR,115
YRE,160
EIS,260
SSC,43
SCS,48
CSN,22
SNV,191
NVW,51
VWD,63
WDF,34
DFQ,97
FQA,134
RCR,60
DKK,159
LVH,197
VHT,108
NGS,223
ENY,111
NYQ,77
YQQ,176
IEI,215
EIP,193
RPY,85
YMK,32
QYI,91
ATG,677
NDF,118
SAE,451
GLT,717
LTF,322
TFI,209
FIE,210
QIT,175
ITG,482
IAD,500
GIY,188
RYS,198
TDQ,100
QQN,138
FHC,19
VYL,236
AED,295
EDP,143
PTP,183
VCH,41
GSW,113
SWP,57
PGV,421
GYD,220
YDP,117
DPI,116
VPS,216
PSE,163
KTA,309
ISH,185
MFV,81
FVW,69
VWS,99
WSF,53
SFS,280
LTC,97
TCT,52
CTE,32
MSK,134
IVK,201
KVI,277
RGN,191
NPT,125
HLE,154
VGM,231
GAS,581
GDK,324
DKS,165
RFM,86
FMG,96
NGP,104
PIA,256
IGK,259
KDQ,89
QAG,471
DKI,244
KIM,68
IMI,83
LDG,541
NKS,104
SNF,100
GMP,160
LFE,274
FEH,79
HIA,182
KYS,76
YSM,50
SMP,103
VPM,121
PMM,54
MMN,57
MNI,123
NII,200
DNN,123
NNV,177
DIQ,172
QEF,88
EFM,67
FMI,54
MIQ,55
SLK,391
RMG,155
MGS,162
VFH,97
FHN,48
GMN,125
GDE,336
DEG,260
GGY,235
GSN,179
NAE,282
AMD,163
MDC,21
DCA,75
CAA,156
EFY,97
YKD,96
KDG,265
KYV,107
YVL,247
GNK,136
EEF,170
THF,109
HFL,135
DLT,406
TKQ,81
KQY,93
QYP,81
YPI,78
IED,219
SDW,81
DWD,52
WDG,70
DGF,233
YQT,120
QTK,91
KIQ,94
TNT,146
NTK,84
IEK,293
EKG,399
IVN,244
VNS,212
NSI,168
SIL,373
LIK,288
IKF,61
KFN,84
FNQ,112
QIG,176
IKM,60
MAK,220
GYT,242
YTA,221
HRS,81
IKT,232
GSM,134
SMS,123
VAK,410
AKY,136
YNQ,48
NQL,292
IRI,186
IEE,293
KAP,203
PYN,48
YNG,103
NGR,214
IKG,215
MSS,157
SSE,229
LQT,310
TAF,286
AFP,209
FPA,254
PAH,150
HRF,99
FSI,206
SIA,423
IAP,413
DWT,58
WTD,52
TDR,188
RHC,23
HCR,40
RYF,146
YFL,124
SRH,133
RHT,119
YTE,94
TEM,88
MVT,162
VTT,364
IIH,95
HGK,138
YLA,399
LAY,278
EEH,125
EHP,102
HPV,151
SDP,169
AQC,62
CAK,45
RGY,186
GCP,61
CPS,46
RVQ,207
VQN,148
QNG,188
NGM,105
GMF,117
MFG,127
CLM,46
MGN,110
SLV,662
ADC,76
CIK,22
KAM,173
MRD,142
IDD,286
DQD,103
QDS,126
DSY,114
SYE,115
YEF,53
FLC,78
CDF,24
DFI,217
NTV,252
KGE,318
GEC,67
ECE,54
CEM,18
MFI,80
HAR,175
KAW,135
SPK,123
KEN,147
ENR,236
IPP,171
PPL,254
DYP,147
YPR,103
PRV,228
YQL,229
QLK,280
DFP,123
PQL,328
LTM,199
MSI,146
SIN,189
GIK,294
KTH,100
THL,186
EHM,32
HMD,37
MDG,144
EAY,153
YQN,71
QNP,113
NPG,214
DRE,243
ADT,325
AMY,101
MYP,36
YPY,39
ERE,305
LSN,327
SNG,245
GTY,147
GHI,140
TRH,159
HML,81
FQG,107
QGI,299
RQW,83
QWR,89
WRR,104
AHK,93
MAT,252
EQS,179
PIY,80
IYA,188
EFI,202
RVW,92
YVD,163
VDF,217
GHC,44
HCH,26
CHP,17
KTQ,131
TQG,217
TLW,180
LWH,65
SAT,450
FMN,53
MNS,100
RYY,104
YYA,97
STR,247
RHS,103
PYK,59
YKT,68
RSL,455
PKY,52
PKP,120
PAD,386
HVP,103
VMD,146
MDD,112
DDH,96
HTC,22
EPI,139
FLK,204
DLC,62
DEH,133
EHQ,83
QCG,59
MGR,129
PVS,420
FHV,69
GSH,141
STY,118
FDI,180
ELF,286
VKH,98
KHL,136
DQY,86
QYD,93
PQY,84
QYK,56
FLH,102
VLN,428
GPD,157
DVM,166
VMR,171
MRF,117
PSL,367
MME,66
RGS,202
RIN,197
RFQ,114
NIY,71
YAE,201
AEY,237
YVH,45
VHF,87
LKY,134
KYG,126
GPS,150
SHT,122
PRP,155
TIS,290
SPW,91
PWS,57
WSS,71
SSK,178
HNC,14
NCG,41
CGL,135
VAY,184
AYY,111
YYV,64
YVE,144
LTD,503
QWQ,76
WQT,75
ELH,206
HDR,111
MES,105
ESV,306
SLD,434
FSH,134
SHH,59
HHQ,60
HQP,107
VQS,216
DAN,232
IDY,154
YLQ,200
AFV,360
LYM,56
YMF,26
MFA,125
QAN,189
NSE,122
SEH,94
EHC,36
CRH,27
RHK,76
HKI,62
KIF,126
ADW,141
DWI,45
WII,57
EQP,162
PKS,129
FKM,30
KMI,71
MIK,90
KNT,119
PDH,79
DNA,323
MEG,113
RFF,177
RYD,150
YDF,85
DFH,68
FHQ,83
QEP,105
AHI,150
LMK,172
MKV,108
HNH,39
TAI,451
PKA,238
GFE,237
FEQ,184
QPW,57
PWE,47
WEE,43
FGK,217
DIM,79
IMT,114
EGP,108
FNN,109
NNE,108
NEF,102
GRP,240
RPA,293
GYF,148
YFR,93
FRT,147
RTY,68
TYE,78
ESH,82
SHN,63
HNG,118
YHK,35
HKP,72
KPI,159
PIM,65
ADH,149
HVQ,70
VQK,134
IVL,559
AMN,156
SSM,128
SMT,132
MTS,169
GQS,237
QSD,159
VQR,273
QRD,200
RDN,185
EME,117
MER,141
RRC,71
RCQ,50
CQE,34
DRC,51
RCW,22
CWQ,23
WQL,133
ILF,337
LFI,411
FIH,101
IHD,110
NAM,166
AMP,180
RFN,177
DEP,281
PGM,190
GMS,214
PLE,296
EIW,65
IWC,12
WCN,9
CNE,35
QER,206
CRR,66
PYA,152
YAV,242
IGE,325
ALH,319
LHL,317
HLS,207
DTH,99
FDN,167
DNQ,142
NQP,132
QPI,142
PID,129
PKM,48
DRQ,175
FLV,297
TGM,164
MVS,191
DQM,56
GPW,53
PWQ,75
WQI,75
QIP,124
VAN,303
ANC,37
NCA,41
TTA,411
ERT,199
RTP,219
NIA,324
ATQ,296
TQI,153
DIK,168
SAN,241
ANW,58
WMA,73
GLY,255
LCP,72
CPA,59
KDS,137
DSM,102
MSM,86
MKT,134
TRW,100
RWQ,135
WQE,90
NEQ,127
IIS,345
DVR,274
EDN,141
GHN,76
QVY,102
YRQ,151
KGF,199
AIQ,266
QRK,161
EMA,255
MAF,181
FTG,375
HCG,27
IQV,161
AQH,146
CVH,22
AVQ,348
QGD,233
FVI,220
SES,222
RMW,20
MWW,7
WWA,28
WAE,89
TTW,73
TWQ,109
WQM,46
QMQ,80
PEC,46
ECA,63
CAD,77
DQE,91
QEH,57
EHN,68
DND,147
NDP,219
LSF,372
SFD,213
NED,115
YIA,189
RPK,92
NSH,72
SHV,128
AFY,180
FYR,138
YRA,197
DVH,102
VHM,51
HMS,46
MSD,166
FSY,112
EGW,89
GWA,133
FNS,151
FET,123
TFF,136
FFH,63
FHR,73
HRP,110
RPQ,164
GVC,98
VCN,26
NGC,60
GCQ,41
CQM,14
QMM,44
MMS,84
AWP,101
WPR,39
FVR,228
VRN,221
RNQ,130
RFE,180
VTQ,268
TQS,170
QSP,130
SPS,206
QGM,118
GSQ,201
SQM,90
QMP,72
MPI,94
VSH,189
EGQ,215
FVD,206
TES,212
ESY,141
SYP,98
PNG,186
NGI,296
VTS,338
SGR,346
TIM,84
IMM,68
MPH,53
NSW,38
SWH,48
WHP,40
ENW,57
NWG,42
WGE,94
DSP,160
PWM,30
WMR,42
MRI,136
IFR,137
FRN,137
NAR,306
RKQ,147
TLP,641
MVV,211
DRY,145
RYW,64
YWY,23
WYG,53
GPT,171
TSR,245
SPE,320
ERP,134
VAM,288
VKC,36
DFV,221
FVS,235
PTH,57
PTI,158
SRN,189
NQQ,158
QQL,547
IRL,376
FEG,186
DPE,255
PEP,181
LHE,186
HER,108
YAK,126
VQQ,223
QMI,81
IDP,265
DPK,150
PKG,190
GTD,273
TDF,158
TPN,117
GKC,31
KCK,17
GMK,130
MKI,114
MTL,302
LHM,70
HMP,41
MPT,95
TQA,329
GNS,245
NSL,337
EAC,87
ACY,46
CYF,18
STV,321
TGF,271
SED,194
LKV,383
KRG,270
MTN,95
GHV,183
VSY,173
NSD,149
KRL,492
LEQ,557
RMI,99
MIV,140
VDW,64
DWV,96
WVV,110
VSF,290
DYK,72
YKP,54
VWA,107
WAN,48
EVM,166
LNF,175
DGC,62
KKI,227
IQK,108
MAN,131
ANY,137
NYF,92
YFN,80
FNT,164
KCR,28
CRF,41
MAR,235
ASY,221
KKV,244
NMR,55
RDS,191
SYA,175
EKR,260
ASW,131
SWR,91
WRK,91
FKV,112
KVG,266
KQH,81
HSD,109
RSV,311
VQP,163
QPL,411
YSH,53
HGF,121
FNI,144
IRK,207
RKD,134
PKC,10
KCP,28
EEY,128
EYK,95
YKR,79
WAA,154
SSF,218
DLM,169
EQT,233
TIL,329
LCF,84
CFD,44
KLV,380
IQF,90
WET,50
TLM,264
LMM,122
MMD,71
MDR,91
SNP,167
PAK,225
RAY,156
IMA,180
MAP,114
FQK,79
KHM,25
GEF,226
GMM,109
MMA,141
DWA,78
LTW,142
TWR,99
WRE,119
AFE,236
QEY,91
YFD,98
AMV,316
MVK,123
TMV,116
YYE,54
YES,86
YEM,48
EMN,70
MNV,104
YGN,112
NYL,197
YLF,168
YAC,37
ACV,136
KEF,115
FMT,82
TTL,621
VNE,196
RGH,119
GYM,72
YMT,70
MKR,172
LHK,118
HKF,33
DVK,231
KCY,10
CYL,48
TEY,92
EYS,97
DMM,43
ISW,81
SAH,170
HQV,133
QQS,179
RYQ,172
THD,127
HDL,184
AVY,205
WSA,122
LQH,158
AAW,220
DAR,396
QPQ,179
LSY,237
YPL,199
QHP,113
SSA,439
GRN,219
TIW,46
IWS,61
WSD,68
ADP,248
DPR,224
PRK,106
VKD,258
SGS,502
SDI,292
RCS,49
CSY,28
SYT,146
YTP,136
PDQ,101
DQG,120
SHD,125
HDD,119
DIC,51
CLI,85
GQD,142
DFK,95
DLI,376
VHN,77
HND,65
LQF,144
QFC,33
FCY,25
CYT,25
CHR,34
FWQ,76
WQQ,129
VEF,170
FTW,63
WQS,97
KGP,101
LFG,572
SRW,96
FIL,288
SRR,320
RRS,219
LNY,193
AFF,250
LFL,588
FLW,60
LWM,48
MRA,139
RAH,138
HPY,55
PYD,75
YDD,123
ASH,190
GFH,92
STD,197
DKY,110
KYR,108
QIH,58
HDA,167
GRH,132
WLY,62
LYN,118
YNA,142
NHT,54
GDS,289
LSW,166
WLF,113
FDG,224
TVP,271
PFT,179
AWQ,185
TEP,150
PDP,128
DLS,470
MRK,119
YDI,121
CED,36
VDH,117
DHF,102
FFE,105
FEN,117
EQM,117
NEM,77
LRY,266
YVA,213
RVG,369
PEH,142
LPC,60
CDN,39
FAI,281
AIE,463
RWY,42
RGP,107
KRN,121
RNM,76
NMH,25
MHT,36
ENE,154
NLC,53
MNQ,79
NQY,74
FAV,438
DYN,86
YNE,81
QVF,137
ITP,330
NIN,145
IWG,64
WGI,84
NAC,46
ACS,88
CSQ,37
GHT,149
YSS,144
TQT,177
NAY,111
AYC,28
YCP,24
PMW,22
MWA,33
FAK,170
SEP,176
EPE,229
PDS,249
DSD,193
DYM,32
MVF,118
AKH,116
HLF,142
QIS,195
TQD,143
QDP,126
CET,68
YVK,112
ITT,256
TTS,228
RNT,183
IGY,210
VHS,105
SDM,104
NSC,28
SCA,71
DPL,336
LMF,121
TDV,269
LMP,203
VTY,125
LPW,135
PWL,150
WLR,195
TFQ,91
FQY,33
STQ,164
IDQ,173
QKS,124
SLQ,334
LQE,352
EWL,170
ATK,191
TKY,65
KYF,65
YFI,75
GPM,95
GDC,51
DCG,52
DTY,90
PSK,87
AKN,217
KNI,162
RCE,42
CEI,44
EIQ,132
YAI,197
SIM,101
IMV,124
KVP,130
IQM,50
LLH,359
LHP,178
KET,212
GHF,130
HFG,132
REH,126
EHF,118
HFP,94
FPW,48
KTD,174
MTM,95
IKV,209
RYP,199
FVL,383
PRW,63
RWE,50
WEW,12
EWS,43
WSV,92
ARW,125
RWF,52
WFF,42
FDP,170
LSV,754
WGY,55
GYI,174
YIW,27
IWL,153
ILY,124
YNF,55
NFS,161
YDT,110
ITW,55
TWG,88
WGR,61
TIN,232
GQF,176
QFS,161
AYT,163
GFL,390
HGQ,103
QYE,77
PAW,136
AWR,191
LPS,354
TAM,222
MVY,69
LFY,207
FYT,123
YTI,79
IYN,88
YNR,97
NRT,147
RTQ,163
LLM,422
AVW,112
VWY,31
WYL,64
HVV,146
ARS,391
SER,273
NQN,60
QNR,130
VQE,190
HAN,75
MTK,94
TAC,66
CTP,57
TPL,532
KRS,161
RSW,65
SWW,19
WWR,28
WRH,46
TNH,59
NHR,53
ENI,224
NIM,58
GKF,163
FKF,47
KFP,66
LFF,293
FLI,244
SWV,87
YQM,31
MAM,140
MNE,75
HPQ,125
VTK,173
TKT,128
TTR,239
WMI,37
TIY,88
YTL,265
PVM,181
GWI,98
IIC,49
WVM,48
MRY,78
PSC,34
CSI,51
KQE,133
LGN,355
NKG,137
LEF,180
VMI,151
LGW,179
GWW,29
WWM,14
VFL,351
RMS,98
STF,196
VIM,143
IMD,85
MDK,121
GMI,161
MIT,129
ITH,148
THT,108
NVM,91
VMY,64
MYW,13
YWL,82
SFL,289
PSS,180
NRD,151
PYV,127
YVR,110
VRY,163
YLK,161
LKW,45
KWV,45
WVA,125
MKE,101
YFW,26
FWS,78
FYP,76
YEN,70
NSP,134
DGW,94
YNS,72
GQC,32
QCR,41
CRG,55
IDH,119
HTA,136
KYE,51
KQW,52
QWE,36
WEI,41
IEW,46
EWP,34
EPP,89
PPS,116
MIM,58
TSM,101
SML,271
TRQ,242
RQS,196
ALW,233
LWQ,158
WQA,189
QAH,110
HYV,82
CVE,59
NRA,242
HSM,45
EFP,89
TIC,41
ICE,57
NHY,46
YDS,106
RRQ,255
RQC,50
QCQ,42
DYD,154
PPE,175
IEC,33
ECR,43
CRL,90
DER,262
TRT,244
LNH,136
HDE,90
RVN,237
NTR,169
CQV,44
ELW,94
LWL,312
DGS,433
KAQ,299
MYF,25
SSP,231
PPI,71
FYG,164
FGN,140
GND,194
FIT,227
LNI,353
SLC,103
DNH,66
NHF,68
HFK,56
CVN,38
SLY,279
LYV,197
PMR,69
MRG,146
IQD,141
IHL,145
AES,410
PDY,158
DYG,161
KPR,127
PNQ,59
AQY,175
NIL,296
DHD,63
ERQ,219
RQE,205
FLP,304
SQK,113
FEM,50
YMR,45
SQN,141
IEQ,347
QMK,63
MKM,49
KMF,47
MFL,114
FLT,305
TKS,97
SFN,167
FNF,103
FHS,66
AYE,109
KRK,168
QEQ,162
MPM,48
PMK,61
MKY,54
YDL,197
GYY,113
PPH,58
HHG,101
HAY,75
WDE,107
SDF,180
SVE,319
ERS,222
IMS,102
RWP,64
DYV,190
HCE,36
KTW,75
TWI,67
WIA,124
CAQ,59
QLF,239
FNC,21
CPV,67
IKH,69
KHD,50
GTW,105
TWV,72
WVT,89
FSW,81
SWF,69
FQS,110
TQN,115
QNK,71
PAF,275
DKD,152
KHN,50
QII,192
PFG,193
YPQ,121
PQD,164
QDG,206
EAF,315
CTY,20
TYD,90
YDN,107
DNT,169
PDE,247
HEN,59
SGH,143
AGW,177
GWG,108
KIT,247
TQQ,217
QYM,21
YME,25
MEA,137
AMG,277
FLL,530
RTT,225
IFH,79
HSN,48
NFA,161
MFM,35
FMK,41
KNL,223
YSI,109
MPF,77
GQR,289
WIS,61
DTE,140
ESE,243
PAT,348
RND,161
NDS,151
RVM,198
VMF,112
MFN,71
HDG,117
AYI,124
YIG,166
TDE,243
SKP,122
RLF,367
RMD,86
RKF,87
KFQ,48
YRM,52
MPW,38
WSG,100
RTS,173
HQQ,123
QHQ,102
HQW,27
WLV,214
PFE,122
VIC,86
ICS,62
CSL,107
EHL,236
HLC,34
CDA,90
AEW,94
EWD,56
WDL,61
HHL,133
LVW,139
WSE,76
REY,149
EYM,44
SHF,119
PNR,97
FHD,79
HDF,83
EQN,150
QNN,77
NNY,64
NYR,115
YRP,116
SND,141
SDS,235
IDM,113
LMD,190
FPK,75
TQY,97
RDM,109
LYP,195
IYQ,116
TWW,22
WWN,11
WNF,35
WLM,83
MGY,109
GYL,378
YLT,226
ICA,94
REG,415
GIR,390
FHE,61
WFA,129
CSE,65
RNF,117
NFQ,55
FQF,61
LVM,330
MFD,69
IQI,125
VRW,88
EHT,100
TCP,47
CPT,52
IYD,128
YDQ,78
NTD,147
KAC,69
ACR,121
CRD,59
DKH,73
HEA,140
DDT,219
SMN,73
NLF,221
TPS,232
SDH,82
DHM,27
PDF,175
GCT,84
TFE,140
QFI,142
TWE,63
WEH,30
KNK,118
LIY,186
IYV,102
QAP,178
QLQ,307
FES,132
ESF,182
NRH,81
QQD,146
ILQ,250
MQI,79
ESN,127
SNR,116
WRL,149
VTH,189
VGY,253
TTF,168
TFR,163
FRL,273
GES,325
KWE,26
WEN,57
EMP,101
LWA,145
PEW,83
KTN,118
QQK,182
MTH,61
THS,119
NLY,126
ATM,145
TMN,75
MNM,56
NMP,84
MPQ,85
RSY,123
YMV,56
MVW,39
VWN,48
WNW,15
FVY,95
AWW,33
WWS,14
WSL,140
EHH,64
HHR,64
HRE,112
LNP,276
KSE,146
YRT,112
HSL,230
MQS,89
RSM,121
SMR,87
MLE,268
SQQ,244
YYL,141
YLH,107
ASM,183
YQR,160
NIS,197
EKN,144
KND,117
DFM,62
FME,45
GNL,350
KYC,19
YCL,47
LHI,167
DGP,169
IPR,170
PRN,89
VIF,271
QQP,180
WQV,75
VEC,46
ECS,31
CSP,45
SPF,187
FIC,49
HRR,122
YNK,69
DCR,50
GPQ,132
PQI,149
QRG,257
KFH,39
PNT,90
AHA,299
VWM,48
WMV,38
MVN,122
NVH,89
MMT,87
MTA,246
MDE,140
QHA,156
QNC,20
VCS,86
RFK,134
FKS,96
QRR,250
RIM,103
MVI,191
NPS,163
KKG,219
FPR,95
IVQ,176
QTY,84
TYM,42
YGW,66
GWM,57
WMT,42
IAW,146
AWY,68
WYA,43
MMF,44
SIF,166
IVY,121
VYT,130
YTY,63
TYS,103
YGY,115
YTT,129
TTK,118
MLF,196
NLW,57
ALM,459
LMW,47
WAV,105
TYI,68
AYD,149
TQK,119
FLM,109
MIH,47
IHR,118
IIM,129
QPP,98
THW,40
HWN,18
WND,60
RWW,29
WWK,14
WKT,55
YPS,93
QAT,272
KSH,60
TQP,217
LYQ,200
YQG,141
GSF,268
DLW,68
RAW,132
WLQ,114
QSI,173
NTQ,103
TLE,543
PQM,70
QMD,60
MDV,115
QAM,195
MNG,86
KPP,62
PPG,201
QPM,60
TNW,47
TDW,83
FYS,101
IFQ,102
SYR,153
RTD,187
LQN,240
FID,247
QQQ,346
WEP,43
PYQ,75
YKV,94
TMQ,82
MQP,73
TPP,234
RPP,101
WAG,125
RHF,136
QNH,41
QGN,169
QQF,147
QTN,109
PQP,193
PQQ,169
AEH,236
HNT,59
KQM,71
PTK,95
LIW,89
IWQ,75
QSM,97
QFT,128
VTW,84
TWL,164
KQP,104
EPN,68
EFN,101
QTW,58
VQD,189
QIF,120
NIQ,133
YNP,94
IFW,54
FWL,131
TYK,65
LMT,258
QWV,87
GIW,90
SPR,199
DCE,31
SHP,130
HPS,79
RWK,50
WKL,67
LNS,342
SVC,69
VCL,104
PKT,135
NTW,54
TVH,121
QQW,63
QAS,318
AYN,93
TQF,113
DQP,117
DWE,56
WEA,60
RWN,42
NWN,28
WNL,51
DNW,64
NWQ,74
PGR,265
LSM,229
VLY,175
YEP,86
EPQ,135
IRW,40
WPL,134
GLW,148
WQW,34
YWG,46
RWD,55
WDV,55
GEW,143
FDQ,93
DPD,232
PTF,113
TRF,230
QFK,80
FKG,126
WWP,13
WPK,33
TVF,240
VFQ,138
FQP,92
PDW,92
WKM,20
AWM,64
WMP,32
MPD,115
FRF,117
TWS,74
NIT,199
TAD,387
YPW,39
HDP,97
FAM,154
MSG,180
SGP,203
PFW,62
EKW,60
KWI,36
GWL,290
PGP,159
PMT,91
AIV,617
DNM,74
NMV,95
INW,57
SWT,73
WTR,59
GKS,417
KSS,180
SYV,145
NYT,92
YTH,62
THE,101
HEE,74
LWR,150
WRS,82
TWF,62
WFE,48
KES,170
PFV,210
KIS,185
QPY,64
PYH,44
YHA,100
QYW,26
YWF,33
WFD,64
MLP,265
AMK,148
MKQ,111
DWC,17
CEQ,51
IAI,488
IAC,149
CAI,82
FRH,114
RHV,164
PGW,89
GWC,17
CVD,48
FQR,138
PPK,94
ENC,25
CAM,58
MSA,246
SHY,85
HYQ,75
HMF,24
DSF,146
SFK,85
FKK,104
LPH,181
PHV,111
SFF,163
RNC,26
NCL,56
CLA,163
NHI,69
HIQ,71
IQR,200
NHW,27
HWY,19
WYK,22
NRM,81
MLS,332
YMS,55
MSC,26
CGF,82
QPT,136
VIN,343
TYH,31
YHV,51
TFT,247
DEK,237
RPC,37
PCL,55
CLS,100
QWG,51
WGV,105
ANN,156
CAN,50
SSD,249
VPP,212
EMW,26
MWD,21
NYS,125
NAW,105
YAN,119
PWR,60
RNY,95
WSR,80
DRW,68
WDN,39
NVY,85
RTN,96
RQN,134
QSY,101
FEI,97
DMY,34
YPT,84
QHF,89
HFT,126
YGI,207
HGI,156
YRS,141
GKN,195
KNM,57
AWS,138
WST,63
PNN,65
YSK,93
SKN,107
NMA,122
TNF,72
YRY,111
MQD,84
RNR,194
MSQ,156
DYW,40
YWN,24
WNS,49
SDQ,111
SWS,84
GYN,117
YNN,57
NND,124
NDW,46
WNN,33
TWT,64
WTY,23
KFL,110
RTW,63
TWA,74
NYG,128
SKH,56
TTH,114
WNV,47
NVQ,134
QGT,216
GNT,282
YSY,70
KHS,63
YTV,153
YRK,118
PTR,180
YVS,153
DSN,106
NSS,144
ATW,101
WGN,43
GNQ,148
QQC,35
CRA,80
PTY,74
CRQ,68
QSH,83
DLY,178
QDM,57
TQC,32
QCD,39
DIH,118
IHQ,99
FFI,186
QCN,21
CNI,27
SHA,157
NRG,175
DCS,51
EKH,113
RSF,138
FKI,74
KDM,67
MSY,57
VKN,216
HYR,114
RQM,112
TFH,81
DYF,116
YFV,102
KDH,43
NRY,109
YRV,153
WPN,24
RPN,78
DHN,51
HNW,15
TMT,111
MTC,30
TCE,35
LYY,99
HID,139
NLP,296
PNS,88
NQF,98
QFR,133
FRR,239
PRG,183
SRK,193
VYP,117
YPD,139
YNH,34
NHK,31
YHR,71
TKH,57
KHC,12
HCL,37
CLR,88
FAF,195
CPK,26
KSW,66
SWK,48
MQL,142
KFD,117
CRP,36
PCE,23
MHV,48
GKM,111
KMK,74
KNH,61
HIF,68
IFK,71
PSP,175
LWI,101
WIN,52
GDW,100
PRI,166
VLW,140
LWK,59
CHA,36
QPF,126
ETS,194
TSK,124
AMI,222
YHT,45
HTD,96
RPH,76
PHG,106
GPY,79
NFP,75
NGH,118
HIV,113
FKP,114
LWE,81
HRQ,106
QPE,225
NNP,139
QRC,58
RCT,39
CTC,7
CAR,80
QWD,42
WDS,52
DPQ,221
WQD,91
EPK,111
EMS,118
CVW,15
IEM,108
ANH,96
TRY,165
SPH,65
PHR,88
DYC,32
YCA,45
CAW,23
PMA,149
FTQ,157
RHE,106
HES,65
NSF,122
SFH,67
FHM,21
GSI,321
SIQ,122
IQT,139
RGW,99
WQC,11
QCL,53
LGC,137
ATS,365
SMG,165
CVT,44
YFT,94
RYH,83
HGW,55
KVC,48
VCV,87
GMD,121
KLQ,222
IQC,24
FTE,142
IKC,24
KCM,9
CMT,22
MLH,108
SRT,243
AWD,94
SAC,96
FKQ,100
PGY,145
QKK,114
NQT,129
HMC,5
MCR,33
QEC,22
ECQ,37
CQW,15
VHW,32
HWV,35
RKM,107
NNK,84
KIC,47
ICI,53
CIW,5
IWF,54
WFM,25
FMY,25
MYR,46
CRE,76
KGW,67
FDY,120
YHQ,63
HQR,140
QRF,214
LWT,83
WTS,54
TEI,190
YIS,142
KLH,113
NMW,10
MWT,17
WTF,42
YTG,174
WED,43
IDW,66
GPP,41
IVF,205
FNH,68
HQS,65
FVF,146
RMR,111
YYS,81
NPY,84
HTF,78
FAC,63
ACW,28
MGH,76
AQM,155
VYE,109
GAW,162
AWI,112
NDK,129
IMF,43
LYI,165
ITY,96
TYW,22
YWA,42
NDY,118
DYY,89
YYT,57
GFQ,119
FQN,75
FMS,77
VGW,106
WPI,31
RYT,151
QGP,88
PIR,102
CGS,110
NYH,42
MYV,47
WVQ,45
SFM,87
FMV,106
MKH,34
KHV,89
HPK,62
FFT,162
FYA,146
GFM,122
YFY,55
FYI,75
YIL,170
FKD,94
KQN,89
QNI,152
SCN,24
CNF,20
SMY,46
YWS,40
WSK,43
MIG,182
WLG,236
IWV,54
PYE,67
YEY,45
EYP,79
WVF,55
DNS,152
KFR,94
LCA,209
QVK,204
KQC,18
QCE,37
MTI,159
QKM,90
EYE,107
TCG,54
AYV,200
YVI,134
TKA,219
RQH,120
QHY,54
KFT,114
ANF,142
NFK,61
TKD,108
TMF,74
MFK,63
RHL,286
SQR,202
KIR,161
VHG,152
QKP,103
PWW,20
WWV,24
WVH,22
HLW,55
WTC,8
TCY,23
CYR,29
FIQ,142
WVE,84
QMN,61
MNP,69
ECD,41
CFM,18
WFG,89
QES,168
AFQ,165
FMM,46
YTK,57
DWW,14
WWE,10
LPM,166
QNF,78
MDI,93
QDK,126
ENH,73
WQK,81
VHQ,105
CKG,30
TQV,188
RYN,109
TML,221
EGY,215
DPP,56
CHE,30
HEV,123
PMH,34
MHK,34
HKE,61
RTF,164
ANM,110
YIK,87
LMY,63
MYD,44
FCL,70
MWF,22
HQT,71
QSG,309
GWF,70
IVH,101
HMI,37
MIR,98
IVM,167
SYF,99
YFP,70
YSR,136
FQC,12
QCF,35
CFA,73
HAC,34
ACD,75
RAC,80
CHT,30
TCD,44
GHM,48
MFF,56
FFF,122
FCA,70
CAT,76
DHH,58
HHD,67
HFQ,64
FQD,90
TWD,48
FTR,252
FAW,88
DHA,110
HFH,57
GQH,115
QHI,105
DTF,166
VEY,139
EYR,151
HLR,231
KYL,168
HGC,38
CEG,63
VCI,69
CIF,27
SRP,196
RCA,73
YSP,114
RIH,114
FTM,66
TMY,33
MYG,57
FGM,105
GMR,160
PYP,73
HCP,33
CPL,67
YHL,101
MII,127
DVY,133
EDK,159
CHN,27
HNV,115
EEC,42
ECP,25
CPN,27
FPL,253
EQC,49
IYF,68
RIQ,151
RKH,84
KHF,66
PRQ,128
IGH,165
TEC,41
ECV,41
RFR,229
QKF,70
KFV,95
FVC,39
CHF,28
HFR,92
QQE,217
QEL,331
FWV,53
EVD,253
VDM,140
VPR,178
VHH,83
HHF,87
HFN,59
FNG,205
SNC,25
LCQ,79
CQT,27
FKY,47
KST,258
NWY,27
WYS,40
MNN,89
TMA,157
LYR,238
YRF,126
SHI,100
CLP,67
SEM,128
KIY,91
SMV,134
QTM,75
KML,162
LDC,64
KFE,76
EHD,97
WKN,41
WWY,12
WYT,28
FGH,133
SMF,72
FLF,250
SPM,87
MND,110
RWV,99
GWH,53
WHR,42
IYI,82
TSW,57
IHI,82
HIE,126
HQD,74
DPC,36
PCS,47
DWP,39
WPF,30
TPW,84
WAP,71
AHW,57
WLC,39
LCL,189
CLV,123
YIH,37
CGY,40
YAF,126
HQG,105
QWH,28
DWL,166
EYL,228
MQN,67
SRY,221
NEG,143
THQ,93
QSS,182
KEP,80
QTH,81
THA,161
YMW,6
MWG,36
WGG,113
MDL,111
FKA,163
VLC,161
DAM,209
HCD,29
HDY,56
TVM,156
FYE,89
VYK,73
QEM,107
QHM,37
LIM,165
MIF,90
EKK,178
QAY,138
DFS,229
RNW,45
IMK,74
VFK,110
KKS,151
GCF,77
PVW,107
WNG,62
FDH,79
INN,161
SCI,36
CII,58
RQF,208
VPK,126
MLC,68
LCH,59
CHL,44
QPR,138
WRV,96
YWQ,52
WEY,33
EYA,203
AHM,36
HMN,27
RWR,122
WRP,58
RPW,59
EMR,108
FQQ,132
WRQ,90
KNY,95
WSY,38
VMW,33
LKM,124
NNW,29
NWR,71
FVQ,128
MRH,65
GWY,64
THY,72
HYN,38
EDQ,101
QNQ,89
NQW,26
QWT,38
WTQ,45
HEY,47
GWD,89
FNY,67
FYQ,96
YII,93
VWF,70
WFR,37
FRQ,194
WTT,51
YKK,68
KQD,96
KLM,158
DTK,92
TKK,109
VPW,63
AFC,88
WIV,67
NYV,102
GHH,68
CFL,61
PWG,69
TVC,72
MGI,204
PYW,32
WGP,45
TFK,101
FPF,76
EKD,194
LYF,145
MPN,60
HEM,53
WGF,58
QIM,59
HVF,86
FHK,41
FWY,30
WYH,24
YHF,64
SLW,138
LWP,119
CTT,47
NPQ,187
KEK,221
NMN,50
MNH,42
IFY,72
TPY,131
SRC,39
FSC,50
SCV,60
QGC,49
GCN,41
CNL,45
RCK,29
KTC,32
TCH,27
PWT,56
WTI,46
CND,28
CGD,62
PHC,26
CPH,29
PHD,73
VWW,22
WWQ,30
SQC,31
CQQ,71
TCL,64
CLQ,46
QLC,64
MAH,79
NEH,71
CDY,34
EQQ,297
KHA,106
AWH,77
WHK,26
HKT,72
TKE,150
GWN,80
NKT,126
FQT,111
THM,47
HMV,39
FPD,163
NHQ,48
MLI,209
VHD,96
HGH,66
NHH,38
HPH,73
FQL,156
QFF,99
QLW,87
LHV,198
HVH,69
HMG,58
HHV,73
HVY,45
HTQ,59
FTF,146
KKR,177
QNW,24
NWC,10
WCK,16
QMC,13
QMT,84
NWA,56
CAS,87
ETQ,174
AYF,106
YEQ,94
RKK,155
AYW,54
YWP,25
WPV,75
LRW,117
IVI,327
RPS,159
YFE,82
DSH,107
PYC,29
VMP,157
PSH,77
FRM,49
PHM,47
HMA,57
QTS,153
DIY,151
DTM,61
ICM,20
CMG,20
RFC,57
RMN,61
YGC,39
YQV,119
QNV,190
QNE,98
KEQ,165
NTH,64
TGC,109
PCR,40
KIW,39
HAW,60
QTQ,144
QRY,190
TDT,217
NQV,162
GWT,89
HFE,73
CFV,46
VNF,162
HRT,74
KVQ,127
GCY,45
CYA,42
VCT,51
QDN,106
NGW,85
WQP,114
HHH,57
NDH,58
QFP,87
PHL,162
REW,87
WEF,23
CFY,20
KPY,74
QMY,23
MYQ,55
ICC,19
CCA,31
CAH,27
GNM,112
NMK,44
QDY,104
YYH,30
KNQ,78
NQK,70
YVF,102
HNS,41
AMC,39
MCL,25
PFK,87
WGL,108
CLW,16
FIY,98
IYR,145
YKW,16
KWN,22
WNE,50
LMC,34
CRT,60
MTY,63
YMQ,33
DNK,122
NKY,41
MYL,91
TNS,156
PPV,240
TYT,124
WQY,33
YWR,54
NFY,61
FYF,58
NFH,45
VFM,96
HWI,26
LFW,98
WHD,41
DTW,72
QWI,45
WIR,44
MIW,30
WPA,81
APP,181
PPT,96
NIC,44
SWA,97
MSH,66
LWS,118
KDF,114
DFN,133
HKN,29
NQC,19
QCY,14
HLM,90
NFL,186
TFY,82
FYN,67
YNT,80
DGN,202
NWD,35
VVQ,250
VDC,58
LEY,151
EYD,124
MHR,53
ECG,57
MSW,37
SWI,75
VVW,110
KYT,80
WAM,52
VWT,80
WTG,75
KIK,141
NWH,24
WHY,31
SHQ,111
WPQ,55
QLY,158
MHN,41
NSN,88
VKW,52
KKW,39
KWK,23
KSF,138
CTM,14
WSW,26
WQF,42
QFL,207
TMI,98
MIE,121
WSI,58
QQH,117
HLN,139
MST,168
KYM,31
NPP,124
TWH,32
WHS,30
ETC,41
TCR,50
SVH,103
HEH,40
KSM,82
HNI,91
NDM,64
DMD,86
HTK,36
CDG,58
NHE,51
PGN,174
HKK,50
KAH,110
QIW,35
IWE,29
FWG,67
PIP,129
HNM,28
YPG,143
PTM,63
PNP,99
NPH,73
HVR,115
HLY,88
YAM,79
MVC,46
CIN,52
SMQ,65
PPP,112
ENM,98
DHQ,56
HSF,81
FSR,300
DEY,132
YHS,65
FKR,137
WPW,19
MTQ,127
CFS,61
NCF,23
QYC,24
YCE,27
GCL,109
CLT,91
MMQ,73
YNL,132
DFY,105
DHY,68
LQI,204
VMN,134
WDD,72
QKY,60
WKD,41
FLY,106
YEK,120
KNW,48
NWS,79
WSN,38
CIA,93
LCM,38
CMD,14
DMW,25
WGQ,56
MNY,49
MNW,27
NMT,84
SFP,133
DQW,40
QWP,34
PQN,90
NRP,106
TAW,92
WRT,63
MDS,102
QWF,36
WFI,46
YIR,120
SNM,59
RCI,48
CIG,82
PKD,119
KPH,71
KHP,78
ERM,131
GMY,63
PRH,91
YGS,151
HQM,46
DMN,66
MNR,80
CTS,48
YEW,24
QEK,188
PPQ,113
MNF,57
RDW,81
DWG,66
GWV,144
WVK,77
NKW,33
KWH,25
WHL,69
KIH,76
IHK,59
EFR,132
NSM,64
MAC,46
FPT,110
PTC,30
MRV,148
MFR,83
RWA,87
DFW,51
MQE,109
FEY,62
ICN,35
EST,180
PME,55
CIE,39
DGM,125
CLC,15
QFQ,71
CGK,82
KCV,25
WMD,33
CMV,31
VNM,77
VCA,109
MFW,26
SYW,33
QTT,169
CVC,11
IIY,88
NTE,119
KKH,81
HPR,113
PWY,40
WYD,41
RTC,31
WHE,39
QWM,29
WME,30
SIC,45
ICR,54
MKC,11
KCF,15
FRC,31
CSK,24
THI,110
RHQ,116
YIQ,69
AWT,93
WTM,24
RCY,28
CYC,9
CGN,49
NHG,79
PQK,89
ACI,70
CIH,21
MYN,22
CSG,80
DPM,60
PMS,91
CGC,35
SRM,119
KME,52
MEM,50
VYC,30
IHT,105
MRN,106
CQI,29
YEH,54
QHN,67
EWN,42
WNA,60
IWT,44
SMI,136
YPF,75
YTW,26
FHH,51
HHT,51
TDC,30
YVT,144
WTV,69
DCY,30
CYG,38
SKW,35
KWQ,44
LCI,94
CIM,20
MTF,101
WFL,77
WIP,41
TRC,45
INY,77
NYY,52
YIM,28
WTK,36
KEW,55
GMW,34
TYF,65
YFQ,60
WEV,45
IWR,85
WRI,79
FTK,95
YMP,45
FKH,40
GHK,87
QMF,40
QHH,53
HHE,59
FRV,169
HSS,94
TGW,108
CIV,71
YAW,67
PPW,18
FFR,125
AIC,102
ICG,100
FDT,192
LCC,35
CCL,27
CRW,17
WVW,23
WMS,51
IRY,114
YPH,81
EGC,74
GCI,90
CIY,27
FMP,81
FWA,64
QYF,63
HIS,105
MYA,68
NKH,37
KHK,47
KDK,167
WYC,10
CLD,59
PHN,61
RYC,37
KSY,91
HRW,32
STM,105
HQN,44
WIT,61
DSC,31
SCE,41
MDN,83
KHR,71
IQY,53
KHI,94
HIY,52
QDT,115
EMM,80
IYT,111
SYQ,116
NMD,66
NHN,44
NNQ,88
MGW,48
YYQ,82
YQF,69
CGI,118
VYM,43
WDT,49
HKH,32
WTE,39
TYP,88
CNN,13
NNS,85
NSY,73
SYI,97
NFW,37
FWM,38
HAK,96
MDP,54
FTY,69
VFC,58
FPN,69
HRN,48
ECN,16
CNP,25
NPM,68
HKL,122
YIV,114
IPC,56
PCT,25
MRT,111
AMH,86
MHP,36
HLI,184
TKW,25
WQR,120
MIS,131
IDC,49
DCM,17
CMR,11
WKY,21
KYW,32
QDQ,71
NQE,86
KVN,184
VWH,44
LWF,101
WFT,63
EIC,51
KKK,105
KKM,86
DMR,89
AWN,62
HRI,120
WSQ,47
HMM,19
MRP,73
GQN,125
CMS,24
FMD,64
IHF,64
KYQ,62
QKQ,143
SKD,127
QME,67
EYN,55
NMQ,56
AMW,36
MWR,26
TYN,77
HKW,9
SNN,115
VYY,74
DNC,28
NCN,10
CNK,15
EVC,73
CSS,82
FWD,44
TVW,84
NWE,43
PSN,90
LQW,67
QFN,108
NSQ,111
VHV,123
WEL,53
DYE,96
WES,57
YNY,46
YSN,92
YHN,37
FMF,38
MWH,9
WHI,39
HIR,129
QWK,28
WKE,43
AIW,104
IWP,57
YDY,89
YYW,28
SQF,146
TFP,101
EWG,67
WGS,87
DMV,150
PDR,173
LWW,31
KMR,85
YGQ,114
NHV,75
WKI,50
WDK,68
EYW,32
HME,29
MEF,78
PQW,70
GWS,90
INC,38
WAR,76
DWQ,90
CSH,28
SHM,40
DSW,57
SKE,168
VWQ,81
FYC,31
CEY,23
EYQ,115
VNC,43
NCE,17
MNK,102
SCL,90
NEC,25
ECI,39
HYT,70
AMM,115
EFC,34
FCR,48
QNS,71
HNY,35
ESC,50
YLM,106
KNN,102
FYW,28
YWE,20
WEC,13
LCY,47
CKK,19
EPH,77
PSM,80
WTA,75
KVH,64
HVC,32
VCQ,60
CQA,55
NTF,127
HIH,62
EKY,139
MVP,110
QGH,87
CQS,54
IMR,101
VHI,100
IHN,76
SMC,11
MCM,9
FFP,135
WWI,18
SVW,95
WSP,65
VWG,90
RWH,42
HEK,72
WMH,10
HHY,38
FEW,33
VCY,42
CYD,29
NWP,47
LHW,61
HWQ,54
CNR,21
HWF,31
MET,93
KMY,24
WHG,53
WAT,86
VNY,124
DHE,76
MYK,21
KCG,46
ACF,61
CFP,33
CHV,13
DHC,13
CRM,19
MFY,35
KFM,38
QPC,21
MQM,46
RLC,127
CNH,16
CPF,36
PHE,56
HFM,29
ACN,50
CNT,28
CSC,11
SFC,39
CFE,39
SFR,162
RQK,152
QKE,130
MCV,17
CVQ,41
DKM,72
ISC,47
CFN,28
PSW,48
YYY,43
HYW,20
MDF,66
KTM,82
SWE,36
NMY,21
MYT,33
EKC,48
CVV,98
VFW,61
HDQ,66
QHK,46
YED,89
HEQ,85
QYT,80
NKM,50
QYV,117
PHW,44
HWG,36
DEC,44
EFK,84
LIH,155
FCW,17
IKY,64
YCC,6
SYC,23
CGT,69
HFS,146
EDW,48
MYE,41
PSQ,119
CEF,25
VSW,74
MAW,84
MWP,14
CKH,9
IHC,28
MMR,80
YSC,27
SCD,52
CDW,13
CTA,72
YFF,54
YPP,68
HGP,77
HSH,53
NEW,37
DWM,29
HSY,44
CEN,32
TMH,35
CHI,25
WMK,18
VCE,51
CEE,44
SCP,36
AEC,66
TFM,82
CTR,33
RCP,44
PFC,34
FCD,26
CIT,60
SPN,106
YNW,24
HIP,98
SYH,51
DMQ,82
MRW,36
FPM,54
MFQ,40
RWS,63
CDD,51
FTC,29
KHW,25
WNM,18
EWW,13
WWF,17
VWI,78
WIK,48
WIL,86
WWL,31
FWC,12
WCG,23
QPN,75
HDH,51
QTC,24
TCV,48
WIG,81
MKP,105
LYH,94
HYS,60
HQI,70
DIW,71
WEM,25
FIW,60
TWP,53
DCF,29
SKY,63
GKW,83
WVI,87
TQW,55
HYI,50
LSC,100
SCR,40
VQF,117
YQY,56
AFW,91
FWF,53
YKF,48
CEK,58
IME,71
RMC,17
MCD,16
WIC,14
WYN,33
VCF,53
CFW,15
LYW,57
MPP,88
KVW,56
EPF,133
DWY,34
WYP,28
ETW,64
WCL,23
PCG,47
RPM,77
ERW,93
WDI,54
CTN,23
NNC,16
SCQ,29
CQR,54
LYC,50
VYF,81
HDN,55
YCT,20
FDM,67
QMS,82
MQW,33
WIF,43
MWN,15
CQP,36
CYM,15
SWC,15
CKL,36
WVG,90
ACC,35
CCD,9
PCV,36
RIW,57
MHW,13
IMW,16
WHC,13
HCI,21
CIQ,27
YCI,21
MFC,18
FCE,49
NCV,35
QPH,53
PRY,109
KMV,106
FVH,89
MWQ,19
QWS,47
PAC,68
CYW,11
REC,49
CDL,78
PGC,58
QNY,81
NRK,89
NRC,20
KMS,70
EWC,16
CEV,64
VWE,60
TSC,28
DHS,60
SHE,107
GTC,48
SWY,50
GCH,48
CHQ,29
PIW,19
IWK,28
CTQ,16
NHC,15
ACP,86
EDC,33
DCT,42
NMM,40
CYS,27
SMM,67
MMY,23
YHH,33
HHW,24
HWH,24
WHQ,36
HQC,20
RHY,98
YTM,46
AHC,46
HCQ,19
CQK,31
CYQ,29
NMF,60
QMH,34
DPH,104
KHH,46
VHC,25
SCT,36
MYI,33
WDY,41
MKS,103
PNF,73
WIW,23
SHS,128
DMF,57
GCM,37
CML,41
FMR,82
MDW,27
YWW,10
KKF,90
DKW,44
KWD,54
DDW,55
MPK,76
CLF,64
CKV,34
WFP,43
SMH,29
EPW,46
PWD,46
YWK,33
SYN,100
NRS,154
GYC,55
YCQ,15
CQD,27
WFN,69
EQW,59
FFW,40
FFQ,83
KYK,50
IQW,29
FHY,41
YPC,14
KWY,19
PWK,25
KEC,18
NTC,31
TCF,29
CLY,24
MWS,25
YRH,93
NWK,39
WKC,9
DHP,113
ATC,69
AWC,34
WCF,12
KMM,49
MMW,10
MWV,29
FMW,21
CIC,11
CGW,26
HSK,56
YRC,25
AVC,125
CNQ,16
WVY,37
CLK,58
SEY,100
GSC,52
WHF,37
HFC,24
FCH,27
TMD,67
GFC,58
FCI,41
CIL,65
TTM,99
TMG,118
KPN,73
MQH,46
CHY,14
CQC,9
QCK,17
CKN,22
MIC,31
CID,35
IYW,25
PMD,75
WGM,45
MPY,59
VQM,78
HCS,25
LWY,44
NYK,36
WYV,40
FWN,16
PCP,31
RKW,30
WIM,29
SMW,25
MWL,56
HET,90
CSR,53
CFQ,19
DVC,55
YHM,26
WDP,33
CRI,56
HWM,18
ICW,12
CWT,7
WTN,37
CCI,17
HRC,21
GPN,91
NRW,49
HPP,27
PPY,58
PWC,18
WCA,24
PMF,53
MFP,56
FWT,39
PFM,70
FVM,100
MWI,17
PNY,39
KKP,135
LQC,44
VWC,18
KHQ,52
KWF,37
VQW,35
PPN,54
VYW,35
DCN,15
PKN,68
IPK,99
WPD,70
FFY,71
FHI,55
HIG,127
QCI,27
HVW,33
PHF,73
FWK,34
WAW,36
DVW,83
CDP,43
RWM,37
KYY,52
QYY,41
MHE,44
ICP,40
PHH,53
HFI,82
WPT,48
PHY,50
ECY,21
WHM,12
NIW,36
KSC,29
SCK,15
YHP,49
QDC,32
WDW,13
VYH,57
YNV,84
NVC,33
SWD,53
EHW,38
HWA,40
FNK,106
YDM,57
YQW,32
NCD,26
CDK,29
MNC,21
KYH,37
CIR,33
SDC,34
YCV,39
HKR,59
KNC,16
HVM,55
CNM,9
CSM,28
RTH,104
HPF,79
QEW,43
EPC,36
PCA,51
DFC,25
HMT,47
APC,39
IIW,61
IWW,14
WWG,22
KFS,96
WHH,16
HWP,38
YKQ,54
IWY,22
WYQ,44
EWQ,90
WRW,39
PCN,24
QCC,7
DQN,64
HHK,31
MCK,18
HQH,61
FCP,41
IYC,26
CLH,33
GYK,117
WVN,82
YCY,12
CYV,28
CYH,18
ICH,26
PKI,94
WAC,19
YET,105
SYK,85
KFY,42
HFW,34
ICQ,40
WQH,59
NYW,29
WYM,21
QKW,40
SKC,18
WFK,36
PPM,53
VMC,40
MHH,35
CNC,6
WGH,40
QSC,32
SCY,21
NCI,35
HWR,48
WFC,19
WMQ,26
RCD,42
IWI,46
SCH,24
YMM,17
MYM,23
MQC,19
QCV,25
STW,87
TWM,32
WML,66
WFW,25
FWW,17
WTL,110
EWH,41
YYD,72
CQH,22
GPC,29
PCM,11
CMN,13
WNI,32
WKP,30
QNM,58
WNY,40
YTD,113
TWN,59
KWG,42
HWK,20
WKQ,33
NWI,28
HNN,32
YKN,51
YCM,9
CPQ,44
FCF,36
MYY,26
RWC,17
CAF,44
HWS,31
HTH,59
THK,68
QWN,32
WDR,52
HTM,43
WRF,74
HHC,16
KWP,15
FKC,16
KCW,12
CWD,11
MHM,21
PCI,36
HYM,22
DWR,85
IRC,47
TNM,40
CDS,51
TYY,69
YYN,46
CQN,17
FWI,41
YWT,17
WCS,9
PKH,45
WHW,23
WMF,25
CYE,23
YNC,9
WNT,40
MPC,16
PCH,18
WTH,18
YRW,51
ILW,94
FMC,10
MCA,26
IFM,62
EWF,43
HNQ,49
NCR,34
CRK,30
CCV,13
MHD,52
YFH,30
MCI,20
RSH,99
YMC,3
MCG,43
HKY,23
YFK,65
HPN,60
QMW,12
KMH,23
KCT,23
YWM,20
HDC,17
YQC,20
PWH,30
YCD,32
YTC,11
NYN,68
DCQ,29
GCK,44
CKQ,29
WPP,32
CQY,14
CES,30
KDC,23
HQY,32
CHW,8
HHP,58
WKK,59
VCM,24
WRM,32
CTH,18
PIH,43
QWY,19
WYE,23
CHD,25
NHM,27
MWK,16
PIC,27
HSC,20
WHV,32
CIP,26
TWK,29
VCW,15
CWV,20
IMC,11
MCS,25
LCW,37
CWY,11
MRM,61
ICF,42
CYN,24
QYH,51
NFN,99
SCC,20
CCH,10
EMD,79
AKC,38
KCI,28
NNH,45
HWT,25
KWS,25
HCY,16
CYP,22
NCY,18
FCM,21
EWY,32
NTN,71
TMC,13
CKD,28
YWD,34
SHC,30
WDC,8
HYY,47
YPN,64
PNM,39
YWC,7
MHS,45
YYK,42
CRN,40
WLW,56
YTQ,86
YMN,26
HMQ,30
HWE,30
RVC,53
KWC,12
WCR,20
CTK,17
YCH,19
CHM,16
CPY,28
TKC,25
ECC,10
SWN,46
WYY,19
YYM,27
EMC,22
MCE,20
LKC,45
CMA,37
YDW,41
KCL,39
TCI,34
CYI,19
IHE,79
HPM,35
MCY,10
CYK,11
YKY,29
WAH,26
HPC,8
PCW,8
WMN,25
YVY,64
GNW,96
TCC,16
CCN,7
CKP,30
QVC,41
VCK,30
EFW,48
ECH,17
CFI,39
GCC,23
QKC,29
YWH,22
CWN,9
YYC,16
CFH,12
KDW,36
WSM,32
NFM,36
FQM,31
MEW,23
YVW,32
KWR,39
CVY,16
CSW,12
KCA,17
ECM,20
DCC,11
CCC,8
CPC,15
QCS,37
MCN,11
HMY,11
EHE,84
RWT,44
DMH,42
WTW,23
TWC,19
WCI,15
NMC,8
WKW,11
HIC,20
IHM,22
HMH,18
GCW,17
HYH,36
GHW,42
EMY,46
CWS,15
KPC,25
YIY,33
ACM,29
KGC,42
PTW,61
WGW,38
HNF,39
WYW,10
YWV,34
HSW,24
CDH,14
HHM,20
WDM,18
WPY,18
IYY,60
IMH,34
CMQ,10
DMC,12
CPP,40
MEC,14
PMC,8
MCP,10
QCP,26
HEW,26
CCG,25
YYF,54
MCQ,11
NKC,11
SEC,22
CDQ,23
QHW,30
IWM,26
HKM,28
VPC,37
CMC,5
MCC,8
WYF,30
WWT,12
SWM,44
QFW,32
FEC,27
ECT,24
FCC,8
CYY,8
NPC,21
HMK,22
CWF,9
YCW,5
CWG,14
CPR,35
PRC,42
PQC,16
WMW,8
YCR,36
KCQ,13
PCC,10
CCF,13
IYH,59
QDW,37
CFK,17
ICY,25
ECW,13
CCM,4
CMI,16
FHW,17
IMY,22
MYC,12
HIW,15
YKM,28
MCW,5
WVC,13
WKH,16
YDC,13
RKC,17
FKW,14
HIM,37
KWT,32
WFY,21
HCM,9
CMK,17
THC,25
CWE,7
PPC,15
CCE,15
IWD,38
PKW,26
CHK,14
QCT,15
CMH,8
WIH,18
MMC,14
HCF,21
SCW,20
CWW,4
NCW,7
MMH,27
MHC,18
WSC,9
TCK,23
CAY,29
WRC,13
MRC,22
WWH,12
CFC,12
HWC,9
CDC,12
NME,41
DCW,8
KCE,19
WNH,18
RSC,35
SCM,19
CMP,9
HMW,10
WCD,21
CWA,16
TCM,13
KCS,23
VCC,16
CCY,11
WCH,8
CTF,37
NCQ,20
WYI,28
MFH,27
PNW,32
CRC,8
CKS,16
IWN,27
CKE,30
TNC,27
KCN,12
CME,23
YKH,34
WCP,11
CCW,4
CWR,22
DHW,26
QCW,9
NCM,7
CPD,44
CHC,9
WWD,11
FQW,18
QSW,67
TYC,20
WCQ,12
MCF,17
RCM,23
HTY,24
EWT,33
CWH,5
QWW,17
HWW,10
MWE,19
YNM,25
HEC,11
YKC,10
YCN,13
CWC,5
NCK,10
KCC,8
RCC,16
CKW,2
YMY,10
YFC,23
IHW,30
CTW,13
CAC,22
FPC,14
WCM,2
PMY,30
WPH,25
HKC,4
QWC,9
YHW,12
YFM,34
CCP,5
WKF,15
WCT,9
WGC,21
CEW,10
YCK,12
CMW,5
DQC,18
DKC,19
CWP,15
NWW,7
KMC,5
MWM,12
CCQ,13
CWM,3
WWC,3
WCY,16
CCT,16
WCW,5
KWW,11
HNK,34
QCH,8
CHH,16
CCS,23
PCQ,15
CMM,8
FCK,40
MTW,29
PCY,15
NYM,24
HCW,4
HCN,15
KMW,12
TMW,16
KCH,14
MWC,7
WNQ,27
HCK,15
WNC,9
MWY,11
CPW,15
NYC,12
DCH,18
CPM,10
HCC,4
CMF,12
TCS,41
WCC,3
NCC,6
WPC,8
MCH,6
QCM,7
CWK,4
CCR,14
WWW,4
CCK,4
WMC,5
CKC,1
CMY,2
