MST,84
STP,166
TPT,148
PTP,160
PTE,129
TEA,207
EAV,350
AVA,810
VAV,523
AVV,550
VVV,471
VVL,451
VLA,640
LAA,960
AAG,788
AGA,641
GAG,498
AGT,299
GTR,139
TRM,43
RMK,29
MKS,32
KSE,62
SEL,275
ELQ,124
LQK,104
QKT,50
KTL,173
TLH,78
LHS,106
HSI,44
SIG,172
IGG,264
GGR,215
GRS,172
RSL,277
SLL,401
LLS,439
LSH,96
SHS,65
HSL,104
SLH,78
LHA,141
HAA,182
AAA,1157
AGV,570
GVS,313
VSP,194
SPE,218
PER,152
ERI,199
RIV,216
IVA,396
VVG,475
VGH,96
GHG,90
HGR,66
GRD,135
RDQ,61
DQV,99
QVA,184
VAP,270
APA,350
PAV,253
AVE,295
VEN,112
ENV,110
NVA,157
VAS,397
ASE,244
ELD,247
LDR,271
DRE,129
REI,184
EIC,23
ICI,13
CIA,29
IAV,400
AVQ,145
VQE,108
QEE,93
EEQ,112
EQK,44
QKG,54
KGT,105
GTG,277
TGH,86
GHA,107
HAV,154
VQC,9
QCA,14
CAL,59
ALD,389
LDQ,177
DQL,177
QLK,92
LKD,184
KDF,74
DFS,100
FSG,174
SGT,237
GTI,210
TIL,182
ILV,264
LVT,307
VTN,97
TNA,134
NAD,141
ADV,319
DVP,166
VPL,232
PLL,336
LLR,376
LRP,167
RPE,149
PET,156
ETL,232
TLS,242
LSE,289
ELA,496
LAE,531
AEF,160
EFH,42
FHR,38
HRE,56
REA,278
EAP,158
APT,210
PTA,238
TAV,337
AVT,316
VTV,350
TVL,318
VLT,315
LTM,94
TMR,52
MRL,69
RLN,101
LND,114
NDP,84
DPT,145
PTG,175
TGY,83
GYG,127
YGR,66
GRI,212
IVR,155
VRD,206
RDE,111
DES,119
ESH,60
HSV,84
SVA,399
VAA,779
AAI,490
AIV,367
IVE,210
VEQ,137
QKD,45
KDA,177
DAD,260
ADS,264
DSK,80
SKT,104
TLA,439
LAI,320
AIQ,114
IQE,74
QEV,97
EVN,79
VNS,98
NSG,112
SGV,287
GVF,140
VFA,208
FAF,96
AFD,124
FDA,195
DAR,175
ARI,255
RIL,238
ILA,393
LAH,164
AHS,97
SLT,225
LTQ,153
TQL,143
QLD,115
LDT,181
DTD,115
TDN,74
DNA,140
NAQ,88
AQG,232
QGE,82
GEL,304
ELY,85
LYL,106
YLT,83
LTD,217
TDV,142
DVL,319
AIA,568
IAR,271
ARS,238
RSE,122
SEG,165
EGH,78
GHT,85
HTV,62
TVR,187
VRA,269
RAY,85
AYP,72
YPV,71
PVA,291
VAD,332
ADP,212
DPH,84
PHE,54
HEL,105
ELG,350
LGG,448
GGV,343
GVN,144
VND,86
NDR,49
DRV,197
RVQ,83
VQL,141
QLA,285
AEA,541
EAA,507
AAK,357
AKK,198
KKL,174
KLN,73
LNV,115
NVR,68
VRT,167
RTV,183
TVE,246
VEA,360
AAM,178
AMR,92
MRG,69
RGG,204
GGA,413
GAT,373
ATV,375
TVI,224
VID,231
IDP,177
DPA,268
PAT,201
ATT,257
TTW,36
TWI,28
WID,34
IDV,188
DVD,195
VDV,266
DVT,192
TVG,250
VGK,186
GKD,128
KDV,112
VTI,182
TIY,41
IYP,33
YPG,65
PGT,191
GTQ,103
QLR,185
LRG,305
RGA,245
TTI,131
TIA,262
IAD,303
ADN,115
NAE,153
AEV,328
EVG,167
VGP,161
GPD,109
PDS,137
DST,144
STL,260
TLI,249
LIN,106
INM,21
NMT,17
MTV,79
VGE,221
GEG,191
EGA,271
GAR,271
ARV,277
RVI,196
VIR,130
IRT,116
RTH,55
THA,88
HAM,30
AMD,65
MDS,60
DSE,144
SEI,154
EIK,112
IKA,137
KAR,153
ARA,477
RAS,190
ASV,363
SVG,250
GPF,62
PFT,80
FTY,38
TYI,38
YIR,33
IRP,88
RPG,147
TIV,188
IVG,337
GEE,191
EEG,166
EGK,164
GKL,212
KLG,227
GGF,189
GFV,181
FVE,108
EAK,161
AKN,104
KNA,85
AQI,119
QIG,89
IGR,168
GRG,235
RGS,152
GSK,108
SKV,124
KVP,85
VPH,66
PHL,64
HLS,78
LSY,102
SYI,51
YIG,67
IGD,151
GDA,237
DAT,250
GEY,86
EYS,55
YSN,29
SNI,68
NIG,95
IGA,356
GAS,343
ASS,306
SSV,246
SVF,112
VFV,161
FVN,51
VNY,30
NYD,35
YDG,62
DGV,260
GVE,264
VEK,211
EKH,40
KHH,18
HHT,24
HTT,59
TIG,155
IGS,206
GSH,66
SHV,59
HVR,59
RTG,153
TGS,227
GSD,163
SDT,113
DTM,38
TMF,31
MFI,31
FIA,157
IAP,206
APV,268
PVT,195
VGD,230
GDG,170
DGA,249
GAY,116
AYS,111
YSG,112
SGA,357
GTV,342
IRE,159
RED,118
EDV,180
VPP,110
PPG,86
PGA,263
GAL,527
ALA,974
LAV,516
AVS,381
VSG,288
SGG,338
GGK,155
GKQ,58
KQR,74
QRN,52
RNI,72
NIE,72
IEG,152
EGW,57
GWV,61
WVE,33
EKR,98
KRR,113
RRP,115
GTP,219
TPA,215
PAA,381
AAE,563
AAR,507
ARK,171
RKA,176
KAS,133
ASD,217
SDH,39
DHQ,26
HQS,27
QSK,47
SKE,112
MTI,55
TIH,34
IHI,35
HID,71
IDT,129
DTP,116
TPG,178
PGQ,90
GQT,100
QTA,83
TAH,83
AHD,89
HDD,48
DDT,85
DTG,139
TGR,196
GRT,209
RTD,90
TDR,87
VIL,243
ILD,231
LDS,259
DSV,238
SVE,211
VET,177
ETA,204
TAI,253
IAN,127
ANI,122
NIA,142
IAA,640
AGK,241
GKA,204
KAV,202
AVI,394
VIV,302
IVV,299
VVD,318
VDN,115
DNE,71
NED,49
EDR,116
REN,77
ENE,61
NEG,72
EGD,165
GDI,191
DII,123
IIF,71
IFA,138
FAA,306
AEK,264
EKA,222
KAT,153
ATP,224
TPE,262
PEL,257
ELV,348
LVA,592
VAF,196
AFM,54
FMV,33
MVR,64
VRY,64
RYS,64
YSS,64
SSG,265
SGY,92
GYI,72
YIC,10
ICA,39
CAP,27
APL,276
PLT,167
LTG,321
TGE,193
GED,177
EDC,20
DCD,25
CDR,19
DRL,239
RLG,317
LGL,630
GLS,431
LSP,240
SPM,29
PMV,51
MVT,72
VTH,76
THN,35
HNQ,8
NQD,32
QDI,72
DIR,134
IRG,141
RGT,147
GTA,352
TAY,72
AYT,86
YTV,64
TVT,236
TVD,218
VDA,394
DAN,110
ANT,100
NTG,119
GST,232
STG,223
TGI,218
GIS,248
ISA,290
SAT,291
ATS,250
TSR,115
SRA,205
YTI,36
TIQ,60
IQK,48
QKL,105
KLS,171
LSD,285
SDI,129
DIA,290
IAS,250
AST,234
TPD,129
PDD,92
DDF,65
DFT,72
FTR,61
TRP,77
PGH,73
GHV,116
HVV,100
VVP,212
PLR,164
LRA,414
RAV,271
AVP,215
VPG,244
PGG,172
GVL,420
VLE,250
LER,262
ERP,86
HTE,60
AID,215
IDL,196
DLA,385
LAR,435
ARL,353
RLA,399
LAG,591
AGL,612
GLR,258
RPA,140
PAG,236
VLC,62
LCE,42
CEV,28
EVV,244
VVS,340
VSE,230
SED,137
EDN,71
DNP,78
NPT,93
TEM,35
EMA,52
MAR,105
ARG,285
RGP,98
GPE,108
ELR,266
LRR,324
RRF,121
RFA,98
FAD,142
ADK,163
DKH,24
KHG,44
HGL,96
GLA,516
LAL,671
ALI,444
LIS,253
ISI,117
SID,148
IDQ,94
DQM,31
QMI,35
MIE,41
IEW,24
EWR,28
WRT,38
RTK,72
TKH,31
KHD,27
HDP,76
TTS,165
TSA,286
SAD,217
DPL,164
PLH,62
HSR,48
SRE,142
RER,180
ERV,205
RVA,279
ASA,463
SAA,513
IAE,344
AER,321
RVT,150
VTS,210
TST,184
STR,114
TRL,193
RLP,158
LPT,201
PTD,112
TDF,95
DFG,119
FGF,100
GFF,93
FFT,63
FTA,134
AVG,428
VGY,124
GYR,85
YRA,86
RAL,474
ALS,487
SDG,193
DGI,173
GIE,184
IEH,60
EHV,64
HVA,120
VAL,575
ALV,601
LVV,432
DIT,126
ITD,132
DND,56
NDG,76
DGT,270
GTD,171
VLV,486
LVR,272
VRV,210
RVH,65
VHS,66
HSE,44
SEC,22
ECL,25
CLT,24
TGD,173
GDV,222
DVF,100
VFG,166
FGS,129
GSR,170
SRR,197
RRC,23
RCD,19
CDC,3
DCG,29
CGQ,18
GQQ,67
QQL,122
QLQ,72
LQA,180
QAS,112
ASM,76
SMK,22
MKL,49
KLV,187
LVQ,139
QEK,67
EKG,128
KGR,100
RGV,209
GVI,264
ILY,48
YLR,107
RGQ,106
GQE,88
QEG,87
EGR,158
RGI,181
GIG,344
IGL,328
EKL,268
KLR,158
AYH,23
YHL,23
HLQ,49
LQD,107
QDG,81
DGG,145
GGI,268
GID,235
DTV,196
ANL,150
NLA,174
ALG,621
GLP,305
LPA,331
PAD,212
ADA,496
ARD,186
RDY,81
DYG,58
YGI,96
GIA,428
AAF,299
AFI,143
FIL,101
ILH,66
LHD,89
HDL,116
DLG,284
LGV,488
GVR,219
VRS,235
RSA,222
SAN,107
NLL,138
LSN,148
SNN,57
NNP,55
NPS,85
PSK,70
SKH,30
KHE,27
HEG,65
EGL,288
GLT,290
YGL,112
GLE,222
LEV,201
EVS,200
SGR,191
RTP,123
TPV,198
PVE,184
VEV,254
EVA,319
AVN,183
VNE,101
DNL,97
NLR,119
LRY,90
RYL,112
YLI,66
LIT,245
ITK,77
TKR,70
KRD,61
RDR,156
DRM,45
RMR,79
MRH,26
RHD,50
DLP,209
LPW,51
PWI,18
WIE,24
IET,112
ETY,49
TYV,68
YVS,83
VSS,264
SSH,73
MSG,85
SGK,235
GKE,120
KEH,51
EHA,90
HAS,83
SVT,237
VTL,285
TLG,302
LGF,244
GFL,211
FLA,248
AAL,937
ALT,410
TGG,249
GGE,228
ELH,62
LHG,100
HGD,70
GDK,121
DKD,86
KDI,116
DIV,180
IVI,177
VIE,180
IEE,168
EEI,220
EIS,147
ISL,205
SLD,239
DSQ,92
SQE,98
QEL,210
ELP,229
LPQ,121
PQG,86
QGG,125
GGL,380
GLF,191
LFA,232
ALP,335
LPG,271
TRS,131
RSH,59
SHG,77
HGA,111
GAK,191
AKY,50
KYA,36
YAQ,66
AQE,205
QET,86
ETQ,57
TQA,129
QAA,287
AIL,317
ILT,187
TDA,227
DAA,492
GAE,278
AEI,305
EIL,242
ILR,173
LRE,303
RES,130
ESG,204
SGD,189
GDT,168
DTR,88
RPR,109
PRL,154
RLV,247
VVE,294
VRG,191
GIL,271
ILG,334
LGT,328
TVS,244
VSA,430
SAE,289
EIY,53
IYG,82
GRP,159
RPS,113
PSD,121
SDS,174
DSL,280
SLQ,107
LQI,82
QII,71
IIG,243
IGI,186
GIT,242
ITG,231
TGT,233
GTS,196
TSG,236
GKT,265
KTT,152
TTT,194
TSY,52
SYM,17
YML,30
MLE,75
LEA,357
EAG,306
GLI,355
INA,165
NAG,190
GKS,209
KSV,115
VGL,425
LIG,363
IGT,199
GTT,234
TTG,180
TRI,115
RIN,64
ING,96
NGV,133
GVK,147
VKI,70
KIP,67
IPT,123
PTK,77
TKL,123
KLT,143
LTT,200
TTP,151
PEA,245
PTL,206
TLQ,108
KLF,68
FAQ,73
AQM,53
QML,57
MLT,77
TQG,101
QGV,138
GVT,285
THV,70
VVM,73
VME,55
MEV,54
SHA,93
HAL,151
LSL,380
SLG,359
LGR,297
GRV,267
RVS,191
ATH,74
THF,26
HFA,58
AGF,249
GFT,121
FTN,40
TNL,96
NLS,142
LSQ,187
SQD,77
QDH,21
DHL,88
HLD,93
LDF,128
DFH,36
FHP,46
HPT,58
PTM,38
TME,38
MEE,49
EEY,80
EYF,40
YFE,35
FEA,114
AKA,320
KAL,308
ALL,750
LLF,182
LFD,138
FDP,112
PAS,207
SVH,56
VHT,75
HTK,29
TKK,89
KKT,91
KTV,140
VIC,27
CID,17
IDE,158
DEP,132
EPW,18
PWG,32
WGL,59
GLQ,125
LQM,20
ERS,118
RSG,232
EAL,495
LSV,303
SVS,254
VSM,76
SMA,96
MAS,94
DTQ,45
QAD,110
ADF,131
DFV,109
FVV,146
VSN,90
SNL,115
NLT,111
LTV,276
AGG,430
GGQ,166
GQR,123
QRF,60
RFV,105
VVT,307
THE,50
HED,57
EDD,101
DDE,116
DEI,130
EIA,245
AVD,283
VDL,261
LPI,188
PIP,106
IPG,190
GAF,201
AFN,78
FNV,58
VAN,147
ANA,231
NAA,242
AIG,332
LAS,423
VGI,299
DLD,245
DRF,97
FVA,229
VAG,489
LTA,423
VSV,332
SVP,175
PGR,150
GRM,59
RME,46
MER,48
RVN,91
VNR,84
NRG,92
GQD,75
QDF,58
DFL,123
IVD,231
VDY,78
DYA,93
YAH,31
AHK,63
HKP,21
KPA,133
AAV,660
AVL,600
AVR,327
VRR,220
RRQ,111
RQA,151
AGR,329
VAI,322
VGA,432
GGD,180
GDR,163
DRD,114
DRS,88
RSK,86
SKR,83
KRA,143
RAI,220
AIM,95
IMG,60
MGK,51
KES,110
ESA,246
SAL,472
ALR,469
RAD,169
ADL,387
DLV,296
LVI,325
IVT,165
VTD,205
TDD,110
DDN,48
NPR,82
PRS,111
EDP,131
PAL,284
LIR,190
EAI,273
TGA,356
GAQ,185
AQK,117
QKA,78
KAA,311
AAT,479
TTA,286
TAE,261
EIR,144
REV,161
DRR,126
RRE,167
AIK,124
IKQ,47
KQA,81
QAV,208
VAW,64
AWA,94
WAQ,34
AQP,110
QPT,70
DAV,406
VII,172
IIA,298
IAG,387
GKG,154
KGH,38
GHE,65
HEV,70
VGQ,102
GQL,168
QLI,138
LIQ,112
IQG,87
QGI,118
GIN,113
INH,31
NHH,10
HHF,20
HFD,43
FDD,93
DDK,47
DKE,89
KEE,85
EEL,399
IAL,442
ALE,370
LEE,296
IRD,131
RDN,68
MTS,92
TSH,54
SHN,46
HNW,8
NWT,15
WTA,47
TAN,96
ANQ,85
NQK,35
QKN,29
KNL,115
NLM,33
LML,122
MLF,50
LFT,137
FTG,125
GRA,267
RAH,93
AHP,95
HPA,86
LAD,474
ANE,92
NEL,134
LGI,419
IST,150
STT,171
PTT,159
TAR,250
RDF,89
DFA,146
FAN,76
ANG,158
NGE,134
GEI,222
EIF,75
IFV,113
FVR,118
VRF,80
RFE,76
FEE,93
EES,161
ESV,193
SVR,159
RGC,26
GCD,32
CDA,46
DAF,153
AFV,219
FVL,153
VLQ,123
LQS,123
QSH,31
HAQ,57
QPL,93
PLN,77
LNK,101
NKW,14
KWL,30
WLM,23
LME,55
MEQ,42
EQL,221
LIM,68
IMI,43
MID,54
IDA,394
DAL,476
ALK,237
LKR,123
KRG,125
GSA,356
SAK,152
AKR,174
KRI,110
RIT,143
ITA,312
ILP,148
LPF,114
PFY,30
FYP,27
YPY,24
PYA,86
YAR,88
ARQ,144
RQD,42
QDK,29
DKK,74
KKH,40
KHR,38
HRG,60
RGR,204
GRE,150
REP,57
EPI,88
PIS,101
SAR,237
DLL,319
LLH,127
LHT,82
HTA,84
TAG,303
GAD,314
ADR,225
DRI,163
IVS,211
SVD,209
DLH,82
HTD,56
TDQ,59
DQI,84
QIQ,40
QGF,72
FFD,68
FDG,113
DGP,99
GPV,180
PVD,150
VDH,89
DHM,22
HMH,7
MHA,37
AMP,72
MPI,54
PIL,144
TDY,57
DYI,52
YIK,24
IKG,108
KGK,126
GKY,52
KYN,21
YNL,28
NLE,106
LEN,131
NVV,149
SPD,119
PDA,210
DAG,303
RVK,99
VKV,156
KVA,202
VAE,410
EKW,26
KWA,22
WAN,27
NTL,110
LGD,275
DAP,211
PLA,312
LAF,226
FVH,47
VHK,43
HKT,30
KTR,101
RSV,198
DVA,303
NQV,62
QVV,115
VVA,560
ANR,93
NRV,80
RVV,249
DVK,94
VKG,138
KTA,152
ILL,302
LLD,425
LDD,212
DDM,37
DMI,40
GGT,233
GAV,444
VGV,365
VLR,293
LRD,286
RDA,230
AED,204
DVI,210
IAC,54
ACT,26
CTH,15
THG,76
HGV,101
VFS,147
SGP,125
GPA,172
PAR,146
ARE,309
ERL,289
RLS,206
SQC,12
QCG,10
CGA,67
AKE,201
KEV,99
EVI,169
VIT,223
ITT,151
TTD,125
TDT,125
DTL,178
TLP,188
PQS,92
QSD,45
SDE,127
DEG,112
GWD,44
WDN,15
VLS,401
LSI,238
SIA,291
LLA,714
LAK,282
AKT,145
KTI,104
IHE,52
HEI,45
IFE,53
FEN,39
ENG,118
NGS,107
GSV,281
VTT,187
TTL,272
TLF,117
LFE,108
FEG,99
EGE,176
HAY,36
YSV,86
ADI,268
IRA,207
RAA,441
AEN,160
ENP,88
NPL,127
PLI,186
IQA,116
AAP,303
APD,155
ALM,143
LMR,85
MRQ,31
AAQ,355
AQA,327
ALC,84
LCM,16
CML,9
MLP,88
LPH,81
PHD,46
HDT,39
DTS,126
TSK,78
SKI,96
KIL,140
AGS,335
GSG,350
GGN,116
GNG,143
NGG,117
DGL,193
GLY,94
LYA,124
YAG,125
LAQ,348
AQL,274
QLG,193
LGH,108
TVH,65
VHA,132
SSS,244
SSA,300
SAH,105
AHA,179
HAP,76
AFE,132
FEQ,54
EQA,213
QAG,154
LAP,298
PLE,139
EEA,342
EAD,167
DAI,254
MGL,98
GLG,488
TTE,126
TEL,220
RDT,87
DTT,123
TWN,24
WNL,25
NLW,15
LWQ,28
WQK,17
VAK,189
KAP,86
VPS,173
PSG,189
SGI,225
INS,92
NSD,83
GSN,84
SNR,53
NRP,58
GAA,534
AAC,91
ACV,70
CVT,26
VTA,355
TAD,233
ATI,246
TIT,182
ITF,103
TFG,119
FGV,172
GVA,435
VAR,323
RIA,289
IAH,123
SPH,48
PHC,6
HCG,18
CGE,25
GEV,267
EVL,330
DIN,82
AGQ,175
GQS,102
QSL,146
SLA,440
QAF,103
AFS,174
FST,114
STK,103
TKS,82
KSP,45
SPA,198
VDF,109
DFF,52
FFQ,28
FQT,34
QTV,84
TVQ,94
VQR,113
QRS,110
RSR,155
SRF,91
RFS,91
FSW,25
SWP,34
WPD,16
PDH,54
DHF,24
HFL,48
FLR,118
LRT,230
TDP,150
LHI,63
HII,42
IIE,112
IES,134
ESL,260
SLE,236
LEP,133
EPA,134
AEH,131
EHN,38
HNK,18
NKY,23
KYS,37
GVV,402
VIA,412
GSE,124
SET,134
TYP,60
TAT,294
ATA,522
TAA,514
AVH,111
HAT,76
TPS,129
PSM,33
SMV,88
FVG,195
VGS,249
GSC,27
SCA,30
CAQ,19
AQD,125
QDV,85
DVV,325
VVR,246
RAR,260
ARP,147
PEV,206
VAT,342
ATE,226
ELL,454
LLI,323
LID,306
VQA,153
QAW,38
WAY,26
AYG,116
YGP,73
GPG,174
AGD,231
TDW,24
DWL,46
WLA,111
LLQ,187
LQR,156
QRP,75
PEP,134
EPL,145
PLV,221
ADG,293
ITQ,84
QEP,44
EPE,120
RGL,330
GLL,457
ARR,321
RRG,237
HGW,21
GWQ,35
WQT,21
QTL,149
ITP,133
TPH,60
GEF,102
EFL,143
LRL,291
ARC,30
RCA,26
API,176
PIR,58
RDI,143
DIH,52
RIG,184
RDL,224
LGC,47
GCQ,10
CQV,12
QVL,164
VLL,488
LLK,227
LKG,139
ITI,115
TII,109
DSA,232
SAV,358
AVC,51
VCI,37
CIN,13
AGH,127
GHS,103
HSW,14
SWA,58
WAA,86
PGS,176
TGL,287
GAW,66
AWV,66
WVA,68
SGL,372
GLD,311
LDA,421
PLC,22
LCV,53
CVS,24
VSI,171
SIH,43
IHA,94
AMA,185
MAA,165
AAW,109
AWL,119
WLS,82
LSA,445
SAQ,144
AQT,128
QTE,52
TEY,53
EYG,96
STW,48
TWA,54
AKI,148
KIA,163
DFI,80
FIS,95
ISQ,117
SQA,143
QAT,127
ASP,178
SPQ,90
PQN,50
MTT,83
TTV,226
TVA,368
ATG,377
TGQ,120
GQV,162
QVG,103
VGR,210
RVM,65
VMR,61
MRS,78
RSI,131
SIL,175
ILE,176
EER,132
ERK,94
RKF,37
KFP,27
FPA,100
DKV,129
KVR,104
RFF,40
FFA,97
FAS,156
SAG,346
LQF,42
QFN,23
FNG,70
EDI,165
DIE,131
IEV,147
EVE,175
VED,203
EDL,261
TED,119
EDS,127
SLK,142
KGI,118
ALF,249
LFS,141
FSA,176
GGS,274
STS,198
SKQ,59
KQY,29
QYA,41
YAP,75
PLF,112
TVV,292
DNS,78
NSS,89
SAW,69
AWR,57
WRK,22
RKD,79
KDP,97
DPD,142
PDV,151
LIV,293
SEV,170
VNP,97
NPE,113
PED,176
EDK,65
DKN,54
KNN,41
NNL,58
NLV,159
LVK,146
GII,207
ANP,133
NPN,47
PNC,7
NCT,9
CTT,37
TTM,46
TMA,86
MAI,89
IMP,36
MPV,57
PVL,280
VLK,157
LKA,234
ALH,133
HDV,86
VTK,134
TKM,25
KMH,8
MHV,17
ASY,109
SYQ,41
YQA,57
SGS,304
AKQ,102
KQT,48
EIG,155
DRC,16
RCV,23
CVE,28
VEL,263
LVH,113
VHD,69
HDG,65
DGS,230
APE,216
PEE,185
LGP,186
GPY,50
PYV,58
YVA,101
PIA,198
IAY,87
AYN,47
YNA,55
NAL,222
PFA,122
FAG,226
AGN,166
GNL,148
LVE,304
EDG,169
GLN,156
LNE,134
NET,56
ETD,101
TDE,143
DEE,149
LRN,147
RNE,64
NES,65
ESR,127
SRK,109
RKI,94
LPE,279
ELK,164
LKV,163
GTC,28
TCV,34
CVR,26
VRI,162
RIP,111
IPV,228
PVF,119
VFT,128
HTM,21
TMV,59
MVV,101
VVH,100
HAE,97
EFE,73
FEK,48
KAI,147
AIT,250
PDQ,54
DQA,122
QAR,139
APG,229
PGV,247
VPT,162
TPL,216
RDD,84
DDS,130
SLV,345
LVG,468
RIR,147
IRQ,57
QDQ,35
DQT,42
DNN,36
NNK,35
NKG,62
KGL,176
GLV,442
LVF,166
GDN,85
LRK,197
RKG,113
KGA,154
ALN,218
LNA,216
NAI,113
IQI,44
QIA,131
AEL,530
MRI,59
IAT,283
ATL,401
TLT,244
LTS,226
GDC,14
DCP,14
CPG,19
PGL,178
NAV,199
GIV,349
RTC,20
TCS,31
CSE,24
SEY,64
YGS,86
STV,227
GYE,74
YED,34
DGW,34
WVG,57
GLM,94
MED,43
DKR,66
RIQ,55
IQL,89
QLY,40
LYD,87
YDD,50
DEN,73
ENI,87
NID,94
IDR,154
GRL,278
RLH,93
LHP,83
HPD,99
PDK,54
DKF,45
KFK,27
FKA,71
KAG,207
LEQ,188
EQI,120
QIK,35
IKE,110
KEN,70
ENL,142
DAE,287
EID,151
LIP,202
IPI,85
PIG,95
EGT,165
GTL,309
TLK,150
AQW,48
QWL,57
SDN,76
DNG,108
NGI,113
GIP,222
PVV,256
GVP,255
VPK,72
PKT,82
TID,141
IDN,64
NDV,95
DVN,80
VNG,134
NGT,108
DYT,61
YTF,31
GFD,144
FDT,68
DTA,208
ATD,220
AES,255
HNR,28
VMI,55
MIV,79
EVM,61
VMG,108
MGR,88
GRH,53
RHV,55
HVG,77
VGW,45
GWI,58
WIA,70
HAG,92
AGM,146
GMA,119
MAG,116
GAH,120
AHY,39
HYT,15
VIP,185
IPE,159
PEH,79
EHP,60
HPF,25
PFD,64
FDI,62
INE,67
NEI,84
ICK,13
CKA,16
KAM,52
AME,86
ERR,174
RFQ,39
FQM,15
QMG,26
MGE,57
GEK,172
EKY,49
KYG,59
IIV,160
AEG,310
LPK,115
PKE,80
KEG,132
GTM,58
TMS,61
MSF,47
SFA,166
QGC,14
GCV,33
CVD,26
VDQ,79
DQF,33
QFG,62
FGH,53
GHQ,28
HQT,12
QTF,42
TFN,64
IGQ,85
QVI,98
VIG,334
IGE,187
IKR,81
RRL,290
GHD,72
DVR,173
RTT,106
VLG,504
GHI,77
HIQ,25
IQR,94
QRG,114
AYD,86
YDR,53
RVL,333
LAT,412
ATR,206
TRY,49
RYG,89
YGV,106
GVH,109
RAC,31
ACH,12
CHT,7
HTQ,30
TQD,72
FGK,65
GKM,41
KMV,24
MVA,118
HGE,73
GEH,67
EHI,77
DLI,210
IPL,228
VGT,252
KVV,188
VPA,279
ARY,105
RYR,73
YRT,46
RTA,219
ILI,161
LIA,502
ASN,85
NNA,79
NAK,81
KLK,105
LKE,199
KEL,214
ELE,249
EAS,215
ASG,366
EIV,201
IVP,130
VEP,121
EPY,52
PYP,38
YPE,60
EPQ,65
PQE,103
QED,60
DGR,181
RSF,87
LIK,129
RAG,297
VKN,97
KNT,61
ADD,178
DSG,185
LMV,81
MVE,60
VEE,256
ELN,122
LNG,120
NGM,42
GMP,69
MPG,48
ARW,46
RWS,28
WSG,43
GDD,160
DDA,236
AAN,184
ANN,73
NNN,29
LLL,537
LKQ,90
KQM,24
QMS,31
MSD,70
SDV,188
VPE,202
FVS,123
SVC,34
VCA,57
VTP,172
PDG,137
GTE,144
TEH,54
EHL,116
HLV,92
VEG,275
GRW,43
RWE,22
WEG,44
RLL,378
LLT,400
TAP,205
APQ,135
QGD,81
NGF,58
GFG,190
FGY,56
GYD,83
YDP,64
LFV,144
FVP,97
PGE,154
EED,128
GTY,84
TYR,50
YRS,62
RSS,141
ELS,297
AEE,359
EEK,136
EKN,71
AIS,228
ISH,71
SHR,77
RGK,154
KQL,126
QLV,169
LVP,259
VPI,126
PII,127
IIS,145
ISR,171
SRI,144
RII,127
IIQ,44
IQD,62
AIE,223
IEL,183
LLY,96
YDA,95
DLS,259
SLI,267
QGR,96
GRK,126
RKV,117
IGY,80
GSQ,108
SQG,131
QGH,42
HAH,42
AQC,21
QCL,18
CLR,15
RDS,125
VVI,260
REG,167
EGS,154
SKS,86
KSA,145
KAE,148
GFE,98
FEV,111
EVK,113
VKT,92
KTN,56
QWA,30
WAD,44
VIM,46
MIL,66
PDT,99
TSQ,80
QAE,139
IFK,37
KAD,111
IEP,107
EPN,51
PNL,88
NLQ,50
LQP,87
QPG,108
PGN,70
GNA,150
LFF,77
FFG,107
LNI,83
NIH,30
IHF,27
HFN,14
FNL,66
NLI,103
LIE,187
EPS,99
PSS,164
SSD,161
ITV,207
VGM,100
GMI,82
MIA,121
APK,139
PKG,91
KGP,55
GHL,98
RQF,33
QFV,36
FVD,109
VDG,289
DGK,169
KGV,129
VPC,17
PCL,14
CLI,22
VAQ,196
QDP,74
PHG,74
REL,335
ELT,255
LTL,314
SYA,127
YAA,152
ETT,124
TTF,96
TFR,66
FRE,76
REE,178
EET,159
ETE,120
TET,129
TDL,211
DLF,107
LFG,230
FGE,126
GEQ,101
LCG,63
CGG,40
LEH,93
HLM,32
LMM,17
MMK,9
MKG,30
KGF,65
LTE,246
AGY,176
GYA,128
PEM,32
MAY,39
AYF,49
VLH,117
LHE,82
HEM,18
EMK,20
KLI,151
LIW,26
IWE,22
EGG,149
IEN,75
ENM,28
NMN,5
MNY,13
NYS,34
GGY,104
GYM,20
YMA,29
AGP,180
GPR,93
PRI,105
IIT,118
ITS,156
TSE,162
VKE,130
NMK,10
MKA,49
DIQ,63
IQS,66
QSG,101
GKF,66
KFV,51
RDM,31
DMV,64
DVE,207
GQP,94
QPK,34
PKL,110
KAY,60
AYR,104
YRE,88
AAH,198
HPI,50
PIE,82
ETG,184
AKL,238
DLM,59
LMS,75
MSW,16
SWV,50
WVK,29
KNP,80
NAT,129
MTQ,43
TQH,24
QHS,31
HSQ,44
QAK,84
RLF,100
FTS,122
SES,152
VTE,208
TEG,126
GHP,77
DKI,75
KIC,14
ICD,23
VSD,203
DTI,94
VDP,201
PHA,97
HAR,97
ETV,183
VHV,93
EVR,175
RTS,119
GYV,118
YVE,79
VEI,167
EIP,122
IPK,57
RDK,64
DKL,158
IEI,86
IGF,126
GFN,74
FNS,40
SSE,178
VGF,134
TCG,28
CGV,50
EQS,84
QSQ,50
QEI,94
GVD,299
DQS,67
SHE,44
SQT,82
QTD,46
DED,134
DDQ,68
GDQ,82
DQG,73
QGL,173
LMF,33
MFG,50
YAT,82
ATK,165
TKE,92
KET,95
ETP,131
TLM,85
LMP,72
MPL,76
PLP,173
PID,88
AHR,124
HRL,102
LSR,264
RLT,195
TQV,73
QVR,103
VRK,115
RKE,113
EGI,200
VPN,71
RPD,93
KTQ,42
QVT,91
VTF,116
TFA,144
FAY,38
YDE,49
GKP,139
KPV,105
PVH,67
VHL,94
VST,220
STQ,80
QHD,22
DPQ,113
PQV,100
VTQ,88
TQE,91
QEW,17
EWL,65
WLH,21
HEQ,35
QIR,73
IRK,84
RKN,74
KNV,84
VDW,32
DWV,45
WVL,71
AGI,407
NDY,43
YTL,67
TLL,373
LLV,463
LVN,147
GSF,128
SFI,95
FIV,101
VGG,361
GGP,163
GPM,49
PMG,41
MGD,52
KII,78
VDT,195
DTY,59
TYG,76
YGG,84
GGM,108
ARH,94
RHG,66
HGG,116
GGG,320
DPS,144
KVD,109
VDR,168
AYA,188
YAM,28
MRW,21
RWV,53
KNI,70
NIV,82
DRA,209
RAE,249
EVQ,77
VQV,97
VAY,105
YAI,71
RAK,145
AKP,100
PVG,197
LYV,91
ETF,74
FGT,128
DEK,82
EKI,192
KIQ,43
IQQ,47
QQA,121
EVF,110
VFD,107
FDL,110
DLR,216
AII,221
IIR,79
LDL,292
RPI,82
PIY,40
IYA,90
YAD,104
ADT,186
AAY,191
YGH,29
GHF,35
HFG,60
FGR,106
DDL,216
PWE,22
WEK,29
KID,96
RVE,164
LRS,244
DLK,122
LKF,51
KFL,64
NPD,113
PDI,103
VRE,211
ESQ,65
SQR,117
QRI,115
RGE,216
DPE,228
LVD,358
VDK,159
KLL,234
AAD,383
ADE,224
DEA,257
EAR,206
RRA,296
IQV,67
DEL,274
SEH,65
EHK,24
HKA,35
KAF,87
AFG,238
GKK,131
KKI,94
KIG,107
GQA,145
ERT,145
TAL,420
LLE,349
LEG,218
SNE,51
KAK,135
AKV,199
KVK,87
KEA,173
EAE,250
EAQ,148
AQS,158
QSA,131
VDE,220
FSN,48
SNV,75
IVL,306
GEP,153
EPR,73
PRT,115
RTF,87
TFD,96
FDF,43
DFE,77
FEP,42
EPK,70
PKD,85
KDH,39
HLE,65
LEL,258
LGE,306
GES,185
DTK,51
GTK,123
TKV,106
KVG,151
ARF,123
RFY,39
FYY,12
YYL,30
AFL,244
FLQ,57
LQL,148
LGM,114
GML,103
MLN,42
LNL,163
GFQ,50
FQL,45
QLM,48
LMI,69
MIP,52
IPP,78
PPV,99
VRP,127
PEI,150
EIM,41
IMQ,22
MQG,28
QGT,108
TGF,129
FLG,217
LGA,604
HSD,58
IYY,17
YLE,67
ERD,98
DLY,84
YLV,119
GYH,19
YHK,4
HKD,30
KDE,71
EII,150
IID,128
DLN,93
GPI,102
PIK,50
IKY,21
AGW,101
GWS,44
WSS,33
SSC,21
SCF,10
CFR,5
FRR,78
GSY,68
SYG,114
YGK,62
KDT,79
TRG,154
LRV,222
VHQ,38
HQF,15
QFD,42
FDK,56
KLE,119
LEM,45
EMF,30
MFV,47
FVF,86
VFC,12
FCK,8
CKP,5
KPE,111
EDA,209
EQH,48
QHQ,19
HQA,57
QAL,294
LKM,23
KME,18
DML,76
MLA,177
EVP,148
VPY,44
PYR,30
YRV,51
GDL,236
LGS,314
GSS,264
KFD,46
DTE,102
EAW,48
WVP,44
PTQ,60
TQN,36
QNT,39
NTY,35
TSN,79
SNC,10
TFQ,37
FQA,79
RLQ,130
LQT,92
QTR,61
YRD,57
DET,101
TGK,153
KAQ,94
QTC,7
TCA,39
CAT,31
TLN,125
TTR,131
TRW,22
RWL,66
WLV,72
ENN,60
NNQ,25
NQQ,27
SVI,212
RPF,47
PFV,96
MLK,58
LKT,139
GSI,237
SIN,73
VHR,77
HRP,44
RPP,55
PPT,87
GET,201
GMD,60
DSS,197
SSI,157
SIS,155
ISP,121
SPG,112
GAN,151
NQA,81
ALQ,190
LQG,128
QGA,142
VVF,173
VFI,94
FIG,124
KDS,99
DSY,64
YAE,120
AEP,160
PAM,68
MEL,70
VSL,353
HVS,70
GPT,132
SDD,136
DDG,111
DGE,161
GEN,119
ENS,92
NSI,71
SII,118
AYV,94
IPA,240
DGF,89
FLE,107
VVN,123
VNL,134
PVI,186
VIS,205
ISV,185
PLM,49
LMA,133
MAN,68
NEH,25
EHE,45
HEA,79
EAN,109
LIL,321
ISS,156
DDP,136
GFA,212
SVV,297
SKG,105
PQA,138
PSP,111
SPK,64
PKV,72
KVT,165
AFA,312
QLL,245
LSG,446
AQH,67
QHA,50
YAV,106
VQY,24
QYR,36
YRG,69
QVS,128
VSY,86
SYP,47
YPN,30
PNA,110
MAL,134
LVL,477
VLN,143
LNS,120
SIK,76
IKF,24
KFQ,23
APF,114
GKI,158
KIT,114
ITL,203
LKH,51
KYV,40
YVV,95
ADH,96
DHT,40
AFK,65
FKL,54
KLM,33
LMG,131
EHG,94
HGC,13
GCG,70
CGP,27
GPK,68
GHR,69
HRV,92
VHG,114
QVF,79
FSQ,76
SQP,94
QPE,79
ELI,241
DEV,217
AIR,190
LHN,49
HNP,49
NPA,150
PAN,77
NIS,75
ISG,226
ART,201
RTL,236
LLP,300
PHV,63
AVF,207
FFY,17
FYS,42
YSM,26
SMP,49
MPP,34
PPA,125
ALY,131
ESE,146
TKN,58
KNG,81
RRY,80
YGF,61
GFH,42
FHG,40
HGT,81
HEY,20
EYI,37
YIS,44
SQQ,60
QQV,73
QVP,86
LLG,559
LGK,225
VNQ,53
NQI,48
QIT,93
LHL,85
HLG,98
LGN,143
NGA,133
RQG,79
QGN,65
GNP,121
NPI,42
TSM,52
SMG,67
MGM,33
GMT,73
MTP,49
LAM,150
AMG,129
MGT,77
DID,173
DPG,108
PGI,132
IFH,27
FHL,32
HLY,30
LYR,88
GMS,112
MSI,78
IDD,147
LLN,166
NKR,41
KRS,82
NDF,49
DFR,76
LHQ,55
HQL,65
EGN,94
GNE,74
LAY,141
AYK,45
YKV,42
KVY,33
VYI,30
YIQ,23
RFI,55
YMI,9
MIS,70
RID,165
TFT,124
GVG,380
END,55
NDD,57
DLE,196
ENF,57
NFG,72
FGI,133
GIK,124
IKI,73
STI,143
TIK,77
IKV,105
KVF,62
PTN,63
TNE,67
NEE,76
RYA,87
YAK,61
RVG,211
QAI,148
NEA,108
EVD,169
SVL,322
VLI,307
IDS,160
FTT,83
SVM,88
MGN,31
NLD,122
DFC,15
FCI,9
NHG,29
HGI,82
ISC,16
SCV,25
CVV,50
TER,103
AQV,174
QVK,54
KEW,24
EWT,27
WTE,19
TEK,116
PSV,150
APN,83
PNF,31
NFA,63
FAI,118
MAF,61
FAR,145
AKF,58
KFF,36
FDS,95
VEY,57
EYH,23
YHH,12
HHP,26
HPN,23
PNK,32
NKL,84
KLD,118
APS,172
AIH,78
IHT,48
TAQ,158
TQP,78
QPD,56
SRG,186
VPV,256
VRM,69
RMT,47
MTG,67
TGM,59
GMV,109
VAH,121
AHE,101
HEE,52
EEV,181
VIF,102
IFG,147
FGA,221
QGQ,60
LTI,159
TIR,126
QDS,61
SYD,54
DRT,90
TSF,80
SFV,115
QEY,42
EYP,40
LDK,171
DKY,27
KYL,61
YLD,99
MAD,97
DIM,27
IMH,12
HVF,39
DSR,117
RGN,84
PTV,169
VFL,183
FLD,137
AHG,139
GIH,52
EAH,83
RDG,181
DRY,79
YLG,122
VNN,66
NNI,51
NIN,38
DQR,63
QRL,200
RLI,214
QAM,59
AMI,107
LDG,249
TEN,84
ENK,63
NKS,41
KSR,76
SRL,233
MAV,120
LPL,285
PLY,74
YRY,23
RYI,48
GPN,86
NAH,58
AHL,150
HLL,121
LPV,302
PVP,142
VPM,50
PMM,14
MMN,12
MNI,43
IVN,106
HAD,107
DVQ,72
QEF,65
EFM,22
FMI,26
ESF,93
SFS,115
FSE,102
SEA,231
LRM,64
RMG,54
MGA,147
EVY,70
VYH,18
YHS,18
LKS,91
VIK,104
IKS,83
KSK,54
LST,238
GDE,137
FAP,106
VES,162
EST,132
TKA,137
IEK,128
GMK,41
MKP,20
KPG,117
TDI,124
LDV,264
SEF,91
EFF,65
FFK,16
FKD,59
KDG,146
KYH,8
YHF,19
HFE,22
EHT,50
EEM,56
MAK,84
VYA,101
IEQ,93
EQY,30
QYP,37
YPI,30
PIV,145
SIE,138
IED,118
PLQ,80
LQE,141
DDW,30
DWE,27
EGY,72
GYT,93
YTN,29
KVQ,61
VQI,73
QIV,118
FFV,86
FVT,103
TNP,90
NPV,111
PVR,127
VRL,223
IDK,82
KKA,182
KVN,59
HRN,37
RNG,80
NGY,48
RTM,46
TMM,25
MMS,24
MSH,25
HRS,55
SGE,229
EDT,113
GQI,105
IKT,72
KTG,129
GAP,228
SER,155
YNQ,17
NQL,72
LRI,188
RIE,140
EQE,79
AVY,102
SAF,147
AFP,97
FPR,58
PRF,56
RFR,73
MTE,46
FND,42
NDT,49
DQP,64
QPY,21
YAS,107
ASL,433
GLK,167
KDD,67
DEY,50
EYA,101
RIK,79
IKD,87
DIL,190
GRR,193
RPT,110
AMY,19
MYS,23
VMW,19
MWS,13
WSE,39
EHC,9
HCS,13
CSY,3
SYK,33
YKS,23
KSS,90
SSK,92
KVH,40
HLR,81
RYF,57
YFG,55
EMG,53
ENA,145
VDI,159
DIG,97
DGN,93
FRV,74
HNH,15
NHP,37
HPS,50
PSY,49
SYV,77
EPH,39
PHQ,29
HQG,38
TGV,273
IMA,88
MAM,32
AVM,115
VMD,52
MDQ,20
LRF,87
RFG,129
FGP,98
VLP,254
SHY,19
HYG,37
YGN,42
GNC,6
NCL,9
CLG,32
LPN,95
PNI,68
TVF,113
FDE,88
ESY,57
SYS,91
SGN,124
VNA,164
CVG,45
KVE,114
LKL,159
KLA,234
GNK,56
NKV,78
KVM,40
VML,119
SRT,133
DTF,67
TFV,109
RKL,183
KLP,131
GDP,150
DPF,47
FAE,147
EKV,141
KVL,215
IEC,15
ECC,3
CCL,7
CLD,27
LYK,37
YKA,42
GIQ,76
QDL,116
LAC,55
ACA,90
AAS,466
GME,54
MTA,91
ILS,205
LSS,315
QER,90
ERM,66
RMC,6
MCA,20
CAV,63
VER,193
ERF,113
CAH,16
AHW,21
HWD,17
WDV,33
VTC,34
CAE,46
EVT,199
TDG,145
GKH,43
KHL,57
HLI,71
LII,175
IRH,43
RHR,59
PAH,97
AHT,108
HTI,42
EGP,92
PVY,49
VYD,56
DRP,83
RPL,154
PEW,45
EWQ,18
WQD,24
QDT,51
EFS,110
KPT,65
FEM,26
EMV,40
LCS,44
CSR,27
RAF,137
FIT,77
ITE,154
TEQ,86
QYD,24
RYV,81
YVR,65
GNT,111
NTV,112
TTN,67
TNR,59
DAS,239
GRY,99
RYT,44
YTK,36
LDP,234
DPN,108
PNT,68
EAY,85
YRN,30
RNV,108
VTG,327
RPV,160
TNC,9
CLN,18
LNF,55
GSP,135
GVM,100
MWQ,6
WQF,14
QFK,23
FKE,54
PVS,177
GNV,131
NVS,109
VSF,127
SFY,34
FYN,17
NQT,33
QTG,79
DDV,180
DVH,71
YLL,122
DEF,65
EFG,107
FGG,232
SIW,34
IWQ,22
WQQ,26
SGM,75
PPR,76
PRV,106
RVD,137
LAN,202
EPG,160
DVS,176
KGM,46
MDV,51
TEV,172
ADM,81
DMF,23
MFT,30
SAS,295
ASR,240
SRV,190
ATQ,134
VFK,68
VTR,139
TRD,125
DLT,202
NVQ,40
VQG,113
QGS,91
SNT,68
FAV,169
GVQ,104
ELC,31
CEA,32
AWE,57
WEN,21
ENT,94
ELF,134
ANS,113
NSV,91
STN,65
TNG,73
AVK,207
IKP,57
KPS,70
NKD,69
KDM,37
DMA,65
NQG,56
QGP,46
PEY,56
EYV,68
TRN,72
RNK,47
NKI,47
KIV,105
PVK,89
VKL,120
LSK,172
SKK,74
KKS,105
KSM,34
SMS,49
IVF,120
VFN,70
NAN,56
NAC,13
ACN,10
CNG,12
EQD,64
QDA,109
DAQ,155
QTI,74
SLS,322
LSF,149
SFK,50
KAN,75
AND,79
ACS,45
CST,22
NGL,122
GDH,63
DHG,75
IMT,39
VSK,126
HKE,23
SGW,58
WSV,47
GAM,120
GMM,27
MMA,33
MAP,50
PSL,183
ATM,84
TML,84
MLV,109
LVC,53
CIT,12
LEK,239
FNT,47
TLD,174
LDI,183
IDG,224
TND,64
LLM,112
EAF,159
FET,64
CAD,31
ADQ,132
SDA,263
EGV,203
KRV,112
RVR,174
SND,61
NDE,62
DEQ,70
NLF,60
LFK,63
FKC,1
KCA,8
CAM,8
AMF,48
SDP,128
PNW,11
NWG,14
WGR,43
IGM,83
MAE,112
DMD,28
MDP,33
PDN,74
DNI,71
SVY,72
VYF,43
YFN,24
FNE,47
HPV,68
PVC,26
VCL,45
CLA,52
TPY,55
IDI,101
FIR,62
HSY,23
EIN,75
NSA,136
SAY,105
MPF,24
PFG,85
NSQ,58
TSL,244
SLF,138
FSD,98
SDY,65
DYR,60
NSY,39
LYE,70
YEA,77
TSP,134
SPN,74
PNP,54
NPP,48
YTQ,28
QPV,97
GPH,48
VMA,134
TLE,220
EPC,8
PCQ,7
CQH,9
TGP,113
GPC,17
PCT,13
CTQ,9
VVY,82
VYC,10
YCL,8
CLK,14
GGH,91
HEF,30
TFL,130
RPW,32
PWL,69
WLQ,32
QAQ,100
KLQ,86
RPY,37
GFI,161
SQW,30
QWI,23
WIT,33
RSY,75
QRK,66
KGE,108
TPW,30
PWQ,18
WQP,12
PEN,88
VVK,120
VKF,40
YLW,17
LWD,38
WDK,19
DKG,103
KGC,14
GCR,21
CRY,8
YVL,105
FER,77
FHD,44
HDY,22
DYS,76
YSA,107
SAP,213
LFL,183
GKN,94
LDH,79
DHS,36
SST,185
STA,249
VHM,23
MHT,28
TQR,82
QRV,161
RIS,157
ISE,158
FLS,157
SLR,259
GYC,15
YCV,13
KNS,72
SQL,185
QLT,133
LTR,244
TRA,164
IMS,40
GEA,263
EAM,106
AMS,87
KNE,52
NEV,79
LNW,21
NWI,15
NVE,110
LFQ,62
FQP,35
PEQ,103
EQV,121
EEW,30
EWD,32
WDR,29
IRL,141
KRP,47
RPN,46
PNS,80
NSF,45
SFL,144
RSN,63
SNP,95
TFI,78
FIC,7
ICT,26
CTS,25
PEG,239
TNN,45
NNW,10
NWA,26
DPV,157
VEM,49
AEM,73
EMT,39
AMK,69
TMY,19
MYV,10
VPF,117
PFC,12
FCM,4
CMG,9
MGP,41
PAP,222
TDS,162
LSM,100
SMR,44
MRV,50
VMT,49
MTR,50
CLH,13
VPW,36
PWP,32
WPC,5
PCN,5
CNE,8
ETK,81
TKY,32
KYI,23
YIT,46
TQF,34
QFP,40
FPE,76
KEI,119
EIW,27
IWS,26
WSF,23
SFG,138
KKC,16
KCY,6
CYA,14
YAL,137
GWM,24
WMA,19
EHM,20
HML,26
MLI,81
ILK,96
VYY,28
YYI,13
YIA,74
FPS,67
PSA,192
SAC,53
ACG,87
CGK,33
AML,157
MLQ,34
PTI,101
TIE,113
GWK,42
WKA,22
DDI,99
IAW,62
WLR,73
RLY,81
AIN,134
INP,72
GTN,98
TNY,22
SSN,80
NAM,52
MKT,34
KTM,46
MEP,29
TNV,78
DGD,140
DVW,22
VWW,9
WWE,5
WEE,39
ENR,83
IDW,31
DWK,26
WKG,24
KGN,59
GND,78
NDW,14
DWT,27
WTP,23
PES,162
ESD,107
SDQ,76
QPS,82
SHP,63
NSR,72
SRY,56
RYC,6
CVP,31
EQC,11
QCP,10
CPV,29
PEF,102
EFN,43
FNN,38
SAI,215
ILF,103
TVP,150
LVS,342
VSQ,103
QAH,54
AHN,44
NWD,17
WDH,12
DHA,74
TMI,35
MIG,67
SGQ,113
LRH,86
DPM,53
PMA,61
PFI,77
GYN,44
ADY,92
DYL,121
YLQ,37
LQH,35
QHW,12
HWI,12
IDM,40
DMG,50
KKG,90
KGG,118
DKM,21
KMP,18
MPA,70
FLV,180
VNW,18
NWF,6
WFR,6
RGD,147
GRF,97
RFL,154
FLW,22
LWP,37
WPG,35
PGF,84
FGD,117
LKW,37
KWI,20
WIV,34
ETI,130
YTA,91
TPI,123
QWK,16
KGD,80
LED,185
NEQ,43
QYL,51
LEF,65
KGS,103
PAE,194
EQF,53
QFE,32
MNK,24
NKK,72
LKY,54
IIL,175
ILM,67
AIY,73
IYV,47
YVF,40
FTL,136
NDS,60
RGY,87
GYK,48
YKQ,11
KQV,72
QVD,86
TSV,185
KKN,61
NVK,49
QID,65
DDR,96
REQ,116
EQR,124
IRI,84
IKL,90
LKN,112
IDY,49
DYE,42
YEG,72
RYP,60
YPA,69
IFS,104
FSK,66
EKS,98
YST,75
NVN,67
VNK,78
NKE,58
NFL,65
LGY,147
YIL,51
LPM,61
PML,64
FGL,207
IMW,8
MWM,5
WMF,7
MFS,52
FSR,90
SRM,54
RMQ,21
GNN,42
NNM,10
NMF,17
DMP,35
MPT,53
TNT,73
NTF,35
PSR,112
RYE,58
YEQ,32
IPR,98
PRG,139
LYG,101
GPP,43
AGE,301
YSI,43
SDF,85
LFR,90
FRQ,33
NSP,63
SPC,14
PCI,14
CII,21
IFI,62
FID,82
GRQ,72
RQR,127
GMG,112
MGG,87
HDE,46
DER,104
ERE,127
EQT,88
LNQ,82
NQM,15
EMD,40
MDG,43
IIM,40
ATN,119
RFD,77
FDR,82
DRQ,52
RQI,84
QIP,57
PDL,183
QIL,129
HAK,44
AKG,172
KPF,50
RRT,140
ANV,126
NVL,141
IGK,109
EAT,238
PRR,112
RRS,155
KVI,123
SEK,131
EKE,108
KEK,98
EKK,90
KKV,124
YHE,21
HTL,81
WAL,84
IER,182
RVY,66
VYK,36
AMT,86
GMY,15
MYN,11
YNR,33
NRD,60
FAM,46
EPT,142
TKI,91
IAK,124
MIT,64
YGM,28
MSP,43
SPT,132
MVK,35
VKY,19
YGE,87
EQG,137
LEY,63
YSP,59
REM,49
EMQ,23
MQY,9
QAY,45
AYM,30
AEY,97
EYR,56
TLR,192
LFH,54
VPR,122
PRE,99
VFP,92
FPD,65
PDE,93
RFP,63
PRQ,56
EPV,136
KTP,82
ERG,186
EEP,123
EPP,63
PPK,43
PKP,96
ASK,149
SKA,143
ERA,260
RQS,54
QSE,69
TQQ,47
QQR,91
LTF,111
LPD,205
IPS,116
PSE,131
SLN,138
NIP,84
MDT,36
TES,123
RMA,82
IAM,93
MGV,77
LHR,97
RNL,134
QHV,33
HVE,68
TVK,148
VKR,110
CSP,19
PDM,34
DMS,42
LCA,61
CAR,27
FRI,49
VDD,169
GIC,30
CTN,11
DMR,46
MRF,36
FSI,77
KVS,144
RMP,36
TKQ,56
KQQ,35
ANK,90
DKQ,57
KQG,73
QGK,100
VKD,130
FVK,43
KTE,70
YPH,28
SKD,103
IGV,286
ESW,21
SWT,29
WTR,24
VDS,199
HSS,61
VLD,287
LDM,64
MVS,89
VSR,194
VKK,117
KKE,72
EWG,32
WGD,21
IEA,230
IGP,113
SIC,21
TRV,160
PQI,57
IME,30
MEA,52
GMQ,44
MQF,18
QFS,41
MLG,129
GSM,73
SML,102
QYK,16
YKR,33
KRY,42
RGM,64
MGS,63
AMQ,49
YSK,39
KDR,73
YFQ,20
VKS,95
RVP,123
PFR,40
FRG,82
ITH,70
THQ,29
MGY,33
YTG,70
TIN,66
IND,67
NDL,113
DLW,23
LWN,29
WNA,23
NAR,112
FVQ,47
HPH,34
PHH,32
HHI,25
QQT,41
PNY,22
MKE,36
KER,84
RLE,185
LTN,109
NCP,6
CPQ,9
PYM,14
MIR,50
IRV,127
GCS,33
CSV,36
DFD,110
VRQ,86
QFR,24
FRA,106
VCV,51
CVL,41
GPL,174
RCG,33
CGR,30
SRP,120
PLD,147
DMH,20
MHQ,20
IQH,26
QHG,44
AEQ,206
DFP,62
NIL,86
LDN,111
IFD,68
DLC,24
LCT,39
CTM,10
KEM,33
DIS,131
KLY,58
LYP,80
YPT,49
GTW,39
SAM,104
APR,174
PRN,64
NLH,51
HLP,85
TYE,50
YEH,15
HGF,52
GFR,106
RMN,29
MNR,38
NRR,76
RPQ,68
DYQ,41
YQT,29
PFP,44
FPG,89
GFP,84
FPT,79
DLQ,98
QPM,23
NIF,45
FRF,32
ELM,69
DGH,67
GHH,32
HHV,31
QLS,152
PVW,37
VWS,33
GLC,33
EVH,66
VFH,48
FHI,28
DRG,160
GYP,60
NFV,66
MQP,16
GSW,63
SWG,51
WGT,35
AGC,67
CDV,31
RLW,49
LWA,84
WAR,55
INQ,53
QQQ,67
QTN,18
NNR,33
NRY,38
YLS,97
TLY,78
DPI,108
PIH,33
PSQ,81
SHW,11
HWA,24
AIP,172
IPQ,74
QEA,133
EKD,116
TFE,73
RMS,58
MSQ,54
SQV,114
EQP,57
QPA,107
CTD,17
QKV,94
APY,66
PYF,38
YFR,22
FRP,65
PYT,47
NTD,66
IGC,34
GCE,27
CEI,15
GAC,49
ACK,17
CKN,8
NVI,78
CGM,13
ITR,136
EIT,155
DPR,156
ATC,31
CSS,43
SSP,161
SPL,202
PLS,190
SRN,76
RNR,89
NRT,57
DAK,135
AKS,110
NGQ,55
SSM,53
EIH,59
IHG,58
VDM,70
PIT,107
VYG,94
GVC,38
VCH,18
CHM,4
HMG,25
VHE,59
IHV,54
HVT,69
TNF,49
NFD,60
TQT,61
REH,65
EHD,46
HDA,105
GAI,311
KMR,32
FEL,106
DHH,17
HVN,40
SKL,149
YPK,27
PKS,53
KSI,76
NPG,76
PGD,160
IDF,66
LYC,12
YCG,10
CGN,28
EYE,56
YEV,74
SQN,48
NTR,45
AFR,99
RAQ,153
RRK,125
RKH,49
HLT,72
TLV,292
GLW,68
WQR,27
QRT,78
KEF,66
EFP,64
DYN,23
YNH,14
NHI,34
IYM,18
YMV,21
TEP,118
RYD,37
YDV,85
SMF,27
MFE,21
HGS,74
GQG,120
MLL,116
RHL,81
EEN,69
NAS,120
VAM,124
MDI,43
VKM,23
VGN,136
GNR,75
NRI,75
MVI,62
HIA,94
SRC,19
TRR,136
RRV,211
ESS,132
QSI,67
FAT,139
CAG,71
LIY,55
IYL,72
LGQ,149
QVE,83
GCL,32
RRN,89
RNA,137
NAF,59
RQT,47
DSF,99
SFD,120
RVF,103
RAP,98
ISW,31
WGS,35
VKQ,55
LIH,71
YAF,49
AFH,49
HPE,132
ETR,107
MTD,54
IRN,86
RNQ,30
NQS,30
RST,151
EMI,38
SEN,104
PRA,129
TNK,47
RYY,28
YYG,40
GGC,33
CEN,12
ARN,129
NRA,82
EFA,118
VQP,75
QPH,32
QAN,55
VLM,80
KIM,30
LTH,89
HGM,29
GMH,23
MHL,22
HLN,37
NFS,58
LYQ,65
YQV,39
AYE,77
MDK,38
EKP,90
KPQ,55
WSA,46
YPR,40
RQQ,57
QQD,30
FRS,64
KLW,35
LWV,53
WVD,45
MAH,45
AHF,50
GLH,92
SPV,140
KQE,54
QQG,47
LMH,28
HAI,70
MKI,27
TEE,154
EEF,112
EFK,45
FKN,38
KNR,72
NRQ,40
RQE,81
ADC,33
DCK,7
RNS,81
SQM,19
QMD,17
DGQ,104
TVN,89
NRN,49
PRP,111
PPM,27
RGF,122
GFS,170
NVP,104
ELW,47
YPL,66
EDW,25
WKL,38
TRH,43
RHF,39
HFS,37
SWK,28
WKR,18
KRL,162
RLC,31
FLL,224
VYM,14
YMW,5
MWA,26
WAM,13
AMW,17
MWD,9
WDP,26
ERY,64
YGD,74
YLA,167
YLF,49
FTV,111
TIP,129
VNT,97
DKP,78
TIS,132
ISY,66
SYN,31
YND,33
DFN,40
PKI,65
ASI,237
NLG,154
LDE,288
AQQ,126
QLN,79
AHQ,59
QQI,74
PQL,124
LQQ,94
TKF,40
DNQ,32
QLH,60
LHK,67
HKL,63
MLS,100
NSE,77
EYY,26
LNT,112
GSL,301
SNA,113
NAP,103
IIY,29
IYK,21
YKE,38
NNS,66
NSN,45
PVQ,71
VQT,58
KSL,144
IVM,70
VMV,87
MVF,45
IPH,50
KSF,46
WKP,12
TNQ,44
MLR,106
RFT,93
IAI,233
FGM,50
GMF,47
FSF,66
GVW,56
VWP,22
WPL,36
PSF,74
SFF,61
FQV,37
TPM,37
PMT,38
MTY,22
TYA,76
ASQ,143
AFT,137
EEH,58
HGK,48
STE,134
MYP,14
YPS,45
SVK,114
KMK,17
MKM,12
HTR,54
ESN,58
SNG,93
NGP,54
IKN,59
FIE,71
NGD,91
SCS,28
CSA,42
GHC,15
CGH,16
LRQ,160
QGY,36
YDI,47
IIH,28
LNP,121
PMK,18
YTP,65
TPK,94
GWR,49
WRS,28
ESI,153
TWT,26
GDS,187
HNG,32
NGK,98
GKV,213
PND,51
TTY,53
TYS,52
YSL,98
GCP,25
CPS,21
NVF,39
FSV,125
INR,68
EPD,80
FFR,52
VFF,75
ASF,172
TQI,65
PRD,107
RDV,153
DQN,37
QNV,46
IAQ,190
DAC,21
DGM,56
MAT,82
VHH,34
HHL,40
MNT,36
NTP,84
VIQ,69
LTK,143
SFH,27
HRH,38
HGQ,40
DNV,106
VPQ,89
PNG,101
KST,122
SGH,93
HVK,31
PQK,60
CSG,31
GRC,27
RCQ,13
CQA,8
PDF,76
RET,104
KRW,26
RWD,21
WDL,39
GKC,5
KCS,9
RLR,278
FAL,214
KFW,15
FWR,15
WRI,24
RIM,30
IMR,42
MRE,66
RTI,151
THY,20
HYI,14
YIE,45
KIR,89
AKD,147
KDL,182
SVN,94
TTQ,73
LNH,39
NHT,36
HTS,48
YDL,66
NEK,55
MSL,100
SLP,217
FSY,44
YSE,72
EDH,28
DHE,49
HEW,9
EWI,26
ETC,18
SDL,235
LYS,107
NDA,122
DDY,59
IIN,64
INN,46
NND,41
GWL,77
WLF,33
HSP,58
ARM,97
MRP,46
QQH,20
QHL,60
HFV,31
GKR,157
KRT,73
VLF,190
LFI,125
HRF,34
SRS,160
QRA,175
RIH,51
LTY,66
TYL,90
ISD,142
QEN,56
NVD,98
DQH,18
QHY,16
HYD,29
FIK,35
SIR,122
LHY,30
HYL,36
RMI,59
MPE,42
IHL,45
HLA,135
KSN,36
SNS,62
DIK,83
IKK,73
KFG,57
GHY,31
HYA,47
YKY,14
KYP,34
VVQ,104
VQQ,67
QRY,42
YVP,70
YYH,10
YHP,20
RRM,51
MFN,20
FNF,21
NFF,31
RKT,99
TPR,115
NIK,44
KPP,35
REK,103
YLK,55
KQW,14
QWS,17
EGF,114
NEM,14
EMS,55
SIV,189
GDF,108
RRR,277
RRI,178
YPQ,27
PQR,87
QRM,35
KIE,96
RKR,115
KRE,81
KFE,50
KDN,48
MTF,30
FTI,75
TQS,70
GYS,124
VNM,25
NMA,33
FTQ,58
CDI,17
HSF,24
QRD,71
RDP,74
RFH,37
RDC,17
DCL,25
CLV,31
SQI,78
VEC,27
ECV,25
GNI,114
FNP,46
FLP,113
PAQ,99
ECR,13
CRV,15
EDE,115
LNR,115
NRL,122
GCT,30
CTA,32
LQV,96
VFR,83
RAT,180
TMT,66
AQN,87
LET,161
TTH,58
TRE,129
NTA,123
DSI,138
SIP,150
RTN,72
GER,174
ERQ,54
IHQ,27
RQN,26
QNI,51
NII,57
VNV,122
NVT,105
DSP,120
PTH,35
THT,48
PKR,49
KYR,41
YRR,79
RQH,30
QHR,38
PTR,80
GDY,70
PAY,71
AYI,73
ITN,80
QIE,89
NRH,20
KVW,20
VWI,31
WIN,20
INI,63
IFP,68
PDR,89
TQK,61
QKP,37
KPL,111
PLG,221
VKP,76
SFP,68
FPN,32
PNE,39
GQK,76
LPC,24
PCK,6
CKV,14
IVK,56
KED,63
EDQ,52
MNQ,16
NQR,39
LFP,81
SQK,63
QKQ,38
QRE,83
SFE,78
FED,75
MHI,15
HIN,31
INT,64
RGH,62
IQT,40
LVY,84
VYR,84
IPD,125
DNR,46
YVT,67
DNT,53
LEW,36
WGQ,18
QVM,25
VMH,32
MHK,14
KTC,15
TCT,34
CTP,17
PRK,77
PAI,161
RLM,70
MGF,50
YSC,13
SCP,24
CPF,10
FLC,24
CAI,41
LKP,105
KPD,63
PTY,36
TYC,5
YCA,14
KIN,54
NTE,64
ERH,47
RHE,44
EQN,38
QNN,27
RMF,17
MFH,11
FHS,38
NQF,20
QFL,59
FLT,122
TMW,12
MWK,11
WKN,22
KNM,24
NMI,27
FHH,22
HPL,66
IHN,28
HNS,23
SPR,117
CTG,23
GKW,27
KWE,23
VRW,36
RWK,19
PNV,75
YVG,103
GPS,138
PSN,52
SNF,55
VEF,103
EFD,89
FDW,25
SSF,98
FEF,29
LPS,223
DNK,40
TWK,24
KFI,27
FII,58
DFQ,33
FQD,37
QDR,59
DRH,35
FDV,141
AWN,40
WNI,11
NSK,46
SKF,35
TGC,17
CGT,51
KNK,55
VHI,55
IHW,7
HWS,17
DPK,114
PKK,71
KHK,18
HKN,26
WKF,10
KFA,65
FAC,27
ACD,40
CDG,28
KYT,37
VYV,83
RHA,102
YPP,33
GHN,49
HNY,11
NYT,47
LNC,16
CTE,17
HVY,21
YVQ,43
VQF,30
FPY,29
PYG,66
TAF,114
FTE,80
TKP,73
KPK,54
NKA,85
DKT,83
KTK,73
EFT,63
FTF,61
FEY,26
YEC,11
ECT,19
DMK,27
MKK,58
EDF,87
FTH,29
LKC,10
KCK,4
NTS,78
TSW,48
SWI,37
WII,32
TDK,88
EEE,126
KYE,24
QNG,40
FSL,144
LKK,131
KKK,74
KTD,77
KKF,43
FKF,26
FEW,15
EWV,37
WVC,4
VCT,22
AQY,50
STC,25
TCK,11
HTH,27
THM,16
LRW,59
SKN,53
NPF,36
LTP,214
RAN,93
DQK,56
KDK,81
KFT,47
FTW,25
TWQ,19
WQC,5
QCR,7
EKT,143
TFK,50
FKV,47
NLP,124
CTI,17
SHT,61
SGF,142
HSA,96
VFE,89
RMH,21
MHY,7
YID,56
DGY,60
SLW,59
WAP,39
APH,77
PHS,64
SSL,317
TWV,33
LIF,121
DAW,66
WAT,47
ATY,72
YVI,42
HHG,25
RNY,29
NYR,28
YRQ,43
RQY,30
AET,214
MPS,44
TYT,48
YTD,55
YRM,12
MSY,34
RND,75
SDR,107
PYN,19
YNS,30
GHM,18
HMM,8
MMV,19
ERN,65
INL,85
HLH,38
LHM,18
HIV,69
PRW,38
RWT,18
WTG,30
ANF,55
NFM,9
FMT,19
AWD,52
WDE,38
DEM,38
EME,47
MEG,43
TSS,183
QTM,26
TAS,279
QES,73
PPI,50
PGY,70
TPN,67
VNF,57
NFT,39
PGK,87
EFI,68
FIY,24
IYD,49
YDN,22
GMW,10
SQS,94
QSW,23
WAC,9
CTL,24
PMC,4
MCH,5
CHD,9
QPP,51
MNF,19
DWA,39
WIS,30
EHR,60
LKI,97
MVD,73
AWS,68
WSL,56
IPM,34
TKG,93
SYL,97
GHK,41
FLK,63
KEC,13
MES,55
HRK,29
ICE,25
CEP,22
TFF,37
FFN,30
FNY,15
NYF,20
YFA,45
TKD,89
RKP,66
YFS,60
SIQ,60
QKR,63
LMQ,40
MQQ,29
QHF,18
FHQ,19
HQI,34
QIN,43
CGI,33
IAF,140
FQS,34
QSF,60
SFN,61
DYP,50
PQQ,42
AFQ,63
DIF,73
IFR,61
FRT,53
MGI,92
ITY,55
YRK,52
KRK,72
RKK,76
NSW,28
SWL,74
WLN,23
GVY,98
YVK,35
SFR,63
KSG,132
RAM,85
QKK,50
KKR,88
AWC,10
WCF,2
CFV,15
DHY,21
PHP,59
HSG,62
VSW,44
EIE,132
HRD,62
NVG,94
LMT,61
ICH,11
CHS,5
QLW,29
FEH,32
EHY,27
PDP,102
EGQ,83
KTF,65
FTP,94
CIR,13
STF,88
DHI,69
DSD,146
QPF,34
MWW,7
WWN,9
WNF,13
WQA,30
GYQ,49
YQG,43
RNP,72
WVH,14
RSP,73
QLF,74
HYH,9
YHY,6
VWG,39
WGA,55
DHV,90
HVD,104
IPF,68
PNN,38
QTP,84
TKT,102
SPS,156
SDW,43
DWS,32
AIW,28
IWA,32
WAG,73
LEC,19
ECS,26
PPS,82
FSS,122
NTN,38
PHT,76
GQY,40
RQW,28
WAE,69
NLN,56
VNH,35
NHV,26
MQE,43
HES,48
DQY,18
QYE,27
LES,220
GCY,14
CYG,12
CDH,8
PTF,73
FLI,122
TVY,74
VEH,66
HEP,29
PGP,104
HGN,35
LCD,37
SPI,95
IYT,35
MEI,40
SFT,111
GYY,50
YYS,27
QYQ,19
YQI,26
DVY,73
QHT,19
MQT,18
QTS,64
VIN,113
PFF,43
FFS,62
AQR,244
AKM,38
KMF,23
MFD,19
KNY,40
FGQ,72
DRK,72
RKW,12
KWR,20
WRE,35
WVV,57
VAC,58
CDF,8
QGM,42
MQL,38
QLP,123
NVH,33
HDF,28
GFK,56
FKT,35
KEY,41
EYL,88
YEY,16
RAW,65
AWP,40
WPE,27
NNG,69
NGW,34
WSD,34
WQN,13
QNL,70
SSQ,117
QWV,28
SQH,33
SGC,38
GCW,7
CWV,5
GWP,33
EPF,68
PFK,39
DYD,56
YDF,30
GFY,58
FYE,34
TLW,52
LYH,24
YHD,22
IVH,64
VHP,67
IYN,23
NRE,69
REW,31
EWW,4
WWS,15
NLK,64
IVW,36
VWV,47
WVQ,14
VQD,49
QDY,30
YQL,47
FFL,89
FLH,49
HIP,50
RQL,163
PWR,21
NNF,27
RQV,85
HTG,65
TDM,40
DME,39
MET,36
ETN,46
RLD,187
LDY,81
ILQ,70
HYK,13
NGH,33
IGH,66
VHY,33
HHR,26
SLY,88
IML,62
TPF,74
GMN,36
MNL,46
CHG,12
YEL,81
LCN,14
CNP,11
KKQ,43
RMM,20
HRQ,28
MSN,48
VTW,25
TWP,27
WGF,15
WML,33
SFM,24
FMF,13
AFF,96
LCF,30
CFG,19
PFS,93
NWP,7
WPV,38
LAW,74
WLW,17
LWT,45
WKS,21
KSQ,47
VWF,33
WFV,32
IIP,118
DHD,49
YGT,76
TNS,66
NSL,120
LLW,73
LWH,19
WHL,26
LFM,35
FML,35
YSH,29
ALW,112
LWS,55
HRA,78
LVM,78
TPP,113
PPP,74
TFW,16
FWN,15
WNV,31
NVW,11
VWT,33
WTV,40
TVW,32
VWR,39
WRF,14
IMF,24
YIV,46
WKW,10
KWQ,10
FWF,16
WFL,31
SLC,29
CMS,6
MSS,75
LYM,15
YMP,14
FSM,26
SMH,18
MHM,9
HMV,26
AHM,31
MVL,90
WLE,41
QFI,23
VFM,42
FMH,7
MHP,19
PAF,116
NTI,66
IQF,30
TIF,70
IFY,33
FYL,66
PWY,13
WYE,11
SMN,31
MNW,6
NWV,18
WVF,23
YYW,4
YWE,13
WEM,6
PVN,74
LGW,95
PFH,25
LYF,43
VYL,93
YLM,32
YSQ,37
PWT,23
MHD,23
HDQ,25
WAS,54
FPL,97
FME,20
MEW,13
WLK,43
RTE,104
DDD,104
MNS,40
DYH,16
REF,80
SRQ,59
RQK,39
NAY,55
RTR,134
FTD,91
TDH,54
SMT,47
MTL,82
VYS,83
PFL,91
VVC,52
VCD,27
CDQ,14
NRM,23
DDH,42
HRR,82
ILC,36
LCI,37
RHH,25
HVQ,26
RHI,49
IEY,38
QPN,27
KIK,67
GEC,15
ECA,50
RML,83
MLY,38
YKL,26
HPG,78
NIM,18
DNM,12
NMD,24
MDA,63
ASH,69
HVI,56
LHV,86
HVP,50
RLK,117
PSC,20
SCL,28
INK,57
DCV,34
KHP,40
ANC,15
NCD,5
CDD,22
TSI,126
VVW,50
WVS,47
WQG,18
VSC,30
CPR,14
ADW,48
DWY,10
WYA,16
PHW,11
WSI,23
SIT,159
APM,59
ECF,8
CFQ,9
GQH,26
QIH,21
WQE,33
LSW,54
VKA,164
KAC,14
ACP,25
CPA,16
ANY,55
FRD,51
GIY,71
YTT,46
FMP,36
MPH,23
HAW,33
WEV,28
YVN,24
SHI,51
HIC,8
CED,22
EYM,16
YMR,15
RWI,36
VEW,29
EWF,16
THL,82
RNT,69
RVW,34
WFD,26
LPR,162
SRD,95
RQC,6
QCH,4
CHR,15
NCG,19
CGD,21
ACI,39
CIS,18
QKI,76
YKD,36
AWT,51
FMA,38
DPP,38
IFT,75
APC,17
PCV,16
SWR,36
WRV,40
PIF,51
FLF,79
FAH,52
AHV,118
IMV,54
FVI,97
RRD,120
RDW,34
DWQ,22
WQS,21
TAM,77
YPD,52
RTW,37
TAC,41
ACC,6
CCA,9
VYT,54
IRS,140
NST,71
TEI,123
IHK,24
HKV,45
DHP,52
HPM,10
MLH,26
HER,36
YNY,6
NYN,21
YNV,24
FKK,41
TGN,81
YYK,10
YKF,18
KFR,40
PSW,31
SWE,36
ETH,53
THS,65
RRH,71
TAK,146
PIQ,50
FDQ,62
QVH,33
YTE,56
TEF,79
FES,71
ESM,54
KIS,108
LQN,63
QNA,62
PQY,28
QYV,25
MFL,52
GIR,156
MNH,14
HIG,68
VPD,119
HRI,55
PMD,26
MDE,56
ETM,48
LPP,163
PPD,28
FRH,29
HHY,16
GGW,63
WRD,34
DCE,22
CEL,21
GWA,76
EWK,21
RIC,19
QYF,16
YFD,47
RSM,45
NTH,35
REY,70
GWG,44
WGH,13
SEW,26
EWE,25
WET,35
HFY,10
FYA,60
SDM,35
MRK,47
RKQ,65
CGL,47
QNP,47
SDK,92
KEP,56
SEE,187
NDQ,29
DQE,68
LWE,36
GDM,47
PQT,70
QTY,20
KKD,69
VWY,14
WYL,28
YLP,104
NFE,45
YHG,26
HGP,50
RMV,67
WEY,10
SYR,40
ATF,149
YSF,47
NTT,60
PLK,91
KKP,51
KEQ,74
PEK,98
ESK,91
MSR,51
NEP,47
QEQ,55
QRR,142
SEQ,98
GNQ,47
NQN,19
KPN,29
NKP,41
KPR,61
RGW,43
GWW,17
WWT,13
MPN,36
NNH,17
NHN,13
HNI,24
VHN,32
YQQ,34
LYT,83
FNI,46
NIT,86
IQC,6
GWH,23
WHM,3
HMP,22
MPM,16
PMQ,16
GMR,71
KSD,53
GQW,39
WLD,59
EGM,58
YSD,70
GWE,47
PPE,89
IVQ,73
DVG,100
KTY,33
TYH,18
YHA,34
RHP,40
TSD,139
KHA,50
HYE,17
YET,45
KIH,34
HMS,19
MSA,104
LHH,41
HPC,5
PCC,2
CCG,11
PMY,13
MYG,20
TRQ,68
FNH,15
RWM,15
WME,12
SPY,59
PYS,59
MWL,25
WLY,24
NVM,27
MHN,17
HNF,25
MEK,39
CIG,32
AQF,61
PHF,25
WKT,29
QLC,21
CSQ,11
QCN,6
CNF,3
FTM,24
VYQ,28
YQP,29
QPR,51
FIF,54
WFQ,12
TYM,26
HRT,42
HHA,44
PQM,14
QMV,35
LLC,55
CSL,36
RSC,23
SCG,36
RWG,42
AHH,53
GPW,26
PWA,42
ACL,51
CLP,24
PTS,141
TYF,35
YFL,44
FLM,42
MVY,29
NYP,26
LYI,39
ISM,51
FQG,50
LEI,135
FKP,44
DVM,66
VMM,22
MMP,15
PGM,69
VLY,83
DYV,109
DTH,35
LRC,29
RCL,29
CLM,8
VMS,65
MSK,71
HVW,17
VWH,15
WHY,8
THD,70
HPR,59
PRY,41
HGH,41
REC,14
ECE,19
DSC,15
SCI,12
CIV,23
IDC,23
DCA,29
CAA,68
FRL,83
HQD,28
QDD,33
DWD,30
HYY,10
WPY,12
EMP,23
PGC,18
GCF,17
CFP,5
WPA,33
IKM,22
KMG,30
TMG,58
RHT,36
HTP,59
VQN,43
YSR,60
ISF,62
DAY,78
SCY,4
QPQ,43
QTQ,32
QSV,95
SNM,24
NMC,3
CHL,8
QCM,3
CMN,4
ETS,144
QLE,125
PCP,15
CPT,18
ICG,28
CGS,42
YYQ,19
YQD,38
RQP,47
IHP,51
TCM,5
CME,4
HLW,13
WPH,10
AYL,149
IRR,145
KHV,56
HVL,103
LTC,44
CVN,16
TRT,119
RTQ,72
PNQ,32
NQP,48
GTF,117
IEM,29
EML,83
PMF,19
MNV,34
NFK,31
QMK,15
EDM,38
MGW,19
GWY,20
WYV,15
FMD,20
KRF,55
FDN,47
THP,61
IMN,18
MNE,23
VQS,79
FKH,13
PFW,14
FWI,12
WIP,33
DNF,30
NFI,29
ITM,41
DMQ,22
KNF,41
VSH,73
QYT,19
SIM,52
FIP,69
PSH,43
SWD,26
IIW,22
IWH,11
WHN,4
NRF,36
VFQ,58
VMF,22
MFW,9
FWM,6
RWQ,25
AIF,136
IFL,107
PHI,48
HIM,9
HRM,26
MRN,24
YRF,28
WEC,8
HEH,33
EHH,25
HHE,32
SQF,43
FPQ,27
MND,31
TMD,34
LHF,31
LMD,66
QDC,5
VRN,103
NEY,29
EYN,22
YNI,28
ISK,74
VKH,39
HGY,26
YAY,39
WTM,11
MGQ,29
IPY,37
NFN,24
PST,121
STY,66
LPY,71
PYL,66
VYP,56
FPI,56
RSQ,78
QQN,30
YRL,65
GYL,138
ICV,29
TQY,29
KSH,28
HIS,61
SWQ,31
SQY,36
QYI,21
RWY,11
WYQ,12
MPD,44
PDY,53
RMD,30
EQM,25
FGC,24
GCI,24
CIQ,11
PQD,66
GNY,52
NYV,48
HDM,18
YFV,48
NVY,37
FNK,35
NKN,33
GYW,23
YWR,19
AFY,60
HMD,9
MDL,49
IFN,33
NLY,46
LYN,36
QQW,19
QWP,12
WPI,18
STD,158
PAK,109
QSS,88
VRH,55
RHC,12
HCI,8
CIL,21
FQI,34
QIS,69
KNQ,31
MKF,16
KFN,29
NPH,47
PHK,19
HKF,22
FWQ,17
HIT,36
HPY,25
PYQ,19
RKM,22
MEN,31
MFR,25
FRW,12
WMG,14
NPY,44
YTS,50
SMI,59
IVC,48
VCF,20
CFI,9
WLL,94
KND,52
LWR,46
DIY,43
IYS,52
YSY,24
DPY,56
FIW,8
WAH,20
AWG,75
WGV,45
WAI,56
IRC,14
RCK,6
CKL,8
TPQ,109
LWL,81
WLG,79
ILN,93
HNE,26
GCN,15
CNY,5
NYL,59
WIH,9
RSW,35
SWM,10
WMS,21
GWF,44
WFG,35
GIF,105
IFM,19
IRM,48
TYW,14
YWG,25
FFP,40
FPV,78
HPW,14
WYM,1
MLW,27
SIY,48
IYF,23
YFT,32
LWW,24
FKR,41
RWA,69
SYT,46
YTM,20
TMP,36
MPQ,30
PQF,36
FLY,43
MVP,46
PPQ,51
VTM,65
MVM,19
AKC,16
KCP,6
HTW,20
TWM,9
WMD,10
MDM,14
MQV,34
QVQ,36
QQE,59
EWN,12
HDR,41
IQP,34
CPM,6
SSR,160
TMN,21
HWP,10
IGW,39
VTY,57
SVW,50
VWL,61
QPI,50
YMS,12
HMA,20
NIW,9
IWG,21
PIN,48
INF,37
WGW,20
SFW,20
FWA,29
ACE,42
CEK,9
ENY,34
NYK,13
TVM,78
FQQ,24
NRK,39
QRQ,82
VNI,75
MSV,78
MEF,21
PYE,45
YES,47
YAW,19
WDQ,13
TRK,80
NSC,10
CSF,16
FDY,45
YPW,13
WGG,53
GYF,52
DFY,39
FYI,25
YIN,25
SIF,75
IFC,14
FCE,11
WHF,4
EFY,36
SCR,12
CRL,22
RFN,49
DMM,11
MML,30
NFY,17
YDH,25
HKY,13
KYK,23
EHF,54
EMR,42
MRT,82
THK,29
HKR,26
AKW,24
KWN,13
WNN,13
DVC,23
SWS,31
EGC,17
WEL,45
YFW,6
WNK,23
WGM,11
SEP,90
TWG,45
EFV,95
VDC,34
DCS,18
YWD,11
HMI,24
MIQ,22
WQL,29
QAP,92
ASW,68
HHC,5
HCQ,4
CQE,9
ENQ,49
QNQ,25
NHW,9
HWV,12
WVN,18
EWS,26
WSK,17
KQD,36
EDY,53
YVH,27
EFR,56
WSR,33
GNF,52
GNW,22
AYY,30
DYF,36
CHQ,4
MAQ,69
GNS,93
WRR,51
IDH,71
PLW,42
WNS,16
NSH,27
HYV,32
YVD,78
YYD,28
IQN,39
QNH,19
NHL,35
FAK,68
KGW,24
QST,67
RRW,58
HQP,30
RHS,49
GQN,50
MLM,27
MDF,20
ESP,93
YER,52
SWN,14
NFW,11
WGP,23
QHI,28
DFK,40
FKS,34
HKG,33
DAM,94
FHT,30
VHC,14
HCE,11
CEG,28
AIC,35
CER,19
FNA,93
YAN,50
TRF,71
QIF,36
KQI,58
RNN,43
KPM,28
PME,31
KQK,40
SEM,40
KRQ,42
INV,89
STM,44
RPC,8
FHV,42
HPK,21
PKY,15
DAH,108
KHI,27
QAC,17
VCS,33
CSW,8
VQK,61
ANM,29
MVN,37
RPK,60
IIK,63
DGC,21
CYH,1
NDI,59
GNM,29
NMG,23
YNG,45
IMK,24
MKY,12
IRF,68
FSP,89
SPF,59
FFH,19
FHA,48
MDN,26
ETW,28
TWF,19
MIH,18
IHH,19
DTW,37
TWY,13
WYP,6
PMH,16
SPP,54
RPH,41
HDI,50
WTN,17
PRM,33
NTK,48
NNC,6
NCR,13
TVC,21
VCN,17
CNN,5
QIY,26
QRC,17
RCT,17
NFC,4
FCV,17
CVQ,19
VQM,27
QME,19
VHF,25
III,84
RIF,67
EQQ,78
QQP,54
NPQ,65
PQH,34
MKR,36
KRN,49
QYS,29
SNK,45
LYW,17
WRY,13
MPR,47
CLL,38
MTW,18
TWL,68
TMK,36
WAF,30
YFI,33
ASC,34
SCT,27
KTS,97
PYK,25
LIC,38
ICS,31
WEA,34
LMK,33
MKQ,29
WKQ,12
NPM,18
WEF,17
KFH,17
KML,39
FVM,30
VMK,26
PFE,58
MTN,46
SHD,70
HDS,52
SLM,75
TYD,48
MKV,26
GQF,46
QFY,15
FYD,38
NTW,16
WTK,16
CGY,15
NFH,18
IEF,51
LVW,51
PKA,101
CHV,13
YDC,8
VQH,18
TCP,18
AMH,38
EMW,10
VYE,58
VRC,18
RCI,18
ACM,8
CMA,8
YRP,40
EKQ,78
CDL,29
LMC,13
MCN,7
KLC,19
CVA,44
VKC,10
KCL,4
PAW,50
QNF,29
NFP,40
FGN,59
RNW,16
NWH,4
WHP,12
CRQ,7
QYG,27
NQH,18
QFF,33
FDH,29
FIN,39
QKY,30
KYD,22
VWQ,23
IPW,22
VCK,12
HME,13
VWD,40
FHE,30
HET,41
NPK,55
CSI,22
PQC,6
QCC,1
CCQ,3
CQP,7
MQS,30
GEM,51
KFS,60
AWQ,29
WQH,11
QQS,45
QSR,78
HNN,18
EVW,33
GTH,71
WND,21
RHN,24
HNV,40
HCR,7
CRS,15
YKG,46
ATW,64
IPN,48
CND,7
CPI,14
VIH,43
WFK,14
ENW,18
NWQ,6
PWD,16
WCD,9
YTY,19
NDH,22
DHW,6
HYS,19
HPP,13
PPL,100
FPH,36
EFC,15
FCS,17
YGQ,28
DNH,21
NHA,46
VYN,43
PRH,38
SYC,9
YCT,8
MMG,26
YII,34
VMQ,28
MQM,21
YWF,7
WFM,12
QWF,19
DPW,34
EFW,15
WFA,42
GFM,25
VIW,43
IWR,26
TFY,27
QSP,55
HSM,24
MFA,51
LQY,28
QYW,11
YWN,1
WNP,19
WSM,15
KLH,48
RMW,17
MWC,5
WCY,2
CYP,8
AWF,38
WFT,17
FQR,46
NYY,17
TWS,48
SMW,9
MWV,17
WVM,12
WLP,44
AVW,66
HFF,25
PWN,13
IVY,52
TFS,88
YMF,14
FRN,43
DKA,159
AYQ,61
YQS,33
QSY,37
KWF,14
WFY,13
PMI,29
NCA,15
DKS,57
QKS,52
SSY,65
NRW,20
YGA,120
DRW,32
QNS,44
SRH,39
RHK,23
KDQ,40
AHI,86
RHQ,21
YEM,17
IHM,11
HMT,20
SCN,11
CNI,5
QDE,45
FAW,35
AWK,33
EYW,18
WDC,6
CVH,15
HKI,29
KIF,60
PNM,18
QQY,19
EYQ,41
MWT,13
AMN,40
GCA,47
MKD,31
NGN,51
FQN,25
QND,30
YKP,24
HYR,28
PIW,23
IWV,25
WEI,23
NKQ,35
TAW,58
WNY,20
FYV,35
YKI,19
PIM,27
ICY,7
CYS,13
YLY,25
MMY,9
MYT,14
LNM,21
NMM,11
WTF,18
VQW,23
QWG,20
PSI,97
VMY,22
MYQ,9
YQN,17
MNN,17
HIL,71
MMD,12
DSM,39
IHR,42
NKH,11
KHF,17
HFQ,16
FYQ,21
WGK,23
HLF,43
HIH,20
KGQ,69
GPQ,66
PQW,20
QWC,5
WCR,4
VCQ,11
CQR,14
NIY,29
IYR,39
QIW,12
WED,31
YVY,20
QPC,6
PCY,4
CYV,6
YVC,16
VCG,49
GRN,92
LFW,29
FWC,4
WCP,5
PTC,18
TCQ,8
DHR,43
NRS,80
NMV,32
IRY,24
STH,66
HTF,28
YEE,63
HQQ,14
MLD,88
KHQ,14
HQH,22
TFM,21
FMS,17
HIR,48
NGR,70
INY,29
NYQ,20
IKW,15
KWK,15
APP,99
WFS,21
MSE,84
HKH,8
KHY,22
HDK,18
TCL,21
VGC,37
CIP,19
FVY,32
DWP,25
WPS,26
YDQ,19
YYT,18
TIM,51
LDC,30
DCR,12
VWA,76
MRA,88
KHN,13
HNL,69
QSM,18
HEN,29
HPQ,34
QNY,22
NYG,39
YGW,24
HFI,15
YWI,13
IGN,93
THW,10
VIY,62
IYE,33
RQM,31
QMH,5
MHH,6
HHW,7
IFF,49
ANW,23
FMG,40
LHW,23
HWL,24
WLI,61
YQK,25
QKH,20
KHT,20
NNV,65
IWN,18
YNP,30
WTD,26
VMP,48
AFW,33
FWV,22
YPF,39
HHN,17
VFY,34
FYF,19
YRI,44
ICL,29
RSD,104
DEH,43
PKQ,46
ENH,21
NHR,26
EMY,13
MYE,19
YEN,32
KQN,22
QNR,21
AMC,23
MCY,5
CYI,4
YIY,16
YLH,50
HFT,25
MIK,45
YRH,28
NWE,20
GFC,13
FCD,16
CDE,20
DMT,33
MIF,37
QSC,6
SHF,37
PVM,57
MMT,12
HYP,19
YTH,20
YEI,39
MSM,22
SMY,15
MYF,12
YFF,22
PNH,18
CKK,9
FEC,8
KVC,8
KIY,27
RYW,22
YWP,8
NWL,30
WLT,51
WST,29
DWI,24
WIG,47
DIP,107
PMS,46
CKS,5
GQM,42
QMP,22
HMR,14
KQP,43
EHQ,36
KWP,13
WPN,12
QWE,16
QVC,15
WTW,5
TWH,19
WHT,12
PPF,47
FPM,21
KGY,56
NWR,20
WRH,17
HVH,36
YTR,47
IHD,47
EIQ,69
DSH,46
SHK,27
HKK,25
TCH,11
FYG,49
KDW,13
APW,45
PWF,19
FRY,37
YEF,19
NHS,22
HSC,9
SCK,7
CKD,13
PGW,43
FMK,7
KQH,24
HDN,20
YYP,21
HCP,8
SHL,80
ACR,27
CRT,14
AKH,57
MVC,7
DSW,29
WMR,15
IWK,8
WKH,11
RVC,25
VCE,24
LCK,18
CKE,14
WTY,16
YTW,20
FYT,33
TNI,55
DFW,15
FTK,35
FPF,32
FHF,17
HFW,6
FWL,27
FHN,20
QTW,19
SSW,44
WRQ,21
YLN,61
WHG,21
FRK,41
IWM,12
WYD,12
QFM,17
IMM,23
MMM,12
HFH,16
FHK,14
RKS,72
LWY,13
IFW,13
WRG,50
HNA,49
AMM,38
HIF,24
GHW,17
HWT,10
WTT,34
LNY,48
QHN,11
MIW,7
MHS,25
TLC,41
YFY,13
YEK,38
QRH,32
FPK,42
ACQ,15
CQG,17
IQM,21
QMA,49
NIR,67
NHD,25
WGE,42
NQE,36
MMQ,15
MQK,25
KWM,5
WMQ,8
MQA,45
RDH,39
PCA,21
YYR,21
EHS,60
MWH,6
WSN,17
QHH,14
DWR,29
MCK,2
NMP,23
NRC,5
RCP,15
GCC,7
CCD,5
YPC,6
MDD,36
QRW,27
MVQ,42
DDC,16
CAN,13
CDP,20
SYW,20
YWQ,11
THH,19
SHQ,26
FSH,47
HNT,22
RMY,16
YNE,29
CNK,7
MHG,23
WQI,23
CPE,18
KAW,38
AWI,48
WIQ,11
DQD,57
IYI,36
AYW,22
HND,29
WYR,14
GIM,48
QHP,40
KDY,44
DYC,7
YCR,9
CRE,25
RYK,31
FYH,7
FKG,54
MRD,46
RTY,58
WHI,12
PFM,20
LWG,49
QKC,7
KCR,5
FWP,14
KCG,11
SFQ,35
FQK,27
RWW,19
EAC,37
CES,18
ERW,24
GMC,12
MCF,3
CFC,1
NYA,45
AMV,112
KPC,6
QFA,50
KAH,52
DSN,56
MIM,26
IMD,37
FIQ,38
YYE,18
YKK,29
IWD,22
WDD,26
FWT,12
THR,58
SWC,8
WCT,3
FSC,19
MRR,76
WGI,45
HSK,27
SKC,2
GWT,51
WTL,44
WDM,12
QQK,37
HRC,6
RCW,3
CWY,2
RKY,38
KYQ,19
SKP,71
MHR,19
TFC,15
FCR,5
CRI,14
ICC,3
CCN,3
VCR,20
TIC,19
RYH,29
YHV,13
YDS,55
TCR,17
CRD,14
WVI,30
RFC,12
FCG,14
YMT,12
QNK,27
NKF,25
IHS,45
KMA,28
FFI,41
FIM,30
QTT,55
RFM,22
HST,60
MTH,24
MFM,8
FMR,27
QVN,45
AEC,25
LMY,14
MYM,7
AEW,35
EWM,18
PCS,14
RWR,41
EYK,26
SVQ,76
QMW,5
MWP,5
MFF,21
FFF,36
KWD,14
WDS,33
NNE,44
TYK,37
GIW,29
DKW,23
LFN,81
KPI,53
WQV,17
YYY,3
YYV,25
KSY,27
GEW,53
DNW,15
NWN,9
PKN,56
KNW,9
NWS,20
TFP,69
DYY,29
YYA,42
KFM,6
PFN,29
FNR,64
FVW,29
WHD,15
YIF,17
TTK,82
EKF,80
MFP,25
GNH,44
KKM,30
KMT,23
WTI,23
PYI,42
FWG,18
HKW,5
KWS,18
PKF,36
NFR,33
KQF,27
SCD,19
NSM,27
MAC,14
QFQ,19
FQF,21
QQM,14
EPM,27
FHY,12
HYF,11
RNF,60
RHY,23
EYC,8
YCE,7
LMN,33
CPP,12
KRC,13
SNW,17
WEH,9
HCK,4
CDS,28
RIW,23
QFH,23
RCH,7
SME,35
YDK,25
HRY,26
RYN,29
YNF,15
CAS,34
FQE,20
CQD,7
CQT,9
RFK,31
SPW,39
PWK,18
WKI,19
YGY,41
YDW,13
KRH,27
SYH,22
YHQ,11
VWE,34
MQW,9
QWD,22
WDG,22
GCH,11
CHF,7
MSC,6
TEW,24
EWP,14
WPK,13
PKW,14
KWT,17
HQR,25
SYF,39
YFH,8
FQH,14
HLK,42
YNT,20
FWK,12
WKD,25
SNQ,35
QDN,36
WHS,10
EFQ,28
SNY,26
NYE,35
MEH,17
LCP,20
CPN,9
HHD,16
HDH,23
AYC,16
YCK,4
CKG,11
CFF,11
HWY,3
WYT,14
WAK,48
LNN,67
MNG,34
MPK,31
WKV,21
CIY,9
PHR,36
LWF,32
WIF,28
VYW,17
YWC,5
CRM,6
MYL,26
SRW,42
MWE,9
WPQ,18
DTN,45
ISN,54
RIY,43
YFP,28
HHK,9
YMG,18
WPW,7
PDC,17
NKT,52
IHY,6
HIK,20
YEP,27
SMD,34
WVR,38
MEY,14
DEW,20
EWA,57
TNM,19
NMR,22
DEC,20
IKH,31
QTH,21
DQQ,50
MWN,5
DQW,25
LCL,30
QFT,29
WCL,4
CLS,35
CNL,13
ERC,15
RCR,13
HAF,44
FEI,49
MVG,85
TCI,13
QDM,16
RYQ,34
YQR,48
FLN,53
NEC,3
ECI,11
PMN,20
QMQ,18
MKH,9
QEM,24
EMN,20
MNA,42
HFP,26
SYE,56
DNY,35
YWH,4
WHA,12
KYF,17
YFK,14
KSW,23
HTY,26
GDW,30
WMV,21
QMR,38
MCS,18
NDM,17
CSD,24
WWA,25
NNY,24
TYQ,33
YQY,9
YAC,19
DTC,12
DWG,22
FPP,41
QWT,17
EMC,5
MCE,6
VWK,16
HIE,61
MGH,17
RWN,24
PNR,49
KHS,33
QMM,6
THI,39
HSN,28
VLW,54
WWL,22
KNC,7
NCI,4
YNK,13
DHC,8
HCV,11
WPT,30
YRC,13
PMP,44
PPH,36
MVH,18
HQV,34
NEF,36
IWI,21
AWW,29
WWF,6
KKY,31
WKK,19
KTH,38
EYD,43
LFC,25
WAV,56
PWV,45
HRW,13
VCM,13
CMR,5
ENC,9
PEC,17
MYA,33
WGY,18
WVW,19
VWN,15
LFY,48
FYR,38
TCE,15
CEE,29
WKE,26
RCS,15
RCE,15
CEQ,19
YQW,9
QWY,14
WYS,14
IRW,26
AHC,16
HCL,11
QNM,12
NCV,7
CVF,18
CLE,20
CLF,10
ESC,11
IQY,18
LCR,23
QKF,41
WQW,11
QWQ,20
IKC,5
NTM,17
NQW,18
WCE,7
LWK,35
CPL,24
LQC,16
QCI,6
CIK,7
IWP,19
SKY,30
HIW,9
WHC,3
HCY,1
CYL,11
PYD,32
CAF,20
MTM,29
NYW,11
NHM,9
HYM,6
YMD,9
MDY,21
YWV,15
WVT,36
EMH,17
WNG,19
WNC,2
YCQ,6
AWM,23
WMN,6
WDF,15
ICQ,8
HSH,38
KFY,21
QFW,6
SCQ,12
KQS,38
WDA,54
NYH,6
TYY,11
MMF,16
QNC,4
NCS,14
DFM,17
FMN,15
YKN,21
TNH,28
RWF,25
TWE,33
LTW,47
TWR,41
WRL,40
LCW,9
CWE,5
MDR,43
WDI,21
MTK,33
YKT,25
LHC,15
HCC,2
CCR,3
CRK,10
HMK,5
WRA,64
AFC,20
FCQ,11
LWI,58
RHM,15
YMN,7
QVW,19
TEC,24
ECP,13
CPY,2
PAC,16
VFW,20
FWS,16
WSY,19
NDK,38
QCQ,4
HVM,15
YYN,14
MPW,12
PWM,11
CAC,9
NEN,45
NLC,10
NER,51
MQD,10
EYT,58
DRN,47
MKN,26
MYD,11
FYM,8
YMK,10
MKC,1
KCM,1
DNC,10
NCF,1
MQR,48
IWT,18
NCY,9
PQP,71
NMH,6
KNH,20
NHQ,14
NNT,28
YQF,19
SWF,21
WFI,18
SYY,29
WLC,14
CIW,2
HQE,19
HHH,14
CSH,15
SHC,12
LCQ,16
CQQ,7
QQC,6
QCK,2
TWC,5
QDW,19
HWG,13
WFF,10
HWF,7
WFE,21
HWR,8
MVW,9
AWH,12
WHR,8
WKM,7
ECG,23
HTN,25
WSC,5
MFK,13
NPW,19
KTW,27
TTC,13
CPH,11
HCF,8
CFN,5
DPC,12
PCF,4
CFL,18
FCC,6
FCN,7
CNS,9
TKW,12
KDC,9
HVC,5
CCE,4
CAW,8
ITW,38
LCH,5
HAN,34
PMW,13
MWR,11
RNH,34
IWC,3
WCM,1
ANH,31
EQW,28
TYN,29
VWC,4
WCG,14
QCV,6
QTK,37
CFA,22
WQM,7
FKM,6
CVI,32
WSW,12
MRM,20
NQY,12
SKM,18
KMW,7
LWM,17
FKQ,25
MYC,3
YCS,7
EEC,23
DIC,23
MMI,15
KHM,9
CRP,10
DCI,16
CLY,10
IMC,9
CSN,15
SMQ,29
PYC,6
CQN,3
VMN,27
QWM,20
KMI,29
WSH,12
PHN,29
YDT,37
TMQ,32
PYW,15
YWS,20
WWK,4
DIW,21
PKH,23
NTQ,29
QKM,24
IQW,12
ACF,19
YDM,8
ICR,8
NYI,27
QWN,17
IFQ,33
MAW,21
ACY,11
EWH,10
KMC,5
FMM,7
WFH,3
RKC,4
KCW,2
CWI,5
NIC,11
WSP,31
MFQ,8
FIH,27
MFY,9
FCL,11
WPM,7
YMQ,6
YVW,11
ILW,24
CWS,8
EWY,8
DYM,13
MIN,23
WEQ,13
LSC,31
HHS,20
LDW,34
TCD,24
WHE,8
IYQ,26
HQW,14
SHH,17
SWY,22
WYI,6
QCY,3
MII,32
YQE,43
DWN,14
DCY,7
CYE,8
NTC,9
NML,26
NWK,14
KMS,18
WCA,10
CNA,14
YHR,22
FGW,33
LQW,25
HHM,9
GFW,18
NHE,22
HIY,14
YMM,5
DCF,2
QIM,23
MMR,23
FNM,10
YVM,21
QCT,8
CTR,12
SFC,12
CIE,16
NHY,14
KKW,9
QYM,8
ICF,12
CLW,6
WER,27
KMQ,11
KWV,24
CTK,9
MIY,16
FFE,34
PPW,10
WGN,23
MRY,25
SCW,3
QWR,30
WTS,30
FDM,18
KMD,17
VMC,11
MCT,8
DMN,18
MQN,12
DHK,19
EVC,33
CDT,17
MME,21
QGW,19
WRP,21
YKW,7
KWG,27
HCD,8
NGC,23
CSM,6
QCS,9
WNE,11
FKI,32
TQM,21
TGW,38
YWA,22
QCD,6
KHC,6
SKW,13
HKS,18
VCP,20
NDN,26
YWK,9
WMW,8
WMI,7
YYM,6
QSN,38
ECW,5
CWD,7
MNP,28
SWW,20
YWL,26
CGF,15
HAC,20
SCE,14
WNT,19
KIW,13
WIL,25
NWW,8
WWG,16
MKW,11
WWM,12
WMT,9
PPN,24
HKM,7
MDW,7
YLC,16
CQM,4
QMF,14
HHQ,10
ITC,27
YIP,23
PTW,23
TDC,13
PFQ,15
HKQ,11
KQC,3
NIQ,40
ECK,12
TWD,25
CRG,12
WTC,6
YTC,9
WES,27
FKY,12
TKC,10
KCT,8
CTV,30
QHK,12
FKW,9
TSC,13
WTH,13
FPW,13
QKE,48
VWM,17
KPH,24
MEC,5
RNM,20
WAW,18
KPW,17
CDN,4
HWE,5
HMQ,7
MQI,16
KYM,9
TWW,15
QKW,13
QQF,24
HQM,11
YQH,18
MEM,18
YDY,20
HMW,7
PHY,23
WNR,16
EKC,10
KCI,10
MTC,8
WIR,25
WWV,14
WYH,4
WWR,15
FYW,6
NKM,16
CSK,10
CFT,16
DMC,7
MCP,6
NMQ,11
CQK,4
FHM,9
HMN,6
QPW,17
YPM,13
FWE,20
RWC,5
FCA,24
CAK,13
WFP,20
FNQ,32
CLQ,11
NPC,7
PCG,21
FHW,3
FFW,11
FCF,6
CFD,13
FYC,7
YCP,6
QMT,15
TCF,13
YGC,13
PYY,15
FVC,15
IYH,16
YKC,4
KCV,10
MRC,4
CEM,9
KMY,8
MYI,14
CNV,10
CFS,10
CKI,5
WIM,12
SWH,10
CFE,6
QEH,43
NHK,19
IWL,26
WPP,6
YRW,11
RWH,6
HYW,6
YWW,3
WWQ,16
WNH,8
NMW,4
YQM,8
TIW,12
MWI,5
HWW,4
CRC,5
FWY,4
WYW,6
RHW,9
MCI,5
YCM,2
NME,12
CIM,5
WHV,7
CET,13
EKM,23
CPD,20
CKT,7
PCE,11
TQW,14
QWW,12
QYH,9
FRM,22
WVY,10
FNW,13
FFC,6
YKM,8
MNM,8
NMS,24
KMM,13
WKY,10
QVY,18
RPM,31
RWP,17
CRR,15
TMH,13
FHC,4
EHW,16
MHW,4
PYH,15
FDC,12
KPY,18
CEH,7
FQY,8
SHM,19
DCT,15
WPR,12
KSC,4
GWN,24
WNM,8
WEW,12
PDW,18
HNC,5
HFR,23
CVY,10
MHF,8
RCF,12
WRM,13
SMM,21
QYY,5
LCY,5
QNE,31
KRM,35
MWG,12
HCT,6
HDW,18
MCV,13
QEC,9
DWH,12
DMY,13
CYT,7
CMP,4
ICN,8
DCH,10
LYY,28
MPC,6
TRC,9
HFC,6
FCP,12
PRC,14
NCH,6
CHK,2
WPF,15
WDT,20
CTF,15
KYY,13
DWF,24
IHC,5
CRA,25
PWS,17
NAW,16
HLC,8
CDK,8
CRN,5
IWY,6
HNM,11
CNQ,8
MIC,8
DMW,6
NEW,17
NMY,8
DHN,26
INW,14
YYF,11
FTC,15
CMT,7
NYM,3
YMY,9
MYH,5
THC,10
DWC,4
DQC,2
YWT,14
YIH,19
YCD,7
YWM,5
ECQ,4
DWW,4
FWW,5
VHW,7
HCA,10
DYK,31
PCR,9
HQY,10
MCL,13
HQK,22
QMY,10
WIY,9
YCF,4
SNH,19
CHA,11
HTC,10
CVC,7
QHE,26
IPC,15
YNM,7
YME,16
HCM,3
CNR,9
CRW,2
MPY,19
MYR,11
QYN,9
YNW,8
LMW,18
CQL,4
YFM,9
MCG,10
CIF,10
CTW,5
CVK,11
FQC,3
KFC,4
NHF,16
MCD,7
WFN,19
DYW,8
YIM,5
KMN,17
FMQ,7
PKM,19
NFQ,13
PMR,35
YNN,17
CIC,2
PCW,2
NCE,7
CEY,9
IIC,13
IYW,11
HEC,6
CQI,8
VNC,7
NWM,6
WHQ,7
TPC,7
PCD,7
DKC,5
IWW,9
YHI,10
QWH,6
ICP,14
PPC,6
MCR,6
CKR,6
WDY,17
ACW,6
WDW,9
CHI,3
CEF,6
CHN,11
NCN,3
HYQ,16
QNW,16
WYF,8
FPC,3
WYN,6
FCT,9
YIW,6
QHM,6
CKQ,8
YHN,6
PPY,17
FMY,8
MLC,11
TNW,16
MHE,17
WMM,7
QIC,11
WIK,10
HCH,7
PWH,7
YEW,20
TCY,10
KCE,8
QCE,8
WSQ,18
IWF,15
WTQ,16
INC,7
HMF,7
PHM,16
WWH,6
WRC,4
YWY,7
WYG,10
CVM,5
MYK,12
DCQ,3
WWI,12
CRF,6
RYM,12
YCW,4
CWH,2
QFC,5
MMC,4
WNQ,4
MQH,10
WIW,8
CMD,4
YKH,7
KHW,7
MMH,7
NKC,2
KCD,5
CDM,9
KCN,2
CQF,5
CGW,7
DWM,7
ECH,3
CFW,2
HCN,7
SDC,15
DCN,9
TCC,5
CCV,3
LCC,9
YCH,5
DCC,1
RFW,17
AWY,15
TFH,36
YSW,12
WMP,6
DCW,3
CWF,1
WFC,6
NWY,4
TMC,7
CNM,2
SMC,7
GWC,2
YHW,4
MYY,5
WYY,5
FWD,12
CPK,4
MGC,6
EMM,11
HWK,5
CNT,9
HWQ,7
SCH,5
CHE,7
FYK,14
NWC,4
FWH,7
WHK,5
CRH,4
QCF,1
QMN,5
WHW,6
ICW,4
MMW,9
FQW,11
HFK,12
WWD,6
PWW,19
WRN,16
YMH,4
MCM,4
FRC,4
RCN,6
WYK,4
HEK,26
KWC,1
MHC,1
GCM,6
CMM,2
ECD,17
CMK,3
KWH,2
HWN,5
HYN,7
WCI,4
YHT,6
WCW,3
KYC,6
WEP,17
CEC,4
CMY,2
CIH,6
KWW,5
GQC,6
CWN,4
CYD,5
KYW,5
YQC,6
CHW,2
PIC,11
HQN,10
WQY,5
CGC,4
MYW,4
WMK,3
ECY,8
RNC,5
NYC,2
CCS,6
NVC,8
CHH,6
CDY,4
WWC,5
IMY,11
WGC,4
HWH,5
VCW,3
CWC,1
CCT,3
CTC,1
WRW,6
CNC,1
HMY,2
KCC,4
CCC,2
WIC,6
LWC,4
TCN,8
NDC,6
CYY,2
VKW,16
MDH,6
CTY,4
CKH,7
MCC,3
CWR,4
CEW,3
NHC,2
CAY,7
WWW,5
HFM,6
FMC,1
SCM,5
CMF,2
YCI,6
CLC,3
CPC,4
PCM,2
CWG,5
SCC,2
WWP,6
CNH,4
WMY,8
CWA,4
ECM,2
KCF,3
CFY,5
CNW,1
CMV,12
HYC,3
QYC,2
MWY,3
CHP,5
WMH,9
RCY,7
MNC,3
ECN,2
YNC,3
GCK,6
CWL,5
VCC,6
CCK,1
YCC,2
FCH,7
CMI,4
CQY,1
CKY,3
TCW,3
FFM,8
YHC,2
CYM,3
CYC,1
RCC,1
FCY,4
WFW,7
FNC,3
CKM,1
EWC,4
WCS,5
DCM,3
CMQ,5
WWY,7
CYW,2
CPW,2
NCQ,4
FCW,5
CYR,5
MDC,2
KWY,4
CQS,6
RCM,4
YYC,1
CFK,3
VCY,3
QHC,3
HDC,2
KCH,2
ICM,5
CSC,4
PKC,1
TQC,1
IYC,4
MWF,3
CVW,2
NCK,2
CWM,2
HMC,1
CYQ,4
HQC,3
MFC,4
WCV,5
CQW,4
CFM,2
CCM,3
FMW,1
WMC,2
YHM,1
CWQ,2
WYC,1
PCH,4
CWP,1
MQC,3
HWM,1
CDW,2
WHH,3
HWC,2
NCM,1
WNW,3
WCN,1
YMC,1
CKW,1
CKF,1
YCN,2
WCK,1
CCF,1
CYN,3
CWW,2
CHY,1
MCW,1
YFC,3
HCW,2
CHC,2
HKC,1
CCY,1
NQC,1
NCC,1
QMC,1
WCH,1
