MGS,82
GSK,307
SKN,504
KNN,231
NNS,170
NSR,183
SRA,161
RAK,193
AKI,381
KIL,1254
ILV,594
LVR,327
VRG,174
RGK,243
GKV,465
KVQ,161
VQG,155
QGV,126
GVG,369
VGF,230
GFR,203
FRY,102
RYY,87
YYI,104
YIL,327
ILQ,381
LQR,150
QRA,77
RAQ,67
AQE,142
QEC,16
ECR,19
CRL,30
RLS,363
LSG,826
SGY,224
GYT,178
YTQ,41
TQN,98
QNL,443
NLP,322
LPG,390
PGG,222
GGE,311
GEV,366
EVE,343
VET,221
ETV,301
TVV,213
VVE,212
VEG,237
EGD,225
GDK,222
DKM,77
KMF,55
MFI,43
FIE,229
IED,283
EDL,519
DLY,221
LYR,210
YRA,78
RAI,209
AIQ,249
IQR,193
QRG,95
RGP,55
GPK,115
PKG,211
KGS,269
GSE,288
SEV,347
EVK,366
VKE,412
KEA,441
EAL,521
ALI,444
LIT,405
ITW,40
TWE,47
WED,45
EDP,157
DPK,259
KGN,296
GNF,249
NFR,187
FRT,168
RTF,147
TFE,184
FEI,277
EIK,587
MKI,201
KIS,674
ISV,468
SVG,307
VGN,197
GND,157
NDI,196
DIV,245
IVE,368
VEN,232
ENS,431
SRI,336
RIR,277
IRD,275
RDL,310
DLL,600
LLE,893
LEK,1180
EKH,107
KHG,93
HGD,52
GDR,177
DRF,209
RFL,380
FLK,780
LKR,481
KRV,200
RVF,159
VFS,355
FSE,441
SES,418
ESE,386
SER,227
ERE,249
REY,145
EYC,25
YCS,45
CSN,43
SNR,217
NRK,303
RKD,236
KDP,240
DPI,218
PIP,225
IPH,74
PHL,84
HLS,162
SGR,260
GRF,149
RFC,33
FCV,38
CVK,18
EAF,202
AFI,173
FIK,266
IKA,281
KAI,400
AIE,356
IEP,156
EPG,182
PGD,184
GDH,62
DHV,60
HVI,80
VIL,608
ILD,619
LDM,78
DMR,27
MRE,73
REI,445
EIE,554
IEL,458
ELF,371
LFG,461
FGK,353
GKE,502
KEF,519
EFG,221
GKK,652
KKE,862
KEL,872
ELV,396
LVL,712
VLH,125
LHG,115
HGK,96
GKS,488
KSK,535
SKE,633
LFL,1013
FLT,366
LTK,418
TKG,184
KGY,197
GYS,253
YSG,249
SGC,52
GCS,59
CSV,45
SVS,478
VSI,391
SIS,710
ISH,133
SHA,50
HAE,49
AEN,209
ENY,178
NYS,184
YST,155
STA,216
TAV,180
AVV,242
VVV,261
VVL,430
VLY,248
LYK,274
MQD,41
QDI,118
DIN,129
INS,345
NSG,324
SGS,503
GSS,431
SSS,655
SSM,105
SMK,112
MKD,116
KDT,192
DTY,91
TYS,185
YSS,291
SSW,110
SWI,132
WIE,89
IEI,457
EIS,661
ISK,664
SKR,260
KRS,240
RSL,441
SLS,843
LSN,400
SNN,149
NNL,291
NLD,325
LDN,204
DNF,101
FRS,247
RSI,315
SIL,1118
ILR,481
LRP,161
RPN,73
PNS,234
NST,276
STL,479
TLT,319
LTA,338
TAI,279
AIL,629
ILK,1124
LKS,786
KSN,271
SNA,240
NAY,101
AYG,132
YGH,43
GHG,99
HGI,107
GIE,413
EPM,38
PMT,55
MTR,47
TRL,215
RLC,56
LCI,96
CIE,51
IEA,335
EAG,323
AGI,474
GIS,630
ISR,328
RIG,290
IGV,363
GVN,200
VNS,235
NSI,468
SIE,474
IEE,574
EEA,414
ALL,625
LLI,804
LIR,530
IRN,365
RNI,221
NID,169
IDS,442
DSK,373
SKI,742
KIP,427
IPI,409
PIL,590
ILI,877
LIM,88
IMG,77
MGE,98
GEI,484
EIQ,412
IQN,345
QNP,144
NPE,356
PEK,411
EKR,272
KRK,354
KDV,252
DVL,330
VLS,600
LSD,515
SDP,209
DPN,250
PNF,140
NFW,49
FWI,102
WIV,88
IVF,322
FSR,216
SRP,120
RPE,137
PET,230
ETA,238
TAR,133
ARI,242
RIL,744
ILS,1135
LSS,807
SSF,449
SFL,792
FLP,298
LPA,246
PAP,115
APK,103
PKL,237
KLH,115
LHL,195
HLK,176
LKI,764
KID,385
IDT,233
DTG,147
TGM,100
GMG,131
MGR,102
GRL,278
RLG,321
LGS,493
GSH,66
SHG,86
HGE,64
GET,276
ETL,530
TLK,433
LKQ,362
KQT,156
QTL,290
TLS,540
LSE,825
SEL,560
ELK,751
LKN,873
KNV,311
NVG,195
VGI,356
GIT,344
ITL,396
TLG,405
LGG,551
GGI,452
GIC,95
ICT,43
CTH,17
THF,74
HFA,66
FAS,268
AST,220
STE,258
TED,190
EDV,214
VLE,587
LEH,121
EHK,76
HKY,31
KYS,242
YSL,337
SLM,122
LMQ,55
MQT,44
QTQ,113
TQK,167
QKF,178
KFE,226
FEE,335
EAI,389
AIF,241
IFL,693
FLA,369
LAK,504
AKS,303
KSF,380
SFG,323
FGY,151
GYN,107
YNH,51
NHL,142
HLI,159
IRH,85
RHA,37
HAC,15
ACA,40
CAS,43
ASA,293
SAS,407
STM,47
TML,69
MLF,95
LFP,322
FPN,176
PNA,144
NAH,43
AHF,56
HFD,65
FDM,33
DMV,56
MVR,60
VRI,294
IGI,570
ISL,756
SLY,323
LYG,247
YGL,252
GLW,60
LWP,42
WPS,16
PSI,249
SIQ,385
IQT,306
QTR,88
LSL,1036
SLN,487
LNL,804
NLT,346
LTG,439
TGN,231
GNK,210
NKN,258
KNF,353
NFQ,166
FQL,199
QLN,147
LNP,348
NPI,270
LSW,95
SWK,104
WKS,86
KSR,216
RIV,274
IVH,98
VHI,78
HIQ,59
IQY,134
QYH,21
YHP,65
HPA,73
PAD,114
ADS,254
DSY,184
SYI,236
YIG,146
IGY,218
GYG,200
YGS,186
GST,252
STF,278
TFQ,175
FQT,165
QTS,189
TSY,144
SYP,148
YPT,96
PTK,99
TKV,225
KVA,268
VAI,255
AIV,312
IVP,203
VPV,198
PVG,159
VGY,147
GYY,132
YYE,117
YEG,143
EGL,415
GLD,362
LDR,395
DRK,214
RKL,478
KLS,582
SSN,336
SNG,273
NGD,169
GDM,59
DML,65
MLV,94
VLG,529
LGK,586
KKA,423
KAR,175
RII,292
IIG,372
IGR,214
GRI,336
RIC,34
ICM,14
CMN,12
MNM,21
NMT,33
MTM,24
MLD,90
LDV,289
DVT,146
VTH,81
THI,76
HIP,64
IPG,371
PGA,186
GAE,216
AEV,235
EVG,259
VGS,265
GSI,478
SIV,398
IVT,273
VTI,228
TII,242
IGQ,236
GQD,108
QDG,141
DGE,197
GEE,317
EES,461
ESI,561
SIT,327
ITA,235
TAD,160
ADD,100
DDL,302
DLA,342
LAD,314
ADR,157
DRT,136
RTH,56
THT,69
HTI,101
TIN,181
INY,108
NYE,115
YEV,133
EVM,86
VMT,61
TRI,215
RIS,438
ISE,632
SIP,429
IPR,119
PRI,123
IVV,291
MKL,176
KLD,348
LDK,395
DKN,282
KNK,495
NKI,397
KIQ,436
IQI,361
QIS,304
ISI,588
SIG,450
IGK,469
GKN,433
KNP,301
NPS,268
PSK,201
SKT,391
KTF,298
TFY,135
FYK,220
YKL,194
KLQ,242
LQL,235
QLL,274
LLL,1076
LLK,967
LKD,625
KDH,87
DHF,94
HFP,68
FPE,316
PEN,289
ENL,657
NLK,708
LKT,587
KTK,409
TKF,159
KFS,287
FSF,386
SFQ,276
QTA,111
TAS,260
ASG,374
SGI,677
GIF,462
IFT,271
FTG,245
TGE,282
GEN,252
ENG,340
NGQ,111
GQI,212
QIF,190
FTD,172
TDE,138
DEV,223
VEK,391
EKI,946
KII,514
IIY,147
IYL,308
YLG,304
LGL,776
GLG,509
LGE,528
ETS,311
TSK,289
KIK,665
IKI,414
KIR,507
IRG,232
RGV,164
GVA,266
VAQ,98
AQH,15
QHF,20
HFF,76
FFQ,200
FQF,179
QFG,121
FGE,264
GEK,369
EKL,818
KLK,802
LKK,1266
KKW,92
KWE,51
WEG,65
EGV,251
VGL,353
GLE,473
LEI,735
EIH,195
IHL,208
HLP,84
LPK,448
PKV,155
KVL,591
VLT,360
LTN,269
TNS,265
NSL,540
LSA,503
SAD,203
ADL,372
DLV,471
LVV,351
VVY,133
VYQ,97
YQI,131
QIV,202
IVN,261
SLE,711
LEQ,240
EQG,139
GVY,167
VYA,135
YAI,137
AIN,162
INV,163
NVL,382
VLA,393
AKE,466
KEY,327
EYK,232
YKE,271
KEN,487
NSK,411
SKK,688
KKI,998
KIG,474
IGN,319
GNV,271
NVS,383
VSF,369
SFI,387
FIL,532
LQD,203
QDA,102
DAA,156
AAK,277
AKL,344
LKE,1160
EAE,302
AEK,439
EKG,423
KGL,435
GLK,502
KRG,193
GKI,729
KIV,502
IVS,532
VSR,264
SRY,158
RYI,128
YIN,116
ING,223
NGV,218
GVR,203
VRH,35
RHI,67
HIA,68
IAH,104
AHL,89
PAN,120
ANH,48
NHF,88
HFT,66
FTP,150
TPE,265
PEE,414
EEF,412
EFV,231
FVS,345
SRS,242
RSK,240
KEI,1098
EIA,449
IAK,414
AKD,221
KDN,175
DNG,142
NGL,303
KIT,362
ITV,240
TVF,194
VFD,167
FDE,162
DEP,106
EPQ,43
PQL,93
QLK,309
KEK,826
EKM,148
KMG,83
MGG,137
GIL,923
LSV,512
SVC,53
VCE,42
CEG,25
EGS,247
GSD,247
SDK,293
DKK,357
KAK,322
AKM,77
KMI,168
MIL,270
ILL,1187
LEY,334
EYT,123
YTP,78
TPV,167
PVK,154
VKP,155
KPI,274
PIT,186
ITK,333
TKK,371
KKK,704
KKL,815
KLA,378
LAI,449
AII,249
GKG,353
GLT,386
LTF,300
TFD,130
FDS,302
DSG,285
SGG,467
SIK,336
IKP,180
KPA,123
PAQ,58
AQD,72
QDM,36
DMH,6
MHE,17
HEM,24
EMK,135
MKY,73
KYD,140
YDM,30
DMC,8
MCG,19
CGA,59
GAA,273
AAT,188
ATA,198
AIH,93
IHA,98
HAI,72
AIG,348
IGA,332
GAI,355
AIA,342
IAE,388
AEL,398
ELG,440
LGV,504
GVP,249
PVI,228
VIA,309
IAA,363
AAI,334
VAE,254
ENM,60
NMP,40
MPD,41
PDA,125
AAA,287
AIK,231
KPG,239
GDV,198
DVY,120
VYT,117
YTA,116
TAY,119
AYN,89
YNG,97
NGI,400
TVE,220
VEV,249
EVQ,157
VQN,143
QNT,107
NTD,108
TDA,147
DAE,164
AEG,211
EGR,185
RLV,248
LGD,318
LSY,324
SYV,149
YVG,140
VGK,360
KKF,460
KFK,321
FKP,130
KPD,200
PDY,109
DYM,22
YML,50
LDL,814
LAT,337
ATL,324
TGA,255
III,259
IIS,440
SLG,679
LGH,121
GHE,57
HEA,61
EAA,286
AAG,314
AGV,371
GVM,71
VMS,70
MSN,75
SNS,419
NSD,246
SDV,200
TNL,334
NLL,686
EAS,220
ASI,361
ISS,675
SSD,307
SDE,239
DER,106
ERI,474
RIW,78
IWE,78
WEM,13
EMP,39
MPL,62
PLW,47
LWE,85
WEE,88
EEY,234
EYS,308
YSE,244
SED,283
DLK,698
KSD,277
SDI,295
DIA,206
IAD,287
ADI,235
DIR,232
RNV,192
NVA,156
VAG,344
AGR,178
GRA,150
RAG,208
AGG,317
GGS,394
GSL,471
SAA,285
AKF,133
KFL,444
FLE,592
LER,460
ERF,215
RFV,162
FVE,189
VEP,120
PGI,318
GIA,401
IAW,58
AWA,33
WAH,8
AHI,63
HID,65
IDI,236
IAG,408
AGT,264
GTA,223
TAW,29
AWR,24
WRK,36
RKK,463
KKT,422
KTS,351
TSG,354
SGT,376
GTQ,109
TQI,161
QIG,226
GNG,237
NGP,75
GPT,85
PTG,165
TGY,126
YGV,155
VRL,275
RLL,432
LLV,566
LVD,308
VDL,360
LVE,464
MHM,3
HMP,15
MPK,37
KGF,271
GFL,496
FLS,680
LSF,598
FGI,442
GIN,253
INI,174
NIG,214
GIK,342
IKD,297
KDD,152
DDT,81
DTK,139
TKD,223
KDF,321
DFG,199
FGV,213
GVI,368
VIY,137
IYS,291
SEI,712
EIP,367
IPC,36
PCK,16
CKA,32
KAT,171
AVF,230
VFT,190
FTK,221
TKN,199
NNF,112
NFP,186
FPG,240
GAP,144
APV,128
VIV,357
IVG,368
KEH,106
EHV,47
HVR,43
VRS,248
RSG,242
SGV,370
GVL,480
VLQ,213
LQA,210
QAI,166
IVI,361
VIN,158
KNS,531
NSN,299
SNV,230
VAT,201
ATG,269
KGI,508
GIQ,265
QNS,215
SRE,283
EIC,75
ICK,64
CKI,77
IGE,333
GES,337
ESL,653
LGI,804
IKE,425
KET,380
TLV,354
VLP,262
LPS,320
PSS,263
SST,326
STG,332
TGV,240
VIG,403
VPL,209
PLK,267
LKM,137
KME,126
MEI,151
EII,482
IIL,605
ILP,583
PAC,22
ACK,46
CKK,98
KSL,673
SLL,987
LKP,375
PGN,192
GNL,519
NLE,552
LEE,972
EEV,455
EVA,222
AEA,244
AIM,79
IMT,49
MTT,59
TTD,135
TDT,118
DTR,90
TRK,193
SSR,292
SRN,213
NIK,240
IKT,316
TKS,243
KSG,459
SGQ,170
GQG,136
QGT,104
GTI,385
TIY,194
IYG,202
YGI,245
AKG,261
KGA,240
GAG,417
AGM,123
GMI,218
MIE,143
EPN,121
PNM,36
NMA,34
MAT,92
ATM,48
MLC,15
LCY,45
CYI,24
DVS,229
VSL,546
SLP,354
LPE,462
PEG,253
EGT,216
GTD,183
TDL,352
LYS,403
YSI,313
KSS,371
SSV,414
SVD,227
VDQ,119
DQS,111
QSF,173
SFN,178
FNC,24
NCL,50
CLT,44
LTI,360
TID,241
DSD,199
SDT,176
DTS,176
TST,242
STS,320
TSD,195
DTV,169
TVA,209
VAL,365
LLC,95
LCN,50
CNG,37
GLS,544
SGE,462
ESS,449
SVQ,167
VQD,140
QDF,110
DFS,331
FSK,503
SKA,306
KAL,478
ALT,281
LTE,437
TEI,343
ICI,78
CID,37
IDL,461
DLT,332
TKL,310
KLI,680
LIA,550
IAT,277
ATD,121
TDG,158
GEG,297
EGA,201
GAT,221
ATK,152
LIE,588
ELT,349
TIS,467
ISG,640
SGA,385
GAK,256
KSE,402
SEA,260
EAQ,107
AQA,136
QAR,87
ARK,263
RKI,474
KSI,619
ILN,758
LNS,603
NSP,219
SPL,300
PLV,229
LVK,390
VKT,247
KTA,237
AIY,149
YGG,156
GGD,211
GDP,150
PNW,42
NWG,51
WGR,42
RLI,366
IMA,79
MAV,70
AVG,246
KVF,292
EPI,214
IPF,310
PFE,128
FEG,208
GLQ,145
LQI,281
QIY,125
IYF,221
YFG,171
FGT,210
GTL,399
TLP,349
LPV,319
EAN,148
ANP,134
SEY,207
EYL,341
YLK,449
NNT,141
NTE,146
LNV,355
NVV,203
VLN,411
VGT,240
ISM,109
MKF,92
KFW,53
FWG,65
WGC,12
GCD,37
CDF,42
DFT,184
FTE,219
TEK,355
EKY,287
KYI,199
YIE,164
EEN,354
ENA,255
AYY,129
YYT,101
MIP,105
IPN,220
PNP,137
NPV,188
PVR,141
VRA,152
RAV,176
AVI,284
VII,231
IID,251
IDD,181
DDS,160
DSL,533
VRN,171
NII,231
ISD,407
SDQ,170
DQI,254
QIQ,179
IQK,564
QKD,168
KDS,384
KIH,178
IHV,90
HVV,62
VVA,234
TGK,455
GKT,474
KTG,365
GMD,99
MDC,16
DCI,64
LAQ,227
AQK,178
QKM,68
KMN,116
MNP,99
NPD,216
PDV,154
DVI,287
DVE,174
VEM,84
MPV,52
PVM,51
VMD,83
MDG,84
DGL,251
TAL,318
ALH,92
LHE,111
HEL,104
ELQ,243
LQK,489
QKK,331
KLG,447
GIP,410
IPV,351
VIM,64
IML,77
MLS,149
SVL,657
LTQ,250
QNG,193
NGA,174
EAT,142
ATF,144
TFK,150
FKA,125
ALE,484
EYG,149
YGA,138
AID,234
IDF,280
DFV,242
FVP,127
VPK,155
PKP,120
KPS,209
SVF,376
VFQ,178
QFD,73
FDP,177
DPE,331
EEI,791
EIG,517
GNI,332
NIL,554
ILA,596
LAY,205
AYF,123
YFE,178
FES,282
ESK,410
QIP,177
IPS,315
PSQ,103
SQN,191
KAP,97
APA,103
PAY,70
AYS,173
YSK,298
SKV,341
KVP,175
VPA,156
PAG,206
AGS,308
SHL,162
KKS,560
KSP,170
SPI,262
PIQ,164
IQA,197
AIC,56
CIG,61
IGT,338
GTS,309
TGG,312
GGP,130
GPR,57
PRA,60
RAL,278
ALQ,216
LQE,375
QEV,207
EVF,293
RIP,210
IPA,276
DIS,303
LPI,389
VVQ,116
VQH,26
QHM,7
MPA,37
AGF,292
GFT,242
TKA,223
KAF,206
AFA,199
FAT,153
ATR,110
RLN,254
LND,276
NDH,48
DHA,37
HAK,45
IKV,258
KVK,449
AED,165
EDG,232
GEP,125
PIE,239
PNT,167
NTG,173
GYV,157
YVA,91
VAP,144
APG,135
GDA,158
DAH,38
LSI,662
IQS,321
QSK,193
SKG,355
KGG,251
GGR,204
GRK,200
RKW,46
KWI,90
WIA,85
IAL,471
ALN,296
LNR,412
NRE,223
REA,209
EAP,105
PVN,100
VNG,223
NGH,64
GHR,55
HRP,29
RPS,104
IEV,345
EVL,555
VLL,674
LLD,582
LDS,508
DSA,224
SAI,388
YKS,208
GII,458
MTG,91
MGK,111
GKD,335
KDG,328
DGS,286
GSA,273
IVR,253
VRV,185
RVR,162
VRE,247
IGG,407
STI,321
TIA,311
IAQ,143
QDE,110
DEQ,69
EQT,115
TSV,265
SVI,392
YGM,61
GMN,85
MNR,123
NRQ,64
RQA,88
QAV,113
AVE,233
EMG,118
GGV,332
GVE,227
VEY,119
EYI,192
EPV,145
PVT,167
VTE,219
IIN,276
INR,228
NRI,353
RIQ,220
QII,201
KER,331
ERG,164
MIQ,121
IQV,202
QVF,104
VFI,271
FIV,240
IVD,276
VDD,139
SAV,271
VVR,195
VRQ,76
RQV,62
QVL,266
QIL,490
LNK,364
NKD,166
PEI,409
IGF,378
GFA,261
ASD,191
PIF,244
IFA,305
ASE,277
SEK,684
SVW,58
VWP,12
WPD,21
DVF,155
LDI,324
DIE,217
IEM,83
MPR,22
PRM,27
RMD,69
DGI,301
ISF,486
KIM,90
IMS,92
MSE,113
EKP,190
KPT,146
PTP,91
IIC,46
ICS,71
CSS,90
SSL,837
SLA,471
LAE,488
EKE,825
KES,482
SET,358
AVL,458
LAM,115
AMK,76
LGA,445
GAV,275
AVD,184
VDI,199
DII,243
IIE,356
IEK,660
KPK,191
KVG,251
NFL,382
EIL,1149
ILF,894
LFI,413
FID,202
DSV,295
SVR,250
RAA,162
AAS,289
ASN,186
NAR,110
ARV,158
RVK,182
KTH,76
THS,85
HSF,111
FQN,277
QND,105
NDD,76
SKF,322
LEN,682
ENH,95
NHK,84
HKQ,42
KQP,66
QPK,64
PKT,197
KTD,261
TDF,205
DTT,128
TDK,196
DKL,331
IAI,326
GGT,266
TQA,130
QAL,222
LEF,363
EFI,293
ILT,620
TQL,137
LNI,345
NIH,89
IHC,25
HCP,13
CPG,35
GIV,505
IVQ,190
MPE,80
EKF,417
KFT,186
TEA,180
FAN,169
ANR,157
NRL,373
LNQ,311
NQV,156
QVC,16
VCK,48
QVK,121
EAK,324
DGD,150
DRV,206
RVQ,74
VQL,164
QLG,187
SAY,165
AYI,128
YIA,130
IAP,157
NKH,45
KHM,11
HME,18
EIY,256
YLS,377
GAQ,119
AQF,51
QFH,55
FHI,91
HIR,74
IRV,235
RVL,306
VLD,425
LDG,333
DGP,92
GPL,148
LVN,286
VNR,147
NRH,47
RHR,38
PSV,165
VDT,150
DTL,246
TLF,328
LFH,164
FHS,165
HSV,105
SVA,305
VAK,243
AKA,285
KAA,279
AGK,413
KNA,290
NAK,187
IIM,51
MGN,59
NDG,108
DGA,159
GAN,205
ANG,211
GLL,590
KMK,185
MKQ,89
KQS,152
QSG,197
GAH,44
AHT,36
DEA,166
ASC,42
SCV,45
CVV,45
VVF,240
VFG,315
FGM,79
GMP,57
PKE,440
LKG,468
AVN,148
VNT,138
NTI,289
TIL,659
LPL,416
PLS,298
LSK,864
VGE,249
VQY,66
IPK,334
PKK,286
EVP,158
VPG,216
DKS,204
LSH,166
SHR,66
HRS,63
RSV,210
VLF,458
LFA,335
FAA,184
AAL,449
ALS,530
KGK,515
KVT,206
VTG,329
TGF,251
LEA,436
DPL,216
PLN,169
LNT,307
NTM,32
TMS,68
MSA,75
SAF,281
FAK,255
LKV,473
VQK,227
QKV,220
PGE,227
GEY,183
EYE,166
YEF,102
EFE,257
ESP,149
SPG,231
PGK,292
NKL,308
KLV,367
LVS,587
VSP,215
SPN,191
PNV,179
NVD,152
DLD,343
LDF,407
FGN,241
GNA,171
NAG,246
GTG,380
TGI,456
GIR,322
IRL,399
SAG,354
AGL,485
GLI,549
LIC,95
ICG,77
CGL,67
GLP,266
INA,158
NAT,138
TGD,196
GDN,114
DNS,168
SLK,817
KKR,373
KRP,124
RPM,23
PMG,88
IIK,262
KPL,241
SMG,143
MGA,122
GAS,343
TAP,113
APL,164
KIE,657
IEG,276
EGK,494
RYE,114
YES,224
PIA,202
IAS,461
SAQ,115
AQV,107
VKS,283
KSC,43
SCL,83
CLM,19
LML,124
MLA,127
LAA,425
AIS,415
SSE,517
ETD,161
DLE,552
SEN,436
ENI,375
LSR,428
SRD,163
RDH,47
DHT,49
HTE,49
TEN,205
NMF,46
MFR,59
FRF,232
FLG,522
LGN,364
IEQ,220
EQI,247
ISP,331
PLH,75
LHF,100
HFK,80
FKI,352
KPP,74
PPY,43
PYV,73
YVL,195
LNG,379
NGG,191
GEF,276
EFR,210
FRV,144
RVP,102
GDI,261
SSA,390
AAF,204
AFF,195
FFL,553
FLV,385
KEG,483
EGN,259
LIK,399
IKN,398
KNI,512
IGL,550
GLN,296
NPA,187
PAR,88
ART,135
RTG,211
LQS,295
QSM,46
QNK,146
NKR,113
KRI,428
RIE,334
IEC,51
ECG,51
CGE,32
TVG,188
VGD,226
GDL,389
KTY,169
TYP,76
YPS,126
PSN,160
SNL,515
SNI,277
NIP,238
IPE,429
PES,285
SLI,724
LIP,473
SII,391
IDE,254
DEI,386
GFF,285
FFA,213
FAE,223
EGG,243
GGF,272
GFE,228
EIR,459
AEE,370
EEL,936
ELR,357
LRA,286
ESD,241
SDR,218
DRI,388
RIH,104
IHT,108
HTM,13
TMV,44
MVS,91
VSN,272
SNF,249
FRE,252
REL,377
VEE,353
YTD,120
DGY,114
YSF,212
SFD,218
FDG,147
DGT,228
EVW,53
VWT,38
WTR,46
LST,412
STV,206
TVK,225
VKK,381
QSY,90
SYM,56
YMD,39
MDH,31
DHR,54
HRI,95
RIA,311
IAM,79
AMS,79
MSF,76
FLI,708
LIF,594
IFK,326
FKT,265
KTL,543
SGL,594
DLQ,220
QID,141
DET,155
TSW,55
IET,358
TSF,263
SFP,235
PGF,186
FEK,411
KLL,762
LES,711
ESC,49
SCI,60
CIN,47
MTE,78
EKK,701
KLW,72
LWG,72
WGG,63
RFQ,167
FQE,271
QEN,171
NAS,241
ASS,361
SSI,557
ILE,1015
GQS,111
QSI,226
FDH,52
DHK,73
HKL,127
KLY,250
KED,344
EDI,291
DIQ,166
IQG,217
QGS,138
SIA,407
AHA,49
HAR,38
ARM,66
RML,99
MLK,132
KQI,350
NSE,333
SEE,577
ELS,608
ALA,396
AQI,147
QIK,192
KTE,355
TEL,354
ELE,668
EEG,341
GKF,314
FEF,163
EFK,332
FKS,253
LED,445
DIH,76
IHM,21
HMH,7
MHI,17
HIE,86
IEF,255
FRL,289
RLT,245
ELI,592
LIG,603
ETG,273
LHT,86
HTA,56
ARS,153
RSR,149
RND,121
NDQ,71
DQV,169
QVT,105
VTQ,81
TQD,114
QDV,103
DVR,134
RLY,202
LYI,221
NQG,108
QGK,233
INL,368
NLR,284
LRS,354
RSS,250
LYQ,194
YQK,169
QKA,194
AKQ,153
QSL,308
SLD,470
IIP,237
PGY,110
YTH,26
THL,116
HLQ,65
QIA,237
AQP,48
QPI,95
PIR,201
IRA,211
RAS,148
ASQ,130
SQY,84
QYL,145
YLL,378
LLS,987
SWF,57
WFW,16
FWA,33
WAL,54
ERD,128
RDQ,85
DQE,145
QEF,165
EFF,222
FFR,209
RFA,132
FAF,170
AFK,130
KAS,238
ELA,449
LAL,575
ALG,475
GSG,463
GAM,87
AMA,95
MAG,123
VNY,121
NYP,87
PTD,103
TDR,127
DRE,191
REF,200
EFL,505
KVS,337
NSM,64
SMD,99
DGV,242
GVS,413
VSS,463
DHI,95
HIL,193
FLF,684
FAC,24
ACT,24
CTQ,14
QLM,48
LMI,165
MIH,51
HVS,81
ICE,48
CED,25
ILY,385
SSQ,240
SQE,232
LKL,760
KLP,307
LPD,283
PDS,224
SLT,424
LTT,371
TTG,247
TGS,334
SIM,68
IMP,36
MPQ,23
PQK,78
KKN,546
PDI,153
GRV,233
RVI,234
NLN,416
LNH,136
HLL,211
LVM,104
VML,72
PST,167
STY,131
TYN,110
YNR,142
NRD,120
QED,110
EDK,249
ALF,298
LFD,296
DSI,474
TVQ,135
VQI,167
LEG,461
EGI,418
IRE,459
REM,92
EMI,160
EGW,55
GWI,101
WIW,15
IWI,75
WIP,74
PER,145
ERA,172
RAE,173
EVS,349
KNG,417
NGF,223
TAT,188
ADF,196
DFL,464
VNE,198
NEK,303
PFR,139
RTA,115
TAH,62
AHE,54
LVG,418
VGV,267
GVC,60
VCV,44
VKQ,133
KQK,257
FDL,346
DLP,259
RVS,200
SKY,220
KYF,189
YFV,117
FVG,203
YED,122
EDA,190
DAV,194
AVS,279
ADK,213
ISY,267
SYG,205
KRQ,72
RQE,100
QEE,261
EEQ,191
EQL,226
KIA,421
ALD,305
AER,226
ERL,386
RLF,253
LEP,235
EPD,131
PDT,124
TVI,257
VID,252
DLF,348
FLQ,230
LQP,110
QPG,80
GFY,199
FYW,49
YWG,33
WGK,58
NIR,200
IRI,385
IRT,274
RTL,280
TLL,557
LLG,810
GSC,58
CVS,56
SIC,70
ICF,64
CFW,10
FWH,15
WHP,9
HPS,98
PSL,346
LLY,351
GGM,125
GMA,102
MAH,28
AHV,54
HVM,19
MLP,71
LPF,286
FRP,96
SIH,155
IHS,219
HSD,92
SDD,125
LNA,339
AKY,125
KYA,131
YAE,152
DAF,148
AFQ,148
QLF,131
LFF,607
FFE,215
KLE,640
EGF,247
GFK,226
FKK,459
KKQ,253
KQY,83
QYQ,55
IKL,356
KLF,404
FGG,318
GGA,331
ASM,103
SMF,61
MFS,84
FST,249
TEE,348
EEE,560
EEK,583
LEL,656
KSV,353
VRD,190
RDI,162
DIG,175
IGM,141
GMK,121
MKN,117
EHL,146
RNQ,149
NQL,297
LIS,860
DLG,361
GFS,388
FSH,97
HRR,39
RRI,210
RIF,333
IFF,333
FFS,410
FSL,537
SLW,115
LWD,55
WDG,44
IYV,126
YVE,125
VER,169
ERP,80
PEH,72
MLT,84
KVV,266
VVN,158
VNV,176
ADM,55
DMQ,17
MQG,36
QGA,129
AQS,142
QSP,89
SPE,375
LRT,281
RTT,111
TTL,417
GVV,340
VFY,132
FYA,123
YAP,51
APD,108
PDK,164
HFM,20
FML,62
SKD,385
DPS,286
PSG,258
SGK,737
DSQ,120
SQK,252
QKN,214
NPF,148
PFK,87
FKY,117
AET,198
AIP,216
IPL,468
PLL,378
IKK,516
KKM,136
MNE,98
NEM,57
MGC,17
GCN,37
CNP,31
NPG,226
YSV,206
MFK,61
FKG,166
KGV,254
GVQ,142
VQS,141
QSS,178
LQN,368
QNI,197
GEQ,114
EQN,141
ARA,195
EQS,120
PLI,300
LIL,1246
DVG,140
VGG,291
GGN,217
DGR,160
GRT,177
RTI,228
LYL,477
YLD,258
LDD,227
DDG,102
KKG,517
KYL,314
YLY,178
YKV,155
MNY,46
YEA,129
VSA,324
NAM,53
MKT,115
KTI,520
LPT,213
PTL,220
PTQ,77
TQF,80
PIV,257
QHI,30
HIG,92
GAR,186
RSD,147
SDG,252
GEW,60
EWF,40
WFR,34
FRI,331
KLC,56
CNI,20
KEE,710
IKS,378
SGM,120
GMV,103
MVY,37
VYV,122
APP,76
PPN,73
PNY,96
NYH,44
YHL,86
EKD,374
KDK,382
DKT,236
TFS,275
SFS,489
FSI,440
GER,180
ERV,206
RVN,128
VNF,171
NFS,331
SID,254
IDV,176
LFE,365
FET,261
EVY,158
VYE,152
ANS,238
AQG,104
QGL,205
GGL,420
GLA,384
LAV,330
QDP,121
PLT,229
TAE,197
AEI,360
ALM,102
LMP,60
PRS,81
RSA,177
ATS,241
VDY,111
DYV,154
FIR,218
RLD,256
LDQ,248
DQN,142
QNN,95
MAE,101
ILG,761
ELL,819
LLF,678
LFS,639
SRQ,88
RQK,119
QKE,428
EHE,50
HEV,68
EVV,333
VVH,75
HIT,83
ITS,382
LAG,464
VFP,173
PEV,228
FPK,263
PKN,172
KNL,838
NLV,324
LVF,427
VFK,212
KKH,152
KHE,55
HED,42
SLV,496
AVP,145
VPN,125
PNE,156
NEV,205
VSV,348
SVE,307
VES,300
ESA,291
SAP,159
PKF,129
FLD,395
LDA,304
DAG,169
AGH,85
GHK,74
HKV,78
KVI,373
DLS,563
VYR,133
YRL,179
RLH,105
LHN,77
HNQ,26
NQE,177
QEI,352
KYY,120
YYK,160
LKH,151
KHT,72
HTR,37
TRF,140
RFN,108
FNY,101
NYI,151
NRA,140
EIF,422
IFR,248
FRD,176
DQL,177
NAD,143
SNP,260
PGC,41
GCF,34
CFS,48
FLL,804
LGQ,179
GQL,245
QLR,131
LRK,532
RKN,325
RPR,72
IIV,230
VDS,287
SKS,456
VSG,488
RTE,157
EDS,319
YSY,148
SYT,177
YTS,152
SVY,188
YEN,174
ENF,342
FRA,148
RAY,100
AYK,117
YKI,287
SHQ,45
HQH,10
QHE,15
HEP,21
EPE,167
EYV,120
YVY,85
VYS,216
EVI,360
VIF,210
TPH,38
LLP,483
PVY,130
YRG,117
RGI,280
TIV,262
IVL,580
EFD,165
DSE,349
SEP,147
PEQ,102
EQD,86
QDL,253
DLI,579
NSS,423
LNE,467
NEP,104
EPF,105
PFI,174
KTP,211
VEL,355
KKV,453
QHT,22
HTN,52
TNF,127
SLR,393
RKR,201
KRE,230
REN,226
ENT,190
NTL,287
VVS,375
SAL,540
DNL,235
VKG,266
AGQ,115
GQA,92
NIN,179
NLM,101
LMT,102
MAK,108
KDI,342
IEY,186
EYN,139
YNE,99
NET,200
ARR,129
RRK,188
VNK,150
LAN,274
ANA,165
NAV,197
AVK,234
VKV,255
VTL,308
LGP,202
KGR,185
GRN,155
VVI,292
IDK,265
KFG,226
FGA,194
APT,89
PTI,149
TIT,291
GVT,233
VTV,217
PLE,257
NMG,47
AQM,40
QMV,43
MVK,73
KEV,448
VST,268
STK,228
TKT,255
KTN,249
TND,109
NDV,105
DVA,153
AGD,194
GDG,245
GTT,270
TTT,212
TTA,174
ATI,246
INE,204
NEG,155
NVT,183
VTA,241
TAG,221
AGA,376
NPM,51
PMS,37
MSL,166
GID,329
DKA,178
KAV,315
AVT,182
TAA,213
AAV,249
QKR,154
KRA,178
VKI,348
IEN,417
ENK,375
NKK,302
KKD,409
IAN,244
ANV,186
VAS,271
ISA,418
SAN,197
ANN,113
NND,71
NDN,66
DNT,93
TIG,284
NLI,610
ADA,186
DAM,53
AMD,63
MDK,90
DKV,222
VIT,245
ETT,223
TLD,339
DVV,223
EGM,105
GMQ,35
MQF,16
FDR,140
DRG,111
RGY,123
GYI,186
YIS,244
SPY,126
PYM,24
YMV,37
MVT,58
VTD,165
AES,280
ESM,108
SMV,75
MVA,78
TLN,326
NDP,173
DPF,165
LIY,324
IYD,178
YDK,122
KDL,633
LIH,203
IHI,97
EKV,456
QAG,174
GKP,273
LVI,382
EGE,271
GEA,192
TLR,240
RKT,257
ISC,77
CVA,39
VAV,237
VKA,200
GFG,299
FGD,178
DRR,96
RKS,298
KSM,87
SML,118
MLE,115
GGQ,137
GQV,127
QVI,173
VIS,429
LGM,210
NTT,195
TLQ,190
LQM,51
QML,74
MLG,107
LGR,295
RAN,123
ANK,128
NKV,172
TVD,164
VDK,201
DKE,258
TTI,232
KGQ,120
GQT,136
QTK,166
TKE,367
QGR,83
QIE,260
EDT,136
TTS,259
TSE,304
EYD,111
YDR,102
REK,351
QER,143
RLA,251
VIH,108
HVG,47
VGA,245
ATE,170
TEV,184
MKE,172
RVE,178
VED,212
DAL,264
SAT,232
TRA,133
GGG,449
LTL,599
LKA,450
KAQ,101
QEA,196
EAV,291
GDE,192
IIF,285
EEP,141
IRM,79
RMI,102
MIT,125
TSN,192
GSV,369
VEH,57
EHA,49
AKK,458
GNE,196
GFN,145
FNA,111
NAL,320
LTM,68
MVW,11
VWE,50
EDM,51
DMI,92
VVD,226
VDP,153
DPA,105
PAK,142
AKV,248
QNA,121
NAA,168
IGS,459
GSM,88
SMI,139
TTE,213
EVT,205
ITD,266
DKP,116
DKD,175
KDA,216
DAP,77
APN,120
PMA,42
MSD,85
DIF,203
RFD,128
FDT,140
DTE,135
KKP,239
KYR,123
YRV,97
DDF,134
TPM,41
PME,57
MEF,88
FVV,186
VVW,50
VWI,81
WIL,189
MVF,62
VFH,87
FHR,78
ESQ,167
SQQ,44
QQI,76
QIM,33
KAH,51
ITG,382
GKA,269
ALC,70
LCG,83
CGV,63
YSH,68
SHD,60
HDV,38
VAR,178
RTK,204
QVQ,72
VQQ,49
QQL,77
QLA,177
AEQ,110
EQH,23
QHG,51
HGY,47
GYP,97
YPL,130
LHC,24
HCT,8
CTM,6
TME,61
MEV,86
MSV,81
VIP,246
IPY,157
YVI,133
VIE,327
TSR,188
SRG,190
RGE,176
ERS,179
RSY,137
SYD,158
YDI,151
IFS,523
SRL,336
KDR,248
NAI,259
IND,179
DDY,92
DYA,103
YAN,109
NVI,279
TAQ,93
AQL,127
ENP,277
DIY,135
YLN,280
GGY,215
YVS,176
SSG,573
YDT,108
DTM,49
TMQ,27
MQY,24
QYI,79
YIK,181
VRT,155
TLC,55
LCL,93
CLG,63
QAS,127
SMA,104
MAA,105
LLA,640
GKR,229
ALP,194
LPN,248
RIM,63
IMM,27
MMH,10
MHQ,8
HQP,18
QPM,19
TGQ,127
ARE,233
REV,210
VLK,563
SIY,230
IYH,82
YHK,67
HKH,27
HTG,94
KTV,298
VEQ,135
TER,164
ERN,150
RNF,189
NFY,130
FYM,37
YMT,37
MTA,83
ADE,172
AKN,226
KNY,197
NYG,126
VIQ,204
IDR,204
RKQ,141
MFL,121
FLM,126
LME,160
MEK,186
LPY,144
PYI,119
YIT,105
ITQ,120
TQY,73
QYS,95
VIK,220
IKY,145
KYG,190
AAM,98
KAD,206
ESF,373
SFA,266
LKY,278
KYV,146
GIH,133
IHP,144
HPV,85
VHG,83
HGG,120
GPE,135
EIN,277
IPT,218
PTE,152
TEF,171
FVH,74
HGH,36
HRV,66
RVT,124
TDN,78
DNQ,82
NQT,162
QTM,35
EIV,447
EMV,94
MVL,127
KVN,209
NKQ,98
LIN,321
NSQ,130
SQG,183
QGG,144
GGK,338
DGN,179
NLA,353
API,166
EKQ,254
KQL,257
FDV,121
GLV,504
IES,518
ESV,356
SVN,216
VNP,163
ILH,193
HNL,102
NLQ,328
KAG,284
GFI,335
FIP,224
SPV,213
PVA,136
SEG,320
ADT,104
DTF,148
TFA,161
FAG,275
AGE,258
GAL,378
ALK,507
KAE,336
LLT,506
LTD,310
DTQ,54
TQG,114
QGI,250
LID,416
IDN,127
QLV,176
LVT,305
TGL,419
NRN,191
RNK,160
VKD,239
KDY,213
DYI,188
YIR,156
IRK,609
RKG,254
KGE,357
KVE,319
VEC,30
ECC,5
CCL,15
IDQ,152
DQG,97
VRR,150
RRT,104
HII,78
IDG,232
VSH,91
SHS,138
HSI,194
TDQ,113
GIG,570
MND,62
NDA,93
DAD,138
IHK,155
HKE,101
LFQ,344
FQH,37
HTK,49
ADH,63
DHY,60
HYL,73
LLN,613
NTY,88
TYA,76
YAR,87
ARY,134
RYD,92
YDV,114
VAF,164
AFR,137
RYG,150
NEL,321
FDF,201
DFD,189
FDN,106
DNK,97
YID,127
DFH,60
FHC,18
HCG,21
VTN,167
NLG,369
GHA,78
HAD,56
ADP,161
DPD,178
RSQ,98
SQA,142
QAD,89
FHT,73
HTS,70
NLF,372
LFY,278
FYS,261
ASK,331
SKL,621
NSF,316
VFL,504
GTE,191
GAF,199
FKL,252
LAR,308
RKY,185
YAY,79
PII,202
EKS,460
SFH,118
FHG,72
HGR,56
GRS,172
GMS,117
QDK,118
DKI,472
YGE,138
GEL,410
PNN,89
NDE,132
ALV,376
LVA,373
VAA,243
AFE,174
FER,157
ERY,136
RYQ,93
YQG,106
IVA,300
ESG,411
ENE,299
NEA,135
IFD,235
QTG,167
TGT,292
ETM,69
TMG,66
MGF,84
FSP,244
SPD,203
AMT,73
MTL,105
TLA,323
SGF,373
GFP,171
FPI,286
PIG,190
LIV,481
KYQ,79
YQD,90
LFT,306
FTQ,116
HGS,81
TFG,213
GNH,78
HLA,115
AVA,255
VAY,111
AYE,127
YET,159
ETI,489
TIR,282
IIQ,208
TRE,182
LNN,247
NNV,118
NVN,168
VNI,164
NIC,34
CSD,60
IAF,243
AFT,152
FTR,119
RLR,258
LRE,415
EMQ,42
MQE,52
QEK,264
KYP,151
YPV,104
EVR,216
GLH,80
LHI,106
VPS,198
SKP,231
EAC,39
ACL,55
CLS,64
VNA,159
ADN,89
DNV,109
MPP,33
PPL,136
IST,355
STD,193
FLN,502
DIL,460
SPK,230
PKI,245
LTS,472
SQD,118
QDT,80
DTN,150
ANE,157
FTV,197
TVS,316
VSK,423
PDD,96
DDP,91
PEA,176
PVL,354
EDD,140
DYT,124
YTL,156
TLE,473
LEV,406
VVC,45
CKL,59
SVV,310
ARQ,70
RQR,77
QRI,171
AFY,131
KLR,275
LRG,260
QES,188
SLQ,253
LQT,238
AIR,278
IRQ,146
RQI,141
SVP,215
PKD,208
DST,221
NNE,92
HLG,122
LGC,72
GCM,14
CMP,12
MPG,87
PGV,227
GEM,100
EMT,72
TEM,70
EMF,75
REE,309
EFS,365
STW,57
TWI,68
KKY,321
STR,134
ELH,101
LHS,228
HSG,139
RFI,196
FIW,54
IWW,10
WWM,4
WMS,14
SQF,143
QFQ,100
FQK,401
FIS,427
SVT,267
VTS,250
VIW,37
IWG,62
WGV,56
AKR,215
FQS,262
QSN,86
SNE,214
NER,130
VDF,194
LDE,482
YGP,97
PKS,196
KST,259
VFE,219
ELP,294
SCT,37
CTG,46
KIF,510
PGS,255
TYF,113
YFY,127
FYG,138
YDN,68
GVK,236
KNT,260
VSM,97
SME,104
MET,114
TAK,235
KEM,170
EMA,114
GVD,229
DYS,153
AGP,109
GPG,189
GTP,170
TPQ,84
LVY,236
VYF,145
GQK,188
KNE,358
EKT,401
TET,266
ETH,76
THE,61
HEH,17
EHY,54
HYF,45
YFP,135
FPF,189
PFP,115
FPR,75
SFR,334
EFA,210
AAH,68
GIY,286
LYN,172
RLK,402
KRL,397
MAQ,39
AQN,109
NKP,112
KPV,201
LDT,249
LTW,65
TWL,74
WLK,80
TYG,126
YGC,22
GCE,29
CEV,42
FTA,166
KVY,192
VYI,118
YIQ,134
IQD,244
DLR,288
LRL,394
RLE,374
FAR,130
ARD,118
RDF,173
DFI,304
FIF,362
IFP,274
FPA,138
PAI,164
QGN,152
IYE,216
YEM,38
EMR,53
MRY,24
RYL,238
LGT,362
TSL,489
ARP,62
RPL,159
KAM,103
AMV,57
MVE,93
GAD,256
FAH,53
AHG,78
HGA,70
QVR,107
VRF,180
RFE,199
FEL,281
LAP,210
APE,147
IIA,321
APW,26
PWR,20
WRI,48
IWS,57
WSF,54
SDL,525
EYA,123
YAK,150
PVP,141
KPY,81
PYS,134
YSM,53
MDR,86
DRN,142
RNL,370
LMH,26
HIS,101
SYE,191
DPY,101
PYK,77
KEP,148
PDE,145
DEK,247
TSP,181
EKA,433
PEY,154
YLE,347
ELD,374
DFE,217
GNC,63
NCV,22
NGK,384
NPL,242
EIM,102
IME,78
GKH,76
HGV,102
VGR,146
RVD,138
ENR,251
ETP,167
TPG,185
LAH,104
AHR,54
HRD,47
ITI,310
DRD,113
RDT,98
TQH,70
QHH,11
HHK,35
HKD,83
IYN,152
GHW,19
HWF,17
WFS,60
FSS,482
SRM,75
RMK,73
MKA,100
AVR,187
RAF,132
FIT,202
ITE,298
ETQ,131
TQR,75
QRY,61
RYV,115
GTV,318
TVR,214
RIK,260
YKG,192
VCS,49
VVG,325
KSQ,172
SQV,166
QVS,158
YNP,101
PEM,63
ELY,253
YNQ,101
NQK,253
FIN,193
NIY,116
QET,157
ARL,238
GNN,155
NNG,115
GKQ,139
QKL,430
LFC,111
FCS,63
CSF,48
SFC,56
FCG,60
CGK,69
KEQ,197
VKR,233
YIC,26
ICD,40
CDE,28
DEC,28
ECI,67
CIS,71
SLC,75
CNE,20
NEI,360
EDH,63
DHE,56
EHS,97
HSH,35
SHE,85
HEK,80
PSP,153
SPA,151
DIK,200
DQY,92
QYV,49
QDH,40
AVY,138
VYN,113
NHY,48
HYK,73
YKR,96
VNL,307
VEI,331
IGP,165
AQT,101
VPF,161
PFA,135
FAI,240
VDA,167
DAT,137
AGY,177
GED,235
LIQ,491
DND,62
IYI,177
EVD,216
IAR,286
SDS,438
ITR,180
TRD,106
RDV,134
QQA,54
VAN,145
NVP,158
VPP,75
PPQ,43
PQG,84
RKH,73
KHP,84
HPH,24
PHQ,17
HQE,38
QEY,108
YLQ,173
LQV,186
QVD,85
AFV,169
FVD,159
PNI,144
SRT,192
FGS,303
EQR,99
QSE,198
VLM,96
MEQ,40
EQV,123
PED,230
IKF,165
FGL,376
PEF,203
FIG,273
RLP,171
QEL,353
ELN,367
VDM,48
MLR,64
LRQ,167
REP,68
EPK,120
NSV,314
QYT,44
YTR,82
ENV,288
NVK,188
VKL,309
KLT,374
TFH,82
FHD,50
HDE,42
IKR,206
RES,195
ARG,156
RGL,262
GLR,252
NIM,41
DLM,91
LMF,74
MFD,36
FDI,143
DIP,182
PSR,138
SRK,368
IIT,252
NRV,182
RVA,156
TLI,437
MNK,59
NKG,138
IKQ,141
FEN,244
NGE,242
YNA,78
ETN,196
TNV,200
VQT,140
QTH,28
RGQ,56
GQE,130
SNT,192
PIS,283
IFN,220
FNV,136
DEG,142
EGP,94
GPA,115
AIT,224
ETR,180
TRP,83
RPI,108
PIH,84
IHR,80
HRA,47
AAP,108
APS,148
PSF,185
DEL,360
APY,78
IKG,244
GLF,390
TVL,396
VLI,571
IQE,463
INN,168
NNI,154
NIA,173
KQH,33
FSV,299
VFA,220
ERT,155
RTR,102
REG,194
NDL,327
DLW,67
LWR,39
WRE,41
VLC,76
CYG,43
YGQ,50
GQM,38
QMN,26
EPP,60
PPG,152
LRV,201
TMA,65
AEH,66
EHF,57
HFR,77
RDS,179
TDV,158
LFV,343
VDN,125
DNI,126
NIF,205
RFS,258
FSQ,185
GRM,78
RMP,30
MPS,46
PSA,181
GYQ,100
YQP,59
QPT,57
RIT,208
VQA,144
YVP,70
TDP,202
NAF,160
HLD,132
ATT,169
TTV,185
DKG,143
IYP,151
YPA,89
PAV,141
PLD,189
SRV,194
RVM,41
VMN,63
MNA,75
NAQ,88
EEH,75
YLV,182
VQR,98
RYK,122
YKD,193
MDE,80
DDK,105
VLV,475
RAR,120
LSQ,342
SQP,62
QPF,50
PFH,67
FHV,63
HVA,50
GKY,236
YVK,136
RSF,223
SFK,255
FKE,302
SGN,464
GNY,188
NYD,95
YDH,42
DHL,110
EQA,129
QAF,83
MVG,72
DDA,104
DAI,278
GYK,209
KLN,420
SAE,293
GNP,250
EHI,69
QPD,63
PDG,196
LVP,267
NLS,604
LSP,382
EST,191
GNT,235
NTS,228
TSA,250
ADV,189
AAD,169
VRK,299
RKE,428
KDE,297
DEY,113
TDH,56
GLM,111
LMK,143
NGT,220
EYH,55
TIM,62
IMD,74
MDD,52
DSP,168
KQG,150
GKL,608
LDP,305
DPV,190
GRD,126
RDE,126
DEE,305
IRR,219
TIQ,265
SRR,117
NNP,142
QGE,147
VPE,229
NKT,188
TLY,227
LYT,174
MIA,123
FED,201
EDR,193
DRL,339
HTL,129
TEG,205
DAS,179
SNM,49
NML,64
KPM,48
PML,66
LRC,43
RCI,31
EYQ,113
QKY,146
ERR,163
RRF,125
FQP,99
QPV,67
EPS,146
EET,328
TVT,234
GRY,118
YEL,198
LHH,52
HHG,37
NRY,129
SSK,545
SKM,115
KMR,57
MRI,91
EID,308
DSM,95
SMP,89
DRA,136
IER,262
DTA,115
SEQ,178
EQE,182
QEQ,88
QNF,157
ARW,25
RWD,30
WDL,68
KYK,262
YKN,265
RRG,128
IRY,176
YGK,219
NEE,291
KQE,187
ASR,190
VSE,381
EED,332
ANI,191
NIV,224
SRW,79
RWT,19
WTG,59
PVS,242
KML,120
MLQ,53
LQG,218
LLM,153
MED,79
HAL,84
ALR,286
AVQ,146
QRS,82
PNR,102
NRP,104
GTF,218
TFL,384
AEF,214
FDD,98
DDV,123
DVN,123
RID,195
IDM,53
DMS,56
EYM,41
YME,54
MEA,85
EAH,53
AHS,80
GYD,153
YDE,107
QLT,233
RRR,88
RRP,63
RPY,59
KAN,225
VFN,152
FNI,133
DGK,387
DFK,230
FKN,363
NTV,156
QRL,196
KHF,103
KPE,283
TDS,254
HKI,149
IQL,291
QLE,252
SFT,261
FTN,164
TNE,166
GFD,162
FDA,99
AEY,117
QRE,105
TNG,138
GQN,100
QNV,162
DYR,107
YRQ,68
RQG,70
MLL,157
VDV,173
NTN,193
TNT,160
IFE,286
NGN,284
PLF,228
FHK,105
HKR,70
KRT,173
RTV,159
VTR,143
RTS,179
FRG,159
RGF,152
FLR,324
VVP,188
VPT,146
DRM,64
RMF,39
MFQ,44
FQD,150
QDW,30
DWF,46
WFK,29
RVH,50
VHY,57
HYQ,31
YQM,24
QMK,54
PFS,206
YPR,48
PRP,52
PYE,92
YEI,226
ATC,31
TCA,27
CAI,40
DFP,141
TTF,154
TFC,38
PGL,249
MDA,70
LTR,221
TRN,123
RNT,138
TSQ,143
SQL,225
QLP,108
LPP,228
PPI,84
GDS,285
TIE,295
FFF,298
FFG,262
FGW,71
WIG,131
IIR,257
QDY,74
DYQ,79
YQV,92
IDA,177
AHP,59
HPG,78
FDK,192
IDP,257
HLM,30
LMN,118
LTY,162
TYR,108
RGS,175
YTK,120
KFR,201
KND,222
VIC,54
CIT,50
KHK,110
HKG,66
KRD,143
RDR,134
KRF,273
RFM,31
FMR,26
MRP,28
RPT,71
TQE,159
NPQ,80
VEA,217
ISN,413
NVM,39
VMF,41
MFY,29
FYD,144
YDP,154
RVG,181
KVR,237
RPD,114
MEE,160
ITY,140
TYK,118
GRE,156
FIQ,168
QKI,450
KRN,225
NVE,193
STH,61
THG,63
HGP,32
PRV,92
GAY,154
AYD,90
YKH,51
HPI,93
GTK,234
TKI,330
KIY,302
YNT,105
VAM,65
AMC,6
MCV,6
CVN,16
VND,120
LVC,87
VCG,57
CGG,60
EPL,169
LDY,225
IAC,47
ACG,52
KMD,85
MDQ,59
QGC,17
GCK,43
CKM,15
KMS,77
ASL,494
EHP,75
PGT,232
GTM,65
TMK,67
EDE,266
DEF,183
GFV,244
MID,106
IRS,442
SGD,304
SGP,186
GPH,39
PHS,49
HSN,80
YLP,195
DPQ,78
PQQ,26
QQV,46
VKF,156
YAL,192
PTR,92
RIY,208
LLQ,412
LQQ,86
SVK,339
KGM,93
MVH,23
YQE,114
VPR,98
LPQ,145
TQS,139
KFF,258
FFK,299
GYF,178
YFF,166
TFN,142
FNM,26
MGI,152
GYM,42
MVI,73
NAE,172
MES,132
VHE,66
HEI,106
NKE,263
VQF,96
IAV,342
ITF,193
TFP,163
GSN,214
SNC,42
NCD,25
CDS,29
IYR,170
KDQ,164
QYN,60
VDR,134
IWH,20
WHR,5
RDG,155
KYE,164
FSY,184
YGD,130
GDY,141
DYL,248
YLR,204
VMK,87
MKS,148
HVD,53
ICN,44
GFQ,169
FQI,277
CKT,44
AGN,224
MDV,79
ADG,194
DGC,18
GCY,28
CYY,11
YYA,87
YAT,100
DED,177
LFR,309
RYS,147
NPN,228
PNG,179
NGS,262
NFK,247
VGM,98
GMM,32
MMP,12
MPH,13
PHP,48
HPE,111
RAM,51
AMN,70
EMD,90
GKM,113
MNF,102
TRS,156
SQS,218
LCV,67
CVG,37
PDF,252
IVK,328
RSP,110
PEP,119
LVQ,230
QFC,19
FCK,73
CKE,77
ASY,171
SYA,145
YAV,122
YKP,102
KPN,142
FEV,198
RQF,81
QFE,114
IGH,102
GHL,116
SNY,152
YPQ,56
PQI,118
VAD,203
DVK,167
RGD,114
NTA,156
RQY,46
QYA,53
YYF,104
YMG,48
MGL,142
SIR,425
IRP,169
RPF,99
PFL,349
YLI,301
IFW,77
FWL,56
WLC,24
TGR,177
LYE,303
YEE,219
ANL,306
LGF,467
SPS,246
PSE,219
LET,526
RTQ,82
PVC,34
CGR,35
RNS,223
IHF,149
SDF,339
DFA,191
FAV,212
HKM,28
KMM,25
MMQ,9
HFI,89
SRF,256
FVR,141
VRM,54
RMS,61
MSP,43
SPR,96
PRK,119
RKV,246
GYA,142
LKF,360
TNK,151
ASV,287
NNK,105
KVD,194
DFN,148
FNQ,115
YVD,120
VDE,192
GPI,175
PIM,39
IMK,80
MKR,142
RFR,214
RGR,107
AAR,199
SHI,108
MQV,32
FYL,297
FPD,207
PDQ,109
PPD,80
DSF,304
FQV,137
KQN,185
PFD,105
VGP,115
FAD,176
ADW,43
DWA,31
WAA,36
AAE,217
PVF,207
FGP,122
GPD,101
FCA,23
CAQ,17
QVE,147
PTA,113
YKT,160
YSD,169
FKD,215
GNQ,136
QVV,127
EFM,60
FME,72
MEG,96
EGQ,117
SIF,456
SYF,219
YFL,327
PAA,124
AAQ,118
AFD,150
GDQ,93
QGP,54
GPN,134
AYC,26
YCP,42
CPA,41
DPM,29
PMF,29
FRK,348
KGH,71
GHP,83
HPY,34
PYR,72
LYA,205
YAG,165
MIS,173
VEF,221
EFN,162
NCR,19
CRF,24
RFG,194
TQC,15
QCV,19
CVL,69
AML,107
QAA,207
QGY,90
YPD,135
DFY,169
FYE,166
YEK,252
EKN,514
NVH,41
VHL,101
HLF,100
FHA,56
HAG,86
DQA,89
QAY,58
QAP,53
FYR,145
YRK,198
GYR,123
VSD,248
NQN,210
YTG,138
TLH,86
LHP,108
HPK,77
KVH,83
PAH,41
AHK,68
NLY,276
LYP,162
YPF,111
GPS,146
PSM,43
MIR,164
NYK,175
PND,117
NDY,99
DYK,158
YKK,278
YMR,30
MRK,66
RKA,202
AFS,215
SHT,83
TAM,60
AMY,24
MYD,18
YDA,81
WFY,41
YKQ,53
LRY,178
NPH,41
HQA,29
ASF,233
SFY,234
YEP,86
PLQ,126
FNN,99
NNM,19
AFH,56
TVC,34
VCI,47
CII,50
IKH,67
KHL,184
HLN,136
NPC,16
PCG,22
CGI,74
IAY,173
AYA,120
YAD,125
DNP,115
RTD,130
AFG,256
QVN,103
TSI,336
NFV,139
IHH,44
HGL,118
QDR,90
RDY,116
YTT,91
VVT,220
VTK,195
QPS,84
DDI,157
MFA,54
FAW,37
AWS,59
WSC,8
CVR,29
IVY,179
YTE,124
QMS,26
MSR,81
NKA,164
GSY,231
SDA,169
FFP,223
IQP,131
DEH,44
EHG,69
IMV,60
GMR,71
MRH,14
RHF,42
HPN,71
YKA,138
SCA,46
SCG,73
CGT,64
TVY,129
TRT,103
IGD,267
NIE,211
CSA,46
SAC,44
ACH,10
CHP,9
HPF,84
PFF,194
FFT,239
DKF,154
YKM,44
MAN,79
PGQ,108
YVH,43
VHN,68
HNR,39
RHN,29
HNI,56
FVI,215
DSS,438
VSY,199
SYQ,135
YQT,85
QTN,92
TIF,260
IFY,224
FMN,64
MNL,207
LII,354
IIH,124
IHD,80
GGH,97
GHN,57
HNG,63
LRN,317
GTN,186
NTF,168
TFF,210
LRF,222
VPD,142
PEL,417
SDW,74
DWI,98
WIR,113
RER,177
ERK,320
SDN,153
PSY,124
SYK,196
YDL,229
FPQ,82
VSW,55
WFE,30
DVP,97
PNH,46
NHI,92
VKY,136
PFQ,106
QNH,45
NHP,95
HPD,124
PDL,357
KKC,43
KCK,41
CKR,55
IDY,151
DYE,144
YEC,16
ECV,25
SGW,72
GWK,93
WKE,172
TPA,152
VKN,243
QGH,32
GHD,46
DEN,206
NIS,322
EME,155
MEN,112
LFN,248
ILC,127
LCD,49
CDT,22
DGQ,105
LTP,289
TPD,140
RYW,26
YWS,39
WST,37
SPP,112
PPS,94
DKQ,95
RNY,126
NYL,233
SWN,69
WNK,41
NKM,59
KMP,31
PPA,68
PNL,263
PAE,151
LSC,82
CTS,35
QKS,242
MKK,271
EAR,163
VLR,278
FQY,83
QYG,91
NPK,235
NTK,208
ERQ,82
RQL,111
SAK,316
MNS,136
DLN,380
STT,243
TTC,29
TCL,40
CLY,35
YQA,78
FDY,124
DYG,110
GQR,73
QRH,25
RHK,51
PHT,33
SLH,126
LHV,84
HVP,35
TYV,87
PGR,111
MDY,50
PDC,37
DCR,17
CRP,11
IKM,68
MFE,42
FEM,56
MAI,108
GSQ,142
TPL,238
FHL,145
HLT,88
FSC,58
SCY,26
CYD,20
KAC,32
GKC,31
KCD,14
CDA,31
DAC,30
CLL,89
LLR,398
MDN,35
SVH,86
IFV,277
RMA,51
AGC,48
CSL,68
RCG,34
CGM,19
GMT,99
MTV,71
LWC,11
WCD,5
DTP,82
TPY,82
PYA,68
PKA,131
EEM,158
EMS,75
VNQ,120
NIQ,208
RNR,171
FYP,122
DQF,107
QFV,91
FVF,304
FTL,320
GME,102
RMN,75
IYK,251
KFV,185
VIR,253
RDK,174
NDF,154
ERC,19
RCL,34
CLE,73
KHA,52
LAS,523
ASP,138
PVQ,96
AEW,43
EWI,129
WIK,45
THK,60
YIW,38
WGD,40
DQR,83
EIT,324
ETE,335
TEP,108
EPY,78
LNY,223
GRG,184
DGG,157
YRI,161
FKR,185
KRR,162
VVK,229
NRS,205
ICY,38
CYK,16
GDT,206
AMP,31
MPI,51
IPP,162
HNV,73
GSF,335
HEN,67
ENC,41
NCY,22
CYA,28
SNK,186
DHN,35
RWL,47
WLG,71
VVM,54
PVD,137
VDH,61
DHP,54
PHG,36
GRH,44
RHP,51
SPW,38
PWG,37
WGQ,20
GQP,67
KTR,186
TRR,98
RRS,123
RST,137
PSD,170
KFI,267
FII,283
TQV,88
LHA,73
LRR,204
GQQ,39
QQR,33
QRK,132
SPQ,96
QLQ,170
QGM,35
GML,112
MLN,86
RHL,83
MIV,126
IVC,53
RLW,32
LWK,121
WKA,49
PTM,37
MGY,63
GYL,275
YLH,71
HEG,57
EGH,61
HAS,49
SLF,646
EEC,55
FVN,165
QFN,76
FND,106
EDY,163
LCE,70
CES,35
PNK,123
IPD,254
LCA,46
CAV,33
RPG,128
PGH,60
GHF,68
HFE,91
FHF,127
HFV,62
FVQ,104
VQP,56
YQQ,28
QQY,22
EFC,50
FCN,45
CNT,46
LAF,299
AFP,135
IGC,54
CET,28
YRS,142
ENQ,222
NQI,276
FSG,450
GPV,129
MQI,53
QIT,169
TVM,50
MKG,105
RAT,99
ATV,192
LTV,323
DMD,50
MDL,138
MRV,31
RVY,99
VNN,99
ARF,123
ETY,139
TYI,98
YII,117
ICL,87
CLN,55
KGD,217
YAQ,56
SDY,165
TPK,136
VHV,52
KNR,335
VTC,29
TCY,20
YDF,141
FQG,166
MIY,54
YHT,47
RGA,140
SDC,48
DCD,31
SEF,322
FIC,50
CEL,42
VMG,97
MGH,29
PQS,73
QSV,162
HVF,62
GVF,237
FSM,87
LEM,133
VSQ,174
CDG,26
INF,180
FSN,268
NLH,97
ADY,125
DYD,107
EFP,187
DHS,85
MQH,9
QHP,24
SAR,186
QRV,89
LYV,206
YVN,84
NFE,214
AYR,110
YRE,131
FYN,134
YNS,173
FFV,234
NEN,219
DLC,55
LCT,58
GCI,46
KDW,79
DWN,62
WNI,49
NIT,187
KHI,93
IQF,202
QFL,242
KFN,140
FNL,267
TNP,204
NPP,101
YIP,137
AEM,90
EMM,30
MMK,33
EPH,25
YER,102
LYM,36
KGW,43
GWE,74
WEN,60
KLM,95
LMA,107
MAL,142
ALY,236
NQY,108
QYK,88
KEW,104
EWK,116
SFF,407
YTN,120
KSA,257
DAQ,69
YRR,75
RRQ,101
PLG,234
QKP,101
NRT,156
TFI,184
DID,182
VYC,37
YCN,32
HFY,47
EER,282
REW,48
EWL,72
WLQ,35
PLP,191
LPR,103
PRG,68
FQA,106
DYF,154
ETF,285
DTI,277
GYH,41
YHQ,19
HQM,13
QMD,29
HRG,46
PAS,172
KYH,54
LGY,322
YSN,206
RMT,50
AFN,117
FNP,146
PSH,55
HLE,158
LEC,60
CVD,31
PVV,202
RQT,75
DRS,154
KYM,29
YMP,15
IHG,117
EGY,184
HIV,72
NNQ,120
FTT,163
DES,202
ESR,214
HVN,52
GDD,116
RVV,205
MEY,51
EYR,143
VCY,19
CYR,21
RRL,231
HNE,51
EPA,95
PAF,132
TQP,59
PKM,52
KMY,40
MYA,31
KNH,101
HPP,27
PPT,109
PTV,173
IPQ,109
PQE,105
SMH,24
MHG,24
FQR,119
GVW,57
VWS,44
WSK,64
PAT,126
EQM,40
QMH,13
VPQ,65
QGF,87
TPN,137
QSR,128
VDW,36
DWG,46
WGF,51
QDS,144
SQR,101
RGT,143
HRH,18
HAV,54
SKQ,171
KQA,159
QAK,133
FEY,133
YGY,111
VMW,6
MWE,28
WEA,44
GDF,226
NSA,229
FDQ,111
QFI,101
VKW,23
KWQ,12
WQR,11
LPH,74
GYE,178
HSS,160
QLC,21
CAL,54
DNM,26
NMQ,25
VCN,31
CNL,53
AQY,65
QYF,79
YFH,72
RQM,25
NYR,98
RKP,95
VTP,145
RFP,192
PVE,175
FSA,254
VYY,105
YYD,93
KQF,154
FVW,35
VWC,6
WCQ,4
CQE,17
KNQ,255
GAW,45
AWF,27
WFF,46
RHE,35
HES,59
GHM,18
HMK,10
QDQ,72
TQW,18
QWG,24
DTD,121
TDI,207
VRY,137
GHT,94
HTV,63
YVF,94
HLV,112
YDQ,77
DQT,106
QTI,194
TIC,50
ICV,53
CVI,47
FFI,316
ECD,26
CDR,24
RLQ,156
FPV,174
CHL,19
FPY,77
PYH,28
YHS,106
HSQ,55
SQI,269
RET,219
QEH,27
TTK,183
MMR,22
MRT,55
PPV,102
SYN,167
YND,87
INT,167
YYL,206
DVD,122
GTY,169
YPY,73
YVT,105
TSS,410
NPT,163
PTT,146
QHL,52
KHV,54
KAY,152
AYT,104
TTR,128
TRV,113
GPF,96
FPT,113
QKG,223
GRP,110
PRR,51
RRC,12
CGW,11
GWF,52
WFD,27
EML,107
KHS,119
RIN,192
TIP,260
LDC,51
DCF,30
CFP,27
FPS,190
PGW,54
CEF,33
EFQ,191
EKC,49
CKN,67
EKW,63
KIN,318
TGP,128
PDR,141
TIH,88
SFV,254
VHF,69
FRR,123
RRE,142
LSM,143
SMY,37
MYT,11
DKY,106
RKF,246
DNC,17
NCS,61
CSG,57
RGG,148
STN,181
TNQ,142
QTP,95
TPR,71
PRF,92
FAQ,106
YKF,136
YAF,90
RFT,129
FTI,257
LRH,70
YLF,266
RNE,179
PYL,171
DIW,41
IWN,83
WND,31
EFT,182
ADQ,106
EVN,192
NMD,46
VFF,265
PIK,147
TKP,129
DEM,59
NQF,140
FIH,85
IHQ,64
HQL,48
KFC,42
KRC,23
CGS,69
CEI,54
DSH,70
HTF,59
EQP,63
QPE,94
NTR,105
YHV,35
HVL,92
PRD,53
LRI,364
ATN,120
YLA,204
ANQ,105
TNR,119
RFK,169
FKF,142
SMN,77
MNT,72
TRH,25
KGP,86
PKR,118
LVH,112
HNS,49
DWK,85
RLM,80
MPY,28
PYG,86
AQR,90
GQY,72
YDD,69
PAM,43
AMQ,37
QVA,129
VAH,50
INM,36
AKH,68
HKP,53
RFY,156
YEY,100
AAN,162
ANF,161
NFT,182
FTM,46
TMN,43
YAS,143
FPC,17
PCV,13
PLM,60
LMS,105
MSS,112
KAW,50
AWE,50
SQT,156
FCP,22
CPP,27
HRQ,18
ESW,59
SWQ,25
WQP,4
QPA,45
QRM,41
MAD,52
GIW,104
YFS,248
RPH,33
PHD,26
HDT,25
NFN,144
FNE,142
NEF,220
HLR,119
DFR,168
IFG,323
RRM,53
RMG,79
MGV,100
SYS,275
AMM,27
MMI,39
DPR,111
VHM,15
HMV,12
VHR,61
KNM,64
NMK,54
MKV,108
VFV,211
FVT,174
CTD,25
QAT,82
ITP,207
RMH,14
MHF,17
HFL,161
FLW,107
WDE,48
PTN,113
GCL,52
YTV,126
MDP,60
DPG,123
PYQ,57
YQH,25
FTH,51
HSK,133
VQV,135
VPH,31
PHI,57
ITN,216
NRM,54
RMY,34
MYI,31
YIV,115
QMR,21
YEH,42
AKT,196
QHS,46
VCR,25
CRV,14
MTK,69
CNV,23
MYK,36
KTM,69
MGM,45
MEL,149
ESN,277
SEW,61
EWD,41
WDK,51
KMV,88
TKQ,143
QTV,137
DAY,78
AHD,44
RTN,114
MQC,3
QCA,12
YGR,115
DAN,115
TEH,41
QMG,46
TMR,36
MRL,61
YPC,10
CKV,36
IHE,115
HER,47
ERH,42
HRF,67
RYR,93
QYE,86
NGM,51
MII,89
DDN,65
PKH,43
KHN,49
HNW,11
NWF,35
WFI,33
FHP,87
HPL,101
KYN,132
HSL,228
EVH,86
VHD,29
HDL,82
ACE,35
CEK,55
GLY,237
QSA,154
ESY,220
RRA,109
NPY,103
PYF,122
YFT,139
VGC,37
CDV,23
VDG,210
KRY,158
YSQ,117
SFM,73
SIN,231
NRR,139
KVM,73
MDS,111
LCM,20
CME,18
ENN,158
NMS,45
MSI,96
RGN,130
MSQ,54
GPC,13
PCA,18
END,144
SPT,152
KRH,54
RHG,47
GSR,209
RFH,60
STP,169
TPS,189
QKT,208
KTT,255
TAN,140
ANT,113
QAM,34
YPI,147
PDN,98
RSN,133
DMG,58
MGD,91
SHM,10
HMG,18
IFI,399
INQ,152
QIR,223
MFG,59
GSP,158
KFY,185
FYC,31
TIK,197
GNR,203
NKC,10
KCA,18
CAP,18
PPF,71
FKQ,97
QAE,147
VKH,72
KHD,37
HDI,49
HKA,52
AWY,21
WYS,41
NMV,37
VQE,178
TNH,67
TYD,108
YDG,118
GRQ,65
RQD,60
NVY,137
YTI,191
TVP,141
AVC,45
VCP,35
CPK,23
SYR,156
YRN,146
IFH,121
FHE,75
HEF,65
PKY,75
DYN,103
FRN,206
RNH,53
NHE,60
HEE,65
DSR,181
CIL,128
SWL,80
DSN,248
IRW,72
RWG,29
WGS,56
NYF,150
FTS,251
PMD,33
PFY,140
YNK,114
KHR,48
HRN,46
RNA,117
SIW,89
IWD,49
DQD,81
NHN,42
RDD,78
QRD,58
DIT,207
QGQ,76
NYY,101
EYF,167
DQK,201
QKQ,125
TKR,170
PRL,100
SNQ,200
SCQ,22
CQI,22
TFT,164
KQV,140
QVM,34
MIF,119
QSH,42
SHF,113
EYY,135
YYN,135
TAF,166
SSY,247
EDN,146
DNE,88
YPK,129
TPI,202
GRR,118
KTQ,197
QKH,46
PIY,153
YRT,102
PDH,61
DQW,18
QWE,18
WIS,100
KPF,188
PFG,142
GWL,56
WLR,71
NVR,145
VTT,161
TTP,162
AKW,22
ETK,330
EFY,216
FYI,152
LDW,79
WKL,114
DVQ,91
QDN,63
FVK,266
EIW,82
WNE,67
KHC,16
HCV,20
TES,274
FRM,65
MPM,15
PMV,39
MVV,65
YDS,187
VCL,78
MVN,41
RNN,109
NFI,198
LAC,54
ACY,21
CYS,28
SEM,109
PLA,205
KVC,44
CKD,45
REQ,96
MQR,21
RAH,41
KFD,175
HGT,81
VFC,75
CKG,37
DAK,173
GGW,49
GWT,34
WTD,34
ACV,45
ATP,130
PDM,40
DMM,27
YRP,56
TLM,98
LMR,74
MRD,45
HKN,107
AVM,75
GQW,25
QWA,16
WAY,32
YRD,118
LWI,119
WII,70
VFM,52
HMD,9
NDR,115
FNS,236
MYY,23
TEQ,116
EQF,94
QFS,161
VME,82
MER,84
FEA,158
SFE,308
AME,110
LYD,210
MKM,44
EAY,139
GQH,18
HPT,62
KGT,227
RHY,25
PPE,143
AVW,45
VWD,51
WDC,10
AYV,110
LFK,302
INK,182
AAY,137
YFR,125
FRQ,88
GTR,147
TRM,39
RMV,63
KYT,98
FKV,158
NVQ,107
QVY,73
RNM,42
PHW,14
HWK,38
WKK,162
VTF,162
TFR,142
NNR,93
MVP,36
VHS,101
RQS,80
QST,96
QRF,98
RHV,43
GQF,84
FEH,52
ISQ,215
PTS,179
SWE,76
WEI,67
PPC,13
KNW,72
NWK,109
WKY,38
CYM,5
YMF,18
TSC,56
SCK,76
CKP,30
NAN,151
AND,143
DNA,97
NAP,101
NPR,96
IFM,60
FMA,60
MAP,41
SWG,70
NQD,126
SHN,79
HNN,31
NNA,107
RSE,216
EYP,111
GWN,44
WNA,44
SPM,53
SKW,59
KWP,16
WPI,20
YIF,166
NCG,38
CGQ,20
QYY,51
FAY,108
KFH,81
CFN,28
NEY,123
YFD,106
EPR,67
PRY,60
PFT,143
TNA,161
YYY,96
HAQ,26
QPP,39
PVW,41
VWQ,19
WQN,28
TTW,37
TWK,83
WKR,67
FSD,291
DRY,127
RYP,100
VYG,157
YGF,154
FIY,149
IYA,146
TPT,152
SGH,115
FNR,133
HNK,38
DGW,39
PSC,30
SCM,17
SYY,133
YYW,37
YWN,53
WNW,35
NGC,34
CLK,73
YDW,27
DWD,58
WDT,25
YLT,217
TVW,32
GSW,70
LWV,63
WVQ,27
PPK,130
DWS,56
RAP,46
VYL,212
RWI,72
PTW,33
WEK,123
FPL,261
TGH,80
GHH,33
HHE,29
HET,54
HKK,131
QTW,33
TWD,38
RED,163
TGW,36
WEL,99
IEW,44
FPH,42
HTP,40
EFW,53
MSG,79
YVQ,86
LCS,83
CSR,28
QLS,230
LMD,117
MAS,89
PDP,137
TRG,122
RRV,126
VMV,60
NAC,22
ACI,42
FMI,72
FQQ,53
QQT,48
IRF,326
HDK,37
QRP,44
CNS,60
NGY,127
YPN,110
INC,41
CST,44
HDG,49
GPM,40
TTY,102
VYK,152
NYQ,72
AWG,51
WGH,22
RQQ,40
MKP,71
LRD,266
AMG,117
MGQ,37
QNR,147
VEW,48
EWG,45
WGI,58
NDS,234
NDM,31
EAD,199
DGF,177
GMF,76
MFT,30
KMH,10
MHV,19
RNG,173
GNS,336
ARN,140
QMP,24
MVQ,64
IQQ,103
QQE,59
VMC,5
MCI,7
CIK,37
RYA,110
ILM,200
QYD,52
WSE,46
FQM,60
DYC,25
YCC,4
CCS,8
CSY,41
ISW,70
EDW,62
WSD,43
HVK,63
NYA,88
HMS,9
DWM,23
WMA,8
MAR,73
MRN,54
QVP,84
CDN,15
MFH,17
HPC,8
PCQ,7
CQS,21
DIM,32
MTI,84
GVH,65
DTW,29
WLD,60
DME,65
FFN,162
KQR,87
RME,90
ELM,114
LMM,42
QIN,111
VMH,11
MHD,6
HDM,18
DMP,27
IFQ,225
VMA,62
YQL,107
FKW,24
KWY,22
WYD,18
NWD,48
WDF,43
YTW,25
WEV,42
MQA,41
QAQ,73
FHN,49
TMM,22
MMV,27
MVD,65
NIW,31
WWS,8
WSH,20
HIN,46
KCV,20
SHK,101
AWQ,17
WQH,6
HHF,32
HFC,10
FCT,41
CTN,32
TNM,37
HGM,20
KIC,77
TEY,121
SVM,76
MHC,4
HCS,23
VGQ,113
DDE,102
HGW,15
GWD,46
WDD,40
GGC,43
VYD,138
PQT,77
MYH,10
YHF,52
EPT,122
ACF,34
CFG,45
AFM,35
FMT,43
TKY,127
AYL,232
YLM,62
KRM,84
THP,74
AYP,71
PRE,94
EAW,45
AWT,42
KSY,216
QKW,24
KWF,39
DAR,105
FYT,137
TNY,96
NVC,30
CLV,61
FFW,72
FWP,30
WPE,36
HSR,79
QSQ,94
YQN,128
NHW,16
HWG,25
VYP,131
PCR,8
CRI,37
FWQ,27
WQG,14
LHD,71
HDR,45
EQK,226
NFA,143
NEH,48
QRT,58
TKH,57
HDP,45
DPH,42
PHY,26
HYR,32
VGH,69
GHY,37
HYH,13
QTT,113
FNK,138
IWA,54
WAE,42
MYG,27
NFG,176
FDW,32
WFL,76
RRH,31
RHQ,23
HQG,44
VFR,202
MIM,21
SHY,47
HYI,49
ECK,47
FAM,55
VYM,39
QLH,46
LHR,86
WLE,79
KFP,177
NME,50
NED,165
MRQ,42
RPA,70
YYP,71
IDH,70
ERM,83
TQT,119
QFM,21
FMD,57
LTH,126
DVH,58
HYS,54
HYG,42
RMC,8
MCP,5
CPI,29
SMS,78
IEH,81
YHY,36
RNP,128
QYM,14
EHD,40
HDD,35
LMG,124
QRQ,40
APF,117
PFV,161
CIV,44
TYQ,78
GTC,42
TCF,25
HSE,125
YSP,165
FMP,25
MPW,8
PWE,35
YNF,119
LLH,202
LRM,77
MPN,32
FVA,171
KMA,79
HGN,81
NFC,34
PFM,28
CGY,32
YIY,94
GPY,77
TQQ,60
QQP,16
QPL,92
VWA,50
ASH,74
DDM,31
RCE,20
HIK,54
RTW,39
WKV,71
NRW,32
RWV,29
WVT,38
HFG,86
FGH,68
GHQ,24
HQT,27
KWN,62
WNP,52
MFF,72
RWP,13
WPG,24
TNW,64
NWN,50
WNT,39
KDM,66
DMA,53
IMF,28
MFV,54
TNC,36
CDP,31
DYP,77
QPR,27
FIM,45
NES,225
MDI,94
HQR,22
NRC,24
RCP,16
PIC,25
MCR,7
CFR,27
RRN,99
NGR,140
FAL,342
KMQ,39
RDA,115
NMI,57
STQ,133
RSH,55
HGF,75
MRS,69
HND,27
EWS,57
WSY,33
FCE,42
DWE,52
WEC,3
ECY,27
CYC,2
YCG,29
VCD,39
CDK,21
DKC,13
KCG,43
GHI,83
HIW,18
IWY,24
WYY,13
YYR,78
DMT,43
TVN,179
LYF,247
NRG,152
YHG,55
DKR,141
PEW,40
EWM,15
WMV,16
SDM,69
RQN,87
YHE,35
YVV,118
HRL,79
AFL,387
VCH,16
CHA,11
HAF,52
DQM,51
QMA,34
ETW,49
TWM,14
WML,31
MLM,24
SPH,31
PHN,25
CGP,30
IYY,145
HYA,46
VYH,44
FNT,134
YRY,103
FAP,119
IWT,53
WTK,50
KQQ,48
MRG,49
AKP,103
DDC,18
DCG,63
FGR,130
RYT,97
PRN,60
LTC,41
TCE,32
CIR,42
IRC,37
RCY,24
MDM,13
QPN,66
PNQ,119
NQP,72
PYN,50
VQW,24
QWM,8
WMD,15
RRD,78
QRR,67
RPK,95
YIH,57
NDK,152
DKH,47
NQQ,45
QQQ,28
VPI,240
HMI,16
DRP,75
PQA,68
TKM,50
DYY,111
YYG,112
YGN,118
PIN,105
PYD,65
GIM,85
ITT,231
NKS,213
NEC,30
KPQ,70
PQR,43
NKY,88
YQR,94
DDH,27
KTW,59
TWS,54
WSR,33
QFT,84
MIG,149
RGH,39
GHV,83
RDC,25
DCA,29
CAN,32
TTQ,104
LHM,13
HMT,9
VRW,35
RWS,41
WSS,77
SSC,64
SCN,44
HAA,50
AWK,57
WKG,74
EYW,32
YWW,5
WWC,1
WCI,9
GCR,18
CRE,22
DVM,66
CGF,48
ICA,44
EHM,17
IQM,54
PQV,69
YTF,123
GCA,33
CAT,30
FVM,44
MSC,13
SCS,61
YNN,59
MYL,56
HRE,59
HFS,108
TNN,100
NNH,46
YGT,137
QYP,56
YPE,150
MTS,97
NTP,131
FEW,30
WLL,90
NEQ,79
YVC,24
CPV,37
MNV,53
FMK,54
RTM,39
VQM,28
QMM,8
MMG,39
ANW,39
NWM,18
WMK,22
IQH,37
QHD,11
HEQ,31
YAA,94
FGF,292
RDN,88
RTP,95
YVR,93
EDF,275
SHV,58
HVE,55
VHH,45
HHV,19
HVH,31
VHQ,27
QQG,62
RRY,80
LHQ,61
QNY,82
YNL,230
KFQ,171
QHN,59
FHQ,39
HQK,46
QLY,85
WKD,101
QFK,127
MQK,64
KIW,81
IWK,112
QGD,90
QDD,55
MKW,19
KWA,30
WAN,25
ANM,53
HNF,35
NFD,141
THC,15
HCE,16
SAW,53
AWN,41
WNL,113
LDH,121
HRW,13
RWK,114
HLY,72
WTV,30
FFD,159
LNF,343
EHT,58
FYQ,109
KGC,32
GCP,30
CKQ,20
LPC,30
EWT,52
VMM,23
RYF,156
YFQ,151
MNQ,79
NQS,182
FLH,118
LKW,68
KWL,56
VNW,26
YRC,7
RCF,22
CFC,8
EAM,102
VPY,87
HAN,27
YNY,80
ITH,87
THV,40
PRQ,29
YNI,141
NYM,38
YMA,25
LGW,93
WTS,53
HRC,5
RCS,19
CSK,56
LNW,64
NWL,59
WLS,88
MSK,108
FPM,72
PMK,39
QSW,36
RKM,108
FVL,358
GPP,64
NFH,55
GHS,115
DCH,15
CHG,17
LCR,41
CRN,38
FLC,60
LCF,68
FWE,62
VYW,31
WSI,51
YPH,28
PHV,36
FCL,83
CLI,81
LIW,99
WTT,26
TPW,14
PWT,36
WTL,69
HVT,41
TGC,47
GCV,41
CVH,8
VHT,72
HGQ,28
HHS,46
HSY,71
HSW,13
SWR,33
WRS,25
PQW,11
QWF,16
FKM,61
MDF,64
QWI,45
PSW,40
RSM,55
PDW,43
DWC,7
WCL,11
QRN,82
RNW,37
FTC,31
QFF,106
TKC,14
DVW,32
VWF,28
DQH,19
QHR,25
RGW,28
WFQ,26
HPM,17
DPT,143
WVS,52
EQY,53
QYR,67
DGH,49
QFA,78
ANY,97
AYQ,78
YQF,82
HQI,46
IYQ,130
CTV,36
MYC,5
YCD,28
LQY,103
VWV,39
FWK,111
WKN,116
QVH,39
ECP,16
CPR,9
PRC,12
RCW,5
CWR,5
WRH,4
RHT,34
GRC,31
RCK,27
CKS,49
YSR,138
TPP,93
TDD,90
ELC,65
WTI,42
IWQ,26
PTY,77
TYL,223
AYH,44
WGP,23
DHH,18
VKM,66
VMR,57
YAH,41
CSI,55
LFW,110
MEP,50
PHR,34
DNR,111
CLA,48
DLH,86
HFQ,48
AMI,110
QNQ,126
SNW,62
NWC,8
WCS,9
YNV,102
FLY,282
MEC,8
AQC,10
NYV,102
PID,133
DMF,32
LMW,12
MWN,17
WNY,38
SSP,274
QEW,43
IHN,70
HNP,49
LVW,78
WVL,81
WTE,48
FIA,204
ELW,61
LWL,115
TPF,125
MMT,28
VPM,59
PMM,22
MMS,24
MSH,39
SHP,81
HLC,15
DVC,22
CYE,24
HAY,35
FDC,22
CIM,6
ANC,37
CTT,18
FYY,127
YYH,44
FNF,172
FKH,48
FTY,106
TYC,25
PYT,83
YYS,138
YSA,185
EMH,21
MHK,16
PQF,67
IWP,28
WPA,21
TNI,169
NWT,65
WTA,47
SND,164
ITM,59
AHQ,24
IPW,47
PWV,28
PLR,135
TTN,168
DGM,53
APQ,45
SPF,194
SWD,44
DNY,80
ADC,40
TMP,20
HSA,99
VHK,93
HKF,56
DRH,37
HVY,27
FRC,22
PYP,72
MDT,51
PRH,18
RAW,32
NHA,36
HAT,35
KPW,36
PWS,29
WSQ,30
APH,29
HWV,16
WVG,48
TVH,60
GPQ,46
NMN,50
SCR,21
CRD,12
AHH,25
HHA,22
VPC,23
PCP,13
CPN,29
PNC,41
NCN,44
NSY,214
ICP,35
CPT,27
PTC,14
TCG,25
DFF,228
HNA,88
NRF,232
WGE,41
RGM,56
GMH,21
QEG,156
ATW,37
TWW,7
WWI,6
PVH,50
RDP,84
GWP,14
WPV,19
RMR,46
MRF,37
SPC,21
CRT,18
MNI,99
YTY,93
ERW,28
WPP,7
KSH,71
TSM,70
YMI,37
NLC,49
DRQ,46
DCM,9
CMI,16
TYE,114
FMV,54
TYH,47
YEQ,67
SRH,46
THR,52
RWA,30
QYW,16
YWE,29
SQH,34
SAH,60
HTD,63
PLY,156
DCV,30
KWK,98
NCT,47
CTC,6
TCK,26
HLH,58
YHN,44
LWS,58
GWG,50
FNW,24
DPW,29
PWP,13
WPK,24
RHH,11
FYF,247
YFA,114
TDY,124
DHD,32
QWV,11
WVW,15
QIC,34
QIH,81
HDQ,28
NWE,47
PAL,231
EDQ,138
MNC,21
QGW,23
RPP,50
QTE,132
IMI,92
WDQ,27
FTF,175
GCT,37
CTL,32
LNC,56
NCK,56
CKF,30
FMG,74
HNY,26
YFN,126
YVM,46
VMI,83
VNM,44
DCK,56
GWR,38
WRR,31
GAC,56
HTH,31
TCR,28
CRS,27
LYY,179
QWN,34
WNN,30
VLW,58
WSL,101
DNW,27
QHK,30
HWN,12
WNG,52
EQQ,43
QQS,55
MST,55
AEP,87
ATQ,124
SNH,77
DFQ,190
GKW,68
KWM,13
WMI,22
CQK,26
QLD,126
ETC,39
WGN,42
GNW,59
NWS,38
SQC,28
QCE,15
KWS,37
DDQ,68
MLI,105
EWE,73
HYE,55
QSD,117
LMY,49
YCT,23
AWL,46
KHH,26
SCH,18
CHQ,9
HQC,5
QCG,21
AKC,29
VNC,30
NCE,43
CEN,39
GCH,32
CHV,11
IQC,21
QCP,13
CPS,26
CSE,51
EGC,29
GCC,9
CCT,4
ECQ,8
CQN,15
RFF,185
LYH,94
SCD,30
LHK,140
LMV,85
ARC,14
CIH,11
TMD,55
YPG,140
ICW,8
CWN,11
WNF,54
TWA,31
IYC,34
MNH,36
NHV,52
AMR,38
FNG,148
DTC,16
SSH,116
APM,34
PMW,3
MWH,2
MKH,46
CHS,43
RHS,50
SDH,82
GTH,71
THA,48
QPH,17
QNE,162
AWD,31
WDP,32
AEC,24
RAD,110
RPV,85
DCL,46
HQN,41
YFM,28
KQD,93
WLN,63
VCA,42
NYT,99
DSC,33
WAD,28
HPQ,36
YYV,81
CAG,40
NNC,27
NCA,35
CAD,30
HDA,25
KVW,57
VWG,45
IWL,91
NHT,76
AMF,46
QME,54
MRM,19
RDW,38
NTH,44
THY,47
FGQ,95
HKS,74
EVC,45
SFW,97
WQK,38
YCL,34
CLD,58
MFP,33
MGW,19
WDA,40
YAM,43
QMI,80
WIF,93
YQS,127
WFN,17
EEW,126
WCE,6
CEA,34
EWV,55
PMR,23
YMM,9
EWP,18
NWI,83
VTY,71
TYM,20
TFV,184
STC,43
TCI,40
SWA,44
DWL,59
WLF,61
HYP,29
WAG,40
SCW,7
CWY,6
WMP,14
SEH,80
RFW,51
WHK,11
MFM,13
MGP,41
IWR,39
WRL,48
HKT,92
PQY,50
NKW,28
PPP,89
TLW,39
WLP,40
PGM,83
TQM,20
WEW,14
NHS,125
QQK,53
INW,44
WCP,4
YHI,53
HIH,32
WFV,32
KMW,24
WMN,19
MNN,40
QLW,32
LWW,12
WWG,12
YHC,12
HCK,22
CKH,9
VCT,28
TWF,42
WPF,18
FWV,45
KFM,42
FMQ,13
MMD,33
CNK,12
WNS,97
FNH,61
NHC,16
HCL,19
DFC,37
FCD,31
CDW,9
DWY,21
WYI,21
KPR,58
MPF,35
RKC,22
HDN,24
PTF,134
LHW,19
HWI,27
WID,55
TYW,27
YWK,58
NFM,37
HDY,33
WVP,24
SMM,36
MMA,22
SCF,47
HQF,26
VWM,16
RYM,46
RTY,91
MYQ,24
WET,52
FFY,161
VWR,28
CRG,19
AYW,26
HRK,63
PFW,51
ILW,94
LWN,91
SEC,37
ECN,21
HWD,21
WDN,41
NMY,16
MYF,42
PMN,32
NCP,31
HHL,56
HIY,39
WEF,37
LWQ,33
WQC,4
FVY,121
WWK,11
IDC,48
KNC,54
ACP,28
TSH,65
FEQ,89
MEM,38
FFC,56
CEP,21
SHW,17
WVN,35
NYC,31
YCM,14
MNW,19
WLT,70
QVG,116
REH,33
NQH,19
QHQ,13
PFC,19
FCI,79
QTD,93
IWV,63
WVR,49
CYF,24
DTH,35
QLI,193
HYD,33
SYC,38
YCE,14
TCP,21
ATY,94
SHC,16
HIF,78
INP,183
WDI,32
FYV,103
YVW,25
VWL,81
NFF,229
NKF,134
PWK,54
NVF,208
PHK,37
PFN,79
CIA,34
ESH,73
HNH,28
NGW,40
LAW,55
EMN,70
DFW,49
WEQ,20
GRW,34
WSA,30
SAM,83
RHD,24
PTH,35
DRC,16
NSC,29
MTD,68
HTQ,30
LCP,36
EQC,28
QCN,17
CND,22
YFK,150
VFW,46
FWD,59
DDR,95
SMR,46
NHD,33
GWV,54
WVH,19
HLW,21
AHN,47
FCY,39
FWM,30
ATH,54
IVW,58
YMK,43
PRT,70
WYL,39
AWI,82
WIC,18
REC,22
CIP,44
RMM,26
MME,29
QKC,22
IVM,80
GEH,52
FRH,42
WKI,100
VHP,71
WNQ,64
QFP,89
WVY,34
YRF,126
KCI,42
YRM,46
MQP,11
THH,30
HHN,14
HNT,38
MQL,39
AYM,28
MAF,54
PPW,20
SKC,29
KCQ,11
CQT,13
TIW,41
FEP,124
FMM,25
NSH,76
WDS,64
IWF,62
TMT,51
QCI,18
RQP,31
WTY,35
MAY,28
PHE,20
KSW,60
IMQ,25
CMV,14
YMY,14
MYE,23
NYN,114
YNM,17
MTF,58
WMF,23
MTP,58
RWF,31
NLW,66
WRY,13
EHW,7
HWQ,2
WQL,22
CIF,76
VRP,73
WLI,57
LWH,24
FHH,29
HHY,13
YKC,13
KCS,41
IYT,141
VNH,64
IMN,59
SKH,84
KHY,45
DQC,16
QCL,25
CLQ,30
IMR,41
MRR,50
MPT,34
QFR,77
HAH,21
HHI,23
MSM,44
WAV,27
ICR,40
MSY,65
YGW,32
GDW,55
DWV,66
CMD,10
LQW,49
HTT,63
NDC,24
DCS,55
CSH,21
SYL,412
KQM,45
RSW,32
SWV,56
YRH,45
NQR,82
QEM,64
PWL,40
LYC,46
CVQ,15
TDW,44
WIM,18
PPR,51
CNH,15
LNM,61
PMI,74
DYH,47
DDD,103
HNM,11
PHM,9
TRQ,61
SYH,63
WIQ,78
SQM,48
QMY,15
HWA,12
WAI,58
IKW,35
KWG,46
WGA,53
KWC,5
CQA,16
QAH,34
ICQ,24
IGW,49
GWY,26
WYG,31
CYV,21
FRW,38
RWE,46
PQD,61
CSM,15
SMC,8
PHF,42
KFA,160
YPP,50
DCY,18
CYL,55
WSG,58
QCS,30
VSC,41
SCC,10
CCM,3
WER,32
YFW,39
WLW,15
APC,15
PCI,28
CIY,41
WYE,21
PCL,28
CLR,25
QEP,73
GEC,36
NHG,56
AHY,24
DAW,30
CRQ,13
IDW,70
DWR,32
HRY,47
QTF,109
YMS,30
WYV,15
NWY,26
WYK,17
SMQ,34
YHH,18
WAT,29
ECL,58
ECF,44
PCF,16
CFI,53
LLW,128
WVV,37
PQN,70
MNG,79
IWM,16
WMG,19
PWN,36
INH,78
GFW,57
FWS,74
YFI,186
KPH,35
IIW,46
GWS,56
CLP,38
LPM,55
WVK,48
MYV,23
VMP,44
MML,33
MLY,60
FWN,92
WNM,11
LYW,46
YWT,30
WTF,35
QQW,7
WIT,52
ECE,24
DMK,52
FPP,103
HIM,12
EHR,38
PIW,53
FVC,40
VCF,49
CFD,27
QTY,82
QSC,27
CQH,21
QHY,9
PEC,25
ECA,27
LQH,53
MYR,22
KEC,62
RHW,12
WAR,26
QQF,47
VTW,59
TWY,21
DPP,77
THQ,31
HQS,40
PCS,23
CCA,8
PGP,103
FCF,64
GFH,95
EWY,28
WYF,27
FQC,19
QCM,9
CMA,11
PHA,30
QFY,61
ACN,31
RNC,31
CEY,21
THM,10
HMA,20
HPR,35
CKY,18
YWI,53
TFW,49
FWY,23
WYQ,11
HDF,49
DFM,53
FMY,15
MYS,62
AWV,34
EHQ,16
NQA,119
LEW,103
AWC,14
WCK,9
YKY,82
ACR,11
TCS,38
RCN,15
EHN,45
TTH,64
YDY,74
PHC,7
CPE,33
MAC,12
TCD,13
FWF,58
WFM,13
RQW,19
MTN,47
TYT,108
RYN,83
QAC,27
RDM,37
LCK,85
DRW,33
WQM,20
CCC,3
CCQ,3
MIN,64
MEH,18
NMM,15
HAM,15
FKC,16
ICH,20
CHN,9
WLM,18
HSP,71
WLA,51
GLC,54
AHW,24
WAS,36
QNC,26
YCI,41
VCQ,13
HPW,15
KHW,13
HWR,16
LRW,54
CTK,23
AWP,11
CNQ,23
YPM,22
ACS,48
RCQ,31
CQL,10
DCT,22
MTH,27
TTM,34
ARH,32
KCE,37
YCF,23
AAC,51
PYY,63
HST,75
KMT,58
IHY,65
MCW,2
CWF,1
WFG,55
GHC,18
LQF,156
VTM,51
AFC,40
FPW,43
PWD,24
WGL,59
FTW,40
MDW,21
MGT,82
ITC,29
TMF,33
LWF,52
WKM,15
ACQ,17
CQC,2
CMS,15
WPL,25
QVW,22
TEW,35
SCE,42
CEC,10
CFQ,28
APR,59
CCG,12
CGC,7
KDC,33
CFE,32
MRW,10
RWN,43
CFM,6
KYW,38
WTP,38
TMI,68
CDC,6
CGN,53
IYM,32
YLC,48
CYP,18
WVE,35
RCA,23
CAY,14
WNR,76
YYM,30
DMY,15
MYN,26
EMC,12
RCV,39
DHG,79
VWK,77
DQP,39
IQW,39
QWQ,10
WQE,28
THN,31
FWT,50
FYH,64
QAN,98
RHM,7
THD,54
CIQ,29
HHR,38
VHA,35
KWT,21
YNC,20
TYY,82
CTR,17
DYW,29
YWY,18
WYH,8
YCK,39
FHY,55
HYV,33
YWC,7
WCT,4
CTA,32
WDV,30
KCP,16
WWQ,7
WQT,16
GPW,32
IHW,21
WAP,11
HFH,45
NDT,89
AMH,13
HDS,51
QMT,35
EHC,16
HCA,16
CAR,20
YCV,19
KWD,28
RMQ,28
MQW,7
HEC,7
CDH,18
WKQ,48
CER,27
HYT,23
WES,53
QCQ,3
CQV,14
RYH,42
NCQ,15
MIK,89
VHW,16
CDM,8
WKH,22
CTE,41
PCY,11
SMT,68
TWN,48
WNV,62
QNM,28
WGT,38
RAC,23
CVE,38
PAW,29
WAM,14
PMQ,19
CVY,18
GFM,57
HAP,22
MQN,35
MEW,19
PCE,17
HHQ,15
HQY,10
PRW,15
NTQ,75
DCP,21
CPD,30
YCQ,13
CQR,7
DQQ,25
SWC,8
WCV,5
CVT,39
VWN,46
KCT,18
CTI,43
CGD,46
GDC,47
DCN,21
CNR,31
WKT,112
HIC,11
CFY,13
VDC,51
RSC,23
QHV,26
EWN,71
ASW,39
SWM,22
MFN,30
PWI,56
WFA,36
FGC,40
WKC,9
HML,24
MLH,24
WVD,30
VRC,48
DPC,5
KCF,26
FCH,14
CHK,8
GYC,29
EDC,38
YCA,21
FCM,15
HTY,42
GMC,9
MCS,13
CMF,5
PMP,29
MRA,43
TMY,20
FEC,27
HSC,16
WYT,15
LCH,21
SHH,27
HHT,18
EMY,32
MYP,31
TWP,22
WDH,24
WPY,8
CSC,14
HRT,28
WDM,10
TCN,23
MIC,15
QWH,5
WHQ,3
QWT,29
PKQ,87
NHR,40
HVC,10
MHS,26
MQQ,20
LHY,71
YMC,5
RWM,11
WME,17
CFV,34
CYT,18
MHY,6
MWF,9
CFL,80
WGM,20
MMM,8
HYN,42
TCM,11
CMM,7
FMF,32
TAC,40
TRW,22
CEE,38
WGY,41
HYM,5
ECS,53
RGC,43
DNH,41
MTQ,30
CDL,42
CLH,14
NMR,24
TPC,11
PCN,15
GMY,33
WKP,56
WCR,1
TCC,3
PWH,11
WHD,7
PLC,21
PPH,21
CEH,10
EHH,24
CML,13
HEW,11
DSW,48
VPW,26
PWA,16
CYH,12
HHP,24
CMQ,8
NNY,78
RPQ,23
MVM,16
MMN,36
DNN,54
NDW,25
QPQ,28
CDI,24
CNM,8
RCD,10
EWQ,14
NWV,53
NQM,52
CQW,3
QWK,46
NNN,115
CRM,10
YHD,37
MPC,1
WLY,35
EWW,5
YSC,42
RVW,37
QAW,25
WSM,12
KTC,28
CQG,18
HRM,21
LKC,56
KCL,45
AHC,12
HCN,11
PQP,29
CAF,28
LFM,82
LWT,50
HFW,19
CIW,5
YWF,24
LPW,51
WKF,61
GFC,43
RCT,16
CTF,27
CLF,57
NYW,22
WHS,7
HQV,26
FFM,54
TRY,111
KCR,16
TWG,39
NTC,20
TCT,22
CVM,12
RVC,28
CAE,27
KWV,28
MCY,2
AVH,65
PCT,20
CTP,16
MAM,20
HWT,24
WTQ,20
WTN,24
CDY,22
YYQ,68
MWV,11
WVA,51
TWQ,20
EPW,19
AGW,40
NSW,50
EWA,36
NCI,49
GNM,49
HHM,6
SMW,9
WFH,21
FHM,20
ALW,55
IFC,76
EFH,87
WYA,22
RHC,7
HTW,11
GWH,19
WHL,19
PHH,18
WLH,12
RWR,24
VKC,30
MTY,30
CVP,28
KRW,38
WDR,18
HEY,27
AQQ,33
TDM,40
SWS,56
GTW,48
TWV,44
FFH,70
SYW,40
ACC,7
VMQ,22
HYY,39
FMS,50
HSM,39
VAC,30
CQD,8
NPW,33
PWF,18
WFT,27
QQD,43
YQY,51
MHH,11
NHQ,35
CFA,32
DMN,56
CEQ,16
WAK,42
CAA,46
YFC,34
CHI,9
AMW,5
MWS,11
TDC,22
GCG,85
TWT,43
NWW,10
WWL,11
YLW,48
MMW,8
QHA,23
TCV,27
PPM,19
RPC,22
IPM,77
KHQ,22
CDQ,17
ENW,76
WQS,10
YAC,18
QNW,25
HVW,10
CSW,10
SCP,40
GCQ,9
CQM,3
CNN,26
IMY,19
TFM,42
TKW,33
CPL,29
DIC,27
LCC,13
FSW,79
WRP,14
WQD,16
GCW,5
CWT,7
NWA,32
MVC,10
DWQ,9
QPW,13
AAW,58
NEW,32
EWH,9
WHT,8
HTC,9
IMH,15
KCM,4
GYW,33
HMF,13
YWV,26
PQC,6
GWW,6
WWD,7
QMF,26
CNY,19
YHA,38
HAW,11
WAW,8
VGW,52
MMY,10
FCR,32
WHA,14
WRV,25
VMY,19
MTC,11
MAW,15
WSV,34
GWA,27
YMN,29
CVF,26
LCQ,13
MCE,7
PMY,22
RYC,17
YDC,19
CMK,10
EWR,30
WRT,19
YRW,27
WGW,15
DWP,13
SWY,25
MHT,12
FCC,6
CMW,1
MWI,9
WEY,28
ACD,24
CSP,35
WRN,25
EMW,12
MWD,10
PWC,5
HHH,22
NWQ,17
WQA,11
HDW,12
NCF,35
CFK,15
KYC,26
YIM,16
KCY,19
VCM,13
DCW,7
GWM,26
WHN,12
PCD,11
YEW,26
DHQ,31
HKW,15
ICC,8
TEC,17
TCQ,13
CPH,8
CNF,27
YQC,7
QCK,20
QTC,10
CRC,6
LQC,20
NNW,36
WAQ,18
WPR,7
CHE,10
CFF,40
CHH,6
IKC,21
PYC,14
SRC,48
DHW,19
PQH,12
PKC,18
PMC,8
WVM,12
PWY,22
WYW,8
FHW,24
WHW,4
MYW,5
YWD,30
DKW,25
RRW,30
THW,21
HWY,7
CWV,8
QFW,24
YWH,4
WHG,20
HCW,2
CWS,5
ECM,10
HCH,10
ECT,25
HQD,20
PKW,20
QMQ,26
MCL,9
LWY,27
WYC,7
MRC,7
RCC,2
QPY,37
VCW,6
CWA,6
CPQ,1
NQC,26
WRF,31
NVW,29
YTM,35
SQW,27
WRG,27
CCE,2
NCW,10
CWD,14
DWT,37
NTW,33
YQW,13
YWL,39
CCY,7
QWR,20
QYC,31
HWL,23
CAH,7
PCC,4
WQF,16
WHI,24
SWP,20
LMC,7
WWW,5
WWA,3
YSW,34
WFP,30
CFT,44
CYN,18
MCK,6
WIY,57
MQS,44
WRM,13
QWL,48
YWR,21
AFW,37
WVI,45
NCH,10
QWS,18
WSN,32
HYC,7
CDD,10
MWA,5
KWW,15
WWY,3
MHL,29
CAM,13
HCI,23
WIH,29
RCR,17
MSW,18
YAW,24
WRQ,8
NAW,31
VWY,17
WYR,15
YKW,15
WHH,7
RQC,14
QCD,14
HHD,18
QQN,28
WVC,8
CHT,11
QWD,11
HWS,15
HWW,7
RMW,8
MWT,5
WRC,6
CNA,24
CRK,23
QQH,7
TCH,13
CHW,3
HWC,3
WCH,4
CRY,11
WLV,45
LWM,27
CMR,11
LWA,52
YYC,17
NMH,7
YHM,7
WYP,17
AIW,37
WRA,18
QWY,7
WVF,44
QQC,6
CMG,13
DDW,21
CRW,6
RWQ,7
FQW,28
TWC,5
VAW,34
YHW,19
RWY,14
EQW,18
HMN,8
WSP,29
YWM,6
WMR,15
WPT,13
MTW,19
MWY,3
WPN,14
EPC,14
VHC,18
HCR,4
CRA,8
HWP,6
WPH,5
IYW,30
NHM,10
CWI,9
YWA,22
KPC,10
CKC,2
QIW,34
KCN,24
CQY,9
ECH,5
CHR,10
YPW,20
DEW,28
SWH,8
PQM,15
AWH,9
WHY,2
HCQ,6
MIW,28
SWW,11
CHY,6
WQV,9
WQI,31
SWT,47
TWR,22
YWP,10
RWH,14
WWF,6
WHV,10
CFH,12
YCY,17
AWM,16
WIN,34
CSQ,25
CTY,19
HFN,37
CPM,10
WRD,26
HCF,10
HQQ,9
WFC,10
QWP,5
WPQ,5
WSW,16
WMY,9
MYM,2
CYQ,13
DCE,27
WYM,2
NCM,10
QCR,8
CRR,16
PYW,16
TRC,7
CIC,12
YNW,33
HGC,16
WDW,12
QMW,6
MWL,8
FCW,12
FMC,2
MCM,4
YMH,10
MWP,4
YCW,4
CWH,3
DMW,1
WNH,17
WCG,10
QDC,10
CEM,7
DHM,13
WMM,7
MMF,19
WTH,13
MFC,9
EWC,11
NCC,2
CCK,6
RWW,6
WWE,12
CHC,6
HMR,7
MLW,25
WHF,9
WHE,8
NWR,21
AWW,7
YWQ,13
WKW,17
DCC,1
CCF,5
WWV,5
HWE,13
CGH,16
CMT,7
YCR,18
QMC,4
MCD,8
YMQ,15
WTM,6
ACM,11
WHM,2
WNC,6
MKC,12
DWH,9
VWH,11
HQW,6
CLC,8
GQC,15
QCW,13
CWQ,8
WDY,34
QRW,27
CMY,14
NQW,29
CNC,6
CNW,5
WTW,9
WMT,18
DCQ,6
MHP,11
WEH,15
QCT,12
KWR,21
QCY,11
HHC,9
HCD,9
HVQ,22
MQM,11
MCC,4
WCA,2
MHA,11
NHH,33
VQC,24
CCR,1
YTC,11
QRC,7
ECW,5
CWL,6
ACW,6
HCM,9
WAF,25
FWC,3
HNC,5
FWW,7
CCD,4
IWC,5
YHR,22
GWC,3
MHR,15
WEP,30
HWM,5
QQM,9
CAK,16
KMC,9
NWH,11
IMW,3
NMW,3
MWG,4
HHW,11
CAC,3
WPM,2
GWQ,16
RTC,12
WCM,5
CPY,16
WWN,17
MHW,5
HCC,6
QWW,7
AQW,14
TMH,9
MHN,8
CHF,12
CLW,7
FCQ,18
PCH,3
CQQ,3
CWG,7
HDH,11
HMQ,5
WQY,8
WAC,3
WPC,3
HMC,1
QCH,7
WPW,8
NWP,16
CAW,3
WCF,7
CRH,6
CQP,5
RPW,24
CPF,18
CMC,2
MWW,3
HCY,6
MWM,4
WYN,12
HKC,7
QCF,7
MFW,11
MCA,6
PWW,5
WWR,6
KCW,5
RQH,10
IMC,3
DHC,10
CQF,5
WRW,6
AHM,10
FWR,26
HYW,9
MWQ,2
LCW,8
CWE,5
CKW,2
FMH,6
WCW,2
PWQ,15
CMH,3
WMH,5
TMC,3
TWH,3
YCH,9
QHW,5
WTC,2
RWC,2
HMY,5
VCC,8
CCI,9
CPC,6
CVC,3
WQQ,3
WMW,3
CTW,5
QCC,3
VWW,5
WWP,4
KQC,9
KQW,20
NMC,5
WMQ,6
MWK,5
MCQ,2
CEW,5
DWW,1
CWM,4
MMC,1
MCN,3
QPC,6
QHC,4
KWH,5
GMW,9
TCW,5
PMH,5
MCF,2
CCW,1
HDC,9
RCM,7
CCH,3
TMW,4
HMW,1
WCN,3
PCW,2
CPW,5
PWM,7
CWC,1
CVW,3
MCH,3
CHD,5
WCY,5
CCN,1
YMW,1
WQW,3
PCM,3
WMC,2
CWP,1
HMM,2
WWT,6
CCP,2
CYW,2
MCT,3
CWK,4
MWR,1
WWH,1
CWW,1
KCH,1
WHC,1
RCH,2
CCV,2
KCC,2
