MIT,31
ITL,156
TLD,263
LDR,429
DRP,234
RPT,209
PTL,210
TLT,345
LTA,783
TAR,458
ARA,1117
RAL,845
ALE,628
LED,324
EDL,388
DLT,303
TAS,262
ASA,681
SAL,499
ALV,978
LVV,623
VVG,652
VGV,512
GVG,547
VGT,330
GTG,429
TGP,265
GPD,269
PDG,361
DGP,216
GPV,409
PVL,504
VLL,717
LLT,489
LTD,345
TDA,380
DAL,728
ALP,601
LPA,669
PAE,508
AEA,1231
EAA,1094
AAT,783
ATA,803
TAL,731
LEA,651
EAS,239
ASF,125
SFE,56
FEL,94
ELL,462
LLG,768
LGV,663
GVR,472
VRG,417
RGA,495
GAE,518
AED,468
EDE,207
DEV,343
EVH,76
VHR,153
HRL,200
RLP,322
LPG,474
PGL,403
GLG,696
LGG,581
GGV,503
GVP,456
VPV,466
PVP,361
VPL,376
PLL,403
LLV,604
LVL,690
VLA,1264
LAG,1166
AGV,1026
VGG,468
GGL,513
GLD,506
LDD,324
DDD,243
DDG,373
DGE,307
GEA,483
ASD,209
SDE,137
DES,95
ESL,224
SLR,266
LRR,677
RRA,817
RAA,1318
AAG,1838
AGA,1457
GAA,1212
AAV,1649
AVR,790
VRS,271
RSL,306
SLA,492
AGT,652
GTD,226
DAV,844
AVA,1592
VAL,882
ALA,1892
LAL,1014
PAD,509
ADT,278
DTP,163
TPA,515
PAR,526
ARL,922
RLA,933
LAA,2022
VAE,746
AEG,587
EGA,430
GAV,878
AVL,1182
VLG,755
LGA,875
GAY,146
AYA,235
YAF,49
AFT,180
FTA,198
TAQ,200
AQK,64
QKS,18
KSE,36
SEC,5
ECA,25
CAR,40
RAE,561
EAD,370
ADS,220
DSS,97
SSR,135
SRP,181
RPV,372
PVR,305
VRE,399
REL,433
ELE,306
LEV,323
EVV,381
VVT,429
VTP,220
TPL,267
PLA,466
AAA,2959
AAD,908
ADA,1126
DAD,550
ADP,529
DPV,274
VLR,547
AVV,1166
VGD,296
GDA,432
AVC,55
VCA,64
CAV,68
VRD,344
RDL,379
DLV,487
LVN,121
VNT,70
NTA,103
TAP,443
APS,312
PSH,45
SHL,74
HLY,23
LYP,60
YPA,86
PAT,385
ATF,121
TFA,128
FAD,197
DLA,706
LAD,825
DSP,112
SPV,154
PVS,184
VSV,322
SVD,172
VDV,475
DVW,54
VWD,61
WDE,63
DED,231
EDR,217
DRL,507
RLR,629
LRA,869
EGF,127
GFG,234
FGG,236
GGI,199
GIL,204
ILA,344
LAI,260
AIG,278
IGQ,67
GQG,164
QGS,66
GSS,187
RPP,131
PPR,137
PRL,302
RLV,531
LVR,473
VRI,154
RIE,156
IEH,52
EHA,182
HAP,123
APA,1038
DAA,1175
AAH,384
AHI,49
HIA,42
IAL,327
LVG,613
VGK,105
GKG,116
KGI,47
GIT,220
ITF,36
TFD,102
FDT,68
DTG,163
TGG,361
GIS,124
ISL,111
SLK,60
LKP,71
KPA,91
PAA,1076
AAS,682
ASM,72
SMM,9
MMT,15
MTM,25
TMK,19
MKS,22
KSD,22
SDM,23
DMA,53
MAG,179
ATV,516
TVF,123
VFA,235
FAV,221
VVR,463
VRA,736
AAL,1949
ALD,646
LDV,434
DVP,318
PVK,60
VKV,141
KVT,89
VTG,474
TGW,66
GWL,131
WLA,211
LAE,921
AEN,118
ENM,23
NMP,14
MPS,53
PSG,243
SGT,249
GTA,584
TAI,198
AIR,206
IRP,75
RPS,179
PSD,125
SDV,163
DVI,155
VIT,145
ITM,23
TMY,8
MYG,21
YGG,110
GGK,97
GKT,159
KTV,79
TVE,278
VEV,353
EVM,76
VMN,27
MNT,32
NTD,26
DAE,486
EGR,383
GRV,553
RVV,498
VVM,117
VMA,177
MAD,119
LVA,954
VAA,1589
ATN,73
TNE,32
NEH,19
EHP,127
HPD,172
PDA,498
VLD,513
DVA,582
VAT,464
ATL,527
LTG,585
TGA,589
GAQ,227
AQL,316
QLV,186
ALG,953
VRH,126
RHT,99
HTG,93
TGV,371
GVM,98
VMG,105
MGD,46
GDD,248
DDA,512
ALR,900
LRD,407
RDE,208
DEA,499
EAV,655
AGE,561
GEL,361
ELA,635
LAW,175
AWG,92
WGM,12
GMP,86
MPL,75
PLP,270
LPE,408
PEQ,123
EQL,217
QLR,182
RAS,254
ASL,444
SLT,232
LTS,213
TSR,130
SRV,216
RVA,597
VAD,595
ADI,186
DIS,55
ISN,28
SNM,5
NMG,25
GDR,312
DRF,131
RFG,175
GGM,130
GMM,27
MTA,203
TAA,1047
TFL,110
FLR,122
LRE,447
REF,88
EFV,123
FVD,115
VDA,692
DAG,638
AGR,890
GRP,462
RPQ,73
PQD,104
QDD,73
AAR,1446
ART,475
RTP,242
TPW,41
PWA,82
WAH,43
AHL,245
HLD,148
LDI,100
DIA,160
IAG,317
AGP,553
GPS,180
PSF,47
SFN,18
FNE,17
NES,24
ESA,231
SAA,795
AAY,246
AYG,151
YGY,39
GYT,102
YTP,56
TPQ,113
QDA,202
DAT,289
ATG,594
VMV,134
MVR,76
VRT,290
RTL,391
TLV,373
VGL,564
GLI,248
LIE,148
IEG,100
GRA,640
MAS,90
ASK,67
SKE,42
KEE,50
EEI,142
EIL,189
AGL,1280
GLA,983
AEI,235
EIV,142
IVN,57
VNE,63
NEE,47
EET,167
ETG,255
TGL,453
LDT,223
DTA,327
TAE,422
AEV,555
EVQ,94
VQP,79
QPE,77
PEK,62
EKS,47
KSF,12
SFT,72
FTD,79
TDD,152
DDL,263
DLD,385
DID,80
IDS,58
DSI,64
SIS,58
ISM,31
MTI,44
TIV,113
IVV,183
VVN,127
VNA,186
NAE,91
EDK,40
DKF,15
KFG,37
FGV,190
GVK,106
VKI,58
KIP,14
IPD,96
PDE,194
DEE,184
EEV,236
EVK,70
VKN,35
KNL,27
NLK,22
LKT,74
TVQ,120
VQD,123
AVD,538
VDF,99
DFI,47
FID,49
IDG,157
DGA,636
MTH,35
THT,54
HTV,95
TVA,605
VAV,920
AVS,417
VSG,338
SGA,433
GAS,434
ASG,553
SGY,69
GYA,165
YAG,146
AGG,835
GGE,300
EAL,773
LRL,476
RLL,589
LLA,1207
AGH,267
GHP,135
HPF,33
PFV,116
FVT,97
VTV,488
TVG,338
VGA,721
GAI,232
AIT,193
ITA,231
TAH,123
AHS,62
HSN,8
SNA,61
NAG,138
GER,354
ERL,556
RLG,578
GAL,856
ALQ,281
LQP,95
QPH,20
PHL,115
HLH,71
LHA,246
HAL,232
LVD,459
VDR,339
DRV,383
RVL,606
AET,357
ETT,152
TTA,392
TAD,378
ADV,690
DVL,507
ADH,139
DHD,66
HDV,105
DVV,674
VVI,241
VIL,203
LPH,84
PHG,99
HGA,211
AAE,1124
EIA,219
IAE,267
AER,730
ERS,137
RSP,145
SPD,157
PDT,162
DTL,224
LVI,213
VID,166
IDA,219
GAD,610
DHR,71
RLE,350
LES,197
ADW,86
DWE,37
WEA,85
EAF,193
AFY,56
FYG,46
YGT,76
AHA,305
HAG,201
GTW,82
TWP,40
WPY,7
PYG,76
YGL,128
GLP,490
PEL,303
ELP,228
PGQ,149
GQR,185
QRE,103
RER,390
GTR,266
TRR,287
RRI,243
RIA,331
IAV,284
AVP,523
VPG,467
PGC,25
GCY,11
CYP,4
YPT,38
PTT,184
TTS,148
TSI,68
SIL,106
LAP,543
APG,614
PGF,111
GFA,275
FAA,407
GLL,731
LLE,468
LEP,204
EPR,131
PRD,143
RDV,280
VIV,205
IVA,307
GTS,178
TSG,201
GAG,894
AGK,182
GKA,121
KAL,212
ALK,160
KPH,13
HLL,203
MGG,109
GMS,79
MSP,66
SPY,49
YGV,115
GGG,600
GGH,142
GHR,176
HRH,46
HTP,81
TPE,277
PEI,116
EIE,119
IEQ,57
EQG,106
QGL,167
LAQ,332
AQA,568
QAA,471
GEP,288
EPV,266
RIS,110
ISF,38
FTP,113
TPT,206
TLA,600
APM,58
PMS,32
MSR,70
SRG,184
RGI,189
LAT,538
TAT,321
LRP,347
RPG,445
PGV,381
GVA,752
DVR,305
AAW,270
AWA,238
WAS,59
SAY,88
YGR,85
GRE,257
REP,137
EPF,71
FVH,38
VHL,156
LLP,386
PEG,376
EGQ,114
GQW,42
QWP,9
WPT,31
TTK,37
TKA,73
KAV,153
LGS,266
GSN,34
SNH,14
NHV,20
HVQ,42
VQL,131
QLQ,67
LQL,118
QLA,308
LAV,935
VDE,342
DER,214
ERA,525
RAG,766
RVI,157
IVC,21
CAA,87
LDN,40
DNL,51
NLT,70
LTK,72
TKG,56
KGT,55
TAG,510
GGA,683
AVQ,240
VQS,77
QSM,25
SMN,14
MNI,11
NIA,61
LGL,896
EQA,280
QAG,242
GLE,353
LEQ,177
EQQ,62
QQG,54
QGV,157
MRR,108
RAV,694
VCP,33
CPG,16
PGS,230
GSF,112
SFD,64
FDP,124
DPL,201
PLH,84
LHK,21
HKG,18
KGH,27
GHV,155
HVE,81
EVI,147
VIA,368
IAR,265
AAN,205
ANL,156
NLF,51
LFE,93
FEE,81
VVV,791
VVA,1010
VSA,490
SAN,65
ANP,108
NPA,130
PAK,93
AKT,100
KTY,24
TYR,57
YRF,30
RFS,81
FSV,74
ERI,220
IAM,65
AMI,84
MIE,34
IEA,207
EAT,281
TVS,204
VSS,167
SSL,193
VRP,268
RPM,32
PMG,34
MGP,46
GPG,412
AEF,196
EFC,8
FCR,11
CRQ,12
RQI,84
QIG,67
IGA,353
DAI,207
AIV,270
IVK,52
VKG,91
KGL,131
GLR,504
LRG,464
RGG,383
ADL,824
DLE,280
LEF,67
EFE,93
FEA,182
EAP,262
PMA,75
MAA,319
AAM,274
AMN,30
MNR,21
NRH,20
RHL,171
HLT,121
GVE,379
VET,219
ETV,253
TVY,81
VYL,109
YLP,79
DAR,445
ARY,116
RYT,47
YTH,27
THV,91
HVS,83
SSS,183
SLI,111
LIK,43
IKE,30
KEV,51
VHG,157
HGL,175
GGD,278
GDV,401
FVP,112
VPA,685
RGL,484
LDG,467
DGG,391
MAR,137
ARI,302
RIG,215
IGE,128
GES,180
SAD,271
DLL,441
LLK,114
LKC,6
KCS,4
CSF,6
SFC,6
FCG,16
CGK,17
GKS,129
KSQ,33
SQK,22
QKQ,12
KQV,39
QVR,169
VRK,78
RKL,98
KLI,58
LIA,371
GVY,92
VYI,21
YIC,5
ICD,8
CDE,9
DEC,17
ECI,5
CIE,3
IEL,119
ELC,26
LCN,4
CNE,3
NEI,30
EII,58
IIE,47
IEE,98
EEE,130
EEL,397
ELG,408
LGE,422
ADE,397
DET,148
TVL,486
VLP,370
LPT,211
PTP,305
PQE,78
QEI,64
EIF,37
IFD,41
FDH,28
DHL,123
HLE,86
ESF,69
SFV,89
FVI,59
VIG,310
GQE,92
QEA,171
AAK,249
AKR,142
KRS,35
AVY,148
VYN,24
YNH,7
NHY,10
HYK,4
YKR,15
KRV,80
RVR,454
RGP,229
GPQ,82
PQA,158
QAR,263
ARG,612
GDL,362
ADR,574
RLT,387
LTE,322
TER,194
ERD,170
RDD,176
DVE,283
EVG,265
KSN,16
SNI,25
NIL,34
ILM,41
LMV,109
MVG,102
VGP,277
GPT,200
PTG,249
TGS,211
GSG,373
SGK,125
TYL,82
YLA,165
AQT,138
QTL,131
LAR,869
ARR,951
RRL,719
RLN,116
LNV,88
NVP,63
VPF,124
PFA,141
ATS,235
TSL,174
TEA,326
EAG,717
AGY,184
GYV,110
YVG,94
VGE,295
GED,324
EDV,353
VEN,74
ENI,38
ILL,211
LKL,62
LIQ,62
IQA,86
ADY,91
DYD,48
YDV,91
DVK,86
VKK,44
KKA,63
KAE,126
AEQ,357
QGI,63
GII,75
IIY,8
IYI,10
YID,24
IDE,104
DEI,131
EID,110
IDK,29
DKI,33
KIS,41
ISR,101
SRK,46
RKS,27
SEN,36
ENP,58
NPS,41
PSI,54
SIT,60
ITR,107
TRD,174
DVS,163
SGE,193
GEG,314
EGV,289
GVQ,136
VQQ,61
QQA,121
QAL,356
ALL,1164
LKI,36
KIL,58
ILE,117
LEG,325
EGT,214
GTV,511
VAS,361
ASV,368
SVP,201
VPP,179
PPQ,39
PQG,113
QGG,126
GGR,502
GRK,80
RKH,25
KHP,21
HPH,44
PHQ,26
HQE,18
QEF,45
EFL,110
FLQ,48
LQI,60
QID,46
IDT,66
DTS,99
TSN,41
SNV,45
NVL,112
VLF,192
LFI,58
FIV,56
VAG,930
GAF,238
AFA,391
FAG,237
LDE,449
IIG,101
IGS,131
GSR,214
SRA,311
RKG,87
GIG,284
IGF,77
FGA,280
GAP,568
APL,450
PLN,32
LNH,28
NHL,31
HLG,158
AGD,461
DVT,274
VTY,55
TYA,84
YAD,107
RPE,289
PED,282
LKF,26
FGL,213
LIP,137
IPE,103
PEF,85
EFI,33
FIG,66
IGR,187
GRL,604
LPV,384
PVI,170
ITT,104
TTV,271
VED,320
LTH,105
THE,54
HEQ,38
VRV,394
VLT,520
TEP,143
EPK,39
PKN,19
KNA,24
NAL,173
LKQ,45
KQY,11
QYQ,10
YQK,6
QKM,17
KMF,5
MFL,42
FLM,38
LMD,86
MDG,71
DGV,487
VEL,375
FEQ,55
EQD,89
LDA,794
VAQ,267
QAE,227
EAR,444
RGT,283
GAR,579
LRS,298
RSI,80
SIM,26
IME,24
MEN,20
ENV,66
VLK,117
KPV,53
PVM,71
VMF,35
MFE,27
LPS,180
PSR,157
SRS,152
RSD,115
DVG,218
TVV,437
VIS,103
ISG,127
SGD,172
RGE,297
EAE,492
AEP,357
EPT,194
TLI,143
IPA,216
EVE,227
VER,365
ERR,372
RRR,809
RRG,476
RGR,491
GRS,271
APV,520
PVD,258
VDH,112
DHH,32
HHA,64
HAQ,65
AQS,124
QSG,85
GTE,207
TEH,84
HAE,149
EQR,136
QRL,200
ARE,517
LLR,576
LRQ,216
RQS,72
QSQ,26
SQA,111
LRH,179
RHQ,31
HQL,45
LQS,87
QSA,119
SAQ,135
AQR,280
QRH,43
RHA,182
HAA,358
GLS,345
LSE,201
SER,121
EAQ,163
QTQ,36
TQT,77
QTA,116
ARN,90
RNN,16
NNR,12
NRR,78
RRM,109
RMV,91
MVE,70
ATR,311
TRA,368
IAT,178
TLK,75
LKE,95
KEN,17
ENL,79
NLD,71
AVT,526
VTH,99
THP,73
HPP,30
PPF,50
PFT,100
FTF,39
FAT,125
TLE,266
AVH,233
VHA,208
APR,429
PRE,146
EPE,184
PEE,237
EEG,184
VVQ,141
VQN,27
QNG,20
NGR,89
GRR,561
LRV,380
RVT,259
VSP,152
SPL,176
LLD,505
LTP,329
TPG,321
PGA,565
AQV,268
QVL,237
ESS,93
SSI,55
SIV,98
IVG,232
VAP,420
PGT,316
SGQ,108
GQL,184
QLL,193
RVK,94
VKE,88
KEA,102
LPD,298
GLV,669
EER,230
ERV,377
VRR,527
RAP,247
PAL,575
ELR,360
RHG,194
HGD,106
TVD,314
ARV,595
RVE,303
VEW,48
EWA,76
WAL,118
RRV,470
ELS,212
SEV,145
EVD,228
EVL,448
LEE,328
EVP,208
VPD,233
PDV,254
VTF,121
TFE,75
FED,99
EDI,124
DIG,95
IGG,236
LGP,337
PQI,45
IDR,124
DRI,178
RIR,171
IRE,143
REA,546
AVE,581
VEI,152
EIP,104
IPF,47
PFL,121
FLH,46
LHP,131
HPE,131
PEV,238
EVY,65
VYR,88
YRE,81
REH,135
EHG,173
APK,84
PKG,79
GIM,41
IML,41
MLY,22
LYG,102
YGP,85
GPP,102
PPG,168
TGK,103
KTM,19
TML,59
MLA,223
LAK,184
AKA,243
VAN,105
ANA,186
ALS,451
LSA,531
SAR,290
ARS,309
RSA,408
ADG,708
RSF,85
SFF,41
FFL,65
FLN,38
NVK,25
KGP,50
GPE,263
LLN,129
LNK,30
NKY,7
KYV,20
GET,228
ETE,123
ERQ,108
QIR,65
IRV,122
VIF,58
FDR,110
DRA,440
RAR,717
REK,69
EKA,134
KAD,77
AGF,278
GFP,89
FPV,81
PVV,371
IFF,26
FFD,47
FDE,94
DEM,47
EME,40
MES,39
SLF,75
LFR,107
FRT,81
RTR,308
TRG,219
RGS,154
SGV,279
GVS,313
SSD,92
TTI,69
IVP,89
VPQ,74
PQL,120
TEI,78
VEA,568
LEN,74
NVI,58
IVI,70
ASN,52
SNR,35
NRE,43
RED,202
EDM,48
DMI,31
MID,35
IDP,137
DPA,779
PAV,544
PGR,372
RLD,357
KIR,47
RVD,288
RPD,282
EIM,34
IMA,53
MAK,67
AKH,35
KHL,29
HAD,161
ADD,346
DDV,335
AGS,423
GSA,424
GTL,461
RTV,404
ALY,168
LYD,66
YDR,55
DRG,242
AEL,836
ELT,362
TDV,240
GTT,257
TTH,53
THA,97
ALH,224
LHL,175
HLA,232
LVS,368
VVD,521
RAK,131
KRH,27
HAV,203
RDY,70
DYL,82
AGQ,319
GQA,280
QAP,156
REG,265
EGH,69
GHL,149
HLR,160
VLE,418
EDQ,71
DQT,46
QTD,63
TDL,294
AEW,86
WAR,112
RTS,125
SGW,70
GWR,114
WRG,78
GPR,285
LRM,98
RGV,424
MKE,21
KER,64
RII,82
IIL,72
LAY,169
AYS,67
YSG,49
SGG,316
TSV,178
SVA,389
VAI,248
IGW,42
GWI,50
WIA,55
VGQ,148
SLE,188
LET,219
ETI,82
TIR,99
IRQ,69
RQR,177
QRA,232
LDC,14
DCG,26
CGA,61
EAY,124
AYV,134
YVA,138
ARD,383
DEF,76
EFA,134
FAE,160
EQY,24
QYC,3
YCM,2
CMP,1
MPT,59
LKA,193
KAN,42
LYM,16
YMD,14
MDA,124
DAY,103
AYP,74
YPL,45
PLV,307
SAI,131
AIS,118
SRH,58
HLV,167
ARQ,263
RQF,39
QFG,51
AST,262
STV,217
VAH,177
AHG,247
HGC,11
GCT,25
CTG,32
KGN,22
GND,51
NDQ,15
DQV,128
VRF,115
RFE,96
FEV,83
EVS,146
VSI,100
SIQ,26
IQT,30
TLG,402
PDL,313
DLK,89
KCI,3
CIA,19
IAP,126
ALT,693
LTR,398
TRE,187
KAI,66
AIE,173
IEY,26
EYA,87
YAE,132
ERN,47
RND,43
NDL,70
DLP,315
LPI,95
PIV,104
IVT,113
VTT,225
TKK,19
KKN,21
KNP,24
NPF,31
PFS,51
FSI,33
SID,74
IDQ,48
DQN,13
QNV,36
NVW,13
VWG,72
WGR,78
TGF,118
GFL,188
FLE,91
DIW,15
IWN,11
WNG,16
NGP,46
PTK,45
TKD,57
KDV,117
DVY,69
VYD,72
YDY,19
DYT,48
YTD,50
DDP,189
PAF,153
AFP,101
FPP,35
PPA,336
PAP,659
APD,398
VTI,92
TIA,179
IAF,82
AFE,146
FER,103
ERG,322
VPT,221
PTA,359
DGR,412
LSP,240
PLE,179
LEI,127
ELN,71
LNR,110
AQG,230
VGR,382
GRI,258
RID,139
IDI,29
DIV,134
IVE,109
VGI,220
GIK,46
IKS,29
KSR,40
SRE,145
REI,159
EIY,32
IYE,25
YEA,102
GAM,109
AMA,266
MAL,155
ALI,323
IAA,562
AHR,238
HRE,90
NVT,62
VTL,372
LER,438
ERE,216
REQ,132
ARF,204
RFK,24
FKK,11
KKH,12
KHV,27
HVD,114
VDQ,103
DQR,86
QRW,34
RWT,55
WTE,33
TEL,237
ELV,401
LVY,89
YDG,92
DGQ,157
QWY,11
WYS,8
YSP,40
PLK,40
LKR,99
KRN,12
RNL,86
DTF,61
TFI,35
ATQ,132
TQE,68
QEH,35
EHV,136
HVN,36
VNG,106
NGE,63
GEI,182
EIR,126
IRL,100
LEL,327
ELH,97
LHG,157
HGG,131
RAT,312
VQG,146
QGR,184
RRS,254
RSE,123
SET,91
GLY,99
YDF,30
DFN,15
FNL,35
NLA,160
ATY,73
TYD,51
YDE,40
DEG,217
EGD,200
GDS,136
DSF,58
FDQ,37
DQS,41
QSS,48
SSA,271
RGF,147
GFI,68
DIF,31
IFG,73
SAK,79
KTA,111
ASE,216
DLQ,113
LQD,146
QDV,126
VAR,677
RLS,321
LSN,58
AKI,78
KIK,15
IKK,18
KKD,28
KDD,38
LVQ,181
VQV,161
QVI,70
GKD,99
KDK,31
DKG,42
KGK,51
GKQ,34
KQG,34
QGK,32
GKV,112
KVL,121
RVF,134
VFP,92
FPT,51
PTD,171
TDE,212
VLV,758
LVE,398
VEG,306
GVN,110
VNR,80
NRV,74
VTK,62
TKH,16
GQD,137
QDN,14
DNN,7
NNG,24
NGS,62
GST,216
STE,100
TEG,162
EGG,258
GLQ,133
LQV,143
QVV,161
VVE,449
API,109
PIH,23
IHI,6
HIS,29
NVA,114
VDP,361
DPE,367
PET,199
ETK,29
KKP,17
KPT,41
PTR,159
TRV,248
RVG,328
VGY,123
GYR,131
FET,70
VEK,86
EKD,50
KDG,83
VSK,56
SKT,33
TVK,82
KVR,86
RFA,198
FAK,42
KAS,73
GKE,56
SEI,67
EIH,38
IHP,40
PDY,42
DYH,21
YHY,3
HYV,31
YVI,31
IFN,22
FND,26
LAS,475
GEK,84
EKI,52
ILT,156
TRT,173
RTT,144
TAN,76
ANS,58
NSD,19
SDK,29
DKT,38
EWT,54
WTD,32
TDG,185
DGN,50
GNT,68
NTY,25
TYP,38
YPV,73
IDV,120
EIS,85
ISA,139
ASH,93
SHP,64
PFY,31
FYT,37
YTG,68
KQR,30
QRI,93
RIM,31
IMD,26
MDT,42
ERF,165
RFN,33
FNA,49
NAR,100
FKG,30
KGF,35
MEA,73
EAK,105
AIA,458
ARH,222
TPM,31
PMK,9
MKA,37
KAR,114
VDL,405
RGK,84
KQA,73
QAT,123
ATE,228
AIL,289
ILK,35
KFA,34
FAQ,80
AQQ,127
QGA,178
SEP,75
PVY,71
VYK,27
YKL,16
KLV,100
LVT,415
VTS,203
TSA,283
SAV,422
VKA,192
DRE,183
QAF,88
AFD,174
EDA,493
LYI,24
YIT,19
ITE,88
AFV,231
EGP,154
PTM,24
MKR,29
KRF,29
RFQ,29
FQP,38
QPR,75
PRA,306
RAQ,239
RAY,136
AYR,161
YRI,39
RIN,33
INK,8
NKR,16
KRT,52
TSH,56
SHV,62
HVT,94
SKD,45
KDE,62
DEK,58
EKG,81
KGG,79
MSG,61
SGS,229
GSI,109
SIN,24
NKD,12
KDP,55
DPR,294
VII,70
IIA,104
VVS,338
VSE,182
SEK,46
KSY,20
SYG,70
LID,154
EGK,88
GKY,25
KYT,16
YTF,17
FLV,167
PRS,147
RSN,47
SNK,10
NKS,13
EIK,45
IKQ,16
QAV,327
RIF,49
FNV,36
NVD,56
SVN,51
NTL,78
TLN,78
NRS,31
RSG,281
GKR,82
KRR,67
RRT,343
TRF,74
FGW,40
GWG,82
WGQ,21
QRK,33
KST,84
STK,34
TKR,35
KRA,127
RAI,187
LKD,139
DGT,357
GTI,145
TID,71
GGP,364
GPL,309
MSD,43
SDQ,44
DQL,162
QLK,53
IKV,42
VTR,280
RTD,193
TDF,66
DFG,97
FGK,53
KGA,105
RQA,265
VVY,99
VYG,112
YGH,33
GHG,140
HGQ,36
QEP,63
PVH,81
LLL,703
PAQ,166
AQE,186
QET,46
TTL,269
VRN,80
RNP,64
NPN,23
PNA,78
LTV,457
NEA,77
GEE,221
EEH,77
EHL,179
LPK,63
PKD,48
KDI,37
DIQ,36
IQR,46
HAI,53
AIK,45
IKD,53
KDT,53
DTV,256
LDL,439
DLI,168
IEV,100
EVR,296
EKV,106
KVV,108
EVT,256
QVE,118
EGE,243
GEV,352
EVA,451
TEY,48
EYV,53
YVL,118
LDY,83
DYV,102
YVT,63
TVP,296
PVE,226
ATD,286
PEA,502
TIS,60
ISV,93
SVE,165
GDH,82
DHV,114
HVY,16
VYA,150
YAP,88
DVQ,118
QVP,112
PAG,728
GAT,472
TLQ,103
QLE,115
EDD,174
DDI,60
TVN,96
NEV,54
VEQ,133
QDL,134
DLG,388
LGD,341
GDE,217
ESV,186
SVQ,75
VQE,121
QEE,72
EEQ,109
AES,276
SAE,303
ESE,97
SEG,128
EGS,136
GSE,124
FES,50
EST,120
STR,132
TRK,43
RKN,26
KNI,18
NIQ,10
IQP,34
QPS,68
SDA,259
ITQ,53
QTR,94
GVT,379
GSK,57
SKQ,19
KQN,4
QNH,11
NHR,24
HRD,101
RDT,127
TLR,353
SLG,316
GLK,118
KRI,47
IGH,54
GHQ,39
HQV,49
QVT,106
RKA,144
VGM,115
GMV,139
MVN,25
NTV,72
VPH,79
VEE,261
EVN,50
VNN,37
VKR,87
AVN,133
NAH,44
AHK,20
HKK,13
KKR,33
RTM,61
MLE,81
YRG,88
RGQ,137
QRS,68
RSR,242
SRL,246
RLY,84
LYR,121
YRK,28
KAK,63
AKE,121
KEQ,23
EQM,40
QML,47
MLH,35
LHS,67
HSF,27
FTY,22
TYN,18
YNY,10
NYQ,6
YQH,10
QHR,51
RHK,15
HKR,15
KRK,23
KGD,50
GDF,66
DFR,76
FRR,115
RLW,89
LWI,26
WIT,30
TRI,99
INA,52
NAA,190
RAN,71
ANG,130
NGM,25
GMT,111
MTY,17
YNR,25
NRF,23
RFM,17
FMQ,11
MQG,22
KLA,151
DRR,269
RML,133
VSD,171
LVK,122
VKT,67
DVN,69
NAP,70
AHC,16
HCQ,4
CQV,12
FGH,54
GHS,67
HSI,21
ISH,34
SHS,29
HSH,14
SHR,63
HRR,138
RTK,45
RRF,168
RFD,120
DPN,66
PNI,18
IQK,13
QKK,14
KKT,21
TYW,12
YWV,11
WVP,43
VPS,194
PSL,174
RRN,82
RNV,89
LTL,469
TLS,200
AKG,147
IKT,24
KTI,33
GID,186
IAK,52
KGV,96
MPA,107
PAI,117
IAI,90
AQW,52
QWG,32
WGD,47
KAT,89
VDY,62
YVV,96
VVK,102
VKP,57
KPN,12
PNG,71
NGG,82
GGN,88
GNN,28
NNA,32
GHT,101
EKF,37
KFE,21
ELK,89
KLL,90
AGI,363
ILS,116
SPN,31
NAV,178
IGN,52
GNG,93
NGV,99
GVV,593
VNL,117
NLE,59
ALF,236
DGL,375
ESR,140
RGH,102
HSC,3
SCE,9
CEH,5
HLK,32
APY,70
PYH,9
YHQ,8
HQT,24
QTM,28
TMD,48
MDK,31
DKV,59
VTE,258
RFL,156
FLG,187
LGQ,169
IGT,147
TTG,220
TGR,425
GRG,488
IGP,126
PTY,45
TYM,11
KVA,140
LGI,304
GIR,184
RVQ,122
QDI,40
ESI,72
ILR,136
RQK,32
QKI,28
KIE,33
QKN,12
KNE,18
NEL,56
VKL,89
KLY,24
LYN,18
AEY,99
EYF,23
YFL,35
LGY,164
PMV,45
MVV,84
VDS,141
DSV,139
NLL,94
LND,64
NDA,73
VVL,719
VLM,122
LME,67
MEG,39
GGQ,186
YLD,99
DVD,324
DHG,102
HGT,92
GTY,63
YPF,30
TSS,121
SSN,43
SNP,50
NPT,62
AVG,810
FSR,81
SRT,147
RTI,86
TIG,116
IGI,83
GIV,228
KAY,37
AYT,102
YTT,43
TTR,144
GPF,91
PFP,44
PTE,143
ELF,135
LFD,128
EMG,48
MGE,74
GEQ,128
LRT,356
GEF,99
EFG,126
NTG,64
RPR,275
PRR,307
RTG,314
GWY,14
WYD,12
YDA,104
AVM,151
MAH,46
AHY,40
HYA,48
YAA,230
ING,46
NGF,44
GFT,178
TDY,41
DYF,27
FLT,125
TKL,50
KLD,57
TGI,136
GIE,140
IEK,44
IPV,187
PVC,22
VCV,50
CVA,42
VAY,114
AYE,102
YEV,68
VDG,492
RHD,77
HDR,63
DRM,78
RMP,64
MPM,13
PMT,57
MTQ,43
QTE,62
TEF,49
EFH,22
FHH,7
HAK,34
AKP,71
VYE,62
YEL,73
FDG,125
DGW,66
GWT,84
TED,165
RAF,193
LPL,351
LNA,168
NAQ,53
AQH,78
QHY,9
YVE,53
LEK,127
EKL,109
KLS,59
LSG,364
SGC,22
GCR,23
CRI,20
IGV,229
GRD,293
RDQ,64
MTD,110
EYG,80
VQH,49
QHW,9
HWN,4
WNP,25
NPE,71
RPL,309
PLS,195
SPE,227
VRY,69
RYL,112
YLF,31
FRP,58
EWG,42
RSS,132
NVF,41
VFV,170
FVA,262
LYL,108
VGS,283
GSH,61
PEY,51
YAT,84
AEC,28
ECS,8
CST,6
STL,240
DEL,346
ELI,151
IAS,174
SDG,156
LLH,164
LHD,109
HDL,114
VQA,283
AEE,459
ERM,85
RMA,137
RIH,59
IHL,44
YRN,24
NAD,63
SSG,162
SSY,46
YGS,77
SHE,45
HEN,18
ENY,24
NYL,21
YLL,129
RTE,187
EYR,73
YRR,106
LVP,391
VSR,223
SRQ,68
QIL,85
ILV,199
VVP,320
WPE,34
GPA,530
PAH,130
AHF,42
HFA,42
FAF,56
AFS,147
FSQ,27
SQR,79
RAD,465
ADF,139
DFV,95
FVQ,47
QDG,115
SST,130
STT,123
TRS,138
RPI,67
PII,42
IIN,18
INT,36
NTR,42
DEP,195
EPH,36
PHA,123
DAS,242
SEY,22
RLH,178
LHV,131
HVI,48
GDT,165
DTN,22
TNL,61
NLS,47
SEH,61
EHT,87
HTH,30
THL,102
LRF,119
RMI,38
FPL,86
PLG,274
AHP,181
HPT,67
VRQ,174
QIS,37
SHD,47
TGT,300
ELQ,137
LQE,171
EHY,30
HYL,21
YLE,73
GAH,172
AHH,71
HHD,35
TLW,49
LWG,80
WGE,49
TGD,227
DRS,132
SRI,95
IED,118
IDW,24
DWA,81
WAI,35
IKL,32
KLR,86
EDY,48
DYR,66
YRA,154
LGW,149
GWD,92
WDA,113
DAP,422
QLD,120
LAF,244
AFH,53
FHD,29
HDI,27
DPD,318
PDR,231
GLF,186
FRL,96
ETA,354
APP,289
PPT,125
DYA,92
YAV,139
VDW,66
DWT,40
WTT,33
KLT,74
TDH,76
DHP,94
HPL,100
DPF,65
PFD,68
RLF,109
LFG,221
FGR,148
MTK,25
RTF,95
TFQ,41
QPN,18
PNN,12
ARK,125
KHG,23
HGF,59
GFR,128
FRA,169
ARM,130
RMR,86
MRT,58
GKN,29
KNR,28
NRA,97
MPK,22
PKM,9
KMK,9
MKT,22
KTH,13
THS,32
HSG,52
GAK,117
AKK,67
RFR,134
FRV,87
GKI,69
KIM,17
IMR,25
MRQ,31
RQQ,56
QAN,42
ANR,119
RRH,162
RHY,26
LEH,118
EHK,19
HKS,8
KSS,49
RLK,104
LKG,90
GDQ,71
SKG,56
KGS,50
SIK,17
KQI,27
QIK,28
IKR,35
KRM,22
MLG,109
AKD,119
DKD,56
IIK,19
KLK,35
LKS,62
STA,325
TYV,47
NNP,39
NPD,68
RIT,133
LKK,44
KKY,11
KYD,17
YDP,57
FRE,72
REE,190
MRH,33
LLS,336
LST,219
DLS,226
LSR,314
EEM,68
EMA,92
VNQ,31
NQR,27
REV,304
KKL,37
KLP,51
GRT,394
LFL,176
EDS,78
DST,92
KRL,93
VIN,38
INF,9
NFS,18
FSA,154
SSV,175
SVS,155
KGE,62
VQT,90
EAI,226
IVM,48
VMR,77
RHW,39
HWS,11
WSS,16
RQL,170
DSG,148
GWV,113
WVR,77
GDG,301
GTH,71
HEH,33
PTQ,42
TQA,141
DAF,151
FTL,112
TGE,306
TGM,69
GMR,98
MRV,79
GDI,103
DIL,106
ILH,46
HSR,34
VWL,108
WLL,130
AAP,907
TLL,462
PVG,296
AWP,79
WPC,4
PCQ,5
TYS,35
YSL,54
SLD,207
ASP,285
VMM,22
MML,31
MLR,128
RMG,76
AFF,90
FFP,35
FPS,44
PSA,312
SAG,398
GEY,66
EYT,49
YTR,61
RTW,74
TWG,41
WGL,77
GLT,496
DDR,122
FAR,209
VMH,17
MHP,17
HPG,150
PGP,295
GPM,61
PMN,16
NRG,70
ISP,75
SPA,377
SPR,159
PRN,32
RNT,43
EQV,198
QVA,243
SVR,196
VRM,65
MAV,160
VLH,144
VLN,114
NHD,10
HDQ,30
DQE,52
QEV,81
MAI,41
IRK,40
RKY,12
KYK,8
YKP,9
TTP,222
DFA,138
EIT,131
RST,142
STP,205
KSL,58
SLL,343
HKT,10
KTG,81
GRN,77
NNT,14
TRH,82
GHK,21
KRQ,25
RQY,38
QYR,41
YRL,91
HDK,7
HIE,30
EYD,47
PNR,34
NRT,48
RTA,497
LHY,23
KRY,20
RYI,30
YIL,26
AKL,149
QGD,59
GPN,70
DIK,25
IKP,25
KPG,72
PGN,62
NNL,27
NLP,63
LPM,56
PMR,32
MRN,19
RNI,27
NIP,29
TIH,22
IHA,63
PGG,369
AKM,23
KMA,25
KYA,37
YAQ,61
IRN,36
VRC,31
RCR,39
CRA,33
ATI,151
VGN,79
GNA,113
EQS,51
QSN,13
NIN,9
INW,9
NWG,13
WGK,23
KAG,133
GRM,98
MRW,22
RWK,19
WKG,15
PTV,227
TVR,370
MNP,24
NPV,81
KTS,34
GRH,145
RHP,113
HPV,142
PVN,52
NRN,27
RNG,85
NGK,36
GKP,92
KPE,58
RRP,333
RPN,39
PNK,14
NKE,15
KES,33
ESD,84
DKL,65
LIV,234
IVR,153
KNK,16
MAQ,70
RSK,44
SKA,78
AYK,24
YKA,24
KAA,244
AAI,420
DLY,86
LYS,59
KET,38
ETN,22
TNP,50
PSK,33
KTD,39
LSV,304
PRK,31
ADQ,166
DQM,18
QMV,29
GSV,311
VSL,294
SLP,211
VVF,200
ISE,73
EGW,61
WVD,63
DFD,92
FDA,183
ELM,76
LMG,123
MGK,27
KVG,99
LGK,95
NLM,27
LMP,61
MPN,8
PNP,52
NPK,20
PKT,56
TVT,331
TPD,228
VAK,122
VTD,297
TDI,61
IKG,42
KID,39
IDF,53
VDK,42
DKH,17
KHS,17
SNL,47
NLH,23
LHF,35
HFI,17
FII,18
IGK,61
TSF,59
NYA,32
KPS,33
PSS,160
SSK,32
KGR,91
GRY,104
YIS,24
ISK,25
ATT,310
TTF,74
TFG,93
FGP,123
VPM,60
PMD,39
MDP,68
PNV,49
SSE,104
MYL,27
YLS,75
LSH,73
FRS,70
RSY,60
SYR,68
YRW,20
RWA,163
WAD,96
GAN,105
KTN,15
NLV,108
IGY,62
GYL,142
YLG,103
QQS,41
QSH,12
HRV,137
RVS,176
DAQ,168
RDR,308
RVH,157
HRG,130
LKV,106
KVE,74
ILP,102
AIN,53
INR,26
KEG,64
EGL,383
FAP,130
APE,429
LSL,342
SLV,296
EPG,297
LDQ,134
QLM,42
MVQ,42
RPA,528
DYE,47
YER,57
QRN,32
RNA,86
KSG,59
SGR,281
SRR,244
RRW,124
RWG,70
WGP,41
EED,152
AVW,111
DEH,79
HLC,7
LCA,70
HGR,125
HVL,169
ARP,444
PLQ,79
QEM,28
EMY,10
MYA,26
LTN,76
TNG,54
YAY,23
YES,29
TDM,19
DMR,29
GPH,58
PHR,79
RGY,86
YAS,69
SHG,55
HGE,84
ETW,28
TWS,37
WSL,57
AYD,98
PDP,243
VLI,255
LIL,206
ILD,174
DVF,123
ELD,297
LVH,140
HRA,205
VTA,602
VPE,302
LIR,151
RQD,113
SEA,246
DIR,81
RRE,287
RIK,45
VKD,106
VEP,207
PVT,321
TEV,222
VTN,68
TND,39
LQH,53
QHA,85
HAT,88
VYY,20
YYT,21
YTV,63
AHE,132
HEG,83
EGI,159
GIQ,45
IQD,44
DNR,34
LTI,125
RDA,497
ASY,67
SYA,80
DPY,49
PYR,57
YRT,55
EPD,142
MAT,107
DLF,132
RES,109
KQL,40
RDS,101
SIR,71
AKN,38
KNT,16
KDA,138
EAH,105
HLS,91
SGP,205
GDP,247
VNV,94
RDF,77
KDH,16
DHE,62
HEK,15
GGY,102
GYM,18
GQP,136
QPL,98
PLD,208
AKF,40
AMK,55
MKG,18
GSM,58
SMS,25
MSK,23
LFQ,52
FQA,83
LSK,74
AAQ,550
QGE,88
MAP,81
PKK,29
KKK,31
KKV,51
KLQ,22
QIQ,25
PPI,35
PIG,108
GQH,53
QHG,50
HGV,172
VNI,53
NIM,11
MEF,11
FCK,4
CKA,8
AYN,33
YNA,34
TES,100
ESQ,46
QRG,115
RGN,53
GNV,97
NVV,122
ITV,173
YED,50
TFV,92
TKT,48
KTP,50
TPP,162
SAT,265
ATP,335
TPH,78
PHT,65
HTA,140
TAK,99
AKV,133
LTQ,136
QAQ,130
AQC,15
QCE,9
CEE,15
IAQ,111
QTK,19
TKM,16
KME,10
MED,34
DLN,69
NAN,25
AND,59
NDV,61
KII,29
RSM,31
SMG,64
MGI,63
MHI,9
HIL,35
LDS,161
FDK,30
DKK,25
KTL,87
DIP,77
PGD,272
KVH,23
VHV,190
NII,22
QVF,63
VFQ,61
FQG,37
QGY,35
YVM,17
MGR,85
GRQ,132
RQG,130
GYG,140
RET,125
ETF,71
TFR,74
RKV,92
KVS,57
VSF,80
SFG,110
FGI,80
VHS,61
HSP,48
SPI,49
IID,60
LYY,14
YYM,6
YMR,14
MRD,43
DRH,78
HGK,30
EKR,49
MLI,37
IPR,69
VKH,31
KHR,22
HRK,22
RKQ,28
KQH,11
QHH,32
HHP,41
HPK,12
PKR,38
GGT,372
FGE,110
GEW,42
WGI,28
PAY,87
TNR,36
NRQ,31
QIE,66
AMT,118
MTR,95
TRY,50
YIK,9
KRG,73
KVW,20
VWI,38
WIN,4
INI,18
NIY,8
IYP,16
YPD,56
PIT,67
ITK,36
ETR,129
TRM,58
MGS,40
GSP,197
PEW,53
EWW,12
WWV,23
WVA,128
ANV,101
AIH,51
IHK,7
HKL,20
IIR,56
IRR,175
RTY,58
SPK,36
PKP,57
DRQ,90
RQW,41
QWH,6
WHI,3
HII,10
LGR,507
SHT,50
GKH,26
KHK,7
HKP,6
PTF,69
APH,120
PHM,14
HMD,18
MDM,13
DMG,41
GDY,63
IIV,69
AEK,142
KLE,64
EKK,28
YRH,52
RHS,41
GYP,73
YPG,69
SQS,26
QSY,16
AVK,151
KGM,31
GML,142
MLP,75
KNS,21
NSL,54
QQL,83
QLS,101
SKL,55
KVY,33
YKG,20
AEH,274
QQP,30
QPQ,35
PQT,86
QTF,29
FEI,31
EIG,133
GQV,197
MVY,21
YAI,52
RQE,95
QEK,34
SVG,212
RVP,262
GGS,326
ALM,190
LML,127
MLV,124
DGD,284
VSH,69
GKK,59
VIM,40
IMK,13
MKY,11
YKN,12
NKT,14
TGY,85
GYK,21
YKK,7
QGH,45
HRS,72
SEL,142
KIT,39
ITG,167
MIQ,14
IQQ,21
QQE,43
QES,46
ADN,46
DNT,22
KEI,52
RRY,118
RYA,127
IGD,107
DTI,81
AIP,122
IPG,135
KKG,41
KQS,13
QSR,55
DGS,255
GSY,64
SYI,25
IKF,16
KFD,28
DEN,31
ENA,113
AVI,320
PRG,218
RDK,46
KKF,12
KFM,5
FMK,6
MKI,17
KIV,50
IVS,104
DND,23
VHD,91
DLR,327
KTR,58
GTK,61
RYQ,22
YQV,39
GFE,116
FEG,113
QLP,92
LQM,31
QMR,41
MRL,80
PKL,55
GFK,38
FKN,15
PFR,64
EYQ,22
LDK,65
SAH,85
HFP,29
FPE,76
QPV,109
LGT,348
QVK,62
NAF,54
SAS,274
KIQ,10
TET,139
PAS,365
IRS,81
SDL,165
IRA,239
IRD,113
RPK,54
PVA,501
MAE,153
NVR,62
ETS,91
TSK,27
GEM,46
EDG,315
AFG,300
KHA,50
HAS,91
SVF,107
VFD,131
FDV,127
AYQ,40
YQG,34
QGP,76
TRL,307
ESP,78
EQP,64
QPY,17
PYV,53
SKV,55
IDN,25
DKA,86
LLI,225
LIG,303
MLF,39
LFT,127
FLK,27
KAQ,68
GHE,117
HEV,90
AYL,169
YLR,107
RIV,215
IVL,246
SGF,93
EHE,72
SAM,74
AMG,143
MGL,112
EQI,100
IRG,100
QTV,115
VFW,32
FWN,12
MGV,96
GVF,173
VFE,111
FEF,21
EFP,46
FPA,121
SVV,272
DSA,194
LGF,201
GHI,51
IST,71
STG,199
LEY,63
EYL,76
KEL,96
ARC,35
RCS,10
CSV,26
SVT,192
TYE,48
YEG,75
HLP,114
LLM,120
MVK,31
SVL,378
HSD,36
SYK,12
KPL,47
LNW,18
NWM,7
WMS,12
SPP,61
TLH,101
EEP,112
EPS,127
PSP,218
PDQ,74
DQA,154
QAD,150
DQG,72
VTQ,104
TQV,85
QVW,28
VWR,61
WRV,61
QAK,65
KKS,22
SDD,108
RLI,204
DDS,76
DSH,28
HEL,109
GVD,463
DPG,213
LQR,175
DGH,110
HTL,86
REY,41
EYM,14
YMT,12
VDI,90
RGD,221
QLT,111
LMN,30
NRD,36
RDP,195
QQI,46
KPQ,21
IRC,11
RCV,28
CVT,20
DAM,101
AMR,137
MRG,57
VDD,241
LDP,394
VKQ,33
KQQ,13
QII,31
KEY,16
ATH,103
VQI,55
QIA,131
VLS,334
KDL,111
KEH,24
HKH,7
KHD,18
HDH,22
HHT,21
HTR,64
GLM,113
YLQ,43
LQN,36
DIE,70
IER,158
ERY,89
RYR,103
SKN,13
KNG,31
DSN,12
NPQ,30
PQY,17
QYL,32
RYG,117
TKF,17
KFH,6
FHP,39
NVG,71
DDT,86
TLF,106
LFA,257
FAL,236
VAF,202
FGQ,51
QRR,173
MAN,37
ANI,46
NIK,15
RIL,235
NEK,19
VKS,56
ASR,337
GVI,222
VIH,37
HKN,3
KNQ,12
NQA,27
NRK,16
SGI,112
GIA,329
MPV,61
VTM,53
TMR,44
GVH,149
VHF,34
HFG,34
RWN,24
RFI,45
FIF,17
IFT,33
FTE,76
NGI,50
GIY,37
YII,9
IDL,141
LQQ,75
QSL,102
SLS,172
LSY,60
YEF,20
FVK,33
TIL,108
ILF,62
LFV,146
FVG,149
KKQ,8
MPY,13
YVN,27
VNH,30
HRW,27
RWL,119
WLG,113
MLT,89
TNF,24
FST,59
SKR,39
VQR,155
QRM,48
RMK,26
DFE,65
GSQ,63
SQF,31
QFT,24
FTK,17
KKE,29
LQA,254
NLG,93
RNM,14
NMA,21
TPS,170
VWV,81
WVV,72
VDT,217
DTK,25
QKL,49
KLG,96
GIP,172
TNC,5
NCD,2
CDP,14
YPI,18
PIP,72
NDD,26
RSV,212
EPM,46
EWE,30
WER,56
EQH,37
QHN,8
HNA,30
EPA,307
APQ,162
LPR,281
EFR,82
FRH,48
TDP,259
STS,128
TSP,165
SPS,140
SAP,356
PRP,331
GFV,212
FVV,166
TRN,34
RNR,74
LPP,252
PPL,136
PLR,277
YAL,135
APT,373
TFT,107
SGL,319
GLN,84
WHT,14
HTE,36
PHF,18
HFD,31
FDY,34
YVC,6
VCQ,10
CQS,5
QSV,90
TQG,84
VGF,181
GVL,630
DTE,115
TEQ,70
NGY,34
YAR,149
RNY,17
TVW,50
VWT,58
WTK,10
EKQ,35
VES,171
SLQ,65
LQK,41
QKA,50
PVQ,104
ERT,261
DKR,33
TLP,249
HIK,7
KSV,51
GNH,18
NHE,12
HEA,144
VRL,465
LHE,115
HED,77
IQE,46
ETL,280
QMD,25
MDR,74
DRT,152
TIE,84
EDF,97
FVS,95
NPG,85
YSK,11
KVM,36
MVD,77
DYY,22
YYG,26
FTT,103
TTT,227
TTD,151
LIT,184
ITP,120
TPF,69
LRN,79
NIE,36
SES,93
PSN,20
SND,26
NDG,54
DGK,83
KVI,58
VIR,133
IRI,50
VMP,65
MPE,66
RRK,85
RKE,47
YVK,25
KSK,20
HKI,10
EAM,147
AMD,114
EKE,53
RHV,159
EQE,100
QEL,134
MPR,46
DQH,24
QHL,59
YLK,30
ENE,29
KNV,32
VIK,39
KTW,12
WSR,54
SMI,28
MII,25
IIP,42
PDM,38
DML,60
LGH,166
HTI,26
HDG,117
HVP,93
PVF,113
ESM,34
SMV,55
VGH,119
FRG,101
HVK,27
DDK,22
MTE,114
EQT,102
QTP,83
SEE,138
DKM,11
KMD,9
QDR,102
DRK,52
RKK,32
HSL,65
SLY,52
YGK,21
VMK,21
KAH,33
AHD,116
HDE,54
EEN,47
ENT,44
TRP,204
KRW,10
RWR,104
WRL,73
MKP,17
ERP,196
GDW,52
WAT,76
TNV,55
QLG,154
AGM,213
GMA,175
PGI,101
NDT,34
VNM,18
NME,7
LHI,19
HIG,39
TRW,56
WAA,222
EYY,23
YYV,16
VND,55
AGN,119
GNQ,31
NQM,7
QMN,9
MNV,30
YVQ,25
RLQ,157
QMQ,11
MQD,25
AAF,406
DVH,112
VFT,136
FTS,75
TSE,109
SEQ,65
HDS,26
AID,156
WLK,25
KTT,77
FGD,117
KDR,70
TYF,31
YFA,51
AYY,41
YYL,24
YLH,43
KRD,42
EEK,57
HHG,50
HGY,46
NRL,113
TNI,27
IEI,44
ILI,72
QLI,72
LIS,121
NGA,128
GNI,55
EWL,67
LRY,62
RYD,65
YDL,76
RYP,56
PLT,260
NDN,16
DNP,42
VQY,26
QYA,56
YAH,41
HAR,182
QAH,73
SEF,53
EFD,78
AYH,33
YHS,12
HSW,13
SWY,19
WYA,28
AAC,82
ACR,48
PMP,48
GTP,308
TPR,191
LWL,98
WLN,24
LAN,147
NGL,102
RMS,34
MST,129
GYI,39
YIR,22
IYS,15
YSW,8
SWL,61
WLP,87
EMD,44
EPY,41
PYE,45
GRW,104
RWD,45
DEY,53
YGD,51
NDY,13
PTH,43
HEE,52
EMF,34
MFT,25
YSS,42
YKD,15
YLY,17
LYQ,30
YQI,11
TKY,26
KYR,19
YRD,93
FIM,12
MKD,31
KDS,39
DSY,31
SYS,34
YSF,18
FTV,138
LRI,149
EEF,106
EDT,115
FVE,96
NVE,43
TPV,268
VST,178
ANQ,48
NQL,36
EPW,32
PWT,45
WTA,101
KCV,3
CVV,49
TAV,555
RPF,80
HPA,174
KGY,30
YIG,38
LPF,120
PFF,34
FFV,50
PRI,101
TAW,115
AWI,60
HVF,43
VFG,231
DFT,77
FTW,24
TWD,44
WDG,45
LHT,97
RGM,69
GME,61
MEM,13
MGH,24
HIF,10
IFQ,17
FQL,50
TMG,54
YGI,56
RYH,19
YHD,19
HDD,94
WPR,34
HVV,151
ATK,71
PKV,49
SPG,168
VKF,26
KFK,11
FKD,30
RDG,351
LQG,134
QGW,36
GWQ,31
WQL,31
III,15
LLF,180
PAM,97
GQS,79
SMR,53
MRI,46
IFS,34
FSS,57
KQM,8
DAK,90
DRD,181
ETD,131
SII,31
ISD,69
SDN,20
RMQ,34
MQA,39
DDF,67
LSD,187
TDT,148
HYD,22
LHQ,47
HQG,36
QGN,26
AEM,95
EMK,14
YLN,27
NDF,16
DFL,107
FLA,294
SYQ,19
YQA,32
DLM,61
VFR,125
FRF,28
LGM,156
GMQ,24
MQT,23
QTG,106
GQT,128
DIT,95
ITY,32
TYG,72
GTN,48
TNN,14
NNE,12
NEF,21
FGF,80
GFD,136
FDF,32
RDN,32
DNM,10
MAW,25
AWS,88
EHH,32
HHY,7
IVD,153
PLI,121
LII,70
IIS,53
EAN,88
NRW,13
RWY,24
WYG,10
YGE,68
DTD,102
DHK,7
ILG,231
EDH,60
ITN,26
NLY,27
LYE,62
YET,41
ETQ,45
TQN,28
QNT,28
NTT,46
IQF,14
QFL,55
LNN,27
LFK,29
FKR,16
KDY,29
QIV,56
RYN,20
YNE,17
NEG,43
GLH,156
HQA,54
QAI,85
PEN,52
ENQ,26
NQT,16
QNY,14
NYF,10
YFR,21
GYE,100
YEK,24
MTG,113
EFT,86
TST,137
STY,34
VIP,140
IPP,57
PPN,16
QRV,162
DRN,37
KVK,35
ERH,91
KGQ,43
IRH,46
RHE,94
NAK,27
KNH,10
NHA,32
TNM,10
DIM,14
MQE,22
EDP,233
ARW,147
RWP,53
DAH,142
VIE,138
LYV,96
DSR,103
DNQ,12
PGE,292
SRF,71
RFY,38
FYL,40
LMR,85
RNF,25
NFN,13
FNP,36
IMN,6
MNS,18
NSP,33
SIP,81
PDD,189
DDM,23
AIQ,72
IQN,19
QNA,52
LKY,22
YDD,54
DVM,63
AIY,51
IYT,33
TDR,202
RFV,146
NIV,36
TEE,156
TDW,33
DWD,51
WDL,62
QLW,31
LWR,75
WRD,57
ELY,67
ISQ,38
SQE,45
QED,54
KRE,49
QVG,115
ASI,130
SIG,91
HWQ,10
WQE,15
YEM,11
MDY,16
IGL,253
RAM,116
EPL,216
VEY,66
YQR,36
EGY,79
YTM,9
TMF,18
MFQ,10
FQN,11
QNM,9
NML,29
AQI,116
PTS,142
TMA,91
PQR,63
QRP,69
RFT,115
FTG,166
PSE,95
SED,130
TDS,91
RRQ,126
TMI,25
MIY,8
IYL,35
DEQ,119
PRH,82
DPH,98
HME,5
PEP,243
PGY,94
TPI,80
PIK,19
ASS,266
SVH,75
VHT,60
TVH,95
VHP,111
HPR,99
SYN,11
YND,12
SFR,67
GEN,67
LVF,189
HGS,83
ITS,82
KVF,30
VFL,174
FLL,176
SPF,65
KRP,34
TQL,107
LIN,45
NKV,26
IVY,39
YGA,135
KAM,44
MDN,12
DNI,18
TYQ,24
LRW,100
WLV,106
GFS,85
FSK,21
EKT,53
TMT,41
RLM,92
MNE,18
SNG,50
DTH,40
THK,14
HKM,3
ANK,23
NKA,31
KAF,57
FAH,47
HYR,32
GFH,42
FHE,28
HEW,15
QHV,55
IET,87
LRK,112
DKE,29
DPK,57
FDL,129
RYV,78
FPF,20
YQM,5
MQK,8
QKV,53
QEG,87
FTQ,41
PRY,38
LVM,120
FLI,65
RVN,67
GFY,35
FYR,32
LLQ,194
IRT,117
TSD,107
SDT,80
LHR,209
LSI,81
SIA,139
SIC,9
ICS,8
CSG,18
GNR,71
FPG,99
MRM,16
MLS,71
LSQ,99
SQQ,25
QQM,21
QMA,33
VYV,106
EDW,51
DWS,42
WSE,34
AQD,167
IKY,6
FVW,25
VWF,33
WFM,9
FMG,33
VHE,105
WTP,53
LPQ,117
PQV,99
MIA,91
VEH,116
HVA,195
VQF,28
QFS,20
QTH,14
KED,34
TLY,66
YGF,52
EVF,120
VHH,40
GPK,58
RKI,42
VWH,20
WHA,32
QAM,58
GWS,75
ADM,67
NSA,60
HDT,38
VSM,44
SMP,32
YIQ,11
QDW,18
DWR,49
WRE,71
EEA,399
SKP,28
RVY,66
YAK,36
AKS,66
STN,33
PHV,74
TNQ,14
NQQ,13
QQT,36
TEK,40
KTK,25
QEQ,68
EQF,56
QFQ,13
FQY,10
QYG,29
YGN,21
NVM,18
VMQ,31
MQV,30
DSK,25
SKI,27
TGQ,132
GQK,49
QKP,15
KPM,18
PMI,26
KSI,26
AQF,86
QFK,11
FKL,18
EGM,71
MPI,29
RMW,18
MWE,11
WEF,15
FLD,134
SDR,107
QFD,34
NGN,26
GNY,25
NYT,8
VFH,41
HEI,36
DQD,59
QDK,19
GMD,78
MDI,19
KND,14
DDE,136
PFK,16
FKT,19
PTI,42
TIQ,22
NTK,10
KAP,49
GNP,78
NPM,7
GVC,29
VCT,30
CTR,15
VYT,49
TPK,55
PNS,20
LNG,103
TAY,91
AYI,53
YIP,21
GHN,23
HNL,31
NLQ,30
EHS,43
RYK,17
YKI,8
DTQ,34
SRY,48
KEK,36
GMG,119
RFP,86
FPH,33
PFH,34
FHG,44
TKV,44
KVD,70
YQL,24
FAY,46
YSY,12
SYD,42
LDM,54
RMD,64
MDD,31
RRD,285
GPI,99
PIA,134
PIE,62
HVG,98
VMS,65
MSY,13
SYH,11
SAW,62
HEP,49
EKP,49
ENR,55
SGH,68
HSK,11
SKW,10
KWA,20
AKY,32
KYI,10
IKN,13
VPN,47
PND,34
NID,26
IDY,32
IMY,8
MYE,10
VEC,19
ECL,22
CLT,28
TDN,35
DNK,11
NKN,4
GTM,56
SFL,84
FLF,54
ERK,63
EGN,46
NTE,31
SDP,125
DPS,170
EYE,33
MKV,28
VFS,126
FSN,21
LPY,63
PYD,33
LSW,51
WLI,35
GSW,65
SWE,36
WEG,38
IFY,13
FYQ,14
ESW,35
WLC,9
LCE,19
CEA,26
ESG,175
GFW,31
FWQ,7
WQV,35
QVD,109
PGM,95
MRP,57
AFR,163
IAH,80
GSL,311
GPY,53
YHR,28
NGQ,28
QLF,50
LFW,29
FWR,24
WRW,25
WDV,53
VPK,51
RKM,15
KMS,14
ANT,70
RSQ,60
SQW,17
QWK,10
WKA,33
ENG,88
VSY,73
PLF,127
EYK,11
KVQ,30
PSV,177
SVK,56
RIC,16
CDK,3
DKC,1
KCQ,2
VIC,23
CSN,4
NPR,52
HKQ,4
QRQ,75
ITI,43
TIP,75
SLH,62
NMV,18
YRV,84
GYS,61
YSH,14
DKQ,21
QQV,63
NIR,34
PYK,15
LTT,252
TTE,124
FIK,11
IKA,62
GDK,53
KKI,27
KIG,54
KPI,30
PIL,107
VNK,27
MSV,66
VLQ,165
RKD,63
KDF,31
QIH,17
IHE,24
RAH,176
GMH,27
MHA,39
AHT,120
MSE,76
THG,77
LLW,89
LWD,49
HST,41
AHV,169
HVM,26
PYI,24
ITD,111
DGF,114
FYF,13
YFD,33
ISS,45
SLM,44
LMQ,21
TIY,19
IYD,27
YDN,11
DNV,57
RKT,44
VWC,7
WCD,5
CDL,27
DLC,23
LCR,30
CRG,14
PST,153
AYW,28
YWL,21
LGN,112
GNE,42
EKN,32
NKQ,8
RIY,30
IYG,42
YQE,15
QER,122
RDH,86
LFS,108
FSF,27
SFP,36
FPD,77
KEM,20
DYS,28
YSR,42
FVY,30
PHI,21
HIT,29
TKQ,23
LDW,73
DWY,18
YAN,30
GMF,30
MFP,18
PPM,30
PMH,10
HID,29
TRQ,108
QGQ,52
GQN,31
NYY,8
MNC,4
NCP,4
CPM,5
MHN,4
NLI,45
LIY,25
IYR,31
YRS,56
FGS,88
SVY,60
YRY,31
RYE,65
VVH,158
TQD,69
HIY,13
IYC,3
YCT,5
QMK,8
LNF,41
NFV,30
FVL,146
DYG,56
DFH,28
FHL,39
KFV,23
GSD,168
EIW,28
IWE,13
WEE,30
PKI,22
TWQ,26
WQM,5
QMS,16
STI,73
IQL,36
LDF,90
PER,305
VMI,38
MIH,14
IHR,46
SIE,67
PAW,104
AWL,272
AFN,61
FPK,22
APF,122
FRD,99
GTQ,93
DNG,49
MRF,32
TIF,31
IFP,31
HVH,49
RHR,159
HRT,101
TPY,54
MVM,24
TQR,82
QRF,55
IAC,18
ACG,71
CGR,26
GWA,144
WAE,85
LAM,183
EES,106
ESH,39
EYP,32
YTK,19
TKP,41
PPV,159
AWR,140
WRR,106
RTQ,86
TQQ,50
DLW,46
LWA,109
FDS,61
DSE,74
EKY,37
ASQ,112
EQK,34
FPN,21
PNL,53
FEP,54
IDM,20
DME,26
MER,70
MQL,27
ETM,38
TMQ,18
QGT,89
EHD,65
YLV,107
FHA,65
MDV,84
AGW,188
WST,41
STC,6
TCY,3
CYR,7
DTR,120
VHQ,44
HQF,10
QFN,12
FNK,13
NKL,14
LEM,50
MFI,15
FIY,9
IYA,60
AWE,78
VPY,64
RKF,24
FDC,7
DCE,13
EAW,99
AWV,116
SNC,4
NCT,5
CTT,16
LNI,38
MVA,154
NGT,61
RWI,47
WIV,39
ENH,20
NHQ,6
HQN,8
RPY,58
PYL,87
MGQ,34
KIN,15
INP,31
SHW,8
HWF,8
WFA,64
SHK,7
HKE,14
QRY,46
LMT,77
MTT,124
DIH,24
IHT,31
QLN,39
MKK,18
IQS,22
MRA,134
RIQ,65
IQC,3
QCS,5
EMS,35
EFY,34
GKF,24
WIY,4
IYK,9
AQP,133
NDR,35
PRQ,87
QEN,23
ETP,144
SGN,62
GNL,89
NLR,79
PKA,85
KYM,3
YME,3
KQD,13
QDS,36
DSD,71
SDY,38
AQY,58
QYN,7
YNI,4
AQM,47
RYF,43
YFE,35
RHI,42
HIM,6
IMV,34
GQM,36
QMI,12
IHV,25
HER,90
EKM,15
KMV,17
MVP,62
PFQ,37
AHQ,51
HQQ,19
YLT,89
VTC,23
TCE,13
YYA,42
MVL,114
KYL,24
TNA,66
VDN,51
YEI,28
EIQ,47
IYV,22
VNF,32
NFQ,12
FQS,23
QSE,43
LNL,92
NLN,18
LNE,73
NET,26
TKI,32
YDH,23
NVY,26
VYC,7
YCV,9
CVI,6
SPH,40
PHK,6
HKY,4
EHF,34
HFE,26
FEM,15
EMR,42
RTH,89
DII,40
DPT,193
DSL,186
STD,127
DNS,22
NSF,17
RWS,53
WSY,10
TIN,33
INY,7
NYR,19
LFC,12
FCE,11
CEK,3
KIF,15
RDW,64
WEC,2
CAC,6
IIC,3
ICE,8
CER,13
ERC,34
RCG,30
CGV,41
THI,14
HIW,4
IWY,5
WYF,12
YFK,9
VIY,38
IYF,8
AYM,19
YMI,9
YDQ,26
QRD,85
SDI,49
ADK,65
RKR,59
WDR,70
DKY,19
KYG,45
YGQ,47
GQY,31
QYF,17
MGA,141
LQT,98
SEM,33
EML,74
TIK,26
AFL,286
PPE,119
GRF,153
MLQ,38
FDN,24
NRP,43
MLK,27
FRQ,38
RQN,19
QNL,34
SVI,106
KLH,17
HQC,3
QCG,7
CGL,37
PKQ,24
FKP,15
KPF,36
FVM,28
AQN,62
QNI,14
KSA,69
EPQ,62
QLH,47
LVC,42
VCS,24
CSA,26
SAF,141
LSS,182
SSH,32
SHN,14
HNI,4
QDM,17
LYA,166
AIM,41
MAF,45
DLH,118
HLN,28
LFN,41
DDY,46
DYP,38
YPW,10
PWL,90
WLD,74
YPM,10
FHW,6
HWG,20
WGT,46
WSG,35
SDF,39
YEE,53
QQQ,38
QQY,15
QYD,29
YDK,18
IAD,241
WNK,5
LNT,63
NTI,30
NRM,17
MVS,71
GNW,14
NWL,18
WLQ,28
YFS,13
NSG,46
VSQ,71
SQD,59
DDC,13
CGT,36
APN,57
ENS,32
LTC,34
CES,10
GTC,21
TCA,31
CAK,9
AKC,3
KCY,5
CYG,8
SMA,79
QSI,27
LTM,84
TFH,23
FHT,22
PIS,52
IAY,68
GEH,107
VYQ,32
YQS,15
SQG,72
GIH,41
IHD,35
RQM,35
TVI,131
IES,79
RQP,72
QPA,134
DSW,25
WLS,73
SFQ,31
FQE,36
AME,82
GKL,91
DRY,78
FAS,114
END,35
NAS,65
RNE,41
NEW,11
EWV,38
WVL,92
NEN,23
FQV,34
HRY,37
PQP,97
PQS,46
QSP,49
SPQ,74
FKQ,13
KYY,7
YYQ,11
RCY,3
ALW,129
PIR,43
RMT,63
MEK,18
DKP,34
KPD,41
QNE,23
NEY,10
MPG,68
DAW,101
AWQ,53
QEW,30
WAK,30
AKQ,62
NIS,25
GDC,13
DCV,20
CVF,11
VFF,72
FFA,97
KPK,21
PKE,37
RRC,34
WAF,43
PMF,11
GAW,136
AWT,106
HAF,63
YDI,30
VCN,7
CNG,7
ANE,73
FKY,7
PPH,37
GGF,201
QQR,65
VVC,49
CNR,4
SHF,15
HFH,11
FHF,8
LGC,44
CRL,33
IPL,139
RDM,34
DMV,57
PHE,62
HES,32
DNE,19
ILN,51
EEW,33
EWM,14
WMD,10
MDL,76
MSL,67
MDE,67
VLC,35
LCP,19
CPE,11
SRD,133
HGM,38
GYD,95
MSF,27
PFG,106
TII,44
FTN,28
VLW,76
LWF,34
WFS,24
SQL,103
FWT,18
WRH,27
HRP,127
SQV,94
QVQ,59
EPI,62
TAM,109
MNG,19
NGW,19
GWN,23
WNT,20
LNQ,35
NQV,44
LMF,34
MFF,17
FFM,8
FMA,46
YLI,34
VHY,25
AVF,262
NFW,9
FWL,35
NRY,20
TTQ,71
TQS,52
SQT,47
TGN,64
NWA,18
WAG,140
LYT,74
IPT,66
WTV,70
PFI,32
IVQ,48
QEY,21
SQY,18
QYI,11
YIE,20
TNY,14
NYE,14
QQF,28
QFR,40
PYY,19
YYS,14
DSQ,47
QSW,14
SWV,38
WVN,24
YGM,33
PQW,16
QWL,35
QDY,21
YEP,44
YFG,43
HNS,9
PSY,51
YSV,58
TFS,67
FSG,127
FNR,33
SQI,40
ILY,26
PYP,37
VQW,20
QWI,13
DQF,28
QFP,28
FPY,20
PYS,31
YST,39
QNP,35
VNY,17
NYI,9
RNS,28
NSV,37
YAW,20
AWD,99
WDD,38
DDQ,55
QDP,114
QAW,52
WQN,6
VYP,66
YPS,39
YSE,29
MSA,155
LDH,101
HVR,142
YPE,40
DMF,9
MFK,4
FKV,31
YHV,16
DFY,22
FYE,23
YEN,25
ENN,14
NND,15
WSV,52
KQP,13
QPP,44
PPY,19
MTL,93
QMP,17
QDE,107
FSL,85
IPQ,42
QIT,51
VLY,104
FLS,102
ANF,25
NFD,23
GNM,14
NMI,10
YVR,66
TTY,45
QQK,14
QKR,34
SSP,133
SPT,130
AML,189
RQT,93
LAH,225
QSD,36
FDD,83
DAN,60
PDH,80
QAS,91
DPP,74
VNS,52
NSN,8
TIM,23
IMT,20
ALN,136
RSH,48
SHI,12
HIV,34
IVH,52
HTM,20
TME,34
MEE,42
KYP,21
FTM,23
SGM,78
MAY,21
ICG,18
LQY,25
QYS,16
GWK,24
WKE,6
EMM,12
MMR,19
DKN,10
CSI,4
IEN,32
RDI,87
ISI,40
INV,32
GGC,33
GCN,6
CNI,8
QFA,61
VNP,83
IEM,24
EMN,12
PRV,242
FAI,69
KIA,73
IPN,19
NDI,27
TQK,24
QKT,15
KVP,46
VPR,223
PRF,75
FEK,25
KFP,11
TTM,42
NFT,17
QKG,23
FPQ,29
DPQ,134
DPW,51
PWF,14
WFL,36
QFV,36
INE,33
FSD,68
RHM,21
YKT,20
DTC,10
RYS,31
NRI,47
IEF,38
YSC,5
SCV,15
CVH,6
ATM,76
TVM,78
VNC,6
NCN,4
CNP,7
LYF,30
VPI,97
EHR,120
SYV,61
MEI,27
VYS,66
DQP,79
QPM,21
PML,73
VME,58
MEH,33
EHI,43
IHS,20
SAC,16
ACV,34
CVL,26
FTR,97
PEM,33
MRS,64
KHF,8
TAF,171
GFQ,43
NTP,48
DGY,70
GAC,44
ACL,70
CLQ,6
SYE,45
YEW,8
EWS,21
HDA,122
WFP,16
WLR,116
PNE,32
VVW,69
WTN,15
TNH,24
NHG,19
HGP,105
GPC,16
PCA,16
QVY,41
FPR,56
PRM,36
MHE,12
FVN,43
GNS,47
NSM,11
IMG,45
MGT,48
NST,31
MLL,126
TMV,73
RFF,33
FFR,33
DNH,17
AFI,65
FIL,44
YEQ,28
LWP,29
WPG,39
GMK,28
QLC,13
LCF,15
CFF,2
NQN,8
QNR,17
MIV,44
MMW,6
MWH,8
WHH,6
HHC,4
HCW,2
CWI,2
WIP,18
ITH,38
THW,13
HWH,10
WHL,17
INS,23
KYQ,9
DHA,135
PID,50
LHN,20
HNP,30
DMP,21
MPQ,34
SFH,25
FHQ,16
TMP,42
WQY,4
PES,129
HGI,84
EFS,56
TSM,47
MGF,49
HLM,37
TLM,66
MNK,6
GHA,203
RQV,169
GYH,23
IVF,66
LTW,78
TWE,36
WEL,47
MTV,109
SVC,21
VCI,11
CIN,4
PVW,57
TCT,13
CTV,29
NTS,33
VDM,59
MVI,31
LAC,63
ACE,20
YRQ,37
SSM,19
MRK,15
IFK,11
FKA,28
MEL,60
PYA,81
NAI,57
SSQ,55
SQH,14
QHD,24
IDH,47
LIM,42
IMS,21
MSS,62
YSA,45
QTY,19
KLW,8
LWT,49
WTG,68
NPH,31
PLY,70
YEY,14
PKY,12
NAM,30
GDN,36
DNA,71
NAT,61
YTL,59
MNN,4
SLN,68
LNM,20
MIG,53
LIF,54
IFA,67
YIN,7
ILQ,69
QPI,38
SIW,18
IWS,21
PGH,133
GFF,53
FFS,35
MIS,32
NPL,83
NPW,15
PWE,33
WEI,16
KFI,16
YQD,25
AMM,35
MMA,34
HQS,16
SSW,34
SWR,43
WRS,43
PRT,193
FRI,36
IEP,82
EPP,84
PPS,121
YHF,9
YNP,14
GHY,28
NSE,19
FIN,12
NSI,27
SFK,15
IDD,89
EFF,48
FFH,11
HTF,20
TFN,15
FNT,20
YNN,7
NNN,6
NNK,8
PPK,23
FEW,14
PPD,52
EYI,20
YIA,51
YFN,11
SKS,41
AMY,30
TEM,35
DHT,54
HTT,52
LMA,190
IYN,11
YNQ,11
VRW,57
WLT,87
MKF,8
IQV,42
TEW,24
EWP,17
WPK,4
PKW,4
KWE,3
WEK,8
QKY,13
RCL,22
CLD,33
QTS,39
AMV,154
VHW,18
HWD,15
DGI,148
HHQ,9
HQR,32
QTT,82
SKY,17
EEY,62
FSP,67
PSQ,48
QGM,27
MMP,8
QQH,15
QHT,18
NQS,15
YKV,16
FDI,38
NED,38
TQH,23
QHI,14
LTF,88
NKI,13
PDK,35
DTM,24
MFV,24
NNI,11
HKA,24
AMF,50
MFD,16
QND,17
AII,103
GFN,38
FYN,9
YNV,17
KWG,10
WGN,17
FKE,30
YEC,4
ECG,20
CGI,19
EMQ,19
KPR,38
KYS,11
EWI,32
YVD,79
TKS,28
DIY,21
NDE,33
GGW,115
WLF,31
QST,44
IEW,21
HMT,13
MTS,74
FCQ,8
CQG,9
MLD,81
TQY,21
QYW,6
YWG,21
AMP,73
PFW,13
FWA,47
GYQ,31
QRT,87
FQQ,26
FQF,6
WED,57
QME,15
MEQ,40
GMI,61
TEC,11
ECR,16
CRW,6
VEM,45
RAC,41
ACD,28
CDG,26
YTQ,25
TQC,6
QCL,10
CLV,23
PPW,21
PWH,11
ENK,12
NKW,4
KWR,5
WRA,127
GCE,19
MSQ,40
SQP,49
IMH,9
PEH,119
HKD,6
NVQ,26
VWE,48
WEV,43
NER,46
HWM,8
WMK,10
STW,33
TWV,56
PDS,133
YTN,16
NIG,45
IGC,16
GCG,61
CGN,10
NIT,29
ANY,21
NYD,20
NKH,7
SNT,43
YTA,104
MMD,11
LNC,8
NCE,2
CET,11
FIA,96
FFK,10
QPF,27
KQT,20
HIR,27
IRM,17
TMS,31
HPI,38
GQF,38
YQT,14
DYI,15
KNM,13
MEV,33
QWV,25
WVK,22
FTI,43
TIT,98
VQK,27
MFH,8
FHK,8
ENC,5
NCG,11
HTN,19
NFE,16
RHN,22
FYS,19
YSN,10
SNY,10
YRP,62
PQF,26
QFY,15
EMV,60
DTT,102
HKV,32
LFY,25
NHK,5
ETH,38
THD,66
DWM,10
WME,16
TCF,8
CFW,2
WND,21
NDH,10
DHQ,22
HQI,18
QIN,11
WRQ,32
ICF,5
CFV,9
NKM,6
YFT,25
SMK,12
VWP,38
VFC,13
CGS,29
AFK,36
LPN,50
FKI,10
FFG,70
FGT,126
FIR,32
KLF,24
FQM,8
QMH,9
HAN,43
TLC,18
LCD,19
PAN,64
NPI,30
SMT,41
MTF,27
TFP,51
EFK,17
LSF,80
FEN,24
IPS,55
PLM,55
EFM,16
LNS,48
NSR,31
GQI,60
SME,28
MFG,37
FGY,46
KTQ,18
YSM,12
FHS,26
HSY,26
TPN,30
NKG,20
LYK,19
YKY,6
NSH,14
PMM,12
MMN,5
FMI,15
VYH,20
YHA,30
ESN,18
SYT,36
GQQ,66
YTE,43
DNY,15
NYP,15
DDW,40
WQH,12
KVN,26
NQI,13
HMF,10
FHC,6
HCM,1
CMI,4
KYN,6
CQR,6
PSW,35
SWT,49
WTR,50
TNS,29
VKW,13
KWF,9
WFN,9
EDN,35
HFS,22
IQG,47
VEF,108
GMY,20
MYI,5
LHH,62
HHL,61
VMT,79
HVW,26
WRM,18
SFA,111
TFY,13
FYP,32
SNE,20
YVH,20
DFS,48
VAM,141
AMQ,56
MQW,5
QWT,13
WTS,33
HTY,25
NTH,15
QFE,43
DWF,29
WFE,20
SHA,94
KSP,22
FGM,46
PGK,52
ADC,31
DCS,12
CSS,12
RCE,14
CEV,17
YIV,26
YHK,3
FRY,19
RYM,15
IKW,4
KWS,14
WSN,16
PHD,44
HDY,15
YVF,26
KGW,11
WRY,10
YPK,21
KDN,23
MNY,6
ELW,37
WDT,34
FSM,18
SML,59
MLM,25
FIQ,12
QQN,9
IRF,33
RDC,11
DCA,22
CAE,38
PAC,29
ACT,32
PKH,22
HPM,22
MNL,30
LPC,17
PCT,12
CTP,17
AGC,79
GCV,30
CVE,20
RHH,51
TTN,51
AHM,22
HMV,21
MVT,83
AWM,33
WMA,25
RVM,89
VML,107
ENW,10
KTF,28
EVW,51
VWM,23
LLY,80
LYH,14
TMM,14
MMI,9
MSI,35
LMM,20
WMN,3
MNA,36
YWS,9
WRK,9
HLQ,42
DCD,5
ACH,12
CHT,7
RTC,15
CFT,7
MPP,31
YEH,16
QVM,43
YYF,5
AMC,14
MCS,5
VIQ,48
LWE,46
DDN,20
LNY,31
NYV,26
EKH,23
NFL,40
TAC,42
CDA,27
ANH,28
NHP,24
FYD,38
YDT,38
YYC,4
YCG,9
MPH,25
IRW,24
WLE,79
PWW,25
WWA,35
TGH,115
MFA,44
HAY,41
VYF,28
RSW,50
DMQ,17
HDF,31
LWK,17
WES,29
SPW,59
PWG,50
WGA,96
PGW,78
GWH,24
LEC,20
AMS,54
IHG,41
PHH,27
HHE,29
RFW,27
WLH,36
HNG,24
KDW,11
ATW,84
TWR,52
RKP,38
STF,48
FNN,11
ISW,14
SWA,64
AHN,28
LTY,76
TYI,14
YIY,7
DHI,32
VMD,78
MDS,43
KYH,7
YHP,16
SFI,33
FIE,36
QPT,66
DWQ,19
WQK,5
QKF,13
KQE,17
PKS,27
DYK,12
FIS,35
KIH,8
ETY,34
TYT,48
YTI,20
GIN,50
RHF,30
HFQ,12
QPK,24
REW,46
EWN,11
WNE,24
DGM,49
QNS,18
NSQ,19
DQI,61
WNI,10
NIH,8
FEH,29
EHW,15
HWP,15
WPM,12
MNF,9
NFG,30
SPM,20
DWG,42
HTD,64
PDI,57
QYP,19
YPN,10
PYT,46
TNT,42
GIF,51
SDS,77
DSM,35
HRI,60
YVS,68
WEP,34
QFF,19
PRW,67
WYR,18
HTS,57
TFM,24
FMS,14
CEP,14
MTW,10
TWI,29
WIE,36
FLP,119
YFW,5
WSA,78
RIP,123
IPH,32
PHS,49
MGW,20
IPI,31
DWI,23
WID,31
SLW,40
MGY,16
YTS,55
IAW,48
WLM,15
NSY,10
SYL,69
VWY,11
PFE,65
PYQ,16
YQP,23
QNK,5
YFV,39
SYY,21
YYD,18
YVP,52
HSA,94
VSC,16
SCI,8
CIY,6
VQM,23
MQY,13
QYV,30
FHR,28
GTF,124
IPM,17
PMY,7
YIF,8
SHY,13
MMQ,11
MQQ,14
QMG,20
GYC,9
YCN,3
NYS,14
PHC,5
HCL,13
CLL,36
YFP,24
GDM,34
DMS,32
LKW,12
KWD,9
INL,36
QTI,35
NVS,42
VHM,10
HMY,4
TDQ,75
MHQ,12
LQF,46
MET,32
YPY,18
HAM,36
RNK,18
QPG,114
THF,22
WTM,11
IFH,8
RVC,38
VCH,11
CHA,14
GRC,31
RCP,14
CPI,5
RWC,12
WCP,6
CPS,13
GGX,1
GXA,1
XAP,1
MHL,20
KLN,23
IIT,53
LMS,56
MSW,13
SWG,51
WGS,36
HDP,78
DPI,47
NVH,22
QVH,40
HGN,20
REM,60
GCP,18
CPH,9
IFV,38
SIY,30
MIK,10
SVM,56
FRK,23
MDW,11
WIR,32
IFR,30
HNV,26
KSM,14
MTP,81
NGD,43
YPR,43
WIK,11
HMG,16
LKN,21
TVC,21
VCE,18
CPN,11
NIF,14
IFE,34
FEC,7
ECW,3
CWE,3
DIC,6
ICT,14
RCD,23
CDF,7
DFC,5
FCD,10
CDI,7
PQK,26
DQK,19
QKD,16
WLY,20
LNP,85
PDF,66
GCD,27
DRW,70
RWV,77
QWS,15
WSQ,14
MQR,35
MHC,4
HCP,11
CPF,14
PFC,13
CRH,8
RQC,5
QCQ,1
CQA,11
QAC,24
KAC,6
ACQ,11
DFF,27
RMY,20
TCR,15
STQ,53
HSQ,11
VFN,42
FNM,4
IMM,8
MMV,13
WTL,64
ALC,64
FQD,35
DYQ,27
AIF,57
TQI,45
QIM,15
LKM,18
YMH,5
MHH,7
HYN,9
YNF,8
NFP,32
QVS,96
CAS,28
DMD,37
MDF,19
DFK,21
MIN,11
INQ,16
IAN,51
WIG,62
ESY,45
CDT,6
TWT,41
GCL,25
CLP,27
TSY,35
GHD,99
SRM,53
RGC,17
GCC,7
CCT,4
CTI,7
YTW,13
WDF,13
FSE,47
NPC,5
PCM,2
CMR,3
MRC,4
RCN,4
KDQ,26
CLF,6
LFP,97
CFI,3
FIP,50
RGW,94
AWF,54
WFD,19
CAL,42
GWE,54
FVR,116
IPW,24
VIW,15
QSC,8
SCA,17
CYE,5
DPM,44
FLW,28
LWW,25
WWN,6
IFM,12
IIQ,25
VGW,78
GWF,45
WFK,5
HHF,13
LMC,4
MCV,8
DWL,70
KSW,7
SWS,24
VCG,39
RYW,20
YWR,11
DHY,22
IEC,7
HEF,29
SDW,26
WEW,10
KFR,9
RCI,7
IWD,14
WDS,25
SWN,11
WWG,24
SVW,34
VWA,98
HWT,10
HRM,33
FRW,27
SHQ,22
HQP,27
GKM,17
VNW,23
NWP,6
KMI,12
ESK,30
DMT,37
SKM,8
RWE,49
PTW,34
WSI,17
PWN,17
WNN,4
CEL,17
NEQ,21
QFW,10
FWI,10
FWS,10
HMS,6
DDH,46
HSE,26
RAW,147
WAP,71
FVF,54
LRC,28
RCT,25
CTD,17
NQH,14
QHM,7
HMA,21
RPH,93
PHN,15
PIM,16
RCF,17
CFP,6
SHH,24
ATC,21
TCN,3
HLF,28
DFW,24
CTA,35
ACP,33
CPA,24
YAM,44
MYD,10
MGN,15
NYH,15
DWV,63
WVQ,36
GNF,22
HNM,12
NMR,11
MRE,75
WYL,24
DFP,53
TCL,18
PYM,12
MTN,21
PDN,43
YKH,7
KHT,21
SNF,19
ANM,15
HHW,9
HWV,17
KHQ,7
EYN,12
DQY,22
HFL,32
STH,42
THH,30
HWL,32
LFF,67
FFT,41
AFQ,60
QPD,84
ACA,96
CAG,50
GCA,49
EMT,41
DEW,37
IPC,3
PCL,18
VFI,63
VAW,122
AWC,5
WCR,13
CRE,17
EMI,28
MIR,41
LFH,46
FFY,10
LIC,9
ICR,11
WVM,11
PHP,92
GLC,26
LCY,5
MSH,31
WHP,19
HSS,23
AIC,23
TCV,22
CVY,9
KSH,7
HHN,7
HRQ,37
QIW,10
IWQ,8
WQC,2
QCP,3
CPV,25
KPP,12
NPP,36
NFC,1
FCI,8
CII,4
DMK,15
MPW,23
PWS,33
CEG,19
MIF,17
DTY,41
RMM,15
MMS,13
QSK,17
HAH,53
MVF,42
LCQ,8
IRY,25
YWI,7
DWK,11
THR,81
NAY,29
QYE,25
PIQ,20
REN,66
SKC,1
KQK,12
QKE,19
MKM,8
KFT,25
RIW,23
IWK,5
CGD,29
FQI,15
PFM,24
FML,27
TSQ,59
LVW,85
VWS,37
LSM,55
SMY,14
IWI,8
FQR,43
MFM,11
MAM,36
ASW,61
SWI,22
WIL,44
LFM,27
FMP,19
IWL,27
IYH,10
FAM,29
SFS,60
MIL,52
ANW,22
NWI,8
WII,17
MPD,50
HIP,29
GVW,83
MVH,25
HET,58
PWD,46
GSC,15
SCT,14
CTL,22
MFS,18
QAY,40
VAC,52
ACF,16
TWL,84
STM,37
IMI,15
SYP,31
YPP,25
SRW,50
WPQ,14
PSM,34
MFR,22
FGN,34
MWT,9
VCM,4
CMA,9
VPW,60
WGG,58
WVF,24
WFT,33
KAW,18
NTM,8
MKQ,9
QQD,31
RKW,16
KWQ,8
WQT,18
GFM,42
WVE,52
YFQ,12
VTW,50
LMK,19
CRV,26
GYY,26
YYK,4
YKW,2
KWL,14
HLI,53
RLC,33
HHK,8
WLW,17
WDI,15
KIY,10
ICA,17
CAI,8
YSI,26
CHS,9
ANN,29
DMN,8
YCA,11
VHN,31
HNR,21
TCP,14
CPL,14
IND,22
LIW,30
ICY,5
CYA,12
PEC,11
ECD,8
NSS,24
SNS,14
FAN,41
SWF,11
IIF,20
RFC,11
FCV,11
AFM,47
FMV,26
FPW,13
CAT,25
TYY,12
YYR,23
FYI,10
PWV,53
AWH,28
WPL,58
WGV,75
VFM,22
HAW,48
WMG,20
TDC,13
DCT,13
EPC,15
PCP,13
PMC,5
MCA,11
WDP,42
FNH,7
EIC,17
CRD,21
EYC,7
FFE,29
HGH,51
MIW,4
IWG,17
DGC,15
CTE,13
KHN,8
LMI,42
FGC,12
RNW,16
PNT,34
NEP,31
WSD,35
TIC,4
ICK,2
CKD,4
LQW,22
QWA,30
GPW,64
PWI,28
MHV,27
WGW,23
RPW,54
PWR,62
WRP,44
QHQ,9
HQD,25
VSN,56
QIP,45
CSP,17
WEH,19
WHG,27
YWD,14
WDM,7
YWA,22
WAW,40
AWN,35
WNC,3
NCW,1
CWD,5
MYS,5
RQH,48
DFQ,27
AMW,18
MWA,23
YHM,7
TQM,16
TCG,21
CGH,18
EWK,13
WKR,15
IHM,5
HMP,7
QMW,5
KWP,6
VHI,35
IPK,27
EYS,38
FMH,7
MHW,4
HWA,26
WAV,110
SWW,16
VWQ,22
WQS,28
RME,48
TSW,42
GCS,27
CSE,13
EWD,33
WSP,41
PYF,20
YFH,9
WET,22
VCD,19
CDR,13
DRC,26
CRT,31
WCG,8
FRC,8
CGG,37
HML,27
LPW,67
WVT,52
MLN,21
MIP,30
NDK,17
ENF,33
NFA,23
QWE,20
WEM,8
FAC,16
PIF,27
GMN,23
TTW,32
TWA,76
MND,12
ECV,18
CVP,18
CAQ,18
SRN,42
APW,89
PLC,17
LCT,21
WRT,52
FHV,31
CPP,14
PPP,115
DWC,5
WCE,2
HCT,4
WQP,17
WKP,7
HHI,9
DAC,19
CDH,6
KSC,3
CAP,26
NLW,10
PHW,12
HWY,5
FWF,13
FDW,17
PLW,51
LWV,74
CLA,54
QFM,7
QPW,23
WVG,63
KDM,16
DMW,7
MWD,7
RWW,28
TMN,20
NQF,9
ACM,7
CMG,5
WNL,26
FRN,30
YMP,12
DHM,12
HMI,8
RFH,32
FQW,7
FMF,10
HGW,53
AKW,19
KWN,8
MGC,6
DCI,5
CIV,19
ERW,69
KRC,3
HWE,10
GFC,18
SCP,18
NAC,9
CLS,18
LSC,12
FIT,40
MNQ,5
IHH,22
PDW,45
HRN,14
EMP,27
KFL,33
RMC,8
MCL,8
RMN,21
NPY,32
SMW,8
LHC,5
HCI,5
CIR,4
CMN,2
NVC,2
SLC,10
LCG,36
ACY,8
CYD,5
DVC,21
SQM,15
MGM,28
QSF,24
NWW,5
WWR,20
TQP,59
WAQ,33
WGY,19
QDQ,34
NQW,7
QWQ,12
YSD,30
QGC,10
WVW,14
VDC,25
SCN,7
CNT,5
SDH,43
DHS,27
HTQ,19
HYW,8
YWT,15
WTI,13
DMY,7
YTY,20
QDF,37
QGF,52
HEY,20
IVW,29
HDC,4
SMD,27
EWH,11
WHR,24
WVI,29
VFK,23
TWM,10
WEY,13
WML,17
PYN,10
YNT,12
DHW,15
HWR,22
TCS,10
CSD,10
HSM,14
KMR,16
HYI,5
EAC,34
CFA,18
EFN,16
LEW,41
QWR,57
MYP,16
SQN,18
VFY,41
PHY,15
HYG,33
TDK,31
DKS,17
KFN,7
CRS,13
DQW,21
WQD,24
DFM,10
FME,14
IWA,27
PYC,1
YCW,1
CWN,1
YKM,1
FPI,26
PTN,30
IQY,8
YPH,20
CWR,6
WRC,4
WYV,15
ITW,18
HYP,17
THN,18
WFY,7
TMH,12
RWF,34
WNA,34
HFF,16
FMD,21
TNW,16
NWY,5
WYI,10
IWR,22
NFR,22
RMH,18
TYK,15
YKS,8
FTH,24
FNI,20
KML,23
MQF,14
KFS,13
PQQ,27
EHM,21
HMR,19
CML,5
WVH,18
SIH,15
IHN,9
WMI,7
SYC,1
YCL,6
KQF,16
QFI,17
SDC,6
DCY,11
CYV,8
VMC,8
MCR,4
VHK,23
KKM,9
KMG,15
ACS,19
NDP,46
CAM,8
GIC,12
ICH,5
GWM,25
WMP,12
MDH,18
NSK,12
TKE,39
PIN,9
INH,6
NHI,12
MKW,4
AWK,23
WSC,4
SCY,4
RYY,12
ETC,12
TCM,2
RTN,34
CQD,9
DCP,16
HCR,8
HQY,7
QYK,5
FMT,19
NHS,14
EIN,27
GYF,54
MQP,13
FNG,27
WVS,34
YQQ,26
EDC,9
DCL,17
HHV,47
WGC,5
WFG,48
DWN,14
WNR,16
AWW,27
WWQ,14
EWR,25
LWS,44
QDT,67
WQG,33
FMM,8
GWW,36
WWW,5
WKN,12
RCC,5
CCA,9
WKL,18
EHQ,31
FFI,22
NNV,27
EQC,11
QCV,6
VWK,9
WKK,12
MLW,16
VCL,41
CLY,7
MHS,11
HPY,15
RCA,45
CRP,23
QFH,16
MDC,5
YNG,21
FEY,18
HYQ,9
EWC,6
WCQ,1
CQE,4
WAC,8
EFQ,18
EKW,3
HHH,15
CLR,29
GHM,21
FFC,6
NNY,9
HHR,48
TSC,9
SCG,19
NDS,15
HSV,61
PNQ,17
FFN,9
HYE,23
MWV,15
PWM,8
CLG,32
KNN,11
KEP,23
ECT,16
YHL,28
GCF,14
CFE,3
IYY,10
CVS,17
NEM,5
IQH,21
QLY,29
PWK,9
WKS,9
VKM,11
GCQ,10
AWY,25
FLC,10
LCH,10
WQW,6
QWD,21
FQT,23
IQW,12
WMR,17
GKC,9
KCA,4
CEN,4
AIW,23
LLC,44
LIH,40
GWP,60
WPV,55
HQW,9
CSR,9
WFV,26
NMT,15
RNH,18
QDC,6
MCT,5
RVW,65
YKE,15
MYV,10
PQN,20
KNY,7
TWK,11
SSC,13
SCD,8
CDS,6
FSH,28
ISY,19
KIC,3
ICW,5
CYT,5
FKS,18
LCL,43
HMN,2
NQE,15
YHG,21
NTF,14
DNF,8
EQW,24
RWQ,29
WQF,10
NTW,8
WTH,15
LMH,27
EQN,23
QNW,7
NWE,15
QTN,10
NSW,10
SWD,24
CDV,15
LHM,14
HPN,25
RCH,9
CHE,4
EEC,13
PMW,6
WAM,25
MEW,5
VGC,25
CSM,6
EHN,11
TCD,10
VPC,18
PCI,9
VWN,22
CAD,37
DYN,19
LKH,33
KHC,3
HCH,6
CHL,7
WKV,10
AFC,14
FCT,10
SFM,16
DWP,32
HEM,20
HPQ,32
YPQ,14
YNL,25
KFF,5
IMW,4
MWK,2
DQQ,34
TNK,12
WPH,13
WSH,10
DHN,13
YKF,10
GLW,101
FKH,9
LYW,11
FHI,10
EPN,15
NHN,4
KKW,7
WNM,6
WMH,8
MHD,14
RWH,27
WTF,27
YMW,3
SEW,12
VSW,43
FSW,15
LCI,12
CIT,7
LCS,15
CSL,16
SWQ,20
RCM,5
CMT,3
DMC,1
MRY,20
YYP,12
NWS,9
WSK,10
IGM,54
WRF,31
TMC,4
CVG,33
GKW,11
KMT,10
WTQ,21
WGH,14
HRF,57
FLY,27
RHC,5
HCF,5
FWV,19
WFW,10
EWF,24
MKN,6
TGC,31
IPY,21
FMR,17
LWQ,32
FWD,11
DPC,7
CMV,7
WPD,41
QTC,16
CVW,9
WVC,8
KPW,5
HFV,32
PWQ,25
YLM,21
WKD,15
DCR,17
KHH,3
FDM,15
KEF,33
IWV,28
NLC,8
IYQ,17
PQH,26
PNH,12
NHT,11
WFQ,4
NNW,5
WEN,15
MDQ,29
RMF,23
EMH,14
FNF,12
YFF,13
FAW,42
QYT,13
WYT,10
LCW,8
CWL,3
CPT,6
PTC,8
LWN,36
GHF,33
QHF,16
HFT,19
IFL,45
HTW,12
SCC,5
CCG,8
CGP,22
SKK,14
VKC,5
KCG,10
YML,17
NFH,6
WWL,18
VCW,5
CWA,9
WNH,4
FIH,9
DWH,20
IQI,9
YVW,22
GIW,29
CRR,25
NWF,10
FNQ,13
PNF,19
CLW,9
TWF,23
MMF,6
MFW,4
FWG,19
MNH,2
HMW,6
CFG,20
LMW,15
YNS,10
FYW,8
IIW,6
IWM,6
FQH,12
NGH,18
WKQ,10
TWH,14
WHQ,11
YWE,10
WPS,23
DYW,14
YWQ,7
THM,11
FRM,19
YCE,4
CEI,11
HYT,14
CDN,2
NYM,3
TQF,25
IKM,7
NQG,24
KMM,4
SYW,14
YMA,24
NEC,3
CNK,1
KMP,7
WIQ,5
CVQ,7
VQC,2
QCN,3
CNA,6
WPA,93
WFR,18
GCH,8
CHR,10
GNC,4
SCM,4
LCV,24
CVR,15
NAW,18
SWC,4
WCM,2
WKM,3
NVN,24
HPS,64
AFW,36
FWM,10
AYF,51
FYA,41
SFY,20
EWQ,13
VWW,10
SNQ,12
NQK,10
QKH,6
IIH,12
INM,3
VMW,22
MWR,17
SSF,48
YNM,5
NMS,14
KYE,10
MQC,3
QCH,3
HPC,6
PCH,8
CHG,19
AYC,17
YCY,4
MHR,19
MNM,4
ECC,6
YIH,9
HND,14
WPP,17
ITC,4
CLE,15
YWK,3
MWG,12
WGF,23
WEQ,17
GMC,6
WAN,21
KEW,7
WQR,31
IWF,9
HAC,18
TQW,10
MQN,14
QNQ,8
ASC,26
PIY,23
ICL,10
ISC,10
PME,23
QVN,39
WMY,6
MYR,13
MCQ,4
GYN,25
EVC,27
QHK,5
LHW,20
CAH,14
SWH,10
IFC,6
FCL,15
YFM,6
FMN,16
HFW,4
NDW,13
GHW,23
IHQ,13
WAY,20
VYM,10
YMV,9
YLW,16
QWM,7
GHH,32
VKY,11
SMQ,13
THY,26
KWV,8
HLW,22
WDY,16
DYM,11
SMF,18
TEN,40
YMK,5
FHN,9
THQ,26
HDM,12
MVW,15
CFY,4
YDW,11
DMM,8
QTW,16
DTW,34
HQH,17
YYW,4
RYC,5
GEC,19
CVD,19
VHC,13
GWC,6
YFC,3
MWP,16
FIC,5
KMH,2
MHG,23
FYV,24
PWP,40
PCN,4
TKW,4
KWI,6
WSF,10
KKC,3
YHI,3
SIF,26
WWE,14
AHW,31
DHF,24
KWW,5
QDH,26
NFY,6
NHH,6
MQS,22
WDH,15
KHE,13
CHI,3
QIF,26
CPR,15
HCE,5
NYN,2
KMQ,3
WYN,6
KFW,4
DKW,7
QIC,4
CFD,8
KPY,17
WKT,15
EFW,17
FWW,10
WWF,10
WDW,12
WHS,12
KGC,4
WHV,14
TWY,8
MEP,21
MMG,16
LCM,6
YSQ,18
WHD,13
DSC,11
CPW,7
PWY,9
TPC,13
EYH,11
YGW,18
TKC,4
RSC,11
TCQ,6
CQP,12
HNN,4
NQP,25
WYP,10
IKH,12
YDS,30
WMQ,7
DMH,12
FCF,3
MSM,17
WDN,8
DHC,5
CPQ,7
FNS,15
SHM,8
KMN,5
NTN,14
CRF,7
YFY,11
KNF,15
TKN,24
WHE,7
WWM,7
WWD,10
CLI,12
WHK,3
HKF,2
WKH,7
NWD,14
NFM,7
MYT,14
MHT,17
SCL,10
WPN,5
KLC,6
DIN,19
NTQ,17
CEF,4
MKL,27
SYF,17
SFW,14
HNE,15
WCW,6
LWH,25
WHY,5
CAW,10
TFF,24
QHP,37
IHW,5
IQM,9
WPF,15
FWP,18
HWK,6
CPY,6
VCR,31
MWC,1
WCH,2
QPC,2
PCR,16
GYW,22
KHY,11
CTH,10
CLH,14
DCF,2
VCF,9
WHN,3
HNT,8
HDN,3
FFQ,18
NCL,6
CTF,7
NGC,8
NWV,11
YRC,11
PPC,8
WQA,45
KTE,27
FWE,19
MYK,3
NSC,3
IFW,12
RWM,17
WMF,7
FYY,8
IWP,8
YRM,13
QQC,3
NMF,4
IMP,16
MWF,7
NMK,3
QNF,10
HNQ,8
YMY,5
NMD,8
NNS,5
MTC,7
MQM,8
SMH,9
CIL,11
NIW,7
IWW,3
HFN,7
QCM,1
CMQ,1
WRN,14
DWW,12
MFN,8
QMT,20
WYH,5
FCA,12
MEY,9
EYW,7
NWC,2
WCS,2
HNF,5
HFY,9
WVY,8
APC,18
WWC,2
VYW,6
ICV,5
GHC,13
HCG,8
NKP,13
PNC,2
PRC,11
VCK,4
CKS,2
TWC,3
CRM,6
HTC,3
FPM,10
MWI,3
FNY,11
CRC,2
CYL,15
FFF,23
TWW,16
MMH,10
YAC,8
CPC,6
WCV,4
HPW,20
WSM,14
QKC,5
QMC,3
MCG,11
NYW,5
YWN,6
PCS,9
NMY,4
MMY,5
WIF,9
WYE,10
NNF,9
MFC,4
FTC,6
CGE,15
FNW,7
QHE,16
SYM,7
MQI,11
PCV,18
AMH,23
YYE,17
MWQ,4
WRI,32
WIH,11
TYH,18
QWN,6
FVC,14
WFI,16
QMF,11
LMY,9
LWC,10
WCL,9
YVY,14
YQF,6
WNS,13
SCF,3
CFS,4
YLC,8
QIY,8
WPI,10
NKK,7
TWN,11
QCA,7
WDQ,17
ILC,8
FYH,1
GQC,6
QCR,6
QKW,8
CGF,10
HFK,6
FKC,2
KCN,1
HYY,9
WCK,1
QVC,14
KYF,7
SWK,12
KHI,8
NYK,6
CDQ,9
IMF,12
SWP,27
TFW,14
HDW,16
CVM,4
YHE,11
TFK,20
PNY,6
SPC,5
NWH,2
CAF,14
WWS,13
VCY,3
CQL,7
NWT,6
KNW,6
ACN,6
CNS,4
RCQ,4
WHM,2
KVC,4
PFN,13
CNQ,7
EGC,11
IMQ,9
MQH,8
WSW,15
PYW,9
YWP,8
NYG,18
CVC,4
NTC,6
ICQ,7
SRC,9
CVN,4
QYM,8
CRY,6
YCF,2
PCF,2
TFC,8
SNN,18
PCG,10
EMC,7
HWI,8
HVC,16
CHV,7
KQC,2
CEW,3
WNV,24
WCA,11
HCV,13
QYH,6
YHH,5
YCP,3
TTC,5
FCS,10
QYY,3
NWR,9
TCH,5
CHD,3
WMV,12
MPF,14
LQC,4
TCI,11
CID,7
YMS,5
IDC,5
CEM,2
VMY,8
ECF,7
PKF,15
GNK,15
IIM,11
HFR,13
ACK,4
CKT,2
CTS,16
FNC,5
HYS,8
CPD,17
WHF,9
NQY,8
HHS,14
CYS,6
KWT,3
KLM,12
MFY,6
MIM,4
NHM,5
MCP,3
QEC,5
CRK,4
QHS,19
FQC,1
CLN,7
DNC,3
NCR,4
NHF,13
FPC,3
HYF,5
DYC,3
WWP,22
RCW,3
KHW,5
WHW,6
CWM,2
RKC,2
TMW,8
CHQ,2
ECK,2
CKV,3
HIH,8
ILW,17
HIQ,7
FFW,8
CED,9
WWT,9
MWL,13
WWI,14
RNQ,14
SNW,8
GMW,14
MSC,3
RPC,8
CHP,3
CAN,7
YYY,5
ECE,11
CQQ,3
FYC,3
KCW,1
MYY,2
TIW,11
REC,16
QMM,9
NRC,2
NQD,13
PSC,9
WIW,5
IWT,13
NWN,9
FWH,4
CAY,4
CFN,9
KQW,13
YYI,6
KHM,5
INN,11
PIW,12
LWY,11
WIM,5
IFI,6
KFY,7
KEC,3
NDC,2
HCD,2
YMM,2
KMY,7
MYW,2
QRC,12
CFH,4
YQY,8
ECP,9
PDC,14
HQK,6
CCQ,1
NMN,2
EWY,6
FSY,18
SWM,6
CMD,3
FCH,2
ICP,7
PCE,8
CIG,11
ECH,3
MLC,3
HMQ,4
YFI,9
CNM,3
WFH,4
QCF,1
PCW,1
CWY,3
WYK,1
MCM,3
CME,1
MMM,6
SKF,9
YCQ,2
KTC,4
KYC,1
QCT,4
CTK,1
WTY,10
MWS,7
QCD,5
CDM,2
FHM,4
MAC,3
CKG,2
YCI,6
HWW,6
YMG,12
FKM,1
LYC,7
CYN,1
CGY,6
CQT,9
FMW,2
NHW,3
ACI,10
PQM,4
KCL,3
YWW,4
WMT,12
WKY,2
HHM,10
MNW,3
NMH,3
KCT,1
HYM,4
YMQ,7
FYK,2
WDC,3
KMW,2
CHY,3
HFM,7
QWF,7
NCS,3
CSK,5
SCS,12
WTW,15
QQW,6
QWW,7
WPW,11
MYH,3
GCW,3
CWW,3
WWH,4
PNW,8
NNM,4
CDY,2
SCR,7
PQC,5
GCI,10
WDK,7
GCK,1
CKI,1
WQQ,10
ECQ,6
LWM,9
CFR,3
ESC,4
PMQ,13
HNK,1
IWH,2
ANC,7
NCA,16
PNM,8
MME,10
KCR,2
MMK,4
KFQ,7
DNW,5
QMY,2
MYQ,5
WIS,16
HMK,7
HQM,6
CFQ,3
IKI,10
YMF,5
IYM,2
QHC,2
PWC,7
QNN,7
NKF,4
ECY,6
NWQ,3
TRC,6
WYQ,5
NFI,13
CIP,7
CNH,1
CLM,6
KFC,3
CTY,5
YDM,5
ECM,4
CMY,1
CDC,4
HMH,3
IHF,3
FWC,6
WCT,5
MYF,5
FKF,5
YIM,2
INC,3
CNL,4
YYH,3
YKQ,4
NFK,4
SMC,3
WFF,8
FHY,3
ACC,4
CCS,2
IHY,4
YYN,3
YHT,5
WNQ,6
CSH,1
WNF,7
MYN,2
YWH,2
ACW,8
CWF,1
IYW,1
YWC,1
MYM,3
YCR,9
YDC,5
HTK,10
MHK,1
YIW,3
MCN,1
QFC,4
DQC,4
CVK,6
NNQ,6
CIK,2
NFF,9
CTQ,7
ICN,10
CKE,2
YQN,10
NMW,4
WNY,2
YWY,5
YNW,1
HNW,1
CFL,9
PCD,5
MCD,2
CWV,5
WCF,2
CGM,11
KYW,3
CWP,1
CDW,1
SKH,7
HNH,3
MPC,3
PCC,1
LCC,1
YHN,1
CLC,2
NNC,2
DCQ,5
MCK,1
SCH,5
CSQ,4
FMY,3
CIS,5
HWC,2
CSW,1
CYH,1
IWC,3
CWQ,2
CSC,2
HRC,7
CCL,4
TCK,1
YQW,8
IMC,2
CGQ,6
QCK,1
DCK,3
WMW,3
FSC,2
NMQ,6
HMC,3
CMS,2
EHC,10
CGW,6
ICC,2
CFC,1
HNY,5
FWK,6
TYC,5
WQI,8
NDM,5
MVC,6
QCW,2
FCM,1
VCC,7
CCD,7
NWK,10
SHC,1
CDD,8
WMC,1
MWM,3
FYM,3
WKF,2
YWF,4
RNC,4
NCY,3
FWY,6
WKI,2
CWG,1
YHC,2
YNC,4
MCF,2
CNV,2
FQK,9
WYY,2
WYC,1
MHF,4
MWN,1
WTC,2
MSN,13
NMM,2
KDC,4
CIQ,2
QCI,1
HCK,1
CEQ,4
CKL,4
EMW,5
CRN,3
CYC,1
CQY,2
THC,2
WYW,3
GCM,4
CGC,2
WKW,1
HYH,4
CQF,2
MWW,1
FCW,2
CWT,3
FIW,4
WFC,1
KCP,2
MKH,4
ECN,1
DCH,2
WCY,3
QWC,2
CEC,1
PKC,2
CTM,3
PIC,1
CCN,1
NIC,3
HEC,2
CKR,1
YTC,3
MHM,4
KCD,1
FCY,1
HCA,6
CLK,4
CWS,2
SCK,1
HIN,5
NCV,6
SCQ,2
HCC,1
CCV,1
WKC,1
WMM,2
CTN,3
MIC,2
CCY,1
YCS,1
WWK,3
ICI,1
FCC,1
CCI,1
CCE,1
MEC,3
NCF,2
NNH,2
MCH,2
CHN,3
MCE,2
MMC,2
WNW,1
HIC,2
YNK,1
RCK,1
KIW,4
MCY,2
YHW,4
CIF,2
KNC,1
HCY,2
LCK,5
CQN,1
CCH,1
CSY,2
YMN,2
CHF,1
CCR,1
CTC,2
CKH,1
CIM,1
FKW,2
YCC,1
KWK,2
MYC,1
KWY,2
QNC,2
NCQ,1
CYI,1
YWM,2
MHY,3
CQI,1
KCE,1
CNN,4
CQH,2
WHC,1
MCW,1
YQC,1
FCN,1
CQM,1
HCS,2
HMM,3
DCN,2
CND,2
CTW,1
TCC,1
CWH,1
WCI,1
NCH,1
YGC,2
CKQ,1
CHW,1
DCC,1
WWY,2
IHC,2
HKW,1
KPC,1
KMC,1
FMC,1
MCI,1
CYF,1
DCW,1
HFC,1
YCD,1
KCH,1
MWY,1
CIC,1
CKY,1
