MQQ,64
QQS,65
QSH,49
SHQ,36
HQA,117
QAG,725
AGY,334
GYA,327
YAN,96
ANA,351
NAA,446
AAD,873
ADR,475
DRE,136
RES,162
ESG,320
SGI,220
GIP,235
IPA,317
PAA,1283
AAV,1411
AVL,1245
VLD,574
LDG,544
DGI,233
GIK,164
IKA,203
KAV,242
AVA,1566
VAK,250
AKE,140
KEK,66
EKN,39
KNA,89
NAT,141
ATL,924
TLM,143
LMF,59
MFR,46
FRL,187
RLV,593
LVN,272
VNP,158
NPH,46
PHS,60
HST,37
STS,147
TSL,274
SLI,235
LIA,680
IAE,316
AEG,496
EGV,271
GVA,934
VAT,502
ATK,139
TKG,65
KGL,210
GLG,828
LGV,901
GVH,134
VHA,211
HAK,68
AKS,166
KSS,85
SSD,112
SDW,45
DWG,50
WGL,97
GLQ,313
LQA,791
GYI,86
YIP,40
IPV,212
PVN,110
NPN,67
PNL,141
NLS,149
LSK,177
SKL,110
KLF,100
LFG,380
FGR,235
GRA,788
RAP,363
APE,344
PEV,256
EVI,214
VIA,472
IAR,637
ARA,1788
RAD,546
ADN,140
DND,45
NDV,96
DVN,90
VNS,106
NSS,57
SSL,321
SLA,822
LAH,402
AHG,307
HGH,92
GHT,136
HTA,120
TAV,382
AVD,405
VDL,425
DLT,304
LTL,674
TLS,392
SKE,58
KER,90
ERL,682
RLD,512
LDY,189
DYL,214
YLR,215
LRQ,498
RQA,682
AGL,1758
GLV,752
LVT,372
VTG,436
TGM,102
GMA,315
MAD,162
ADG,785
DGV,416
GVV,588
VVA,869
VAS,458
ASN,141
SNH,34
NHA,61
HAG,308
GYE,141
YEQ,78
EQF,94
QFE,82
FEF,54
EFR,108
FRV,115
RVK,163
VKE,125
KET,75
ETS,104
TSD,98
SDG,199
DGR,456
GRY,191
RYA,294
YAV,217
AVQ,433
VQY,65
QYR,82
YRR,130
RRK,169
RKG,142
KGG,187
GGD,367
GDD,225
DDF,100
DFE,116
FEA,265
EAV,576
AVK,224
VKV,224
KVI,107
VIG,384
IGN,102
GNA,309
AAG,2095
AGI,602
IPL,224
PLT,310
LTA,691
TAD,276
ADI,423
DID,200
IDM,66
DMF,33
MFA,86
FAI,159
AIM,121
IMP,52
MPH,42
PHL,132
HLS,136
LSN,164
SNF,47
NFR,55
FRD,125
RDS,135
DSA,285
SAR,468
ARS,451
RSS,115
SSV,201
SVT,252
VTS,201
TSG,218
SGD,231
GDS,162
DSV,217
VTD,214
TDY,83
YLA,339
LAR,1702
ART,501
RTR,295
TRR,293
RRA,822
RAA,1484
AAS,926
ASE,272
SEA,321
EAT,232
ATG,562
TGG,376
GGL,692
GLD,588
LDR,440
RER,439
ERI,338
RID,281
IDL,291
DLL,636
LLW,129
LWK,27
WKI,14
KIA,151
RAG,993
AGA,1899
GAR,823
RSA,360
SAV,423
AVG,684
VGT,324
GTE,152
TEA,322
EAR,500
ARR,1032
RRQ,278
RQF,118
QFR,68
FRY,58
RYD,146
YDG,105
DGD,225
GDM,93
DMN,28
MNI,42
NIG,143
IGV,378
GVI,331
VIT,201
ITD,138
TDF,107
FEL,168
ELE,313
LEV,319
EVR,346
VRN,169
RNA,292
NAL,361
ALN,341
LNR,218
NRR,169
RAH,172
AHA,506
HAV,218
VGA,796
GAQ,432
AQD,244
QDV,159
DVV,431
VVQ,216
VQH,57
QHG,97
HGT,107
TEQ,100
EQN,63
QNN,26
NNP,55
NPF,59
PFP,97
FPE,77
PEA,443
EAD,330
ADE,355
DEK,71
EKI,88
KIF,41
IFV,99
FVV,206
VVS,337
VSA,565
SAT,280
TGE,250
GES,196
ESQ,73
SQM,31
QML,122
MLT,170
LTR,445
TRG,231
RGQ,231
GQL,372
QLK,138
LKE,180
KEY,38
EYI,49
YIG,95
IGQ,180
GQQ,131
QQR,165
QRG,241
RGE,359
GEG,278
EGY,98
GYV,203
YVF,79
VFY,64
FYE,49
YEN,44
ENR,131
NRA,199
RAY,257
AYG,326
YGV,238
VAG,961
AGK,494
GKS,255
KSL,171
SLF,188
LFD,266
FDD,122
DDG,255
DGL,519
LGA,1228
GAA,1574
AAP,1124
APG,691
PGV,420
GVP,483
VPS,167
PSG,241
SGR,339
GRS,263
RSK,79
SKF,29
KFS,55
FSP,123
SPD,183
PDV,299
DVL,529
VLE,500
LET,258
ETV,236
TVP,196
VPA,621
PAS,449
ASP,361
SPG,189
PGL,514
GLR,716
LRR,903
RRP,276
RPS,143
PSL,280
SLG,468
GAV,774
AVE,433
VER,401
ERQ,187
RQD,132
QDS,66
DSG,227
SGY,144
GYD,175
YDS,77
DSL,295
SLD,317
GVG,552
VGS,282
GSR,263
SRS,183
RSF,125
SFS,122
FSL,228
LGE,503
GEV,380
EVS,199
VSD,234
SDM,53
DMA,167
MAA,517
VEA,509
EAA,1107
AAE,900
AEL,928
LEM,141
EMT,58
MTR,130
TRQ,169
RQV,276
QVL,387
VLH,198
LHA,362
ARQ,640
QDD,88
DDA,413
DAE,349
AEP,371
EPG,318
GVS,469
VSG,388
SGA,624
GAS,618
ASA,908
SAH,127
AHW,50
HWG,19
WGQ,32
GQR,310
QRA,396
RAL,1278
ALQ,594
LQG,334
QGA,400
AQA,1433
QAV,534
VAA,1612
AAA,3222
AAQ,1012
AQR,603
QRL,604
LVH,156
HAI,138
AIA,981
IAL,630
ALM,334
LMT,106
MTQ,71
TQF,62
QFG,123
AGS,569
GST,261
STN,62
TNT,88
NTP,107
TPQ,187
PQE,91
QEA,186
ASL,783
SLS,363
LSA,846
SAA,902
AVF,318
VFG,278
FGL,381
GEA,472
EAS,249
ASS,354
SSA,293
VAE,595
AET,304
TVS,332
SGF,170
GFF,109
FFR,65
FRG,147
RGS,202
GSS,300
SSR,226
SRW,67
RWA,82
WAG,126
AGG,1162
GGF,242
GFG,306
FGV,288
GGA,975
GAM,290
AMA,438
MAL,358
ALG,1401
LGG,794
GGG,734
GGI,362
GIA,579
IAA,948
GAG,1261
AGM,338
GMS,135
MSL,157
SLT,291
LTD,367
TDD,151
DAP,380
APA,1390
PAG,772
AGQ,616
GQK,85
QKA,87
KAA,426
GAE,437
AEI,367
EIA,395
LQL,312
QLT,196
LTG,560
GGT,425
GTV,406
TVE,269
VEL,425
ELA,977
LAS,785
SSI,128
SIA,305
ALA,3087
LAL,1889
LAA,2865
AAR,1808
ARG,768
RGV,453
GVT,509
SGL,529
LQV,238
QVA,368
SAG,544
GAL,1233
AAL,2787
ALS,734
LSP,309
SPM,59
PME,48
MEI,49
EIY,62
IYG,103
YGL,265
LVQ,311
VQQ,173
SHY,42
HYA,80
YAD,191
ADQ,249
DQL,220
QLD,232
LDK,172
DKL,220
KLA,419
LAQ,943
AQE,236
QES,75
ESS,93
SAY,168
YGY,73
YEG,100
EGD,188
GDA,513
DAL,965
ALL,1910
LLA,1998
AQL,661
QLY,76
LYR,235
YRD,130
RDK,103
DKT,73
KTA,189
TAA,787
EGA,449
AGV,1067
VLS,473
LST,280
STV,228
TVG,275
AVS,493
VSI,180
ASV,552
SVV,298
VVG,569
GAP,598
APV,597
PVA,612
VAV,822
AVV,833
VVT,350
SLL,557
LLT,601
TGA,561
LNG,215
NGI,132
GIL,334
ILR,253
LRG,638
GVQ,271
QQP,79
QPI,103
PII,97
IIE,122
IEK,118
EKL,257
LAN,313
AND,113
NDY,36
DYA,202
YAR,267
ARK,307
RKI,104
KID,59
IDE,202
DEL,409
ELG,618
GGP,310
GPQ,179
PQA,451
QAY,163
AYF,105
YFE,59
FEK,73
KNL,81
NLQ,100
QAR,721
ARH,331
RHE,97
HEQ,70
EQL,340
QLA,602
ANS,127
NSD,38
LRK,248
RKM,47
KML,63
MLA,539
LAD,1113
ADL,927
DLQ,248
AGW,237
GWN,60
WNA,51
NAS,160
SVI,162
VQT,137
QTT,68
TTE,109
TEI,138
EIS,126
ISK,61
SKS,82
KSA,164
SAL,714
ALE,708
LEL,481
AAI,872
AIT,263
ITG,254
TGN,184
NAD,172
DNL,148
NLK,93
LKS,184
KSV,125
SVD,226
VDV,358
DVF,143
VFV,275
FVD,150
VDR,256
DRF,142
RFV,229
FVQ,96
VQG,255
QGE,192
GER,447
ERV,455
RVA,821
GQP,354
QPV,228
PVV,465
VVL,716
LDV,467
DVA,564
GID,311
IDI,175
DIA,386
IAS,327
ASR,456
SRK,100
KGE,122
ERP,185
RPA,529
PAL,872
ALT,743
LTF,209
TFI,63
FIT,115
ITP,181
TPL,361
PLA,864
PGE,247
GEE,160
EEQ,86
EQR,176
QRR,228
RRR,423
RRT,231
RTK,47
TKT,60
KTG,150
TGK,196
KSE,62
SEF,79
EFT,76
FTT,88
TTF,79
TFV,146
FVE,154
VEI,193
EIV,263
IVG,373
VGK,197
GKQ,126
KQD,49
QDR,103
DRW,45
RWR,116
WRI,52
RIR,290
IRD,173
RDG,439
DGA,615
ADT,348
DTT,108
TTI,112
TID,153
DLA,791
LAK,322
AKV,269
KVV,239
VSQ,159
SQL,175
QLV,279
LVD,500
VDA,627
DAN,142
ANG,287
NGV,179
GVL,767
VLK,224
LKH,67
KHS,17
HSI,45
SIK,77
IKL,122
KLD,194
DVI,224
IGG,368
GDG,374
DDV,253
VLA,1473
SRI,193
RIH,72
IHY,28
HYD,35
DGG,371
AGT,674
GTN,86
NTV,128
VSY,108
SYA,164
YAA,388
LGR,689
GRQ,214
DSI,102
SIT,133
ITV,205
SAD,328
DGE,244
ERF,288
RFN,72
FNV,78
NVR,138
VRK,182
RKQ,88
KQL,138
QLN,94
LNN,71
NNA,95
NAN,77
ANV,220
NVY,48
VYR,121
YRE,126
REG,311
ATQ,247
TQT,78
TTA,257
TAY,146
YGK,94
GKR,211
KRT,66
RTE,165
TEN,71
ENV,117
NVQ,68
YRH,66
RHV,146
HVE,95
ARV,810
RVG,415
VGQ,207
LVE,476
VEV,315
EVD,226
VDT,207
DTL,396
TLE,315
LEH,136
EHV,87
HVQ,50
QHI,65
HII,38
IIG,215
AGN,303
GND,109
NDS,55
NAH,47
AHD,146
HDN,29
DNF,41
NFL,83
FLA,433
LAG,1779
GGS,435
GSG,542
DDR,139
DRL,487
NDT,74
TLV,463
LVG,676
VGG,512
GGE,339
EGQ,154
GQN,66
QNT,37
TVI,204
AGD,530
VFL,237
FLQ,130
LQD,236
QDL,213
DLG,441
GVW,89
VWS,46
WSN,22
SNQ,44
NQL,98
GVD,419
DTV,326
TVK,132
VKY,42
KYN,27
YNV,49
NVH,37
VHQ,62
HQP,49
QPS,102
PSE,119
SEE,108
EER,143
RLE,430
LER,592
ERM,116
RMG,131
MGD,74
GDT,275
DTG,231
TGI,210
GIH,61
IHA,128
HAD,191
LQK,100
QKG,58
KGT,99
VEK,149
EKW,32
KWP,15
WPA,131
LNL,317
NLF,111
LFS,199
FSV,148
VDH,86
DHV,113
HVK,32
VKN,64
KNI,48
NIE,71
IEN,110
ENL,174
NLH,64
LHG,229
HGS,100
SRL,463
RLN,237
LND,164
NDR,79
DRI,254
RIA,624
IAG,535
DDQ,112
DQD,70
QDN,33
DNE,50
NEL,113
ELW,52
LWG,84
WGH,18
GHD,147
HDG,116
DGN,113
DTI,142
TIR,141
IRG,177
RGR,398
GRG,460
RGG,439
DDI,153
DIL,250
LGL,1162
LDT,303
TLY,181
LYG,264
YGE,119
GED,191
EDG,199
NDI,83
DIF,76
IFL,110
DDE,192
DET,106
SDD,146
IDG,302
TVD,203
VDY,122
DYS,71
YSA,134
SAM,130
AMI,141
MIH,29
IHP,96
HPG,156
PGR,336
GRI,518
RIV,396
IVA,531
VAP,527
APH,155
PHE,66
HEY,47
EYG,115
YGF,96
FGI,150
GIE,269
IEA,458
DLS,323
LSR,410
SRE,197
REW,110
EWV,55
WVR,84
RKA,227
KAS,148
DYY,56
YYD,56
YDN,44
DNV,108
RNV,157
NVE,88
VEN,153
NVI,83
IGT,241
GTS,242
TSM,59
SMK,25
MKD,41
KDV,105
VLI,343
LIG,518
IGD,187
DAQ,381
QAN,122
ANT,181
NTL,189
LMG,199
MGQ,46
GQG,355
QGG,281
DDT,132
TVR,378
VRG,421
DDL,334
LLF,341
FGG,292
NDM,32
DML,158
MLY,55
YGD,144
DAG,594
YGG,209
LGD,405
LEG,344
EGG,323
NDW,28
DWF,50
WFG,95
FGQ,150
GQT,218
QTQ,76
TQA,341
ARE,613
REH,132
EHD,87
HDV,117
VLR,643
YSQ,55
SQT,90
QTG,182
GAH,216
AGR,920
RIG,369
IGL,472
LGI,504
ILA,555
GRV,502
RVD,302
VDK,116
KLG,302
EAG,739
AYD,170
YDT,92
NVV,165
TEL,266
RIT,194
TGD,220
NVL,233
RGA,636
GAD,620
ADV,542
VLL,879
LLG,1026
QLS,214
LSG,658
GRD,346
RDR,266
RLY,189
DDW,51
WFF,11
FFQ,46
FQD,58
QDA,223
DAA,1210
AAN,380
NAG,272
GNL,226
NLL,307
LLD,783
RDT,217
VDF,139
DFS,152
FSG,196
SGP,242
GPG,313
RGL,624
LDA,1049
GAK,216
AKG,255
KGV,177
GVF,228
FLS,162
LSL,579
LGK,273
GKG,237
KGF,88
GFA,435
FAS,212
SLM,102
LMD,88
MDE,105
DEP,258
EPE,166
PET,138
TSN,74
SNV,85
LRN,269
RNI,96
ENA,150
NAV,245
GSA,575
ARD,527
RDD,239
GAN,238
VLN,227
NGL,222
GLA,1454
SGG,518
GDE,205
DEG,181
EGS,165
GSD,213
SDL,263
LLS,571
NDD,52
DLF,153
GGQ,403
QGD,175
DTY,78
TYL,104
YLF,80
VGY,150
GYG,252
YGH,67
HDT,57
TIY,54
IYE,73
YES,76
GGH,161
IRI,126
RIN,109
INA,177
QLW,51
LWF,40
WFA,72
FAR,351
RQG,282
QGN,90
NDL,146
DLE,258
LEI,208
EIR,208
RIL,374
ILG,345
LGT,423
GTD,218
LTV,457
TVH,123
VHD,110
HDW,19
DWY,21
WYR,35
RDA,616
DAD,415
ADH,131
DHR,58
HRV,158
RVE,278
EII,118
IIH,34
HAA,391
ANQ,103
NQA,134
VDQ,174
DQA,311
KLV,250
EAM,176
MAQ,170
AQY,101
QYP,48
YPD,101
PDP,210
DPG,212
PGA,646
APP,380
PPA,489
RVP,248
VPD,224
PDT,205
LMQ,123
MQS,57
QSL,239
LAV,1095
AVN,266
VNW,27
MRC,22
RCT,26
CTR,31
TRA,430
RAI,442
AIR,369
IRQ,152
RQT,141
QTA,187
TAR,418
RTG,342
TGW,68
GWL,244
WLT,93
LTW,71
TWL,127
WLA,415
LAI,558
AIL,563
AVT,487
VTA,523
TAP,358
PVT,268
TSP,162
SPA,406
PAW,170
AWA,233
WAD,77
ADD,317
DDP,200
DPP,89
PAT,414
ATV,520
TVY,110
YRY,71
DSR,160
SRP,238
RPP,158
PPE,188
PED,166
EDV,213
VFQ,112
FQN,45
QNG,68
NGF,87
GFT,181
FTA,214
TAW,82
AWG,129
WGN,19
GNN,55
NND,35
NDN,25
LDH,144
DHL,122
HLT,105
TGR,357
RSC,20
SCQ,13
CQV,19
QVG,224
SSN,78
SNS,70
NSA,114
SAF,249
AFV,331
FVS,167
VST,189
TSS,134
SSS,171
SRR,263
RRY,205
RYT,116
YTE,71
TEV,165
EVY,89
VYL,164
YLE,136
EHR,84
HRM,34
RMQ,77
MQE,77
EAE,364
AER,803
ERA,610
RGT,250
GTG,398
TGH,100
GHF,62
HFI,31
FIG,159
IGY,105
YIY,20
YEV,91
VRA,802
DNN,30
NNF,24
NFY,38
FYG,87
YGA,264
SSY,78
SYF,44
FEY,45
EYV,106
YVD,125
TYG,109
GDN,100
DNA,164
LAT,682
ATY,123
TYQ,75
YQS,49
QSE,74
SEY,68
EYL,160
AHR,216
HRR,106
RRI,363
RIP,197
IPP,137
PEN,67
ENI,74
NIR,63
IRR,235
RRV,447
RVT,321
VTR,298
TRV,246
RVY,121
VYH,31
YHN,11
HNG,43
GIT,242
GET,270
ETT,99
TTT,153
TEY,62
EYS,44
YSN,35
SNA,150
NAR,193
ARY,281
RYV,154
YVS,96
SQQ,105
QQT,61
QTR,151
RAN,180
ANP,226
PNP,88
NPY,43
PYT,70
YTS,78
TSR,170
RRS,208
RSV,266
SVA,549
ASI,272
SIV,167
GTL,606
LVR,631
VRM,131
RMA,250
MAP,127
PVI,216
IGA,582
GAC,108
ACM,35
CMA,32
MAR,294
QAE,384
AES,279
SSE,125
AAW,313
AWS,108
WSE,39
SER,184
AGE,607
AMV,212
MVL,152
VLV,737
LVY,158
VYY,49
YYE,49
ESI,139
IAY,133
AYS,153
MPA,208
PAP,647
PHR,74
HRL,211
LYP,129
YPR,84
PRS,173
RSL,422
LIC,35
ICL,37
CLA,136
QAL,1048
LAW,281
WAL,149
WAP,55
PAQ,372
QAS,285
ASQ,254
SQE,78
QEL,232
ELT,246
GKA,330
AVP,507
DVE,187
EVA,504
VAL,1162
ALD,846
DWR,91
WRW,24
RWL,207
RKR,192
KRV,204
RVL,738
VLT,407
TLG,495
GVY,166
VYA,240
YAP,177
APD,409
PDI,157
DIP,161
PPF,95
PFD,136
FDV,201
DVT,200
VTY,83
ERY,145
RYE,154
EGL,411
GLT,564
ADY,210
DYM,25
YMA,66
MAI,126
AII,212
IIA,243
IAH,196
AHN,59
HNL,77
NLG,207
LGM,254
GMQ,98
MQA,212
QAK,134
KVL,279
LRY,204
RYP,146
YPT,46
PTR,165
TRE,230
REQ,240
EQA,560
LES,274
SGQ,245
GQI,190
QID,124
DLI,289
TVN,123
VNG,231
NGT,125
TDG,190
RQQ,162
SLR,436
LRL,766
RLS,455
LSV,470
SVP,275
VPY,167
PYA,167
DHP,92
HPV,112
VIV,315
IVM,92
VMP,95
MPI,72
PIG,158
HVP,139
SNL,146
NLA,334
RLA,1363
VDI,183
DIN,76
INY,42
NYL,66
YLP,163
LPK,151
PKE,56
ETL,359
TLA,1011
AYP,162
YPQ,63
QAT,233
TLH,137
LHY,66
HYF,24
YFP,55
FPS,117
PSS,159
SEQ,124
VAY,245
YGQ,114
GQA,629
QAD,357
VFI,128
LTT,209
TTS,126
TSH,58
SHL,148
HLV,164
LVS,442
SQS,96
QSY,55
YFN,18
FND,72
DVR,316
VRV,455
RVV,503
PAH,186
AHI,110
HIA,140
IAT,292
ESF,77
SFG,180
GVR,511
DNT,60
NTR,91
TRL,410
RLL,998
LLR,906
LRV,555
VVN,237
VNA,248
LEA,668
EAI,339
AIP,233
PPS,159
SEH,54
HRS,73
LIY,78
IYR,111
YRW,29
RWG,74
LGS,428
SIS,158
ISL,245
LDF,205
DFA,250
FAH,114
AHP,215
HPA,161
PAY,165
EQQ,93
QQW,36
QWM,18
WMA,55
VVK,170
KVA,285
LFA,449
FAP,255
APF,200
PFT,99
FTL,235
TLF,224
LFR,186
FRT,74
RTD,143
TDE,150
DEQ,115
GIS,275
ISA,286
VLQ,293
QLL,418
LLQ,411
QLR,359
LRT,363
TGL,471
FEI,76
VEE,178
EEL,283
ELI,253
IAK,139
AKL,318
KLR,233
LRS,328
RSG,319
SGE,244
ADM,173
MAG,293
ALF,471
LFV,274
FVN,79
SFL,142
LSF,204
FSR,163
RPY,127
PYV,111
YVR,122
RNG,186
NGM,60
GMV,205
MVI,53
IVT,208
QDP,112
DPD,223
PDA,530
PVD,232
HLD,127
GRT,316
RTV,277
TVA,556
ALV,1183
RNS,89
PLL,587
LQR,403
DNP,95
NPS,100
AML,470
MLM,54
LMV,159
MVA,210
VAN,205
NGQ,95
ADA,1042
DAV,644
TQI,87
QIS,101
SAS,384
ASY,161
SYY,44
YYV,46
YVN,65
VNR,142
NRY,78
RYF,93
YFA,101
FAG,340
GKL,384
LRI,330
LDL,636
DLP,397
LPP,429
PAE,426
ATT,256
TTR,162
QTE,91
ELM,124
LMS,125
MSI,88
SIL,207
ILN,95
LNK,79
NKA,73
KAL,445
ALY,323
LYS,104
YSI,53
ISN,84
SND,64
NDE,66
SII,90
IIS,84
ISR,245
WRG,120
GDP,229
DPR,316
PRT,166
RTW,63
TWY,28
WYA,51
YAY,81
AYR,217
YRN,80
RNE,100
NEI,68
IYL,90
YLL,226
LLI,385
GLL,1013
LFL,303
LSW,76
SWI,36
WIV,58
IVY,59
RQI,148
QIR,127
RQR,344
QRK,96
KRA,199
RAE,489
NDQ,44
QLE,263
LEF,128
EFM,51
FMR,60
MRV,119
LID,379
DGT,286
GTP,388
TPN,72
NPI,54
PIY,54
IYV,76
VRD,376
DKE,52
KEG,110
EGR,329
GRM,139
RML,254
MLL,272
LLC,102
LCN,34
CND,13
NDA,165
DAY,189
AYL,345
YLD,197
DTF,95
TFG,149
VLG,792
GKT,313
KTI,74
TIP,101
IPE,120
EAN,110
VGD,323
DPA,657
REM,110
EMH,28
MHE,33
HEF,39
EFL,163
FLL,256
ERE,244
REP,166
EPR,169
PRF,123
RFE,173
FED,93
EDR,117
DRD,173
RDV,277
VTL,507
HGR,167
TRH,99
HVY,43
VYQ,64
YQW,14
QWT,27
WTI,25
IPY,88
PYG,124
GEL,546
ELK,169
LKG,197
KGI,98
GII,158
GGW,151
GWI,62
WID,46
DIT,135
ITE,130
TER,139
ELL,586
RKL,340
KLH,64
LHD,153
HDA,150
DAK,155
KES,53
ESA,271
ANR,231
RAK,236
AKT,123
KTT,116
TFL,172
ATM,122
TMS,50
MSH,35
SHE,47
HEI,55
IRT,147
RTP,218
TPM,84
PMN,18
MNA,115
NAI,178
IGM,127
GML,271
MLE,161
LRP,389
RPT,172
PTD,112
TDQ,84
DQE,62
QEP,82
EPD,138
PDR,182
DRQ,119
RQS,139
QSI,111
SIQ,78
IQV,99
LLE,580
GDI,237
ILD,223
LDI,266
AKI,96
KIE,75
GKF,83
KFD,69
FDL,231
LAP,856
PVR,329
VRT,311
RTA,351
TAL,697
ALR,1428
VLP,451
LPE,428
PEG,258
GAI,518
IRV,159
RVF,185
VFD,226
FDG,206
RQK,63
IEL,269
ELV,456
LVL,903
LKT,165
KTD,62
TDI,183
DIV,266
VGV,468
VDD,245
IDP,209
DPL,258
PLR,404
LRM,154
RMK,52
MKQ,50
KQV,96
NLV,185
VGN,153
AIK,154
IKF,34
KFT,34
TEG,146
GQV,333
QVV,272
ARP,489
RPD,317
PDG,477
AAH,443
AHV,170
VQF,112
QFS,76
SVS,233
SDT,124
TGC,41
GCG,134
CGI,48
ISE,112
DQR,109
QRQ,202
RQL,485
QLF,131
LFK,116
FKP,65
KPF,89
PFS,124
FSQ,75
SQV,143
SAE,266
AEA,900
AGP,477
GPA,524
PGT,264
GLS,668
LSI,202
RRL,792
MGG,182
LVM,167
VMR,158
MRS,96
SAP,376
GTT,249
TTV,209
VSV,370
DLR,469
RLT,491
LTM,108
TMV,69
MVE,119
EKS,75
SVQ,182
VQA,573
QAA,1098
AAT,894
ATA,738
ATP,469
TPS,161
PSK,56
SKP,88
KPQ,73
PQV,197
QVS,182
VSL,442
LVV,679
VVD,439
DDH,79
DHK,19
HKP,31
KPN,35
NLM,63
LML,272
QQL,264
YLG,232
LGQ,394
QRV,326
RVI,248
ADS,297
ALW,199
LWR,139
WRE,97
EHA,206
HAF,87
AFD,239
VVI,276
TDC,19
DCN,10
CNM,6
NMP,43
MPG,167
PGI,210
ISG,245
YEL,117
IRA,394
PGY,147
YGR,142
TRC,28
RCI,21
CIL,31
ILF,141
FGF,123
TAS,290
SAQ,296
AQM,109
QMD,36
DEA,507
EAQ,226
QRC,34
RCR,38
CRA,69
GMD,103
MDD,66
DDC,24
DCL,58
CLF,21
KPI,84
LNE,154
NEA,146
VAR,901
ALP,869
LPT,224
PTP,180
TPP,214
PSP,166
SPQ,138
ATD,259
DAT,289
TPT,176
PTA,278
TAF,199
AFS,267
FSA,235
LTQ,273
TQN,34
QND,37
EAL,870
ALI,666
LIR,238
LEE,279
EEV,213
VIR,178
RTN,65
TNR,66
DVD,241
QLQ,183
QKL,142
LHQ,98
HQQ,33
QQA,316
ADW,144
DWP,68
WPK,18
PKV,119
KVS,113
MAH,79
AKA,463
KAM,79
MID,81
IDT,186
TVL,471
LEK,196
EKK,49
KKA,137
KAQ,116
AQG,624
QGQ,176
GPS,179
SPE,192
PEI,179
EID,213
RTL,516
AQS,257
QSA,248
ETQ,72
TQL,204
LRA,1290
RAW,175
AWL,366
WLE,95
LEQ,346
QRP,180
RPH,112
PHQ,76
HQD,35
QDQ,57
MNM,16
NMS,36
IVK,98
VKA,293
APL,737
RTT,143
TTL,303
LAM,325
DWN,34
WNN,14
NNQ,28
NQS,39
VKT,106
RQH,87
HGI,128
IHI,44
HIQ,29
IQG,119
QGS,149
SDP,147
PGG,458
GGV,587
ASG,722
SGT,273
TIK,83
IKV,120
QAQ,377
QGI,209
ILL,405
LEN,172
ENP,80
NPA,244
ELQ,199
LQF,91
FRN,72
NGS,167
GSV,393
SSG,277
LSD,327
GIR,241
RRF,236
RFL,297
FLG,257
TVT,260
VTV,389
KAG,352
LVA,1121
VAD,571
DHA,174
HAT,112
NVG,145
DTW,44
TWD,31
WDD,41
DDD,151
LYV,177
YVA,227
GEQ,196
IAD,343
DST,89
STL,380
TLQ,259
VQI,97
QIE,141
IER,321
ERG,404
NVT,93
TVQ,169
VQR,262
QRS,139
SAI,272
AIV,571
IVD,256
VDG,460
GLH,163
LHI,124
HIG,83
LQS,181
SLQ,193
LQP,197
QPE,126
EDL,245
PSR,157
SRV,276
LRD,629
DTN,49
TNV,74
SVL,416
SEL,272
TLD,388
GHI,119
HIT,44
GGR,501
AAM,493
AMQ,186
MQG,88
VVH,123
VHL,160
HLQ,69
RAT,404
ATI,242
RRG,469
RGD,279
VPG,376
FGP,176
GPV,338
PVL,507
DGW,88
GWY,37
WYG,51
DVS,212
SGS,324
SVE,185
IVE,268
EAP,255
PEL,378
VGR,388
GSL,465
PHG,111
HGN,55
GNV,185
VIE,271
IET,196
ETG,275
RFA,306
APQ,312
PLS,293
ITL,226
HAQ,151
QGK,126
LLY,217
YRV,129
PEP,208
EPV,290
PVK,120
VKL,200
KLT,143
TLT,384
ATE,250
ELP,300
LPS,307
PSI,115
SIP,141
IPG,205
TSI,124
SIG,215
IGP,215
GPL,363
PLD,276
SQA,270
ARW,168
RWT,43
WTG,50
GAT,640
ATR,468
RAV,683
VDS,207
SID,167
IDN,89
ATW,84
TWV,45
WVM,19
VMT,94
MTD,98
TDN,107
DNS,38
NSN,41
ASD,292
DGS,287
DFQ,73
FQQ,55
QPA,353
GRF,264
RFK,72
FKV,76
VNT,148
GLF,293
FRM,30
RMN,46
MNV,43
NVF,64
VFA,337
FAD,228
SDK,52
VVM,138
VMQ,86
MQD,67
DAS,357
GQH,87
QHR,97
RLW,96
LWV,82
NSG,119
GSE,154
SEP,137
EPA,447
SAN,144
TLL,683
LLL,1090
LLV,834
QTP,90
PLG,371
ATF,188
TFT,107
ANK,72
NKD,35
KDG,156
DGK,270
GKV,301
KVD,130
DIG,227
GTY,99
TYR,88
RYR,177
YRL,222
NGN,58
GNG,193
GQW,93
QWS,43
WSL,78
SLV,386
KAP,119
APK,143
PKP,114
KPA,240
PQP,175
QPG,299
PGP,263
QPP,120
PPQ,108
QPQ,106
GRE,259
REL,594
ELS,296
NTG,133
VGL,656
AST,343
TLW,66
LWY,29
YAE,181
ESN,44
SKR,83
KRL,288
RLG,809
ELR,457
LNP,186
NPD,155
GAW,189
WGR,73
RGF,201
FAQ,183
LDN,149
DNR,79
GRR,449
RFD,207
FDQ,94
DQK,31
QKV,77
AGF,458
GFE,175
GRW,104
RWH,27
WHL,34
HLG,185
GYT,212
YTR,93
GDR,268
DRG,191
FTG,167
HTD,80
TDS,134
SVH,76
VHV,135
HVG,116
GGY,233
YAT,161
TYI,43
YIA,99
GFY,92
FYL,90
TLR,519
RAS,423
END,51
NDF,51
DFK,64
DGY,185
VKG,175
KGK,117
GKY,70
KYR,62
YRT,90
RTH,75
THG,113
HGV,201
SLE,225
RFT,177
FTH,52
THA,142
GWF,65
WFL,39
FLE,143
LEP,316
EPQ,94
VFR,147
FRA,226
GAY,235
YRA,209
RVR,498
RDE,231
GRL,705
GLE,416
EVG,270
KRI,133
RIE,310
QVQ,151
VQP,159
QPY,63
PYI,58
YIK,31
LQE,216
QEF,59
EFD,137
VHT,81
HTN,25
TNG,129
HRT,51
GTR,295
RGH,122
GHS,82
HSL,112
SLY,143
LYA,334
YAS,196
SYE,68
YEY,39
YSK,36
SKG,102
KGP,67
GPK,59
PKL,125
AMP,182
MPW,23
PWT,33
WTF,28
TFH,40
FHA,115
GYR,184
RYS,99
MLS,127
LVK,241
KAT,118
KEH,31
EHG,182
HGE,105
RHF,82
HFY,19
FYT,49
TRM,90
MLG,274
GGN,240
GNP,153
NPE,119
LFN,109
FNQ,32
NQG,52
QGH,70
GHQ,67
QSG,202
QQQ,128
AAY,397
AYA,478
AEH,228
EHI,78
HID,141
IDD,213
DPS,160
PSV,201
VVE,391
AHK,71
HKH,54
KHV,33
HVS,90
EHY,43
YAI,130
GKH,62
KHL,70
HLL,227
SIR,141
IRE,194
REV,310
EVL,427
IDA,489
DAW,115
WAA,208
IGR,347
SRD,169
GWT,87
GWR,162
WRA,191
RAF,336
AFK,102
VVR,451
RKT,114
KTP,92
TPE,280
PES,154
EIT,135
ITS,119
TSF,86
SFY,52
PAD,525
TPD,224
PDY,100
LPG,625
PGQ,245
GQY,84
QYV,51
SVR,321
VYV,146
YVP,113
VPE,248
GLM,211
MQP,80
QPR,132
PRQ,137
RQY,76
QYS,43
YSL,121
LSE,315
PGM,188
GMP,185
RIS,182
ISV,205
SVK,120
VKR,168
KRE,89
REA,615
GSP,231
MVS,99
LHN,66
HNR,54
NRI,114
INE,79
NEG,84
GDV,390
VSP,243
SPP,122
PQG,203
GDF,153
DFT,122
AED,244
GRP,380
RPV,290
LTP,364
PMV,90
VSM,101
SML,132
MLN,68
LNH,66
NHL,58
IRF,90
FVH,58
HAC,46
ACR,118
CRE,47
HAM,79
AMK,122
MKE,42
HIN,27
AAK,425
AKR,228
KRP,95
RPN,72
PNV,102
YER,141
DRR,213
DYD,97
YDY,43
DYE,80
DLH,119
DEV,325
VIL,255
ILP,224
LPD,469
YYL,74
YLC,26
LCG,116
CGP,48
PLP,397
LPF,231
PFM,35
FMQ,52
HRI,85
HAE,171
AEV,518
EVF,133
FGT,160
MTL,160
LFP,168
FPI,54
PIF,61
IFA,142
AVR,746
KTQ,51
EVV,357
VVV,597
APR,506
PRL,418
LDP,391
LAE,1026
AEQ,368
EQG,237
ARL,1503
FEP,130
WLV,121
DRA,404
VSE,229
RAR,834
VFC,31
FCN,14
CNV,18
LSS,281
SSF,105
SFQ,58
FQV,72
QVP,149
DRS,124
RSP,163
SPL,221
PLI,249
LIV,391
VAI,443
AIS,312
ISS,134
SGV,363
RLR,831
LRE,779
IES,150
ESL,269
FDH,45
DHS,29
YRP,159
RPR,205
PRI,189
PDL,358
RFY,73
FYD,58
YDW,23
DWL,151
WLL,218
DGP,210
EQE,100
PRG,242
PGD,345
TLK,182
LKA,380
DII,100
IIL,129
ILY,78
LYD,152
YDR,106
SEG,131
RRD,346
VPV,452
PVG,325
KLP,161
PGK,174
KGH,51
ARI,586
HAL,388
VRL,530
RLK,209
DAF,220
AFI,164
FIF,39
IFG,139
LEY,86
PYE,64
VVP,370
ITA,245
LAC,229
ACA,281
CAA,239
YAG,303
MPL,146
LTH,122
THR,72
HRD,86
RDH,92
QSV,161
RMV,119
MVT,83
TAH,101
AHC,39
HCR,19
QDT,100
LDW,125
DWA,100
RDQ,150
DQQ,74
QTL,298
LAF,409
AFY,119
FYM,15
YMG,33
MGV,169
DYV,160
YVT,91
TPF,96
PFA,223
FAL,424
LIE,339
ENG,147
RPE,225
PEQ,195
TGT,274
VRP,260
LVI,286
IGE,184
LQW,75
QWF,26
QHQ,28
HQR,61
GLP,688
LNV,206
KRM,63
QSD,70
LHT,126
HTL,144
RPM,62
PML,166
MLD,195
HVI,69
IGS,226
PAR,578
RII,172
IIV,136
IVV,326
VGH,130
GHG,202
HGA,288
DRV,318
AAF,600
AFE,258
FEG,142
QFA,142
LQQ,238
PQH,60
GHA,281
VPQ,147
PQL,205
EDD,127
VLY,189
DVP,267
VPL,430
PLV,419
LQN,93
QNL,108
LTE,322
STG,209
TGY,123
IVR,268
QVC,68
VCR,51
CRI,28
VEH,117
EHK,37
HKD,25
KDA,173
IKE,80
KEV,98
EVN,83
APT,302
LKD,220
KDW,20
WLG,233
ITN,63
TND,57
NAQ,119
GEY,122
EYY,33
YLT,138
TDV,203
AQP,341
ASW,86
SWE,34
WET,30
GVN,181
NSR,82
RVQ,216
AWQ,113
WQS,36
ADP,420
ARF,388
LSC,60
SCG,46
CGR,49
FID,121
IDV,226
DVG,231
VGC,62
GCV,63
CVF,22
VFE,165
EGT,151
VGP,270
GPH,84
PHC,22
HCV,24
CVL,100
EAY,137
YSH,33
KVG,172
GQE,117
GPY,85
RPG,483
ERS,166
RSH,88
SHV,84
GNF,84
NFV,67
EIK,110
IKN,40
KNS,29
NSV,67
DSK,58
SKA,171
KAN,79
ANH,46
HLA,331
LAY,305
AYI,98
RVN,123
VNV,178
GTI,229
TIT,133
ITC,17
TCN,11
CNY,7
NYD,40
VNK,55
NKH,14
KHR,78
IED,171
DTQ,85
KGA,218
LTK,132
TKD,45
LTI,201
TIS,125
SRA,408
QST,79
STI,115
TIE,151
IEG,224
EGW,50
GWK,36
WKR,34
VKK,81
MIF,44
IFT,82
GTA,492
TAN,142
VNH,39
LDM,136
DMS,54
GKM,49
KMT,22
MTV,102
YSD,66
EVM,96
VMV,137
EIN,73
NEN,47
RGK,183
GKD,153
FVL,300
QPT,78
PTC,20
TCA,58
CAP,73
PTN,39
LME,100
EIM,50
IMV,63
MVM,49
MVD,113
PYF,41
YFG,95
FGY,78
SAK,131
ANM,61
NML,69
MLQ,115
TMD,54
MDL,81
DQI,106
QIQ,62
QGF,119
FFD,77
FDI,106
VDN,106
DNI,55
NIY,46
IYA,132
GPI,139
PIL,193
DIW,33
IWR,48
WRR,141
RRN,146
RNF,85
NFS,51
FSN,51
AKQ,139
IID,120
IDK,94
DKR,95
KRR,125
PRA,419
NVS,114
SEV,146
VMN,47
NII,52
RTC,25
TCI,13
CII,15
IIM,37
IMD,47
DDM,67
DMV,120
DTA,325
TAG,465
TLC,66
LCK,14
CKA,29
ALK,345
KDR,66
AVY,188
AYC,33
YCT,24
CTH,16
THP,63
AIE,403
LDE,495
TDT,137
QAC,117
ACG,146
CGK,49
GKI,152
KIR,96
SCA,62
ETI,141
TIL,170
NAE,142
ESV,193
VSS,235
MYL,52
RFR,172
FRQ,95
RQC,31
QCP,15
CPS,39
LQI,114
QIP,67
IPR,91
SAW,104
AWR,245
WRL,133
RLH,210
QAP,325
PPV,177
PHA,180
QEG,142
EGE,221
GEF,157
RDN,94
TLI,280
IAV,418
VGI,279
GIN,113
INL,125
NLD,181
LDD,376
PDE,220
ETA,319
PPT,113
PTL,309
KDI,83
DIH,86
HIS,50
HKN,13
KNP,58
NPM,29
PMS,75
MSK,77
PAI,306
AIG,564
RVS,273
PAV,494
VRR,525
ELD,348
EGM,93
GME,89
MEP,42
EPM,62
PMT,63
SDA,322
LGP,369
GSI,250
DMD,73
MDM,22
DMG,96
MGP,74
PGF,205
GFP,121
FPP,87
PPP,234
PPL,257
HPP,55
AVH,182
GQD,149
QDG,155
KVT,120
HGP,95
TGV,343
AYM,53
YMP,30
PGS,285
SEI,140
PPG,316
STD,138
NTD,72
TDA,313
TAK,127
AQH,105
HGG,205
TRI,201
EGI,178
LGF,341
PQS,103
VDM,113
DMQ,57
ITT,96
TTG,206
GNR,156
DTP,232
PLK,107
LKL,269
KLM,85
LMP,132
SST,156
TAQ,240
QQH,35
QHS,38
GNK,47
NKP,60
KPL,190
AWH,55
WHG,50
TQV,135
GTW,61
WVV,67
VQD,134
QDM,44
MSM,46
SMR,101
MRG,125
VEF,143
EFQ,51
FQA,161
SYK,31
YKT,32
KTL,204
LQT,177
LNT,139
NTN,49
NVA,245
DGQ,288
SRG,237
HTQ,32
TQG,123
TFR,96
TWR,50
WRY,45
EDP,110
DPK,111
PKT,64
KTH,28
THV,77
HVW,15
GPW,62
PWA,61
WAR,105
RTF,122
TFS,92
FSE,104
QQI,86
SNR,93
NRH,65
RHA,302
HAR,356
YDQ,67
DQT,92
QTV,172
EIG,210
RGW,109
GWS,90
WSA,99
RWY,32
LGY,292
YTY,36
TYA,152
DRT,140
RTY,75
TYP,82
YPG,134
GGK,277
KVK,84
LHV,148
AYV,200
YVG,155
GYY,84
QQY,50
QYN,16
YNI,34
NIA,141
DYR,125
RTS,117
LPN,143
PND,64
FAE,215
VML,215
MLW,31
WRT,59
SGK,240
KRY,65
SNG,114
NTA,150
TAT,337
LRF,223
RFG,261
GNI,137
NIV,104
IVQ,152
LGW,186
WTQ,28
TQE,62
EFK,49
FKS,45
KST,152
GIG,475
IGH,111
GRH,151
RHG,238
GHN,39
NLY,80
EYA,149
INI,71
NIP,74
IPW,23
PWS,35
WSF,30
SFH,47
ATN,111
NRF,62
FRP,107
FAV,292
AAC,251
CAQ,62
LLP,631
RDL,452
DLN,133
RKE,108
KEQ,51
QRD,172
RDI,203
DIE,193
TRP,200
PVE,196
ELN,155
NPQ,83
RKP,118
KPD,100
ATS,300
SGH,128
HTV,97
DLD,320
DFG,140
GVE,299
VEG,322
RLF,275
FDP,178
QDY,52
YLN,73
NRP,115
RPL,409
NEQ,51
RGY,175
VTF,114
FVP,155
VPP,229
KLK,121
LKV,211
KVE,121
VEW,46
EWG,48
RIK,110
IKG,105
KGW,36
WLI,61
GKP,311
PLE,186
TRD,203
DRM,94
RMM,51
MMV,51
MVF,77
VFS,173
PGW,75
GWQ,86
WQD,53
QDK,67
DKV,155
IDQ,108
QAI,357
AIY,113
IYN,30
NIN,47
INN,53
NNG,55
NGG,156
NIT,65
ITI,118
TIV,186
IVP,205
DEY,103
GYS,125
YSY,33
SYL,134
LPR,424
PRV,264
MDN,23
NGR,175
RYK,49
YKY,13
YNA,72
GLN,223
GLY,214
LYI,68
RYY,57
YYR,52
AGH,305
ERN,96
RNY,60
YDL,143
DLM,95
LMY,40
MYS,35
YSV,112
YST,79
STY,73
RNL,205
LLK,296
KTR,97
TRY,105
RYG,261
QYQ,48
GNS,87
GLK,263
DTR,171
TRS,166
RSQ,121
SQF,69
SVY,111
VYG,178
RQN,41
QNK,22
NKN,25
KNY,25
SSK,67
SKH,27
KHY,19
HYS,28
SDV,166
VGM,167
MQY,28
STQ,78
TQR,121
NAY,78
FGD,161
GDL,459
SFT,137
FTR,180
VNN,81
NGK,146
KYA,60
YDE,76
DER,256
RGP,163
VSR,346
SRF,141
FNG,70
AWT,99
WTR,48
RYM,51
PIQ,55
IQW,10
QWA,70
WAS,73
QLG,353
GFQ,77
FQY,27
YSR,81
SRQ,156
LLN,279
LNS,132
NSY,28
SYQ,50
YQI,35
QIT,89
EYT,56
YTV,91
GYN,57
YNL,83
NLR,179
TSQ,84
YLS,142
SNT,74
PVQ,163
KQA,161
PFV,174
FVG,231
KSN,43
NHP,49
HPD,199
DAR,526
RTI,157
IRM,68
VRF,174
LPY,169
ARM,230
RMS,88
MSF,51
FTY,40
TYS,59
KPV,214
PVW,69
VWL,128
WLY,56
YIN,25
MSP,66
SPT,126
NRL,209
LNA,346
QHL,115
LDQ,240
WLR,209
RGC,49
CVA,131
LDS,275
REI,257
EIE,213
IEP,175
FVA,420
VAC,120
ACP,74
CPG,42
QFM,37
FMD,37
MDQ,41
LYE,157
YET,73
ETE,115
LPV,488
VAQ,502
DEW,42
EWY,19
PSQ,106
SQD,93
KTS,68
TSC,11
SCT,26
CTQ,16
TQW,23
QWL,131
AQV,466
MGK,69
KPC,10
PCG,42
CGS,69
GQS,174
TTP,169
TMH,23
MHR,52
RMR,125
MRA,246
IGI,256
IEQ,186
QGR,322
DHI,55
HIR,91
FTN,47
TNL,102
NLT,148
DYH,35
YHG,53
GTM,110
TMQ,64
MQR,127
QRY,133
LFQ,106
FQW,22
QWP,31
WPD,57
SLP,369
LPA,944
DVH,105
HGQ,80
QVF,120
VFT,166
TLP,369
EVQ,127
QIV,136
QHN,21
HNI,24
NIS,78
GWP,87
WPL,91
LPQ,266
PQI,83
QIA,215
ISP,140
SPV,180
RLQ,324
VTP,257
TPV,251
PVP,237
PLQ,155
LQH,94
YAH,116
AHT,153
HTP,64
LVC,97
VCV,109
FGC,26
CGG,81
ERD,221
RDP,230
PEM,57
EMG,95
MGR,116
SDN,50
NPR,130
RSE,133
SES,120
ESP,96
PQD,129
QDI,124
QIL,163
GMR,176
QPD,145
IMQ,38
MQT,69
LWS,75
PDD,199
GHE,78
HET,44
ETY,45
YQD,59
GRK,181
RQW,66
LPH,140
ELF,195
GEN,95
ENF,58
NFD,56
DGH,117
HDY,40
VAH,209
MGT,82
WRS,57
TGS,321
GSN,107
TTK,53
TKE,46
KEM,38
EMI,49
MIS,62
AQW,96
QWQ,53
WQG,64
NFN,18
FNN,37
NNE,20
RHR,146
HRA,213
GMN,41
MNH,17
GEI,290
PTV,288
VTN,106
TNA,131
QRE,158
EHQ,71
HQE,38
FMH,15
MHT,35
AHE,157
HEN,27
NGA,278
AVI,408
VYP,87
EPY,48
AIW,60
IWD,25
WDK,28
DVY,103
VTQ,154
QAH,120
GTQ,150
TQC,14
QCG,45
CGV,80
TPA,494
IAC,73
CGL,111
PLH,138
HTC,15
CIA,58
MQH,38
HRQ,66
RQM,78
QMS,36
MSD,112
TYN,40
PDS,175
AID,421
RLP,479
MGE,102
DNG,149
NGP,68
PAM,174
AMH,66
HRE,66
GDY,149
LIT,191
AFG,381
RAC,107
CAS,84
VDE,278
ILI,154
LIK,136
KGS,119
RFM,50
MRM,55
RME,59
MER,85
SGN,144
APS,302
GDK,118
DKH,33
KHA,103
MEA,111
VNL,220
QWG,36
WGG,98
PFR,84
QRW,67
RWV,63
WVH,25
DSF,110
SFD,136
FDA,314
DAM,206
AMT,190
TDL,252
RDF,192
DFR,112
RAQ,414
RDC,40
DCV,62
CVI,40
NTE,63
TRK,100
RKW,62
KWL,90
WLF,67
TVF,159
FIP,69
LCI,48
CIS,17
SSQ,95
AGC,163
CVV,75
VNC,21
NCR,18
CRF,21
RFC,32
FCS,25
CST,27
HQG,97
GFN,85
FNR,76
NRN,56
LWW,19
WWA,25
WAK,28
EDT,99
VIS,165
VMM,45
MMG,60
MGM,51
GMG,233
GEP,315
EPL,291
LNY,58
DQV,184
RLM,176
DDN,42
VPM,101
PMM,31
MMD,25
MDR,83
LSQ,238
QDC,32
DCP,41
CPV,47
SLH,114
HAP,165
APN,112
LVP,354
PLN,115
NKK,26
KKY,34
KYP,41
YPL,124
ACE,89
CER,53
RYL,221
PRD,179
DFI,109
ITF,63
TFE,94
EYC,22
YCM,6
CML,22
IND,67
DTD,133
DQH,51
QHA,124
LIQ,150
IQL,94
QVR,306
VRC,63
RCK,10
CKL,19
KLN,94
NLI,130
LIP,211
IPF,92
PFN,49
FNP,65
FPA,209
LKR,239
KRS,89
SPS,156
PSA,374
MDA,133
GIV,369
VTT,189
CGQ,34
TRT,177
IPI,76
IQQ,45
QQV,170
QVH,76
MII,41
IDS,163
VGW,72
WFD,45
VAF,358
FDN,83
PRR,266
RPQ,183
PQR,184
GGC,67
GCD,49
CDI,23
DIR,184
IRW,26
QPL,270
AMG,242
MGL,215
NGY,91
RNP,172
PDQ,106
WAC,10
CMV,18
MVG,157
RQP,189
VHP,106
ASF,237
TIG,211
GPD,262
PDN,65
VFP,97
FPG,156
GLI,414
LIL,385
AMM,93
MMR,62
YGT,132
AHL,240
HLP,145
LPL,591
DYP,110
YPI,55
PID,110
DTH,73
THQ,34
VRQ,333
WPE,45
RQE,136
FGA,409
PTY,59
DSP,135
MTK,31
TKY,36
KYV,57
FVT,156
ILE,177
ESR,166
QVT,144
DPY,86
INV,81
NVD,116
VDP,273
SPF,93
PFQ,55
FQH,32
VTE,189
TED,104
ETD,130
LGH,220
GHY,55
HYE,43
RFI,160
FIS,91
MRK,87
RKV,160
KVN,58
NFT,52
TGQ,199
QIY,51
ERR,334
KTV,139
VQV,238
QVI,113
VIP,155
IPH,32
PHI,77
TNE,54
EIQ,76
IQD,66
QDF,89
DFV,230
AWN,48
WNG,40
PFL,147
GRN,177
RNN,42
KTK,43
TKP,54
KPT,76
PTQ,64
TQH,34
HSV,81
VQK,82
GIY,118
IYP,55
YPN,47
LCR,73
IPD,106
KIS,73
ISM,54
SMF,30
MFS,56
NVP,129
SVW,44
VWD,48
WDV,39
SIY,64
IYK,22
YKI,27
KIP,54
MLH,64
LHK,57
HKQ,19
KQG,97
QGV,290
IVC,58
VCE,34
CEA,66
LSM,136
SMW,10
MWD,14
WDN,21
EHP,85
HPQ,75
VTI,204
TES,114
ESY,63
YKS,49
IHT,51
HTR,69
SKV,105
VNI,97
IEY,68
YID,83
DSE,102
SED,83
EDI,144
ETR,182
DAI,356
ILV,316
FGK,112
KRG,148
EGK,142
IRY,74
REN,103
PYL,139
GIC,44
CLG,79
MQL,78
IEF,76
EFA,210
HVA,170
NST,48
STE,86
TEF,102
PHP,82
TEW,41
EWM,23
WMD,14
TMR,77
RCP,39
CPI,15
PIR,132
IRP,134
VNE,97
NER,79
ERH,107
HRH,43
HRY,49
NNV,76
VPR,217
LED,250
EDA,264
PTE,95
NLP,156
EMM,27
MME,35
MEL,101
PSH,47
SHP,81
HPW,28
PWF,41
WFV,47
QFH,31
FHP,50
HPE,141
PEF,118
FTS,69
TST,128
STP,178
TPR,208
GHP,141
HPL,166
PLF,203
FSS,123
SYI,41
YIR,45
HKA,50
MKV,41
KVF,102
YDK,41
DKD,74
KDC,10
DCD,29
CDL,43
YGS,134
GSQ,154
SQG,139
HAH,85
HDS,45
GVK,207
SWN,24
WNK,17
MML,59
DEN,67
EVH,81
HAN,73
ANI,126
NIK,44
AFA,604
HGF,79
VHY,43
HYG,68
PRE,186
RED,147
VIM,70
IMA,124
PKA,140
PGH,186
VRS,256
RST,131
VPH,80
HLI,82
DKS,56
KSG,151
LSY,147
ETN,47
TNF,32
FRE,111
REE,181
EET,117
TET,111
FGE,139
VLC,83
GFD,235
FDT,136
EMA,144
MAY,54
FEC,13
ECL,45
CLH,25
LHE,132
HEL,187
KLI,149
IAN,161
NMN,21
MNY,14
NYS,44
SNN,41
AEF,203
EFG,166
EYE,69
TGP,182
QAM,191
AMR,282
MRE,156
REC,23
CLT,39
TAI,254
AIQ,164
IQT,77
YAK,75
AKK,129
KKF,35
KFI,20
FIL,100
LTS,233
SQI,105
EQV,254
RAM,235
MMP,38
PWI,34
WIA,91
NKL,71
DKA,185
KAK,115
MKL,106
LPI,202
IQS,115
QSQ,56
VVY,143
PVF,163
VFN,81
VPT,223
TVV,334
TPH,62
PHY,24
HYP,47
YPS,66
PSM,55
SMH,29
MHG,56
WFE,39
GYL,225
VQL,225
RWI,53
RVH,122
VHI,45
DPV,249
GDH,67
DHD,51
QGL,404
PNG,131
LEC,36
PTG,205
TME,46
MEQ,54
EQT,109
QTI,106
TIA,306
WVI,38
TSA,286
TWP,28
WPP,34
VTH,118
THD,91
HDD,76
HVD,106
PKG,142
MFG,93
GHR,167
ERT,183
CGE,43
MST,97
STF,83
TFP,55
RVM,117
GKE,100
DRY,147
HQV,101
HVV,110
SMT,64
TDP,155
DPQ,186
QER,145
PHV,93
EDE,124
HVT,83
TMN,32
MNR,74
NRE,79
PTS,106
SPY,97
PYR,146
YRF,66
DTE,113
GYP,124
YPC,11
PCV,39
VIK,104
IKP,88
PVM,118
VMS,105
MSS,117
KGQ,76
IIR,94
IRS,137
YAQ,154
EGF,133
GFI,137
FIE,101
FDY,55
YEI,58
QFC,8
FCE,21
CEP,35
EPI,94
QVD,185
YVE,112
VES,184
ESW,40
SWQ,47
WQP,57
QPH,46
HPM,24
RSR,291
GIF,120
GDQ,112
QVW,29
VWF,28
WFS,28
SPR,216
PRP,226
PHD,63
LIS,208
ISQ,93
VQN,65
QNE,30
NEF,45
EFE,102
ELH,100
VIY,81
IRL,242
KPE,101
RRM,160
RGM,153
VLM,171
QRM,88
MRD,111
VFF,122
FFS,69
FST,124
WAE,65
QNA,86
YDI,57
LKK,138
KKL,193
DYT,61
TSE,99
YPK,36
GIW,49
IWI,27
IVL,370
VID,281
GNC,22
NCT,7
CTV,41
VSC,41
SCM,11
DLV,459
WMS,24
SSM,61
MTY,32
YQA,139
QHM,15
HMR,24
LNQ,115
VKP,115
IDR,225
QQD,76
QEH,37
EHF,64
HFG,89
KDL,172
DGM,120
MSR,127
EEW,16
EWK,24
WKA,40
KAE,216
TNK,31
NKI,34
KIL,107
TPI,150
GLC,91
LCV,82
CVR,44
VRI,252
RCH,12
CHS,14
HSQ,34
KRD,75
DEI,222
VPN,81
PNT,60
NTK,22
KED,42
KLS,176
SMG,114
LQY,68
QYL,116
GAF,298
AFT,226
FTV,131
WGA,122
MLR,223
MYN,6
YNK,29
NKV,76
LII,154
MEK,47
EKE,59
FEV,137
LKI,96
REK,106
IPN,56
IPK,49
RRC,48
RCL,69
CLN,30
GFV,266
FVC,31
VCK,14
CKH,5
KHE,27
HEV,84
VIN,102
AVM,249
VMA,236
TYF,45
PST,120
STT,154
SEM,50
EMR,90
NAK,83
KSD,66
SDS,125
QGM,92
MSN,52
SNK,34
DSM,55
MFL,62
NKT,44
TYK,32
KRN,40
NNL,83
MSA,207
EIL,268
REF,186
EFS,107
AEE,252
EEP,68
EPH,57
KAR,258
HAS,134
SRH,95
RHT,92
HTG,99
DDS,110
VHS,76
HSA,99
AQQ,304
RSD,114
ANN,77
VRE,454
AWY,53
WYV,23
NDP,98
DPC,13
PCP,33
CPL,38
GLW,94
LWH,37
GEH,107
YDP,120
DPH,86
PHF,46
PQQ,99
QQG,139
QGC,34
GCT,53
CTA,54
PEH,95
KNR,45
ISH,65
SHR,60
SKK,47
KKK,35
KKT,46
KDE,71
EKR,112
NPL,164
ARN,271
FTD,148
TDR,148
QLC,34
LCA,149
CAL,162
AIH,97
IHK,23
KEP,38
DHE,33
HEG,88
QRF,141
DGF,153
PPM,52
PMQ,50
KLW,29
LWD,48
WDR,48
MRL,190
YVL,211
FTP,139
DYG,103
VSK,126
AFH,77
FHH,24
HHD,32
VTM,74
TML,118
KHF,19
HFP,38
DSH,52
SHH,29
HHE,29
EIP,117
ILK,116
KDD,47
APY,153
YAW,45
GFS,223
RRW,97
WVS,31
VVF,255
FSD,96
MEG,74
CDM,13
CRP,33
QHP,80
FAA,630
PDW,79
DWD,50
WDT,33
SRY,122
RYQ,84
YQH,31
IVS,206
MPE,118
EVE,224
VET,187
RGI,281
MRW,24
RWP,64
WPI,30
PIP,95
ECG,54
KYL,82
DHG,105
IVH,80
MSG,133
PRK,65
RKH,47
KHD,25
HDH,49
VDW,56
DWV,62
WVF,30
HDP,88
VLW,97
WHP,31
PIA,258
EPF,102
WLH,91
HAY,88
YFR,75
IKQ,63
ARC,92
RCD,35
CDR,34
RDY,124
VYE,104
LPC,52
PCR,32
CRV,54
RVC,43
VCG,89
CGT,60
YFC,9
FCP,18
PSC,25
CQK,5
RGN,114
NPT,81
VEC,28
ECD,20
CDV,49
DKG,93
KGR,145
NLN,82
QEQ,86
QTF,58
NAM,74
ASM,147
SMA,156
MAV,204
DES,134
GPM,109
SMP,66
MPV,115
MMN,18
ING,128
NNT,44
LMI,87
MIL,58
SFR,94
LRW,104
VFH,67
FHM,7
HML,45
MLK,86
LIH,88
IHD,52
HDQ,41
DQG,161
STA,273
ASH,143
HEA,124
QLI,172
KAI,169
YEP,69
LDC,64
DCA,55
EFY,47
FYR,82
KYT,35
YTL,170
FAN,104
ANL,307
TWC,7
WCD,9
CDK,9
DKY,34
ISI,120
SIE,137
MAE,210
AEN,138
WDG,53
WKL,34
KLL,323
GKK,102
KKV,77
KVQ,59
GIQ,124
IQK,43
NSI,57
IKI,58
KIN,40
INQ,47
NQI,51
QIG,146
ETF,88
TFA,197
IEM,39
MAK,91
YTA,147
VSH,108
EDS,90
MQI,38
QIK,68
IKT,80
SDR,153
AKY,86
YNQ,31
IEE,137
EEE,92
SYP,63
EAF,224
FYN,34
IPS,82
ESE,133
IRK,107
TRN,113
RNR,129
EAH,104
LKN,101
DTC,22
EQI,148
LPM,117
PMD,36
GIM,77
IMT,57
MTT,102
TTD,104
PKI,44
KIH,21
IHS,45
HSR,59
GMI,88
MIR,72
PNM,25
NMA,67
MAT,156
GFL,268
IAQ,324
VSF,148
SFN,63
DTS,134
SFI,66
AQK,113
QKI,51
KIV,100
TKF,28
KFM,15
FMT,38
MTI,51
EEA,299
GNT,136
TEE,125
AHS,97
HSP,63
AFF,144
FFA,126
DPN,87
LWL,179
DYQ,57
YQE,53
VMK,44
VYT,111
YTC,8
TCD,18
CDF,19
FSH,42
TIN,79
VQE,152
ADK,201
DKI,83
FSW,42
ISD,117
GHL,167
HLN,43
HPS,61
RIQ,153
QEE,79
AYY,98
YYT,25
TRF,143
RMH,45
MHH,17
HHM,16
HMD,20
DQC,15
QCA,38
RIY,98
PTT,122
VHG,169
FLD,184
HGL,274
SRT,185
EGH,56
GHC,31
HCP,19
CPQ,30
TIF,71
TSV,168
KMR,45
DKF,55
KFE,43
FER,246
ITQ,86
TQD,88
KVM,55
RNT,102
NTI,65
FME,37
ILQ,139
QSS,91
MDK,40
EVT,158
AKN,76
ILC,35
TAE,277
LGN,197
NLE,130
KTM,36
GCA,132
CAI,52
HIK,29
IEI,141
IEH,85
TDM,62
LLM,225
LMA,321
IKM,17
KMG,38
MGA,250
RHD,98
GTF,146
FLC,42
CAV,99
DTM,53
TMG,76
DWI,44
WIR,32
THE,57
EYP,53
FAT,203
QLM,84
NIF,44
IFE,68
FEN,56
YMH,9
MHV,42
ELC,55
CRL,72
TVM,90
IYH,17
YHL,48
MEV,58
EVK,116
IQR,201
MKG,50
KGN,63
NIW,22
IWT,29
DVQ,186
GCC,14
CCA,23
RFW,45
FWF,24
NRG,120
RIM,71
MAM,68
ERC,44
GNH,43
NHD,26
HDL,145
LHL,196
KPS,93
IDW,53
AHY,80
YEA,172
HLM,54
MVH,35
AKW,46
KWD,15
VEQ,252
GPN,104
PNW,24
NWR,37
WRK,41
QKM,24
KMY,6
MYG,33
YGN,64
GNE,84
NEP,55
TWK,15
WKD,31
DHT,51
VII,109
IIN,74
RLC,86
LCT,42
CTP,31
GHM,31
HME,18
MEF,56
TKV,89
AWP,125
VPW,42
PNR,81
FGH,82
GHW,33
HWS,16
WST,29
LMR,181
MRP,99
VIC,25
CLD,55
CVW,9
VWG,66
HDR,86
DRK,81
QVK,87
VKC,17
KCK,8
CKR,12
KRF,96
RFQ,88
MDS,50
TTH,46
GPR,222
LFI,140
SMD,63
MDG,89
PMP,95
ANE,102
VRH,135
HRP,117
NAP,190
ADF,260
FRS,116
PFH,58
PPR,178
PAN,170
AWC,37
WCQ,5
CQR,27
QRH,87
PYD,97
YDA,224
EHL,127
EPW,42
PPK,53
PKS,73
FNL,112
QAF,233
NPG,168
YCL,24
CLQ,32
QWV,54
WVE,60
FAW,66
ACL,160
HQI,34
SHG,114
VKS,117
AEY,175
EYN,60
ACV,120
VGE,324
AYH,46
YHY,26
NRD,84
KKI,71
HGM,51
PGN,131
NVC,18
VCT,49
SLK,149
ERK,95
QVE,199
MGS,96
GSF,153
FIV,127
LRH,237
PAK,209
KKD,41
KDK,67
TFD,108
LKP,182
DEM,52
EMK,25
MKY,21
KYD,29
YDM,31
DMC,10
MCG,23
CGA,132
CEN,8
KPG,201
SMS,57
LCD,47
CDA,92
LTY,105
NVN,60
FSK,62
SKD,73
AYQ,120
NFA,94
GPP,127
ACF,35
CFL,27
FTK,31
TKA,118
KAY,92
YPW,20
WAH,25
MES,42
KNE,36
NES,66
DEF,121
FET,101
DEE,110
AEK,190
KIT,58
IDY,96
DYI,76
INS,50
NSH,18
HGK,77
PGC,54
GCI,45
HGD,126
KEL,145
AKF,78
KFQ,29
KEA,161
RMP,99
MPM,43
MSW,29
SWR,65
TLN,190
ESD,99
YVI,70
MLI,107
FEH,51
KRH,45
RHP,152
FEE,94
RKS,83
KSF,59
FHI,33
EDY,72
IYT,59
FIR,71
AFR,258
MDV,79
RIC,41
ICS,22
CSS,26
SSP,136
PLM,102
MQF,40
ENC,21
NCV,29
EKY,46
YLW,32
RHL,202
RLI,325
ILT,200
DRP,167
PRW,55
WRH,37
RHI,122
IIY,43
IYD,70
PYN,32
YNR,36
QTD,84
WRN,39
RNW,35
ELY,110
YRS,99
YDF,56
GPF,122
DKK,47
KKS,54
FDW,31
DWH,33
QNP,45
NYC,6
YCK,4
LTN,113
IYS,51
YYM,8
YMR,37
ENH,28
NHY,28
HYL,60
RYC,16
YCQ,10
CQW,9
WVA,130
DPE,204
ESH,55
SHS,62
HSY,27
YLV,166
QHT,34
HTM,20
FMF,21
FRC,16
CRK,19
SQP,144
PAC,72
ACC,28
CCD,5
PFI,100
FIH,28
RHK,42
HKY,12
KYE,26
FHD,60
AWI,99
WIT,50
ITR,171
RFF,75
FQM,18
QME,39
MEN,40
ENT,55
TKL,103
EYF,64
YFH,27
QEI,113
TQQ,88
QQN,37
QNS,66
NSL,132
LYK,66
YKG,100
LIN,126
EKV,96
KVH,25
TNS,55
NSE,34
CRY,13
FQL,77
RPF,113
SHA,153
ACI,62
CIN,16
INP,89
PIH,36
IAW,74
GSY,99
SYR,91
YRI,78
NYA,80
IDH,71
EIF,86
LSH,165
TNP,86
GFC,37
FCC,5
CCY,6
CYR,11
NSQ,77
TEH,60
HYR,68
MDI,44
IHR,57
RFH,49
FHG,63
KYG,76
MTE,86
SFA,231
NPV,106
IGK,139
QGT,125
ETM,42
WVL,101
MMI,25
MIN,29
NEV,82
IQA,229
TKK,40
MVN,51
VEP,199
DQF,56
QFI,56
SPI,90
AYN,55
KMA,59
LMM,57
MMT,31
MTN,42
TPG,268
AQT,273
GGM,225
MLP,151
KNG,70
HIV,75
HCL,25
CLL,107
TMI,43
QFK,29
LVF,289
FVR,193
GSW,73
SWL,129
EDH,31
QGW,77
GWA,105
WAV,89
HCA,40
MKR,81
LMN,58
MNP,61
PAF,250
ASC,77
SCF,22
CFD,23
FDR,160
KWG,38
AYK,80
KII,71
IIT,97
ITM,51
NHG,39
GFH,69
GWD,96
TMF,40
FPK,42
DEH,73
FAY,81
YQQ,45
QQF,65
QFD,84
DIM,57
EVC,32
YNG,42
PLC,35
GFM,80
KWS,18
FMP,43
LFC,42
FCV,28
CVT,39
NFG,77
IGC,43
DGC,46
GCP,43
CPP,39
DIQ,89
ILS,216
IRN,85
KDY,47
SNI,70
AYW,43
YWR,33
RKY,63
KKW,17
GYM,48
YMS,25
MSQ,56
IAI,280
SSW,47
SWD,34
NAF,97
FYA,109
PNA,132
YMD,33
SVG,283
IEV,221
GWG,99
WGE,62
FES,90
IST,130
PIT,101
SVN,126
MVQ,96
CVG,58
AQC,61
MAN,62
NTS,79
HSS,47
QAW,137
RFS,141
PVS,253
DFD,145
FDK,85
HDI,86
LNI,128
SRN,103
RND,99
TIM,45
THL,106
GHH,58
HHL,73
AEM,152
EMF,42
ADC,71
DCR,33
CRR,52
TSY,48
GVC,73
CRN,17
EFC,24
FCA,64
LIM,84
MTH,43
THI,40
LWM,31
VGF,221
FCT,16
CTG,43
SIM,57
MPQ,69
PQK,35
QKK,44
KKN,32
NGH,42
LMK,70
KDN,38
DNQ,45
NQE,33
QED,61
EDK,51
KAD,141
DNM,33
NMR,43
DAH,158
DCE,32
CEQ,32
YHP,36
IHQ,23
KHI,27
PER,292
YFD,77
AFN,110
FNS,46
NSP,76
VKI,84
PNE,29
NEY,36
NGE,128
DVM,106
GSC,54
SCV,37
CIH,9
NHF,20
HFM,14
FML,93
MRY,66
FAM,77
AME,127
EAK,121
GQF,101
QFV,110
YLK,84
KTE,64
NYF,29
FPR,89
MVR,132
PHH,29
HHQ,18
HQK,13
MKK,55
KIK,44
CVD,39
PDM,66
DME,37
IKK,84
KKH,14
KHN,17
HNP,59
VEM,74
EMP,53
MPR,101
PRM,81
RMD,58
DFL,183
IDF,101
VTK,94
KPK,62
YSE,62
SEK,61
ALC,218
GHV,180
ETH,45
THM,30
ANY,63
NYV,51
VLF,266
LFH,60
FHS,35
RTM,58
TMA,116
QDE,85
FGM,85
DIS,154
GSK,94
KSI,83
NRV,117
DSD,119
RFP,183
FPT,76
HER,94
RPI,125
YPP,61
QFL,152
FLT,145
KPY,36
YIE,69
FTI,54
YRG,168
YFL,79
VRY,177
YGP,106
WIE,41
KAF,120
DFN,76
MTA,193
GPC,34
WRV,91
HTE,53
VQS,132
WRD,112
AMC,21
MCF,5
CFS,19
CVS,44
SKT,73
KTF,54
FPD,126
DYF,51
WLW,22
SCL,38
HTS,49
EVP,180
SGM,124
MSE,93
NNS,29
YYG,53
GYK,61
YKQ,32
NTH,67
DSS,125
SWH,21
MPS,86
FIQ,79
YND,34
PSD,114
MAF,89
AFL,424
CTE,21
GKW,50
KWF,28
AHQ,139
HQW,9
VPI,206
GSH,87
HLH,61
RPC,26
KQF,65
DPT,119
QRI,229
IKD,82
QMT,22
ERW,71
RWQ,54
WQQ,36
QWY,16
WYD,30
DQP,111
IMR,65
QVN,82
AIF,154
KFV,63
EEN,51
EKA,181
AKD,126
KEI,88
TKI,41
IKS,92
ITK,57
MEM,32
EMV,118
ASK,137
SKM,28
KVR,174
PEY,81
HPY,54
TDK,74
TNI,59
KEF,48
FEQ,129
RSI,169
FGN,75
NKG,48
QEV,128
DKP,120
DDY,97
NTM,29
TMK,31
KQE,50
FLR,288
DPF,86
FQS,38
SDY,69
YSW,17
WDY,14
LYQ,102
ENM,31
MAS,162
EQS,119
VAM,228
MKS,91
VYN,44
DWQ,50
WQT,48
LIF,110
IFD,85
DMT,54
MTG,143
TGF,163
VYM,26
GKN,76
KNM,15
NMI,24
MIG,90
FYQ,31
YQP,81
IKY,22
GFW,48
FWQ,39
WQW,21
QWC,14
WCE,16
CED,27
EDN,45
SCE,13
CEL,57
HTF,47
GEW,45
EWL,88
CGM,28
CPT,30
MQV,91
YTG,115
SQH,75
HPH,54
DMY,34
MYP,21
PEK,75
WYK,10
PHT,62
TCP,28
CPD,46
GCY,18
CYP,11
DCK,10
CKS,3
NFK,32
FKA,104
RHQ,55
PMI,64
GMF,69
LFE,242
QNM,17
MNL,61
QHD,32
EKQ,58
KQP,60
PMY,24
MYQ,21
YQV,59
YTP,85
EFV,150
QKF,19
KFF,28
FFG,132
IML,95
VHH,32
AVC,86
SQY,41
QYA,112
LQC,24
QCI,15
CIM,8
IME,42
VQC,28
CIG,56
IQF,34
QFP,49
MPK,48
KIY,22
EKG,113
API,237
PIS,159
SDE,131
FDE,154
VCP,49
CPF,14
FAK,100
VNM,53
NMM,11
NNI,41
KQH,21
HSG,77
SVF,148
EGN,81
DFY,56
FYH,18
YHE,28
HEM,26
EME,52
MEE,55
EES,86
GQM,70
QMN,21
MNE,44
EPP,123
EKF,68
KFR,46
LFF,122
FFV,87
GYQ,91
EEM,63
STK,43
TFQ,57
YPA,180
EEH,52
HYQ,33
YKE,37
DKQ,59
KIQ,49
QPF,105
PFY,64
FYV,53
GFK,102
FKM,17
KMI,26
MIV,66
GEC,33
YMV,33
KKG,82
LHC,26
HCS,17
CSF,21
SFC,19
CNK,9
NKS,42
KSQ,66
QHE,35
FIC,12
ICD,33
CDE,39
DEC,21
ECI,24
CID,26
DLC,48
DQY,58
QTS,83
SPK,67
PKR,80
YNH,9
HYK,17
YKR,42
IRH,83
KGD,116
NIM,28
GPT,155
VPF,194
FVM,53
IIQ,50
QNC,4
NCN,6
YDV,113
IYI,35
KHP,34
HPN,35
PNQ,45
NQD,51
TTN,57
NIL,103
TEK,53
IGF,182
KFG,75
TEP,114
EPK,61
PKN,32
VKQ,111
QFQ,44
FQK,34
KRK,73
TMY,30
MYD,21
GEK,112
MRF,64
NDH,23
PVH,99
HVL,183
DDK,80
SKY,50
TIQ,90
IQI,53
TKN,27
KNN,20
IVN,125
VND,123
QNI,52
IVF,130
AMD,93
GNM,49
HCI,14
EYR,100
YRK,67
KYI,19
EKD,53
EST,92
LHH,104
HHG,61
RYI,84
YIT,42
FLP,186
PDK,82
VMD,93
KKE,34
MRR,187
KLQ,112
REY,100
YEE,56
EEI,177
EIW,41
IWK,24
KEE,43
QYG,94
KPR,102
RTQ,109
AKM,48
KMM,12
MMQ,32
MED,43
EDF,113
FLH,76
HKR,33
FLF,110
FDS,113
EHM,20
HMI,17
EKH,32
EEG,173
PYS,72
KAH,54
MTS,92
QSM,41
VVW,67
WDE,48
KHT,16
FLN,95
HIE,85
QEM,56
FVF,147
YIQ,27
IQH,40
QHH,18
KQS,39
AQF,145
QFN,38
LFW,49
FWS,38
WSI,22
ILM,82
FCL,30
CLW,11
FQG,75
KSR,87
FLW,37
LWI,57
WII,21
SIW,37
WRM,29
RMT,85
PLY,143
LYY,54
YYH,13
YHR,40
PMG,63
MFY,12
FYY,30
YGI,130
IKH,66
FVK,87
LFT,161
NMF,15
IFM,29
VWA,90
WAI,47
IFH,29
HIL,101
FMM,11
VYI,47
MNT,87
GCL,67
CLV,63
PCH,11
CHG,46
WEA,68
ECA,53
CAG,103
TMP,64
MPP,103
KNV,61
EML,141
VHE,82
DFH,37
IAF,177
QPC,6
PCQ,9
CQL,13
WRP,60
EGC,37
DMI,48
IIC,16
CSA,53
YLQ,97
MGI,100
GMT,157
GNQ,73
NQH,26
GEM,105
EMQ,53
NPK,67
TSW,36
RRH,182
WMR,49
MRQ,89
AYT,168
VDC,39
FNT,56
NTT,53
MLV,218
IWG,44
WGD,35
TFK,39
FKG,79
DLK,201
YKP,43
KPW,17
PWL,135
WLD,134
EMS,42
EYM,20
DYK,45
YKM,8
KMS,29
DSN,49
SNM,35
ATH,146
PIM,45
IMG,86
AFW,65
VEY,84
SDQ,79
FIA,173
AYE,139
IHN,24
HNE,20
NED,47
EQY,62
YQG,96
RWF,44
RET,192
SME,55
MRN,48
TYV,76
YVK,60
IPM,57
DIY,64
FLV,205
SEN,56
ISF,85
FYI,37
FIK,47
PNS,63
IMI,42
SDI,131
NFM,11
FMS,36
SYG,137
NLC,25
GMM,54
RRE,274
EFI,83
RCG,63
VIF,93
GFR,162
FRR,141
QEC,23
ECT,19
QII,66
NRQ,72
IVI,188
DRN,76
LYN,40
YNE,28
GSM,98
YEK,43
THK,74
CVP,71
IAP,304
YEH,66
LLH,266
DIK,125
WDF,49
FLK,114
YYQ,69
YQR,134
LCH,61
CHE,46
HRF,92
PQT,146
QTN,87
EWA,98
WAY,67
HTY,71
YQN,67
KSW,62
HYY,22
YYN,23
YNW,53
NWH,42
WHR,56
HHY,57
HYN,58
NWQ,21
WQR,81
PPD,163
HVF,77
DCT,29
CTL,68
WCA,28
CAK,29
AKH,52
KHG,61
QLH,89
EPT,148
LYH,55
SKN,42
KND,44
DSY,80
SYV,102
NRK,61
KQI,77
DNH,35
LKQ,153
VMH,60
MHN,23
SLN,158
NSC,14
CAR,94
LYM,58
RHN,64
KSK,58
HLC,28
LCF,49
CFG,39
PYQ,62
QPN,50
PNY,46
YAM,81
AMN,80
MQK,32
QKT,39
KTY,60
TTM,54
MET,54
FTF,53
SRM,74
DRC,27
RCA,81
YAC,35
GYH,47
VMG,130
PYM,28
YMK,13
MKP,52
SAC,69
CVQ,35
VQM,59
QMP,41
TTY,55
TTC,23
QKW,14
HQH,17
EQW,39
ACQ,43
KDP,76
DPI,117
LNM,47
FVY,66
RSY,88
KRQ,70
PKW,17
KWT,15
WTA,67
MIK,38
NGD,95
DFC,22
FCF,12
CFV,34
NQV,84
QVY,71
HLR,155
PVY,100
RHS,58
PWY,20
WYT,18
YTQ,54
YEM,19
IAM,121
EQH,42
LRC,63
EFP,70
RWD,49
WDH,11
DHW,19
HWP,21
WPS,37
QKS,33
KSY,38
PIV,193
FKD,68
SHI,60
IGW,50
SWT,40
WTT,43
PNN,31
TAC,48
ACH,37
CHI,10
IFS,76
FSI,91
KVP,114
YVV,136
SGC,53
AMS,140
SDC,19
FDM,46
DMR,68
QKY,24
HDE,71
DKC,11
CKT,12
MNN,33
NNH,16
NHK,9
QNW,15
NWT,22
WTM,18
YKW,10
KAC,20
HFA,78
PLW,71
YME,16
DTK,40
TKR,59
AQN,85
QNR,63
WDA,87
CAE,38
YYA,86
CVE,24
TPK,74
KTN,33
QTC,20
TCL,30
CLR,74
RYN,56
NWC,3
WCR,10
PPI,75
LHW,26
HWC,1
CRQ,39
QRN,69
NRT,96
FLI,138
MPC,11
MLF,100
FNA,123
EAC,44
VNY,48
NYG,65
DRH,85
PFK,60
FKE,57
SFF,71
FFK,37
MPN,31
QWD,32
WDL,56
LWT,49
YFS,39
AFM,107
MSV,107
FQI,36
QLP,208
STR,163
KNQ,20
NQR,78
ALH,302
LHF,72
HFD,71
QMG,55
CPR,21
PRC,33
RCN,20
CNG,18
KEN,45
NEK,32
TKM,13
KME,17
PNK,34
HLE,87
ETP,155
HHH,32
HHI,22
ETK,30
SFE,93
TWQ,33
EHE,65
WFK,18
FKR,82
TKS,58
RHH,44
HHV,37
HVR,112
QKE,43
QEN,37
NMV,45
SNE,49
EKT,81
TQM,38
QMR,53
MRI,87
VSN,125
FPV,118
FFN,45
NQP,48
WSS,37
YFT,50
FPF,48
NID,82
FCR,35
IIF,45
IFP,56
FPL,111
TNM,22
WLS,127
ESM,64
WIG,80
SPH,56
WSY,20
HYT,29
FTE,89
MIA,149
LYC,20
YCG,24
YLM,50
SWV,39
YAL,308
QIN,48
DSQ,74
APM,137
MSY,37
YLY,59
YMQ,23
IFR,70
PSY,67
YPH,59
CPA,50
TQS,97
SCI,13
DWT,41
TWE,30
WEL,50
TQP,119
FHV,54
GCR,49
FKL,75
EPC,18
PCD,21
CDY,8
HQL,99
VKM,34
KMK,15
MKT,66
SQN,30
QNH,12
AFC,51
CFQ,7
MND,36
LHS,89
VED,207
IWH,20
WHH,7
APW,86
PWV,59
FWT,36
WTV,51
DQM,32
KMP,30
VYF,55
VFK,63
KMV,35
HHA,65
KYK,24
CLE,34
KQW,19
EGP,131
GPE,144
LCL,120
GYW,44
EIC,32
ICR,37
VVC,86
QHF,34
PDF,139
ACT,66
RIF,108
QCK,9
QFY,29
FYW,17
YWS,23
YWA,35
YPF,50
PFG,164
FHT,34
TTQ,74
NSF,53
SFV,136
THT,69
HTI,58
SWK,21
WKS,18
KSP,50
LQM,57
QMA,105
PCA,41
SYM,19
YMY,13
MYA,46
YTD,67
WFT,30
RHC,17
FHR,48
LYT,99
TEM,47
MIT,54
WGY,38
LNC,21
NCG,20
CGC,18
CLM,29
DCM,9
CMK,4
MKA,91
VKH,36
PKD,60
DFP,94
PDC,27
GVM,146
WHT,18
QWW,15
WWP,18
EAW,87
DAC,61
CAD,66
PDH,72
QSR,112
CGN,33
WLQ,88
QHV,65
DQW,34
QWH,15
VIQ,92
NFQ,32
FQP,66
QPW,54
PWE,32
WEN,18
YRQ,106
VNF,74
AKP,192
SIC,25
ICA,40
WGC,7
CDS,13
NHT,17
THN,27
HNV,39
VHK,34
HKG,46
AEW,83
EWS,31
FNF,27
SPC,19
PIN,46
NEE,44
EEK,70
IQE,69
QEY,53
DLY,130
IYQ,54
YQT,42
TYY,29
RKN,51
QIF,60
ENQ,40
IFF,54
FFE,72
RKD,75
NDG,93
MHI,18
NTF,53
LWA,126
EHH,21
KHW,10
HWH,11
GMC,12
MCT,6
PEC,38
LMC,17
MCD,15
CDP,36
GKC,18
KCV,15
APC,45
PCE,11
HQS,33
MMH,15
TVC,46
VCL,79
HRG,100
VHF,57
HFR,44
LPW,103
MRT,85
INK,33
WVK,21
KCP,14
CES,27
HVC,14
CPK,16
PKC,9
KCD,8
CDH,11
DHH,31
LKF,61
KFK,34
KDS,59
YPE,99
KQT,42
CFE,15
FMG,71
ENK,54
ICV,32
MQM,23
PTM,61
FAF,110
FQR,101
MVV,133
MPF,48
RSW,44
CRT,31
DWM,31
LYL,231
YIM,15
MGW,27
RKF,73
QYT,39
YTI,68
LCS,42
AQI,249
VCS,27
VTW,44
TWT,26
QYI,34
YII,29
EMD,51
HEK,28
WSQ,28
INF,42
SYT,67
YTT,60
SVC,28
VCW,11
CWS,4
LYF,65
YFM,16
FMA,85
PSW,42
HAW,64
IHL,68
SHD,68
SKI,58
AWV,136
LFM,73
FMV,62
FSF,90
FFP,71
VFW,32
FWR,43
NKW,11
HTH,32
DLW,51
WWG,25
WGI,35
IQP,62
PMA,139
TII,96
MFP,32
GCE,50
ILW,39
RCE,39
LCP,40
THF,43
GNY,69
NYR,67
YED,84
HHP,35
WVD,68
HIH,22
FQT,48
MDF,50
CDQ,10
QVM,83
GHK,49
GTK,68
NHR,24
MTP,97
TPY,86
PPH,62
MKN,24
QWR,89
SCW,3
CWT,6
DWW,12
WWE,11
WES,28
IEW,28
QQM,48
RDM,88
HMA,62
PYH,25
HIP,50
AIC,60
ICG,46
CAY,18
AIN,174
INT,70
TFM,44
TFW,22
WSM,25
RWS,61
WTL,87
WSW,10
SWW,14
WWL,33
WLM,30
AHH,78
HRW,19
PFF,75
FFL,117
PFC,27
FCG,46
SHT,77
FSY,55
PIE,112
HEE,31
EEY,45
EYW,20
YWQ,21
WQH,16
LGC,118
KDT,51
YHA,55
YSP,62
CEE,19
VME,72
FKK,44
KFA,69
NET,58
ECF,16
CFT,14
MKI,56
VCA,98
DVK,121
HIW,16
IWV,43
WVT,44
RKK,60
CFP,14
FPY,31
YIF,23
TYD,68
YLI,99
YHS,20
FMK,31
VCN,24
CNP,17
EYD,81
FHQ,35
HQY,16
QYW,12
YWT,15
TYW,22
YWD,28
WDM,18
DMM,29
MMC,12
MCR,13
MIC,10
QTY,49
HVN,47
RSN,80
FGS,174
MRH,49
GDC,50
CPN,15
INM,22
HNA,46
KGM,53
HTW,12
YYF,28
SDH,45
EHC,22
HCG,23
MIY,22
SQR,136
NQM,20
PQM,32
PKQ,36
GCS,51
VFM,58
QIW,23
IWE,22
WEV,42
YWG,25
HPT,61
FDF,95
MEH,27
PRH,103
MYW,6
YWH,12
WHQ,12
HQM,20
WNR,33
WPG,96
IFQ,51
SPW,66
WRQ,75
LWP,65
CDG,52
EIH,55
IHG,72
FNM,21
NMT,32
FHL,59
QPK,41
GCN,33
CNA,31
HDM,45
DMK,38
MKM,20
NHI,18
KLE,129
WNV,27
LHR,185
KHH,13
HHK,14
MPT,70
WHI,16
NYI,37
YIV,78
LWQ,71
WQA,148
FPN,53
EFH,36
RCF,16
CFF,10
FFH,21
FHY,20
HYI,21
TFF,57
KKP,59
EQD,94
PCI,13
FGW,60
GWH,34
ECE,17
WLP,144
QMQ,52
VAW,123
TMT,54
HLK,54
YCR,12
CRG,40
ANF,84
QGY,109
ILH,80
FRF,73
AVW,93
VWK,29
WKY,9
KYS,37
PWQ,53
PSF,101
SFK,42
KEC,15
ECQ,7
CQD,10
MVK,50
PWK,22
KSM,36
GWV,73
DWK,23
WKG,34
AWK,47
WKT,29
HKF,11
ESK,41
KMH,12
TPC,33
TCH,18
SWS,42
WSR,85
KFL,49
EPS,99
LHP,110
HPR,88
DMH,39
KQK,32
SNP,94
KLY,73
GRC,51
TCG,44
EFF,66
FRK,83
EHN,36
FNE,48
QRT,106
IHH,20
HHF,24
HFL,67
TQY,56
QYC,10
YCP,18
CKV,16
PQN,42
KGY,79
KWA,35
PWP,64
WPR,45
EHT,51
HFS,51
SFP,96
SYN,25
YNS,23
NSK,36
HGW,45
GWC,11
WCG,13
GCF,38
NAW,51
WYE,14
TCT,18
VCH,23
VRW,76
FFT,66
LNF,77
VCY,16
CYV,9
PTI,104
WSG,71
GWE,44
SCP,26
FWD,18
PIC,13
ICE,30
CEG,30
VPC,44
ACN,13
GYF,103
HPK,28
IHV,45
HWV,25
WVY,22
FNI,36
CTY,11
FFW,25
FWP,32
WPT,29
DVC,46
CPE,26
FFF,38
FFI,59
VWT,41
LIW,59
RMF,54
KHC,12
CSH,12
RCC,8
CYH,11
VYD,99
PYC,16
YCI,7
CIT,24
ITY,53
PCN,18
CNW,3
NWL,55
NVM,46
MDP,41
FTQ,69
RWE,36
WED,33
KVW,33
VWV,64
TRW,56
TCR,23
RHM,36
HMH,9
MHP,41
SLC,43
DFF,72
WEE,26
AWM,53
QTW,24
TYH,23
KWQ,13
DQS,74
PRN,90
SVM,92
TTW,32
TWA,59
SIF,61
KWV,33
WVP,57
WSD,51
NKR,45
WNS,16
SMV,88
NHE,25
FYS,49
MDT,50
FFY,28
YHQ,14
ISW,21
WIW,13
IWL,56
YKD,43
IHF,24
HFN,23
QFW,18
FWV,29
YKL,54
FWN,20
SET,131
KKR,58
IIP,78
IPT,114
NNM,17
HIY,33
GMW,22
MWT,7
GTH,85
KPP,51
SSH,66
VWQ,45
EMN,28
WHV,24
YTN,33
FTW,25
NSM,20
WVQ,25
HKV,59
QTM,36
WPV,52
PMR,76
MQW,28
ENS,42
IQY,30
KVC,13
PPN,41
PNI,60
NKY,18
KYY,17
YYI,17
YIL,48
FII,48
TWS,34
DHQ,18
LVW,102
VWN,34
WNY,13
SNY,36
WYF,17
NTY,43
ENN,23
DMP,93
NPP,81
KQR,93
SYW,17
YWV,29
WVN,35
WTS,19
PMF,39
VMI,67
WGS,43
VYW,32
YWI,19
HKL,57
FYF,36
VKD,131
PEE,147
FKQ,57
QQE,76
SKW,15
KWI,13
YDD,92
FRH,66
FHN,17
HNC,8
NCP,21
CPY,20
NLW,36
WQN,19
NNR,44
ETW,41
PYK,81
NKE,29
WLN,49
RMY,31
YPV,109
FPQ,55
PQW,56
INR,106
SFW,33
WSH,11
VCC,15
CCE,7
GWM,36
WML,38
KRW,33
YML,53
WHW,18
HWI,16
WIF,17
CLP,47
QGP,107
AMF,106
AWF,72
TAM,164
SFM,42
PCK,6
CKG,19
YGW,36
WEP,12
HPC,10
WER,44
DSW,33
YGC,30
WHE,15
HCK,3
TNC,6
NCS,9
CSR,23
FYK,16
YRM,40
TCW,4
CWH,8
WHN,6
WSP,50
SPN,64
DVW,47
VWR,72
HVM,29
YPY,30
KYQ,29
HFE,43
IHE,32
HED,36
SMI,43
FWI,23
KAW,42
KIM,21
QEK,54
MFI,37
MNQ,39
FMN,19
MNS,34
YYK,23
GMK,57
GYC,24
LNW,37
NWS,19
QNF,32
RVW,54
VWE,35
WEG,43
NVK,55
LKY,64
RDW,85
WAT,58
YFQ,23
HHN,11
NCI,9
TKH,22
RYW,32
CWL,16
YFV,64
QYD,50
QNQ,29
QEW,35
EWI,35
FHC,5
SCH,9
CHP,16
SWA,62
QYK,16
YKA,66
WDS,31
PPW,34
PWG,54
HWN,12
LCW,17
IPQ,61
HNM,13
WWT,10
CCV,12
SHW,16
HWA,34
QPM,48
FWL,63
MHL,37
RNK,62
KNC,6
NCM,11
MAC,36
CHQ,6
WIL,43
WDI,25
ACS,66
CSD,19
QDW,51
WWR,21
RCW,12
CWG,11
IWQ,26
VHC,16
HEP,41
CAT,68
CMQ,7
CCH,5
CHH,6
DYC,17
YCS,13
STC,21
NPW,31
PWW,15
WWF,7
AWE,66
WEW,9
WIQ,16
EVW,51
WVG,78
YWL,47
WSV,54
SQW,38
QIH,34
CTD,23
CIE,25
SMQ,63
TIH,49
QYH,21
YHD,38
TEC,17
RCV,61
WPY,19
EWT,25
WTK,11
EWP,20
PIK,66
KMD,18
MDW,22
QMI,29
TNY,45
QSP,90
MIM,22
NQT,44
TMM,33
MMA,76
CCS,4
CSL,36
EKP,78
GMY,43
YTH,25
YSS,78
WRF,42
MGY,61
WYN,8
YNN,26
NNK,11
KFY,27
LFY,67
LCE,72
CEV,37
RPW,78
CRD,48
DNK,35
NKQ,22
KQY,35
EED,80
SWP,44
MGF,78
CAN,29
PKF,34
RIW,45
VNQ,85
FSM,45
SMN,35
MNG,52
RMI,73
NFH,23
FHF,18
YVM,41
FVW,31
MKH,16
IKR,115
HMC,6
VSW,45
EQP,111
FAC,41
ACD,69
WGT,43
TNQ,43
QMV,65
MVP,92
DED,119
YNP,35
WNL,33
MFV,55
VIW,32
MVW,20
STM,59
MLC,22
WGV,85
FTC,13
YWP,23
SMM,35
YAF,76
FLY,66
TWG,44
NRW,31
GDW,82
AWW,46
FWY,12
WYL,29
CGF,41
CGD,43
SGW,86
YYS,30
SDF,83
WMG,27
ENY,39
NYP,35
CTI,19
EPN,55
NQF,32
HSK,20
EKC,6
KCI,5
CFI,10
AMY,37
MYV,31
VIH,46
ACK,23
MNF,26
CSK,11
WMI,17
SIN,69
HWL,45
IIK,47
IIW,17
QWK,15
KDF,81
HFH,28
FHE,48
WQL,55
WNM,13
HFV,49
NFE,36
SCR,24
SSC,15
YFK,29
QNV,69
VKW,27
KWR,32
FQF,29
QFF,35
FKN,29
HKC,6
KCA,13
MGN,43
KTC,15
TCE,17
NYE,35
YEW,15
WKQ,24
KYF,28
WQE,32
RWC,10
NRM,42
MFE,52
AWD,73
STH,58
FWM,15
DHY,43
VCD,52
ISY,54
KMN,10
PFW,49
YQC,6
QCV,25
WNI,21
SYD,79
RYH,36
HLF,46
KIC,11
WFP,20
PWR,69
RSM,85
ECW,5
QSF,53
YKN,17
YTK,29
SIH,45
IHM,8
MFD,51
WPH,24
SWF,32
PNC,20
NCA,21
CAH,24
QMF,33
AFP,145
QKH,20
KHK,12
WFI,14
PYY,45
YVQ,57
DFW,38
FWG,38
VCF,31
FPM,31
FIN,50
HIF,23
HRK,25
WIH,10
HPF,47
TNW,16
LKW,31
VWM,25
WMT,18
CLS,44
PRY,106
PFE,90
QET,70
VMF,59
MFT,29
KIG,104
NWE,26
CHA,33
IMM,30
NNN,14
EEC,24
CFR,14
MEC,13
MCE,10
PSN,59
VKF,47
WLK,44
MKF,30
NWA,35
THY,31
YQK,21
NWK,24
WKN,9
NQY,34
QIM,25
ANW,46
NWD,15
LCM,20
MVY,57
YFI,31
FYP,45
RMW,18
MWA,20
WGW,29
SMC,10
MCV,11
YEF,47
FFM,26
FMY,16
MYY,15
SHF,29
FWW,9
IFI,67
DWS,47
MMK,24
EDQ,72
MYM,9
KSC,12
RWM,27
WMV,27
PEW,38
DHF,45
HFF,40
CIV,43
PCT,20
CPM,7
WTP,50
PCF,13
KSH,24
YYP,36
FHW,12
HWR,46
HDK,27
FRW,20
QCY,9
PPY,46
MPD,103
ETC,11
TCY,11
CYL,21
HKM,9
PTW,25
THS,63
PCL,26
YTF,58
HSD,48
IWA,45
RNH,36
FNY,21
HVH,44
HES,48
IWS,27
MIE,79
NMK,14
WHS,23
HRN,47
MWR,21
ACW,32
WTW,11
MNK,25
EYQ,47
WEF,16
YDC,20
NMC,4
PVC,36
VCQ,23
CQT,11
AHF,78
TQK,27
VWY,25
VPK,79
KDQ,36
QFT,43
KQQ,43
MFC,7
YMF,12
LMH,48
QKR,51
TWN,17
SLW,75
IQN,37
WQV,48
NTW,19
EWD,15
NCL,26
CEI,17
IWN,19
QSN,32
NIC,16
CVY,18
VYC,22
WAQ,58
GMH,48
MHQ,24
QKP,47
WAW,25
WQY,9
DCI,21
RMC,12
MCS,10
CSG,48
HHR,36
YDH,36
DHM,18
HMG,25
WDQ,18
NQC,7
QCS,10
CSI,28
VYS,85
YSG,98
VHM,27
MCH,6
CHY,2
HYV,43
FTM,35
MGH,42
WHA,45
WFQ,16
DCG,53
TFC,21
NCD,14
MAW,46
WIK,16
FRI,57
GQC,26
THH,31
CFA,39
TNN,24
YLH,60
LCQ,37
CQF,5
WMQ,19
LCY,18
CYQ,10
HDF,45
CET,30
ECR,34
WKE,18
RHY,51
HMV,44
PWD,38
MHA,78
AFQ,115
TDW,38
TFN,45
DPM,51
GTC,31
HSM,24
FSC,18
NQQ,31
WPM,20
LEW,42
EHS,50
HSF,34
KQN,29
VHN,32
EQM,58
QMK,27
IMK,20
HMT,22
HTT,50
IWY,7
WYS,25
ENE,67
CRW,9
WAM,35
HNW,12
NWI,24
TDH,37
QIC,17
ICQ,12
CQS,11
STW,38
WGF,31
CGH,37
ECM,15
IWP,29
CME,9
MIP,46
WGK,23
YVC,26
VCM,8
CMP,16
CTT,28
FWE,18
WFH,16
KDM,32
HSE,35
FCQ,9
CQQ,16
AHM,51
YFF,37
CIC,6
ICH,10
YKC,5
CAC,17
ACY,28
CYN,6
YNT,31
NTC,9
ITH,68
QMM,13
CLK,19
EWN,19
WNP,21
CQM,8
MFF,33
HEH,36
FCW,5
TWM,20
WMY,7
IYF,34
QWI,21
RNM,42
FQE,68
EMY,18
LKC,14
KCG,16
YCN,10
MYR,36
YSF,43
SEW,29
VQW,47
CDT,31
EQK,54
PYP,90
LTC,49
KPM,29
QSC,11
TCV,41
HNT,26
WPW,20
HDC,15
DCC,15
WTN,15
NMQ,32
FMI,24
QSW,35
CQG,20
YIS,62
NYK,21
PQF,70
WEY,11
KNF,22
YWN,9
HHT,24
NGC,15
CNL,22
AEC,49
ECS,14
KFP,41
IMF,20
MHD,32
MMM,19
LHM,44
TSK,55
MPY,46
PWN,28
WNT,23
FPW,22
KCR,5
TYE,58
YQL,72
IVW,44
VWH,25
INH,24
IWC,6
CDW,10
WDP,36
WTD,41
YEC,9
FIY,28
WKK,17
CNS,16
QTH,29
THW,15
CLY,15
CGY,34
PKK,42
DYW,22
TKQ,33
PCS,30
FDC,15
WNF,25
TWF,34
NMD,23
IMH,24
TYT,69
KDH,24
IFN,43
MDH,21
FLM,50
YYC,3
YCE,13
WAF,43
CRS,22
WQC,5
NSW,19
MIQ,33
EEF,72
CCG,18
KMF,16
CMH,8
KWE,14
HNH,14
QCN,6
CNN,14
NMG,42
RPK,55
WGP,36
KVY,58
NKC,4
KCL,13
QYF,38
FWH,16
MCN,8
EWC,7
RWN,29
FNH,14
WQF,22
FVI,104
INC,16
QTK,34
QQK,40
SYS,80
IYY,25
YSM,29
EQC,23
QCD,21
GNW,40
QCL,29
KFN,27
VCI,30
NFI,28
INW,18
HKT,27
NYH,16
EDM,43
YFY,31
NFF,24
NAC,22
SEC,14
NTQ,49
YPM,19
HGC,16
PNF,38
CVM,23
IYC,9
YCA,35
ISC,12
QCC,5
CAM,33
FYC,7
EWE,17
WEH,17
QCW,6
CWQ,6
QCE,15
FKT,58
DWE,24
CPH,24
IMS,39
KIW,13
DNY,39
IHW,12
YMT,18
HFW,9
PHK,21
YGM,63
PTH,55
VMY,34
SWM,27
HSH,30
PTF,71
YYY,20
MYK,14
YKV,50
CSV,41
WMW,3
MWP,13
CIR,16
NYW,9
HGY,68
HMW,8
MWS,13
EWR,55
DMW,7
MWQ,9
HYW,9
KMQ,21
WND,39
CEK,14
HNQ,17
SYH,21
NRS,83
FHK,15
MTW,23
WPN,12
MTF,27
FWK,13
QKD,34
SHN,30
KFW,10
LKM,45
PYW,23
YWK,15
WKP,24
HND,26
NKF,22
CNT,17
CEY,14
PTK,48
WIP,31
ICM,10
SCS,23
KPH,34
VWI,30
ICT,23
CSP,27
CPC,11
VYK,49
YQY,28
MHC,11
QQC,15
QCF,8
CFW,3
THC,13
RNQ,52
VWW,15
NHH,16
NYN,21
KGC,14
WFY,17
DNW,23
YHI,16
WMN,7
CIK,5
KKQ,29
YCD,11
ECV,24
MMF,16
CRH,25
HKI,20
YHK,14
HKE,18
NWM,9
NDK,33
GCQ,16
EHW,20
MMS,27
PWM,23
WME,18
NHQ,14
TIC,18
DFM,35
ICF,13
DHC,13
HCQ,8
CQI,8
WCV,17
CQN,2
PCW,8
CWF,5
ATC,47
FWA,44
CYE,12
PQY,48
HNY,9
HQF,23
HKS,26
QHY,23
MYE,18
NFP,58
NWV,26
DCS,16
HHW,8
CLI,37
AMW,26
MWI,14
SHC,8
CLC,19
CQH,6
III,58
IFY,26
YMM,8
IWF,22
CEH,16
ECP,22
PQC,21
QCR,29
RWK,28
DYN,28
WLC,15
PWH,18
TCS,21
DSC,11
CWV,10
FKY,19
KYH,20
FMW,5
PKY,33
CQA,48
YVH,35
TYC,7
CNE,11
PMH,17
HEW,20
EWH,12
PHM,28
TVW,54
NPC,12
PIW,27
IWM,15
HLY,54
WIY,12
WMH,10
PHN,21
ECN,5
CNQ,9
ESC,18
TPW,45
CGW,19
PCY,12
CYA,23
IDC,29
WFR,29
IRC,16
MHF,17
ICY,13
CYK,3
WQK,20
VWC,14
WCL,9
HFQ,11
MNC,5
MFH,18
MHS,23
HMP,32
YHF,18
WYQ,8
YFW,15
QYY,24
WEC,7
ECK,10
IQM,28
NWG,27
FCD,16
DPW,46
CQP,14
FNK,34
WMC,3
EDW,33
PKH,21
NWP,20
NME,13
QDH,37
GCM,13
PNH,17
CSC,4
WCI,7
GCH,19
DCW,3
CWR,19
WFC,7
MIW,16
NGW,41
YKK,29
TNH,19
KWK,13
WKV,32
ANC,23
NCY,7
CYS,5
EKM,37
NCK,5
SHK,13
QYM,20
MYI,12
FKF,23
LWN,27
TWH,25
HQT,30
PMW,9
YNF,16
NFW,20
VHR,102
RHW,39
HWE,17
QYE,46
IMN,19
YWY,11
VWP,44
NIQ,40
RCS,27
WPF,29
SCD,22
CVN,24
HMM,13
IEC,27
CAW,20
NWY,9
WYP,14
WKM,5
SNW,21
NHV,34
NYQ,26
HIM,13
HMF,11
FNW,19
TMW,9
YYW,12
RCY,5
YIH,23
SCN,15
DQN,35
NEW,17
GCK,13
TCM,7
CMT,18
WMP,17
CRC,10
CSY,6
CKE,9
QMC,7
MCL,20
MCQ,3
CQE,11
RWW,23
WWW,5
KWN,17
CNR,12
YQF,24
WMF,16
YCV,11
IFW,20
YTW,25
MDC,13
PMK,27
HSN,25
YNM,15
KFH,17
TIW,20
HNF,20
MFM,16
NHS,25
EWQ,32
WPQ,28
NWF,14
HSW,16
QSK,39
KFC,8
CHL,21
QCT,8
HFT,33
SCY,8
QWE,29
YHW,6
FKW,7
WAN,27
FEW,23
WQI,20
CYG,30
CKD,5
EFW,17
LCC,12
CCR,11
YHV,34
MYT,23
NWW,5
MDY,29
ICC,4
QKN,24
CCL,12
WHK,11
CVH,22
VTC,32
WEQ,32
HYH,18
NMY,7
SWC,4
WCY,5
HCC,3
RCQ,11
CEF,14
CNI,14
KYC,7
YCW,3
KTW,27
PHW,24
DKM,31
NVW,26
KWY,11
FPH,40
QKQ,40
MTM,41
WNQ,17
MVC,22
IPC,19
WIN,19
SQK,33
KQM,29
NQK,14
MWW,3
WWI,8
WIS,33
HPI,37
CSE,18
EFN,50
CHN,6
NWN,9
WWS,13
QMY,14
MWF,7
MCA,18
WTE,37
HWM,9
WMM,9
ICI,19
WKW,9
NHM,12
DKW,21
KKM,20
KEW,10
SCK,10
YRC,13
HWD,19
YHC,7
CSM,16
NDC,9
DCF,15
EYH,21
CHV,26
HRC,12
TWW,12
WWQ,18
AKC,9
KCE,9
HNN,8
LWE,48
WKF,7
NCQ,9
CQY,7
YHT,13
WYY,6
SKQ,48
CMG,19
QHK,9
YWF,10
WFW,13
HIC,9
TCQ,5
FKI,31
CTM,13
TMC,11
MCI,11
WCC,2
CRM,14
MYF,19
WTY,17
NCH,8
WHD,31
SMY,18
TYM,23
LMW,20
MWG,7
CEM,8
NIH,22
WIM,9
DCH,13
MNW,12
EWF,32
DWC,14
WCN,3
CIQ,10
CHT,14
WGM,31
VHW,17
MFN,20
NYT,21
DKN,33
FPC,14
ECH,10
CHW,3
HWK,10
KNT,36
YVW,21
QCH,9
WEM,13
MHY,26
ITW,18
CIP,14
TWI,25
TFY,41
HWQ,19
CNF,13
HHS,17
KWH,8
MEY,23
KNH,14
CFH,4
EMW,10
MWE,5
HNK,9
SQC,11
SWY,21
HMK,12
RNC,13
YCC,4
HLW,22
HQC,10
QCM,7
IYW,7
SWG,39
MWV,12
ICN,19
QMH,14
CTS,15
GWW,22
MFQ,20
FCY,11
CTC,4
CMI,5
PPC,12
CMD,11
YWE,17
RKC,11
EYK,30
NKM,14
KMW,4
YTM,20
FFC,13
WWY,4
WWM,9
MKW,15
KWW,10
WWK,5
NQN,19
YNY,13
WEK,14
PCM,12
PWC,9
WCK,3
CKF,3
CFK,5
YMI,22
NQW,16
YWC,3
WCM,3
CMR,11
CHC,6
MWH,9
HWT,12
CWI,3
NNY,18
HCN,6
TKC,7
KCW,5
CWE,8
SNC,11
CWD,5
WYW,5
MCM,4
CMF,5
IMC,8
CTF,10
MQN,32
WQM,15
VMW,17
MWN,5
KNK,27
ENW,19
MEW,7
FIM,30
YQM,20
MHW,9
NHN,12
CWP,10
MGC,19
PMC,9
SHM,27
QNY,31
NYY,12
FQC,7
NEH,18
RCM,16
DIC,20
WWV,9
PKM,12
IFK,23
NHW,4
FEM,28
HCD,21
CDD,15
QWN,15
DCQ,12
GCW,11
HWW,4
WSK,18
KYM,13
CCQ,5
SRC,17
MTC,7
WFN,22
YCY,5
HMS,14
TKW,22
HWY,10
CFM,14
HNS,17
HYC,3
CIY,10
CWA,13
HFC,14
HWF,8
FKH,13
FCM,8
HKW,9
WVC,5
HHC,5
MYH,12
KLC,22
CEW,4
HMN,6
NYM,11
FIW,14
KHQ,16
WWD,13
YVY,29
CYM,7
KYW,14
EDC,28
HCH,11
HCF,11
WEI,19
DNC,14
MWL,29
YNC,6
CYI,5
WNH,8
CSQ,11
KQC,8
CYF,11
MHM,11
CWY,4
YKH,12
FCH,12
WHY,9
KWM,6
CCI,6
WNE,16
CMS,10
KNW,9
CVC,4
FNC,11
NHC,5
PCC,5
MSC,10
ICP,20
CYD,13
IQC,8
HMQ,10
CSW,4
HYM,9
LYW,36
HFK,16
IWW,5
YMN,15
MMY,10
MCK,4
NRC,13
MFK,29
CIF,6
NMH,6
CTK,4
WCT,8
CEC,6
WTH,12
CSN,7
MYC,3
KCF,6
CFY,13
WHF,12
YIC,10
TCC,6
KRC,8
DCY,12
CAF,19
IKC,8
FCK,11
HCT,12
MHK,14
WKH,6
QCQ,13
CFN,8
CKM,3
CHR,12
EMC,5
NMW,3
FWC,8
HEC,6
CVK,20
WTC,5
CYT,10
YMW,4
CYC,4
WVW,8
MMW,3
HCE,10
TCF,13
CKY,7
IMY,13
SYC,9
YCH,7
CHD,7
KCM,5
CNH,7
DHN,20
QMW,6
CKI,6
WYI,5
CYY,3
YHH,7
CHF,5
NEM,24
WMK,8
KCT,6
NCE,9
NEC,5
CTN,12
HTK,13
WFM,10
CWM,1
CDN,6
CCN,3
KCH,3
WDW,5
YWW,4
HQN,9
CMM,4
WYM,9
WCS,6
MCP,10
HCM,4
HCW,5
YWM,4
YIW,7
MCY,3
WDC,4
KKC,4
IFC,13
ECY,10
KCS,8
CCM,4
LWC,7
WCP,3
IYM,16
IHC,12
MWY,1
IKW,10
WNW,5
NCF,4
WYC,7
HKK,14
VMC,12
WCH,4
QHW,13
WYH,5
ECC,3
KCY,4
QHC,8
YKF,20
FCI,12
MQC,3
CHM,6
CPW,4
SCC,4
WCW,2
WHM,6
MWK,3
TCK,7
CCT,5
WIC,5
YCF,3
WWN,7
IMW,1
CCF,3
HMY,6
FMC,3
SKC,5
MFW,7
YSC,6
CMN,5
CWN,4
CFC,3
CKQ,5
EWW,3
WHC,6
CKW,1
NNC,4
NFC,10
CCP,1
HCY,7
QKC,1
ICK,4
NCW,3
YHM,6
CYW,3
YMC,3
NNW,9
FKC,6
MWM,5
KHM,6
CCK,1
CTW,3
CKK,2
WRC,2
CKP,8
CHK,3
CWW,3
WWH,2
KMC,2
CMC,1
WNC,3
HSC,6
ICW,1
WPC,2
CWK,1
WSC,2
CMW,1
CKN,2
CKC,2
CDC,2
MKC,1
WCF,2
CMY,1
CNC,1
KWC,1
CCW,1
