MV,466
VI,2017
IL,2807
LN,1715
NG,871
GQ,532
QQ,463
QV,750
VV,1612
VS,1746
SF,1039
FE,555
EK,1333
KS,1615
SC,416
CG,336
GV,1267
VA,1169
AI,1651
ID,1657
DE,903
EL,1582
LI,2493
IC,526
CR,196
RA,563
AG,994
GK,1331
KA,1059
IS,2667
SD,1398
DV,1259
IF,1288
FK,746
KL,2224
LF,1316
FP,478
PK,624
KQ,789
QP,240
PV,726
II,2818
SG,1563
GP,394
PG,568
GN,1020
NN,1685
KD,1210
DG,851
GI,1784
IV,1941
VT,1050
TA,797
AK,1167
KI,2256
LK,2064
AH,373
HG,407
GW,141
WP,64
VL,2080
LM,622
ML,982
LY,1171
YN,908
NC,274
CT,268
TT,915
TD,772
DI,1919
ED,992
DW,115
WV,115
VP,686
PL,848
LT,1304
TY,522
YD,730
DN,1187
NV,1384
VN,1284
CQ,143
QS,737
CL,424
LV,1667
DA,838
AL,1698
FG,823
IG,1661
GL,1478
LS,2810
SR,866
RN,694
NI,2367
IP,1112
PE,654
EN,1100
NL,1818
CI,511
FH,296
HY,305
YI,1155
IN,1921
ND,1005
DS,1202
SN,1604
NK,1526
KV,1602
AV,1231
VD,1164
PS,731
CD,304
DT,905
TG,911
VM,491
MG,391
GC,304
CA,277
IR,1050
AD,801
TV,1059
TF,645
FS,1315
SV,1757
GH,353
HV,457
DY,663
YS,1006
VH,408
DD,965
SK,1581
RK,858
KN,1567
NA,1015
AP,408
PA,435
LW,216
WK,156
KH,529
HK,476
KM,440
MP,264
LE,1550
EY,707
YT,607
TS,1259
KY,967
NR,644
RG,580
GY,739
TL,1508
VC,358
CS,409
VG,1228
SI,2532
GA,939
AS,1258
AM,415
MS,697
SA,1273
LR,1128
RV,743
GS,1225
IA,1851
AC,316
AF,684
FY,597
YA,608
IM,611
MY,304
YK,900
DR,491
RI,1040
IT,1607
TK,998
QR,360
RT,446
TM,287
MD,306
QN,663
CV,363
LD,1536
VF,992
SY,1009
YE,592
EV,1194
IQ,871
QH,323
HN,579
MT,320
TP,548
PH,220
HE,330
EG,836
GE,861
EF,728
KR,763
PF,420
FL,1350
GG,1142
IE,1741
EM,364
MA,388
AR,664
RE,655
EA,902
AA,1248
SL,2243
KG,954
PD,520
DP,478
PI,911
LA,1475
AT,775
GD,893
LL,3243
SS,2160
GM,437
SP,683
FD,740
CC,124
VW,124
WI,183
IH,577
HT,340
TE,788
EC,252
YG,701
EI,1628
PQ,299
KK,1874
MN,425
NQ,617
QA,552
ST,1280
TR,500
RF,539
FI,1456
FV,889
LG,1580
LQ,1075
GF,727
PY,432
YL,991
GT,813
AE,865
ET,643
DL,1457
ER,622
FT,780
VK,1614
KT,964
VY,685
YH,315
KE,1403
RR,479
QT,321
VQ,617
QI,777
NS,1441
LH,756
HD,399
DK,1277
DF,862
CE,229
ES,1210
SQ,838
RQ,348
NT,1147
TI,1358
HL,606
ME,323
KP,567
PT,506
TQ,574
HS,450
YR,464
RS,800
EQ,611
RD,591
AN,819
LC,580
CN,371
TN,937
IY,959
LP,1141
NY,746
NH,388
HF,303
FN,945
EP,374
KW,130
WE,91
SH,515
HA,392
IK,2225
AY,577
EH,441
NE,890
QG,539
RL,1044
CM,77
MQ,283
QL,925
FA,771
YC,225
CK,314
NP,673
HQ,213
NF,975
SM,530
MK,523
CP,134
PC,123
CY,253
YQ,442
RH,223
HR,233
RY,503
QY,479
DH,289
HP,254
PW,86
WF,114
QF,392
MF,388
YP,339
VE,1137
KF,1003
SE,1317
QE,804
MH,210
FQ,358
FM,267
MI,649
PN,538
RM,236
FF,802
DQ,555
QK,739
YY,534
EE,1292
NM,408
AQ,557
HI,643
WG,110
GR,634
DM,354
TC,208
QD,739
FR,392
QM,195
EW,99
VR,757
YV,796
MW,47
WL,225
QC,177
TH,328
CF,246
MM,186
MR,285
YM,232
DC,222
WT,70
IW,149
HH,151
PP,239
QW,63
AW,98
RC,165
WQ,94
YF,561
KC,301
CH,122
PM,172
PR,293
WD,110
FW,108
HM,133
YW,97
TW,98
FC,293
CW,33
WY,102
WS,124
RP,286
WC,37
WN,136
HC,109
SW,157
NW,115
MC,144
HW,55
RW,67
WR,75
WW,22
WH,55
WM,43
WA,85
