MI,620
IY,1017
YG,606
GI,1673
IG,1545
GT,725
TD,733
DI,1762
II,3036
IH,565
HI,669
IP,986
PR,242
RI,1006
IE,1706
EQ,809
QL,1343
LI,2748
IN,2186
NK,1744
KY,1115
YS,1007
ST,1288
TK,1215
KF,1085
FI,1395
NR,620
IL,2926
LG,1451
GK,1143
KN,1621
NE,941
EI,1595
IT,1839
TI,1640
YQ,523
QS,888
SL,2060
LS,2567
SI,2291
IK,2554
KQ,928
QQ,780
QT,513
TN,1048
NF,961
FV,661
VA,1143
AK,1605
KR,698
RF,495
FA,719
AG,933
KE,1370
ES,1047
SV,1151
KA,1395
AI,2038
TG,839
TS,1179
SS,1892
LL,3314
LP,1137
PD,428
LN,1977
NN,1941
NL,2041
KP,571
PI,876
IV,1729
VY,578
YI,1122
PN,611
NA,1062
AA,1299
KI,2507
KK,1771
KL,2836
LT,1669
TE,847
EY,730
YK,872
ID,1738
IS,2375
SD,1196
DD,762
DH,309
HP,184
PL,815
LA,1977
IA,2168
AF,718
FT,661
TV,978
VI,1786
SA,1246
AS,1221
MS,519
SK,1868
QI,945
VH,330
HS,462
DQ,579
QC,155
CR,164
RK,796
EG,640
NV,1139
VV,1182
AN,1100
AV,1220
VG,893
TL,1461
GP,324
PK,625
KG,858
GR,545
RC,168
CV,188
SY,897
PP,257
KD,1182
DG,598
GV,923
VS,1267
IQ,1035
LK,2276
DK,1178
KS,1558
GA,949
AQ,708
QF,481
KT,1102
TA,1082
AD,840
DV,836
GD,647
TT,949
AT,923
DA,708
VR,625
RE,525
EL,1867
AE,1053
EV,1015
QE,828
EK,1273
VE,966
EA,1006
NS,1680
SP,616
PV,568
VK,1361
EE,987
QV,675
SN,1767
NG,792
DR,453
GE,730
AM,422
MK,435
GQ,537
ED,773
DS,1049
FN,977
FE,612
GM,300
MR,259
FD,762
RG,486
GY,631
SQ,801
QY,541
YF,566
KM,403
EF,703
EN,1060
NP,601
PY,354
LD,1354
QK,1038
KV,1481
VQ,609
QP,305
LV,1730
VP,527
VL,1657
LE,1616
AH,278
HT,324
VD,872
AL,1834
GS,948
AP,397
PG,437
GF,573
FG,685
EM,308
ML,913
VN,1133
ND,1000
DT,713
RV,556
VT,918
HD,337
SR,758
CE,181
IR,917
DY,683
YE,524
LQ,1337
ER,555
RL,1072
LR,1035
RN,582
GG,911
LH,763
HA,349
TR,494
RA,617
LF,1273
FY,565
YA,667
DN,1105
QR,385
NI,2478
RQ,412
AR,642
RT,458
TM,259
MQ,321
YV,538
DM,236
DP,393
PT,456
QD,592
FS,1170
HE,309
NT,1130
RS,681
SG,1198
GH,265
HH,180
HG,371
MG,229
MD,240
MH,211
HK,472
LY,1098
FK,939
QA,712
DL,1510
FC,224
CK,334
FL,1255
QN,895
NM,324
LM,596
YL,1221
TY,516
GL,1285
NH,432
HL,619
YN,995
SH,402
NY,981
QG,484
KW,165
WS,146
IF,1254
RY,472
YD,676
SM,421
MA,364
SC,358
CS,373
SF,992
CC,84
NQ,860
IC,440
CD,191
DE,849
EC,232
CI,424
LC,419
HV,278
EH,381
HR,241
GC,213
CG,236
PF,395
DF,773
SE,1223
PS,632
RD,463
IM,526
ME,296
PQ,314
KH,578
PE,577
MF,273
RW,70
WQ,163
VF,710
FF,727
FP,354
GN,832
MV,369
PH,161
TF,608
YR,430
RH,220
LW,226
WL,276
AW,145
TW,89
WF,141
AY,596
CT,242
QH,300
CL,372
MN,402
FR,416
KC,310
TP,545
YT,603
QM,193
EP,357
TQ,566
PA,488
AC,252
CF,205
YP,319
HY,295
FH,261
YM,190
VM,360
MC,88
TH,287
HM,90
VC,222
TC,183
WA,109
YW,111
WK,150
YC,271
HN,488
DC,222
CY,260
FW,101
WV,98
RR,397
FM,232
RM,209
MP,261
HF,263
SW,163
WP,73
PM,157
MT,279
CA,203
MM,127
RP,256
YY,641
YH,328
CP,122
MW,51
VW,125
CW,39
NC,296
CN,392
GW,147
WY,108
IW,216
WH,75
PW,76
WG,125
CM,99
WI,232
WN,149
EW,152
NW,136
ET,687
FQ,435
CQ,183
HC,113
HW,66
HQ,278
WR,92
WE,78
WT,80
CH,91
WD,77
QW,90
WW,25
DW,98
MY,183
PC,103
WC,45
WM,35
