MAG,116
AGS,166
GSK,53
SKQ,92
KQI,115
QIF,73
IFG,163
FGA,174
GAD,191
ADE,181
DEL,392
ELD,151
LDL,256
DLV,209
LVA,348
VAN,156
ANY,80
NYL,99
YLQ,83
LQA,255
QAG,192
AGG,249
GGV,226
GVL,311
VLA,375
LAY,161
AYP,58
YPS,55
PSE,76
SES,77
ESV,108
SVW,27
VWG,27
WGL,25
GLG,294
LGC,44
GCD,23
CDA,32
DAF,84
AFN,78
FNT,45
NTD,112
TDA,173
DAI,299
AIN,160
INQ,135
NQI,93
QII,148
IIN,145
INL,157
NLK,128
LKH,87
KHR,36
HRD,41
RDI,75
DIG,124
IGK,134
GKG,138
KGL,194
GLI,295
LIV,225
IVL,195
VLT,216
LTD,250
DAA,188
AAE,185
AER,133
ERL,241
RLK,173
LKS,213
KSL,227
SLI,242
LID,315
IDV,108
DVS,130
VSH,70
SHE,53
HET,30
ETS,52
TSL,147
SLL,351
LLD,368
LDY,105
DYM,28
YMQ,20
MQN,43
QNF,60
NFS,68
FSD,83
SDE,158
DEF,127
EFT,67
FTH,38
THK,35
HKH,17
KHS,37
HSR,35
SRA,95
RAL,209
ALT,284
LTW,35
TWL,46
WLM,28
LMP,77
MPI,64
PIQ,52
IQS,116
QSS,93
SSV,128
SVL,228
VLP,159
LPS,169
PSV,98
VLI,228
LIG,295
IGS,153
GSH,45
SHD,55
HDT,46
DTL,263
TLA,353
LAV,345
AVR,159
VRI,104
RIT,70
ITT,145
TTH,76
THP,56
HPL,88
PLL,206
LLK,291
LKD,238
KDL,169
DLC,23
LCH,27
CHA,27
HAL,159
ALI,384
LIS,218
ISP,118
SPT,70
PTN,74
TNP,94
NPY,42
PYG,43
YGF,67
GFL,164
FLV,112
LVS,226
VST,138
STS,83
TSC,12
SCN,8
CNL,15
NLS,195
LSK,239
SKS,108
KST,129
STP,94
TPA,144
PAK,99
AKN,163
KNL,172
NLT,160
LTQ,210
TQA,183
QAM,91
AMG,111
MGY,47
GYF,74
YFG,80
FGD,128
GDQ,37
DQI,82
QIA,182
IAY,102
AYL,164
YLD,107
LDT,179
DTD,120
TDG,139
DGL,257
LGF,203
GFA,140
FAQ,100
AQP,53
QPS,60
PSC,10
SCI,21
CIK,10
IKD,158
DLL,253
LLA,515
LAG,341
AGH,71
GHI,68
HIL,82
MPN,60
PNI,97
NIT,116
ITN,106
TNN,76
NNH,39
NHT,58
HTF,29
TFN,50
FNI,65
NIV,81
IVQ,92
VQL,110
QLS,195
LSD,333
SDL,156
DLH,72
LHL,108
HLT,95
LTG,232
TGD,131
GDI,185
IGQ,142
GQA,141
QAP,57
APS,104
PSY,31
SYQ,42
YQR,49
QRF,53
RFL,99
FLA,218
AVF,136
VFQ,33
FQT,29
QTA,157
TAK,218
AKH,103
KHL,93
HLN,69
LNP,112
NPD,112
PDL,130
DLW,28
LWL,94
WLL,89
LLT,258
GDL,166
LVN,176
VND,116
NDG,76
DGN,89
GNS,57
NSD,58
SDA,173
DAY,105
AYD,101
YDW,15
DWL,82
WLF,37
LFN,85
FNQ,77
NQL,151
QLQ,87
QAT,125
ATK,126
TKI,106
KIP,72
IPY,41
PYL,80
YLA,181
AVA,338
VAG,258
AGN,113
GNH,45
NHD,53
HDV,41
DVT,81
VTH,59
THE,62
HEI,56
EIG,119
IGI,215
GIH,75
IHL,100
HLA,133
LAH,127
AHQ,76
HQE,31
QER,87
ERI,160
RIH,51
IHV,38
HVP,36
VPI,105
PIL,183
ILP,199
LPD,170
PDR,39
DRR,61
RRL,136
LKN,215
KNC,24
NCF,6
CFR,9
FRY,27
RYT,52
YTF,19
TFQ,23
FQA,45
GHD,46
HDW,10
DWQ,45
WQI,40
QIL,183
ILL,297
LLL,457
LLN,230
LNS,108
NSS,88
SVS,144
VSG,181
SGE,141
GEI,196
EIF,83
FGL,219
GLL,323
LTH,106
ETL,206
TLL,288
LLW,56
WLD,73
LDQ,112
DQT,51
QTL,230
TLT,257
LTT,186
THF,34
HFE,39
FEQ,79
EQT,84
QTI,111
TII,142
IIA,289
IAL,328
ALH,82
LHH,54
HHH,49
HHP,38
HPT,56
PTK,82
TKV,93
KVS,130
VSS,143
SSD,124
SDW,30
DWI,24
WID,24
IDA,260
DAH,86
AHL,120
HLL,125
KNH,81
NHQ,69
HQD,60
QDF,72
DFW,12
FWH,15
WHV,13
HVI,56
VIK,127
IKK,165
KKH,45
KHA,72
HAH,62
AHV,50
HVH,19
VHT,48
HTI,44
TIL,172
ILC,50
LCG,39
CGH,25
GHV,68
VHQ,39
HQV,60
QVH,41
HTL,141
TLH,81
LHP,50
PLP,94
LPA,213
PAH,42
QVQ,77
QLL,219
LLS,414
LSC,44
SCP,13
CPS,20
PST,76
STD,97
TDR,61
DRQ,68
RQF,49
QFM,15
FMP,25
MPF,31
PFV,67
FVD,78
VDN,77
DNF,46
NFQ,34
FQI,20
IAD,185
ADT,178
DTP,139
PAG,118
AGC,44
GCR,16
CRM,7
RMI,35
MIQ,36
IQI,68
QID,120
IDN,109
DNK,86
NKG,63
KGI,105
GIV,161
IVS,137
SSY,68
SYI,58
YIQ,45
QIV,94
VQN,60
QNT,77
NTH,50
THS,55
HSF,30
SFC,26
FCL,35
CLN,31
LNN,114
NNA,100
MTY,25
TYQ,57
YQT,74
TLS,271
SKP,66
KPC,11
PCE,4
CEA,18
EAI,167
AIY,102
IYE,70
YEI,56
EIK,117
KKS,131
KSE,84
SEF,69
EFL,132
LAF,169
AFA,201
FAY,45
YPI,65
PIS,124
IST,146
STR,71
TRE,63
REQ,64
EQA,165
AMS,109
MSH,34
SHV,53
HVQ,22
QNL,126
NLR,91
LRT,104
RTR,67
TRY,41
RYL,116
LDA,303
DAR,93
ARH,59
RHH,35
HHC,6
HCY,6
CYG,17
YGY,50
GYI,94
YII,40
IIG,255
IGN,101
GNP,76
NPH,38
PHN,21
HNT,32
NTT,86
TTS,83
TSA,124
SAG,155
AGF,208
GFD,139
FDD,143
DDD,169
DDG,150
DGE,146
GEP,91
EPN,59
PNG,70
NGT,77
GTA,161
TAG,181
AGR,159
GRP,60
RPI,66
ILS,265
LSV,294
VLQ,97
LQH,62
QHK,38
HKA,57
KAI,180
AIG,276
GNC,14
NCI,13
CII,29
III,157
IIV,135
IVV,157
VVR,125
VRY,68
RYF,51
FGG,163
GGI,178
GIK,149
IKL,156
KLG,219
LGA,305
GAG,268
GGL,234
GLT,237
LTR,120
TRA,97
RAY,66
AYA,152
YAA,80
AAA,403
AAQ,164
AQM,63
QMA,69
MAV,125
AVD,157
VDK,109
DKM,51
KMV,46
MVL,93
VLK,147
LKA,281
KAF,108
AFI,136
FIA,142
AYQ,96
YQI,68
IVK,91
VKL,124
KLK,177
LKI,147
KIS,133
ISF,101
SFA,108
FAH,60
AHE,59
HEA,49
EAQ,101
AQV,143
QVR,74
YLI,104
LIH,92
IHQ,89
QVG,110
VGG,212
GGR,140
GRI,150
RIL,159
ILK,148
LKV,138
KVD,92
VDY,62
DYK,41
YKT,34
KTD,109
TDV,99
DVR,80
VRM,32
RMT,34
MTI,76
TIE,101
IEV,118
EVE,84
VEQ,80
EQK,87
QKV,101
KVL,184
VLE,160
LET,114
ETF,44
TFV,64
FVE,59
VES,98
ESL,202
SLG,269
LGV,370
GVY,92
VYA,80
YAI,97
AIV,195
IVE,113
MTQ,62
TQP,67
QPF,29
PFL,65
FLI,107
LIA,386
IAP,160
PSI,85
SIL,174
LSA,415
SAD,143
ADF,143
DFA,108
FAR,86
ARL,264
RLG,213
ADI,265
DIE,150
IES,133
LEA,191
EAG,177
AGA,293
ADV,171
DVV,177
VVH,49
VHF,39
HFD,54
FDV,100
DVM,41
VMD,67
MDN,41
DNH,44
NHY,29
HYV,25
YVP,48
VPN,71
PNL,152
LTF,102
TFG,82
FGS,104
GSM,63
SMI,58
MIC,10
ICQ,43
CQA,42
QAL,372
ALK,289
KDY,59
DYG,59
YGI,112
GIT,185
ITA,222
TAP,109
API,160
PID,105
DVH,41
VHL,79
HLM,42
LMV,111
MVK,57
VKP,79
KPV,99
PVD,60
VDG,146
DGM,75
GMI,93
MIE,68
IEQ,173
EQF,58
QFL,104
FLK,88
KAG,236
DII,193
IIT,195
ITF,65
TFH,29
FHP,34
HPE,56
PEA,91
EAS,95
ASE,123
SEH,43
EHI,64
HID,74
IDR,124
DRS,44
RSL,131
SLQ,112
LQL,136
QLI,161
LIK,227
KDG,170
DGG,98
GGA,206
GAK,138
AKC,22
KCG,13
CGL,41
GLV,272
LVF,123
VFN,67
FNP,52
NPA,104
PAT,106
ATP,115
TPL,185
PLY,75
LYY,42
YYL,63
LDH,61
DHT,49
TLD,196
LDK,249
DKV,153
VDQ,36
LLM,135
LMS,80
MSV,71
SVN,90
VNP,73
NPG,20
PGF,30
GFG,231
GGQ,115
GQK,86
QKF,59
KFI,75
FID,107
DAT,146
ATL,270
DKL,286
KLA,274
LAT,306
ATV,196
TVR,91
VRQ,81
RQM,61
QMI,52
MID,83
IDD,202
DDS,108
DSG,91
SGR,117
GRD,74
DIR,106
IRL,172
RLE,147
LEV,128
EVD,76
GVN,137
VNV,84
NVA,101
ANI,185
NIR,67
IRT,99
RTI,91
TIG,119
IGE,158
GEA,156
ADM,73
DMF,24
MFV,26
FVA,135
GSA,152
SAI,209
AIF,165
IFN,65
NQP,110
QPN,60
PNY,44
NYK,28
YKA,67
KAV,227
AVI,287
VID,207
DAM,71
AMR,79
MRD,41
RDE,94
ELS,203
SKV,91
KVN,81
VNR,71
MIS,61
ISR,112
SRP,66
PIG,108
IGR,134
GRF,105
RFA,89
FAP,90
PSP,58
PTH,38
THH,55
HHL,74
HLH,38
HLG,111
LGS,180
GSL,216
SLT,196
TTA,185
TAV,176
VAS,185
ASF,138
FCH,14
CHI,15
HIK,60
IKS,160
LGG,266
GGD,112
GDW,35
LLR,199
LRI,132
RIE,95
IED,102
EDV,87
DVD,104
VDF,106
DFE,91
FER,85
ERC,16
RCQ,21
CQP,8
QPK,79
PKY,49
KYT,44
YTD,62
TDS,103
DSI,129
ILH,76
LHD,56
HDL,67
DLD,160
LGL,451
GLH,62
LHW,13
HWD,14
WDK,18
DKE,76
KEV,94
EVT,88
VTY,45
YQS,71
QSK,72
SKR,56
KRT,79
RTD,75
TDI,136
DIY,65
IYD,84
YDE,96
DEI,234
EIL,229
LSN,171
SNR,60
NRL,157
RLS,220
SDI,164
DIT,137
ITY,43
TYA,68
YAC,19
ACQ,46
CQC,6
QCS,5
CSR,11
SRK,55
RKQ,36
KQL,191
QLE,114
EAH,48
AHR,69
HRN,20
RNQ,35
NQN,62
QNA,114
NAK,147
AKP,108
KPH,24
PHA,37
ALN,211
LNQ,186
QPT,70
PTL,147
TLY,99
LYP,65
YPR,25
PRF,34
RFC,17
CLH,12
LHK,67
HKD,44
DKS,141
KSH,64
SHP,54
HPK,58
PKS,112
KSK,103
SKI,111
KIR,92
RLQ,121
QLP,123
LPN,190
PNV,65
NVE,55
VET,82
ETA,116
TAF,133
AFV,141
VDE,142
ELQ,89
LQG,113
QGV,150
GVI,232
VIW,30
IWD,12
WDN,27
DNP,86
PAL,172
ALS,380
LSL,410
LGD,201
GDV,194
VVV,204
VVK,121
VKR,77
KRQ,75
RQN,64
QNQ,73
NQM,31
MIN,61
INY,53
NYI,42
YIL,64
ILA,375
LAC,60
ACA,65
CAI,36
AID,224
GLQ,104
LQN,119
QNI,106
ITH,95
THI,73
HIM,13
IMR,38
MRG,37
RGL,127
GLD,226
LDI,204
DIM,46
IMP,57
MPM,27
PMT,45
MTV,69
TVA,185
VAQ,151
AQI,186
QIN,104
INI,99
NIL,135
HKC,7
KCR,10
CRL,20
RLP,150
LPI,264
PIP,66
IPS,104
SYF,44
YFY,30
FYH,48
YHL,50
HLP,99
LPL,261
LMN,70
MNT,45
DGQ,97
QKL,169
KLS,235
KQN,59
NLA,216
TPI,167
PIN,78
INT,128
TTK,109
TKP,109
KPS,98
SEM,40
EML,74
MLL,128
LLY,105
LYA,139
YAL,162
LKL,240
KLL,259
LLG,345
LGQ,156
GQH,34
QHT,26
HTV,59
TVK,132
VKE,74
KEM,34
EMR,29
MRA,60
RAA,159
AAK,236
PHK,14
HKI,46
KIL,187
ILR,125
LRH,79
RHA,63
HAI,102
AIE,200
IEH,63
EHW,12
DNT,82
NTP,116
PLT,139
THR,46
HRH,32
RHT,48
LAI,349
MQT,46
QTF,40
NPN,120
PND,92
NDH,36
DHM,11
HMV,15
MVF,47
VFC,21
FCR,18
CRK,8
RKY,21
KYQ,50
YQQ,53
QQN,50
NLP,168
LPK,299
PKL,168
KLP,126
PNP,77
NPP,46
PPF,29
PFP,18
FPN,45
PNA,117
AKG,187
KGQ,58
GQE,69
QEI,99
EIQ,64
IQD,73
QDT,65
DTI,143
TIS,135
ISA,219
SAK,187
AKA,329
KAW,33
AWN,9
WNA,11
NAW,36
AWL,107
WLE,37
LEL,182
LQT,126
QTM,32
TML,63
MLI,113
LIN,198
INE,114
NEK,65
EKH,29
HLS,114
LSM,79
IDP,101
DPQ,34
PQA,80
QAK,161
AKK,196
KKY,64
KYL,88
YLN,94
LNE,168
NEQ,67
EQR,56
QRE,34
REK,67
EKF,70
KFL,86
FLD,119
LDN,155
DNG,99
NGD,70
GDY,68
DYE,52
YEK,45
EKP,48
KPA,124
AGY,109
GYK,41
YKP,26
KPL,154
PLK,89
MDS,31
DSV,109
VNL,139
NLQ,101
LQI,109
IDS,124
DSN,60
SNI,87
ITK,125
TKD,116
AIQ,143
IQQ,53
QQG,63
QGQ,75
GQL,142
SLF,116
LFE,106
FEL,122
ELG,222
LGY,139
GYN,56
YNP,33
PDV,72
DVL,225
VLD,241
LDC,30
DCL,29
CLS,43
LSS,249
SSL,240
SLS,265
SND,65
NDE,82
DEV,165
EVF,73
VFT,71
FTS,59
TSP,70
SPK,92
LAN,277
ANQ,136
QML,82
MLD,89
LLP,254
LPP,111
PPE,36
PEI,74
EIW,28
IWS,20
WSN,16
SNP,59
NPK,130
PKA,153
KAT,103
ATF,92
TFL,84
LDP,111
DPV,59
PVS,79
VSK,100
KSG,141
SGV,180
GVF,122
VFL,115
FLR,71
LRE,121
REI,91
EIV,119
KRL,195
RLD,163
DKG,97
GLK,172
KNQ,86
QIP,61
IPD,60
PDK,57
DKQ,80
KQT,95
QTR,65
TRI,85
RIN,79
INH,92
NHI,64
KSS,129
SLW,33
LWH,22
WHC,1
HCH,8
CHY,7
HYW,6
YWV,19
WVN,25
NRP,60
PII,169
IIK,168
MTL,108
LHG,82
HGI,85
GII,185
IIL,220
ILW,51
LWF,25
WFC,5
FCF,12
CFI,21
FIW,13
IWL,61
WLN,61
LNF,80
NFF,32
FFI,73
FIL,120
LSF,157
SFL,98
FLT,107
LTV,211
TVF,89
VFD,108
FDY,61
DYF,49
FYN,32
YNL,52
LRS,98
RSS,68
LLI,334
LIL,318
LST,185
STQ,98
TQN,92
MNQ,52
IFH,33
FHL,34
LMT,111
TQT,143
QTK,96
TKH,43
KHT,54
HTN,52
TNH,49
HTK,59
TKK,119
KKV,126
SML,89
MLS,124
SLC,31
LCL,63
CLL,42
LLH,135
LHI,68
HIT,59
ITQ,127
TAM,72
AMA,142
MAE,70
AED,89
EDT,69
TLK,240
KDV,92
DVP,81
VPK,73
ATD,175
TDF,71
DFS,89
FSV,82
SVI,164
VIL,233
ILD,211
LDE,305
EVV,174
VVT,147
VTA,191
TAT,174
ATN,120
TNG,56
GTK,82
KSQ,79
SQK,86
QKP,58
KPF,58
PFT,49
FTK,83
TKA,186
KAS,134
ASA,226
SAT,171
ATS,134
TSV,91
SVR,112
VRE,105
REN,42
ENV,58
NVF,43
FNA,75
NAS,94
SEN,92
ENI,96
NID,113
IVR,120
VRS,91
RSV,78
SVP,78
VPG,45
PGA,33
GAF,120
AFT,81
FTQ,63
TQQ,69
QQD,44
QDK,97
SSG,146
SGL,216
VSL,233
SLN,153
LNV,79
NVR,46
VRG,99
RGD,70
GDS,88
SGF,107
FGR,93
GRA,141
RAN,78
ANS,113
NSM,27
SMV,66
MVD,59
DGV,206
GVT,159
VTQ,87
TFY,25
FYS,39
YST,55
TST,113
DAG,171
GRG,108
RGG,94
GGG,228
GGT,124
GTS,120
TSQ,78
SQF,56
QFG,73
GAV,225
IDQ,90
DQN,35
NFI,75
IAG,246
AGV,337
GVE,121
VEL,130
ELN,116
LNK,165
KGS,85
GSF,80
SFN,63
FNG,43
NGK,90
KGG,104
GIN,122
NTL,174
TGS,131
SAN,127
ANF,80
NFR,37
FRT,36
RTL,170
TLN,165
LNA,227
NAD,111
ADD,189
DDV,154
DVI,178
KDD,99
DDK,138
DKN,112
KNF,61
NFG,76
FGF,104
GFI,142
IAK,278
TGK,169
GKN,92
KNA,131
NAT,120
TDK,151
NFM,23
FML,60
MLA,136
LAA,429
AAG,282
RGW,23
GWL,51
NGS,75
GSI,133
SIS,134
SAL,323
ALY,126
YAY,48
AYS,73
YSH,27
SHK,34
KDI,134
DIS,145
ISQ,144
SQN,97
QNY,43
YKV,39
KVG,139
GTH,55
HIG,71
GNV,96
NVG,87
VGD,176
GDD,131
DDL,216
KQK,81
QKQ,115
KQV,121
QVF,83
VFA,114
FAK,151
AKE,163
KEH,32
EHA,78
LTY,73
TYN,32
YNE,37
NEA,94
ASR,112
SRS,66
RSW,16
SWQ,32
WQK,47
QKD,77
DLT,191
LTK,218
TKL,150
KLD,156
KET,53
ETG,102
GKP,115
PLW,26
LWD,28
WDR,13
DRK,52
YQF,36
GGK,127
GKC,8
KCY,10
YGL,143
GCI,32
CID,22
IDT,182
DTK,124
TKE,76
KEK,74
KFD,72
FDE,179
DEY,90
EYV,48
YVA,88
VAD,224
ADK,204
KQQ,76
QQQ,57
QQW,10
QWQ,33
QKH,32
KHG,56
HGA,69
KEY,49
EYS,38
YSI,40
SIT,121
ITP,143
IDI,176
TAL,329
NQT,108
QTS,68
TSK,78
SHL,108
LAK,406
AKI,228
IRY,57
RYN,42
YNN,33
NND,46
NDT,90
DTS,99
TSD,89
SDV,118
DVG,91
VGL,259
QLR,87
LRK,106
RKM,19
KMD,30
MDT,28
DTT,111
TTI,105
GSR,66
SRR,55
RRI,97
RIS,98
ISN,103
NDN,61
DNY,50
NYQ,62
YQL,95
QLD,120
AAY,109
AYN,68
PNE,68
NEI,101
EII,161
IID,163
IDL,171
DLK,114
AAH,80
AHN,37
HNV,42
VGV,198
GVQ,98
VQK,78
QKY,55
KYP,42
YPK,57
PKG,101
GST,117
STF,53
TFT,45
FTG,78
TGW,19
GWK,13
WKL,14
DKD,128
KDF,73
FET,76
ETK,73
TKN,107
KNT,114
NTA,140
TAN,120
ANL,230
NLF,78
LFD,177
FDL,126
DLN,115
NNT,75
THT,65
FNL,73
PKQ,95
KQM,48
QMD,28
MDL,57
TTT,158
TTV,107
TVG,123
GLN,146
LNI,150
LHN,44
HNE,10
NEY,38
YSK,26
SKN,87
KNR,73
NRF,57
RFP,17
FPD,38
PDE,107
GLF,164
LFY,66
FYT,41
YTN,52
TND,76
NDL,128
LLC,46
CGG,38
GGY,120
GYD,86
YDA,102
DAC,28
ACG,60
RFQ,15
FQG,37
QGT,66
TSS,108
SST,100
STL,214
TLP,205
PKK,85
KSV,151
VIV,157
VQP,56
PSG,80
SGK,166
GKQ,81
KQR,61
RFH,28
FHS,16
HSI,44
SIY,68
IYL,107
LQK,128
KDK,144
DKY,53
DYS,38
YSV,47
VNA,137
ASQ,135
SQY,49
QYR,42
YRF,47
RFS,59
FSG,114
GEH,64
HAS,51
ASY,71
SYY,36
YYS,32
YSS,50
SSQ,97
QKE,39
KEF,49
EFQ,24
FQD,31
DKF,91
KFG,97
FGE,130
GED,82
EDS,56
DSQ,81
SQI,150
QIY,48
IYK,50
YKQ,27
KQH,50
QHC,6
HCS,8
CSP,7
SPS,89
SCD,16
CDV,32
DVY,64
VYE,52
YEP,36
EPL,115
PLV,153
LVT,149
VTT,93
TSG,107
GKK,129
NHS,44
HSV,47
SVT,111
VTL,180
AKY,71
KYD,40
YDT,64
DTG,96
TGF,110
GFM,49
FVS,110
VSF,103
ART,127
RTH,44
HRM,16
RMP,20
NIQ,81
IQE,78
QEM,27
EMF,30
MFF,29
FFS,58
FSQ,68
QIG,113
IGD,160
VNT,77
LKP,119
KPE,55
PEQ,66
QAN,116
ANT,139
NTY,37
QLG,162
GFN,67
FNV,48
VFK,39
FKR,35
KRN,27
RNL,74
NLL,230
TDN,103
DND,66
TLG,212
KVV,126
VVG,209
VGY,87
GYQ,64
QSR,69
SRI,92
INN,84
NNY,28
YIH,32
IHN,43
NVY,35
VYG,68
YGK,74
GKW,28
KWY,9
WYD,16
KNP,111
PPS,58
PSW,16
SWV,35
WVT,16
VTS,99
SGA,185
GAL,272
LKG,140
KGD,76
GDT,125
TIQ,89
IQH,28
QHR,21
RNW,8
NWQ,33
WQM,18
QMP,50
MPV,51
PVH,38
VHK,45
HKQ,29
KQG,116
QGL,164
GLE,159
ELE,155
LEI,124
EIN,80
NYD,51
GRY,84
YFT,34
FTN,50
TNL,120
LSY,110
SYA,76
YAR,56
ARQ,111
RQK,84
QKT,98
TDQ,71
DQP,32
TNY,37
NYS,41
YSD,54
DAS,114
ESP,38
SPL,102
PLN,62
SSK,86
SKE,60
KED,47
EDQ,26
DQL,136
QLT,154
TQG,102
QGY,67
GYG,99
GLS,322
VSM,51
MLP,61
PKD,108
YGR,46
RFE,84
GVR,142
VRA,148
RAF,82
AFD,127
FDN,49
NKL,130
KLT,158
LTM,73
TMG,49
MGS,56
SAV,176
RYY,38
YYG,50
YGQ,47
GQS,94
QSP,69
SPR,29
PRA,46
RAT,87
ATI,189
IEP,98
EPR,33
PRY,30
RYI,52
YID,85
IDG,211
DGT,140
THG,66
HGG,67
GGN,89
GNT,84
NTS,65
TSH,44
SHS,48
HSD,49
SDD,167
KGA,127
GAH,44
IKQ,166
QIE,83
IEM,33
MLK,82
LKR,152
RQP,49
QPL,82
LVH,76
VHD,43
HDF,30
DFY,65
FYV,37
VAY,99
AYE,69
EPI,110
PIK,87
LVM,114
VMR,45
MRL,98
LDV,156
DVQ,70
NAF,70
FDK,130
KLY,88
LYI,56
DPL,68
PLD,117
DAN,120
ANN,83
NDA,100
AAT,189
ATQ,119
TQR,48
QRY,34
YYH,33
YHS,39
HSY,21
YYN,24
YND,42
DAD,188
DEG,80
EGA,102
GAP,69
APC,13
PCA,15
CAA,29
AGQ,122
QLC,18
LCK,29
CKP,7
KPD,66
PDA,100
DAK,211
KYG,68
YGG,77
GTT,121
TTR,75
TRS,66
LTN,153
TNF,50
NFA,73
KGR,84
GRS,110
LLF,176
LFS,123
FSM,36
SMT,68
TYK,30
MSK,60
SKK,101
KYA,69
YAV,78
AVV,223
GSS,136
AVN,135
VNF,72
NFL,81
VNH,55
NHG,57
HGH,30
GHK,29
HKV,32
VSI,142
SII,158
NPT,92
LAD,349
LPT,182
PTG,95
TGV,158
GVH,78
VHC,8
CHF,10
HFG,51
SLD,199
LDS,131
DSE,78
SEL,197
ELL,314
SSA,145
ADQ,89
IIS,199
SPG,24
PGI,40
GID,207
DPR,54
PRT,33
RTP,62
TPS,135
SIA,209
IAA,258
KAQ,146
AQG,144
QGI,119
GIP,101
IPV,102
PVV,126
VVS,173
VSD,150
QLF,71
LFI,147
KAR,125
ARD,75
RDL,98
DLA,249
LAQ,274
AQA,261
TNT,107
TPV,90
PVI,125
VIA,238
IAI,246
AIT,203
ITG,183
GSN,67
SNA,87
AKS,182
STV,96
TVT,112
TTL,212
TLV,184
LVG,263
VGE,146
GEM,63
EMA,66
MAK,95
AKR,148
KRA,89
RAG,138
AGM,106
MIV,66
IVG,175
GVG,257
GNI,108
NIG,108
IGT,141
GTP,126
ALE,209
LTI,173
IQN,92
QNM,26
NMD,25
LVV,221
VVL,254
SSF,98
SFQ,34
FQL,37
LEH,81
HIS,62
SNL,110
QGA,104
GAT,208
ILN,151
LNL,236
ADH,56
DHL,73
HLD,99
LDR,137
DRH,37
RHD,46
HDG,52
GMA,113
MAD,104
ADY,94
DYL,154
AQK,164
KLR,124
RIF,78
IFE,77
FEH,40
EHC,14
HCQ,15
CQT,21
TAI,228
AII,255
IIC,42
CQD,23
QDD,66
DDA,197
AGL,374
GLA,311
AKQ,222
KQC,15
QCL,23
CLT,38
TLQ,110
LQR,69
QRI,82
RIA,157
APN,88
PNH,73
TTN,85
TNS,79
NSL,114
LSH,125
SHQ,72
HQT,60
TAD,201
FYL,78
YLF,57
DGD,121
GDG,124
MAL,127
LYH,72
YHQ,55
HQK,64
PIH,47
HQL,95
QLK,140
KIK,130
IKG,120
KGK,90
GKH,46
KHN,30
HNL,63
NAL,254
ALA,578
LAL,448
ALG,367
LGT,157
TAA,230
AAN,142
LPM,74
PMD,32
MDA,59
AML,143
LKT,186
KTF,64
TFK,44
FKG,47
GLP,218
LPH,68
PHR,22
HRC,8
RCE,11
CEY,10
EYI,51
DDI,222
DID,189
DGK,171
GKA,127
KAY,88
AYF,76
YFN,38
FND,67
NDS,62
DSK,79
SKG,88
KGT,70
GTN,57
TNI,90
STM,30
TMA,51
MAA,124
AAI,300
GTV,168
TVY,64
YGT,52
SLA,319
ILG,264
LGK,215
GQD,77
FSE,79
SAY,87
AYV,90
YVT,45
TQW,10
QWA,17
WAD,39
ADS,141
SVY,60
VYL,112
QDA,99
DAP,101
APM,42
PMI,46
EQD,54
QDL,128
GDA,157
HLV,83
KIY,70
IYQ,111
YQV,94
VGT,139
GTL,185
DQA,98
QAV,217
AVL,360
AAS,179
SQS,104
QST,80
STA,139
VLL,371
LSP,137
SPA,96
PAC,20
CAS,30
ASM,66
SMD,31
MDQ,10
DQF,34
QFK,38
FKN,58
KNY,48
NYN,32
NER,76
ERG,96
GDK,134
KFV,62
FVN,59
VNM,23
NMV,26
MVH,18
VHA,58
AHP,48
HPC,7
PCK,5
CKR,9
KRP,50
MTN,63
TNA,113
ATE,108
TEF,54
LTP,166
PSA,114
INV,80
NVD,66
VDT,132
DTV,138
TVN,121
VNE,80
NET,62
ETT,83
AKV,185
KVT,103
TLE,171
LEP,105
PLE,72
LER,152
RGF,60
FGH,52
GHT,69
LGN,167
GNA,128
ALR,184
LRR,126
LSG,307
GAA,207
AAV,267
VVE,127
VEA,146
EAE,102
AEI,141
EIE,119
IEG,109
EGV,140
GVD,182
VDH,35
DHE,36
HEY,32
LEG,128
EGL,158
LQE,102
QED,39
HDQ,26
QNE,42
EAY,66
YLT,130
LTL,303
GVV,257
AAD,160
ADL,242
DLE,81
ELP,112
VEI,106
EIA,161
IAN,180
ANP,110
LVL,308
VLG,272
LSE,248
SER,89
RGH,26
GHL,68
HLK,75
LKM,45
KMR,26
RLH,63
LHV,39
HVV,62
VTG,157
TGR,124
RGY,51
GYE,69
EPA,80
PAN,82
NQR,50
QRR,48
RRE,72
RED,46
EDA,121
NSK,55
KII,142
GRL,209
SFS,87
FSP,51
SPI,99
IIR,93
IRV,62
RVA,138
YDV,63
DVE,83
VEN,79
ENA,101
NAR,81
ARV,93
RVE,61
QRT,38
TDL,141
KLI,216
LII,237
IIE,142
IEL,181
ETN,38
GTI,102
TID,102
DPE,66
PEE,60
EEA,110
AIR,149
IRK,58
RKA,80
KAA,202
ILQ,141
LQQ,105
QQI,83
IFV,87
VDL,173
AEE,107
EAP,63
APE,68
PEP,51
IKE,138
EKE,53
KEE,51
EEI,114
EID,144
PVL,150
LRP,83
RPV,53
VDD,146
ELT,169
RSA,90
ANC,20
NCL,24
CLK,24
KAE,108
AEN,94
NIY,53
IYY,40
YYI,38
YIG,59
LVQ,132
VQR,60
QRS,39
RSE,70
SET,78
ETE,47
TEL,124
KTP,101
TPN,109
NLG,152
LTE,176
TEI,88
LAS,321
ASK,111
NLE,110
LGM,123
GMR,41
DNW,24
NWP,11
WPP,4
PSD,96
DLR,91
LRV,105
RVD,67
DDR,62
DRF,53
FSY,43
SYR,61
YRS,51
MAR,72
SLY,87
LYD,108
YDD,69
LKQ,183
QIK,114
EEL,145
LEN,156
NVM,20
VMQ,52
MQV,43
QVP,55
PKI,99
KIT,145
ITL,223
LNM,40
NMG,36
MGV,121
AQD,102
DKK,135
KKL,199
LLE,251
DMT,64
MTA,119
AIA,367
VTK,82
ARK,82
RKS,56
SVA,224
GFK,66
FKI,50
IRE,97
REE,57
EEW,16
EWP,4
WPI,10
IGC,33
GCK,14
CKV,11
TLR,117
LRG,121
RGE,100
GEQ,83
EQM,50
QMY,16
MYE,15
YEF,38
DRL,182
RLV,167
VAI,233
AIP,88
IPR,43
PRI,35
RIR,93
IRD,83
RDF,50
DFR,42
FRG,33
GFS,106
FSA,104
FDG,121
DGR,125
RGN,38
GNY,59
YSL,93
LGI,328
KEQ,85
EQI,152
IVF,76
VFP,33
FPE,40
PEV,80
DFD,130
DKI,186
KID,135
DRI,129
IRG,80
VTI,97
TIT,157
AND,113
NDD,90
DDQ,60
DQG,51
QGR,109
ALL,511
AFG,159
GFP,37
FPF,18
MER,45
ERW,18
RWF,15
WFE,16
FEF,47
EFI,86
FIG,134
NHP,74
HPV,34
VLV,275
IAF,125
AFF,98
FFA,95
FAI,132
EDK,65
DKR,80
KRS,62
RSG,113
GRK,75
RKV,51
KVP,55
VPP,52
LLV,322
VNN,55
NNQ,72
ARI,145
RII,130
IRP,94
RPA,70
ANK,104
NKF,41
KFA,81
FAN,107
ANG,131
NGH,36
GSQ,86
NIP,93
IPF,65
PFN,27
NHL,111
LAE,291
AEL,188
QAI,192
EVP,53
VPV,117
ILV,234
LVC,49
VCD,28
CDI,23
IGM,84
GMQ,41
MQA,89
AVQ,135
INR,81
RPN,57
PNF,61
FMR,26
EGG,93
GIQ,75
IQG,92
QSA,138
TNK,91
MNN,32
NNF,37
KTT,138
TLW,44
LWA,38
WAS,49
ASL,275
SLV,226
VAL,321
AAC,51
DKP,120
KPT,122
PTA,143
TAQ,132
QAD,171
SQA,159
AKT,204
KTV,148
VEH,59
EHP,32
HPA,51
ALD,262
AAR,193
RQG,94
KEG,106
EGF,64
FKE,53
EGE,80
GEN,95
ENL,156
FQS,42
SAQ,112
QGN,54
GNM,34
NMA,48
MAT,91
ATA,258
GQI,139
IAR,190
QFT,49
SDN,81
DLI,180
LIY,104
IYA,90
IAT,235
TQD,86
QDI,107
DIP,94
VVF,110
VFS,90
AVT,158
VTD,125
TDP,83
DPI,64
PIE,77
IEA,189
EAR,91
ENS,56
NSG,83
SGN,91
GNN,64
NNI,77
TGA,164
GAS,184
ASD,133
DAL,352
ALP,222
LPY,79
PYE,21
EPQ,30
PQI,48
LIQ,153
QEL,112
ELV,168
LVP,128
VPT,79
PTV,84
VKN,88
KNV,61
GYV,88
YVF,35
PGE,31
GEV,155
EVN,59
VNS,67
NST,74
TVV,136
KTL,227
LKE,149
EKL,168
LAP,148
APL,156
PLG,106
NVI,70
VIE,167
APA,119
PAQ,76
QKS,95
QAA,239
VGR,99
GRV,149
VDV,144
VIY,61
IYT,62
YTS,36
DNN,52
NNV,30
VIN,119
INA,179
NAY,65
YEA,66
EAL,295
LYQ,107
QVA,179
VAK,186
KTA,228
IPL,143
PLI,153
TVE,101
VER,83
RGA,95
VAA,317
AAL,396
VNY,42
NYT,33
DLG,186
GKE,60
KEA,119
AGK,191
GKI,158
KGE,107
GEK,114
PAD,118
VHI,56
ISE,130
NLD,131
DLY,71
YIS,56
ISK,98
HAA,86
AEQ,146
EQG,122
LPQ,86
DRA,76
LRF,73
RFF,65
FFK,49
KRK,57
QGE,97
GEF,107
EFA,112
NSH,37
SHG,69
HGE,64
GET,153
ETR,42
TRH,40
RHE,49
HEN,29
ENR,58
NRE,44
REW,16
EWE,9
WEN,16
NSY,42
YRA,54
RAR,73
ARW,17
RWS,12
WSY,10
SYD,56
YDK,83
RST,49
STH,56
HGV,86
VNC,13
NCT,11
CTG,24
GSC,23
SCS,14
CSW,4
SWK,9
WKI,12
IYV,57
YVK,42
KNG,116
NGL,131
VTW,20
TWE,18
WET,11
ETQ,63
QQT,76
QTD,112
TDY,68
DYP,51
TRP,69
RPD,75
DLP,175
NHE,41
HEP,36
PRG,42
RGC,10
GCP,21
CPR,4
SYS,49
YSW,12
SWY,13
WYM,5
YMY,8
MYS,15
YSA,70
ANR,108
LKY,70
PKV,98
KVR,73
VRK,59
RKP,40
KLW,35
LWR,40
WRE,22
REA,103
EAK,122
KAK,185
HTD,52
LAW,63
AWA,64
ASI,200
SIV,114
ENP,61
TKS,106
KSA,181
SAE,117
AEY,91
EYK,40
YKS,33
KRG,65
GGF,116
GFV,133
FVR,57
SSW,27
WQE,26
QEC,9
ECA,11
CAE,20
ANV,93
VYT,53
YTA,74
FGP,32
GPD,22
IGF,140
IPA,118
PAM,52
MSM,22
YAS,68
ASG,180
SGS,138
SRY,62
YLS,130
IGG,212
GAC,38
ACL,63
SFY,40
FYD,54
DWY,21
WYC,2
YCD,16
CDL,24
PPA,46
PAS,100
ASP,74
SPM,36
PMV,44
MVW,12
WGE,29
DVA,168
VAE,156
AES,112
ESA,108
ADW,33
WYN,11
YNS,32
SDY,83
DYI,79
IAW,35
AWG,32
WGS,24
SNV,56
NVP,50
VPQ,44
PQT,52
TRT,76
TPD,105
AHF,51
HFF,14
FFT,43
FTE,52
TEV,80
EVR,100
RYK,25
YKG,38
TKT,138
PDY,53
DYA,88
YAE,68
AKL,333
KLC,33
LCD,46
GTD,73
QAF,116
AFC,24
CHV,18
VII,177
EFY,53
YLK,114
QSD,82
YFQ,27
QDY,47
YAK,122
KRY,59
PML,74
MLV,79
LEE,136
EEK,61
EKD,60
KFK,55
FKA,96
LRA,159
RAS,94
DNL,165
QEN,44
ENN,59
NNP,110
NPE,79
PEW,20
EWK,11
WKT,9
KTI,126
TIA,160
IAM,100
AMN,54
QNG,71
NGE,101
GEL,207
VSP,81
SPY,41
YGS,60
SIG,126
IGY,102
GYR,80
YRW,13
RWG,13
GRW,22
RWN,10
WNL,12
ENK,71
NKE,55
EGQ,52
QHN,28
HNG,29
SLK,166
GSG,176
TAS,174
ASV,175
SVG,157
GDE,142
DEH,60
HPY,26
PYF,45
FTA,89
AGD,148
IQY,24
QYK,25
YKN,47
KNI,119
IPC,6
PCH,12
CHT,25
ISL,246
NGQ,87
GQT,103
KVA,179
VAT,201
DLM,77
MVA,85
GHG,50
GQN,65
QNV,46
NVT,48
TDD,157
DDY,82
DYN,33
NIA,151
AGT,178
PAW,30
AWQ,62
QEK,55
EKI,134
GVS,219
VSR,114
SRE,73
EKV,104
KVI,120
VIQ,58
ARE,102
REF,61
FAE,91
NAH,52
AHK,63
HKT,34
KTQ,87
QGK,103
GKS,182
KSM,39
MVI,71
IGA,244
GMN,50
MNH,27
NHW,17
HWY,8
WYH,5
LDM,82
DMN,31
MNY,24
NYR,35
YRG,46
RGV,107
INM,22
NML,36
MLM,36
LML,139
MLC,18
CGC,10
CIG,34
SGG,200
GGW,34
GWA,41
WAH,4
AHY,44
YVG,87
VGQ,112
RPQ,39
PQS,58
QSG,115
SGW,25
WAP,5
APV,103
PVA,148
VAF,118
LDW,41
DWH,16
WHR,16
HRP,40
RPP,38
PPR,20
PRH,28
RHM,10
HMN,15
MNG,39
TSF,57
SFF,50
FFY,30
YNH,29
HSS,58
SQW,27
QWR,14
WRH,12
ETV,110
TVS,149
VSA,213
SAH,55
HEL,116
SSH,57
SHA,83
HAN,82
NKS,90
QFP,28
PEH,47
EHM,15
HML,19
YNI,45
NIK,106
IKA,205
ERA,140
AGW,37
WLP,29
SAP,84
APQ,41
PQL,71
QLN,123
QNP,59
NPL,95
KGM,34
GMS,68
SVQ,94
VQD,79
DYV,88
YVV,66
SLH,58
SLR,122
FAA,119
EQP,31
QPD,51
PDN,51
NPQ,76
PQN,34
NFP,31
FPR,14
PRN,19
RNM,16
NMF,8
MFI,33
IWR,30
WRS,13
RSN,40
KGH,37
GHE,44
EYM,19
YML,21
YLL,170
DET,116
TVQ,80
VQT,81
QTG,88
FKP,42
KPN,87
IDF,90
DFV,85
NAP,78
APT,97
LDF,116
FRM,11
RMS,27
MSS,56
STC,12
TCL,22
CLY,15
LYS,74
DIV,155
ATW,27
TWY,12
WYE,14
EDI,100
DIN,104
SDM,33
DMH,10
MHP,26
HPF,34
PFI,73
FIH,58
IHP,59
DPA,76
AWE,28
WEA,12
TDW,25
DWE,20
WEI,16
EIY,65
YKY,14
KYI,36
YIA,80
AFS,85
FSR,65
SRL,178
RLC,32
LCV,31
CVG,34
VGH,52
GTQ,62
PMQ,29
MQH,13
QHD,30
HDS,39
DSA,99
ELA,285
PFG,65
DWK,16
WKS,12
AGE,167
KPI,140
IPG,42
INC,12
NCP,19
CPL,22
IKV,102
ERD,67
RDY,49
STY,51
AKF,96
KFT,64
LGP,50
GPL,47
PLM,59
LMD,65
MDK,74
NNS,62
IDW,34
DWD,22
WDT,15
EEV,99
EVQ,72
VQQ,54
QQL,108
LNY,70
YRI,50
IHD,62
HDD,74
NTR,49
PNM,22
NMS,30
SVV,165
VVN,100
NAI,186
IET,124
TVL,202
VLM,104
PET,76
HVA,57
VAV,250
AVK,165
VKA,156
WAE,14
KKT,90
KTG,157
RDH,21
HTH,38
THL,94
EHE,25
HEK,27
IRF,57
RFN,64
NDI,105
IVA,215
QPR,31
PRK,22
RKI,82
ISS,161
SSP,77
PTW,9
TWS,10
WSG,17
LES,118
ESD,64
SDK,129
VSY,68
SYN,34
YNA,61
NAG,132
GYT,74
TNV,56
NVH,28
VHE,45
ELI,263
LIP,132
IPW,18
PWR,13
WRT,17
GRQ,61
RQQ,31
QQF,45
QFY,24
YVE,38
HPW,6
PWI,23
WIQ,12
IQA,182
QMQ,39
MQQ,32
QQY,18
YRP,50
PPI,46
TTQ,101
AFK,69
FKK,66
QSN,60
SNG,57
NGN,58
GNK,71
KEI,84
VLN,157
TPH,30
PHQ,26
QKW,24
KWG,15
WGI,31
IHS,50
HST,34
TYS,39
YSE,35
MLT,95
LSR,173
SRG,82
GGP,41
GPI,35
PIV,105
IVW,16
VWI,37
WIS,24
SEI,104
DAQ,140
QKA,150
AGI,254
GIE,139
EDN,57
NDW,31
WIE,20
NAN,109
NGA,78
GAI,178
TAR,128
ARA,176
RAV,145
VSQ,96
SQR,48
QRV,63
RVK,53
EGM,41
GMT,84
MTM,18
TMM,30
MMY,16
MYH,9
YHA,87
HAQ,71
AQE,89
KLV,150
VNI,105
PGS,35
GSE,75
SGT,120
GTR,72
TRG,48
HNS,12
NSV,76
VTR,70
THM,14
HMI,13
MIG,96
GYA,117
YAQ,68
AQF,77
QFS,59
SYG,77
FNY,33
NYY,32
VGC,36
GCN,14
CNR,6
NRD,50
EFV,66
FVV,96
KMA,71
MAN,69
EGR,86
RAD,107
DDE,179
LPR,97
PRP,38
RPL,103
PTT,84
MKI,47
KIF,64
IFC,21
FRP,35
GVA,262
ALV,333
SLM,110
TAC,44
ACS,35
CSN,11
GNE,47
NEP,53
EPK,60
KLQ,103
DWV,38
WVP,12
PNT,81
NTN,65
HTG,53
TGL,202
GLY,112
LYV,69
YFK,40
FDA,155
KIV,103
SED,77
DST,81
NKR,54
DFG,88
FGV,175
VYF,48
FQP,19
RLN,145
PIT,120
TQH,44
QHS,28
KPQ,51
PQD,34
DLQ,121
GKR,99
RYS,49
STW,18
WED,13
EDP,29
DAV,205
LKK,150
KKI,123
GES,127
EST,60
ATT,165
LRM,30
RMN,28
NQF,52
QFD,69
YIM,16
IMA,91
MAY,46
AYY,49
SWD,9
WDG,20
DGI,198
IHA,112
HAD,100
DIK,149
KGV,153
DTN,86
KDA,181
ADP,62
PIF,88
IFD,119
DYY,34
YYA,50
YAP,59
ELK,176
PEK,46
EKY,45
KYK,48
YKK,43
KKA,172
KAL,281
AIK,195
GYL,126
YLY,47
AHH,59
HPN,59
NES,58
LVK,181
VKY,47
KQS,89
QSQ,73
QAY,90
AYI,73
SPQ,53
PQY,20
QYL,80
DEQ,106
QGD,85
DWG,19
WGR,19
RFD,93
DYD,66
YDR,51
DRW,10
RWD,11
FFN,51
FNW,19
NWV,17
WVY,17
VYR,53
YRK,35
RKG,44
GLM,123
MNE,58
NEF,42
FTP,73
TPK,188
VTN,72
NDY,54
MSN,63
NLM,43
LMA,162
MAF,65
FDT,104
VFE,89
EQC,13
CSI,18
ADG,228
TVI,146
YEQ,52
QTV,129
TVP,85
PGG,50
RGQ,58
QTE,50
VLS,250
LVD,210
DEA,215
LSQ,219
SQT,108
QTN,70
IDC,31
CLA,67
FNR,52
NRG,53
RGP,10
GPG,38
SGI,167
GIR,103
IRI,66
VVQ,76
VQA,152
VAH,67
TLC,35
LTA,364
DTA,167
TAH,71
HQI,67
QIH,58
IHR,58
HRF,35
ESS,69
YIT,62
AVM,123
NQV,89
QVY,38
YAG,86
GNF,54
FMI,38
MIK,69
IKH,65
KHD,28
HDN,38
DNI,109
IQP,45
QPI,87
IVD,130
VDI,133
YGN,49
TMP,54
MPA,69
SIK,126
KIQ,66
DIA,232
RLA,233
GEY,104
EYQ,55
QGH,44
GHA,78
HAV,78
RAE,80
AEH,79
LPV,171
PVY,38
YLR,79
LRD,116
RDN,60
DNA,141
AWK,20
MDG,52
NEC,12
CAC,9
VGS,133
SAF,109
FSS,69
FGC,28
GCC,7
CCL,10
CLG,40
GLR,133
RFV,64
FVC,20
VCK,12
CKF,4
TQC,13
QCF,7
CFY,11
KKR,86
KRI,111
ILT,232
TGI,161
TTG,125
IPH,35
PHL,43
NYV,34
SIR,94
PAI,136
IAE,183
AEA,185
HRA,55
AFE,120
FEN,74
ENH,28
FFF,22
FFL,63
DYH,55
YHG,43
IKC,12
KCF,6
CFD,29
FDP,54
DPD,59
EIH,47
HRS,49
RAI,157
WLA,77
VIF,118
IFY,42
FYR,30
YRQ,65
RQS,75
IPE,63
EIP,49
PEL,122
AWI,37
WIL,46
LNC,17
NCS,11
CSC,3
SCA,23
CAK,24
MNR,28
NRA,95
RAH,28
AHA,124
HAY,43
AYK,61
VDM,58
MNL,61
GIS,200
ISM,45
SMG,64
MGL,129
LFG,186
FGY,72
GYP,41
YPV,48
DIL,205
ILM,76
LMF,30
MFN,11
ATH,65
THV,32
PVG,85
VGK,133
GKD,83
KDQ,45
QIQ,86
QHI,54
HIE,58
FNF,38
NFK,42
FKY,19
PLF,102
LFV,132
VEP,61
EPF,56
PFA,84
FAV,100
VVD,178
DEN,103
ENT,60
LDG,197
KMS,44
KSY,64
NTI,99
TIP,66
EKA,125
MQI,52
IVT,123
NSQ,86
SQP,53
QPP,35
EEP,28
KDP,48
HCT,3
CTI,22
TIF,75
FEI,89
FGT,109
TPE,107
THY,22
HYR,19
YRR,36
RRG,77
RGI,95
GIG,239
IGW,32
GWG,21
ILF,106
FNK,69
NKI,110
KIN,115
APY,63
PYR,29
YRE,42
RER,74
ERY,65
YLH,50
HLI,97
PKE,77
KEL,148
LQM,44
QMG,53
MGA,85
ARR,150
RRV,92
DKT,118
KTR,74
TRR,51
RRA,118
IKP,112
PLA,181
MYL,32
LHQ,77
HQF,32
QFN,45
FNS,47
KKP,90
PSL,143
AIH,81
IHK,41
DAW,42
WLC,11
LCC,5
CCA,6
CAD,26
SAW,27
AWV,53
WVA,47
VLF,168
LFA,174
FAC,18
CLC,9
MMI,36
WRI,22
RIP,51
PVP,42
VPS,85
ETI,113
IKT,187
LHA,110
HAR,56
DIH,73
HAK,99
KHH,25
HHT,38
VKF,51
FAS,112
ASS,145
QAE,109
EDM,30
DMV,52
VIT,183
ITD,161
SQL,198
STE,62
IFI,99
NAE,84
AET,97
KAC,30
ACY,24
CYL,19
TIN,101
INF,56
FKT,52
KTY,71
TYE,49
EPH,15
PHP,23
HPH,22
ANH,76
HGL,103
AFY,58
FYE,57
YES,33
ESG,113
SGD,124
RKL,110
CCF,2
FIR,37
KVE,86
LNR,108
VDA,172
ADA,284
WLT,50
TGQ,100
GQR,54
EQS,65
QSV,118
RTE,52
ETD,74
GIA,237
KYN,26
NPI,88
FDW,20
QET,64
DVW,23
VWA,29
WAY,25
FNE,62
NEL,162
ELY,76
HQG,68
GCE,17
CEP,16
EPC,10
PCT,6
CTM,10
PVK,47
VKQ,81
IRA,116
RWW,4
WWW,1
WWE,6
WEH,10
EHK,31
KDN,97
KEC,12
ECG,25
ESY,46
YGM,39
PFE,46
FEP,65
EPE,66
EQV,120
NAQ,113
VRC,14
RCA,14
CAN,25
ANE,99
EFK,36
FKV,49
KVF,49
VHS,34
HSA,44
VDP,41
DPK,82
PKN,90
NFD,91
RSF,52
SFI,104
DEC,17
ECI,18
IIP,107
IPP,56
PPN,44
PNS,87
NSF,58
FAL,169
LAR,244
RTV,77
VEY,50
EYF,52
YFR,27
FRI,31
PRD,24
RDV,62
TIC,20
ICL,45
ARC,15
RCG,19
CGI,29
IVN,60
VTP,86
WEG,14
EGH,24
HVT,39
LEF,81
EFS,70
FSN,47
SNT,80
PAR,41
RIY,58
GEG,92
MLF,48
LFF,94
FFQ,28
DVC,20
VCQ,23
CQI,24
QIS,114
ISY,71
SYK,33
YKD,45
KDR,83
DRG,57
GKY,77
YQG,68
MNK,43
EVI,160
IDM,54
DML,101
IAS,211
SDF,85
DFI,117
FIP,65
DVN,63
VNG,105
DTY,38
NIN,98
SRV,79
FLG,152
GAE,84
RLL,262
RVL,166
AKD,178
IDH,77
ISG,172
GGM,90
MIP,40
IPK,95
KIE,101
IRS,88
LHS,59
TIV,106
RVP,43
VPH,25
HAC,22
IFT,77
TEE,63
EEG,72
TQI,134
LCN,18
CNK,13
SSN,78
NPM,30
MHG,22
HGN,42
GND,51
PHS,19
HSC,4
SCY,16
CYD,17
YNQ,37
NQS,132
QSW,10
WQS,44
CKH,2
KHK,41
KAN,104
IDK,188
KSI,138
SIQ,89
IQL,106
NDF,61
SSM,52
SMA,54
GCA,29
NTG,79
TGT,138
TGN,99
GNG,80
GTG,164
GAN,112
NVN,45
VNK,70
NKV,73
VVI,175
VIG,253
AIS,219
SKA,123
ATG,230
TGG,154
GGE,116
EKT,83
RDA,94
AIL,352
AVG,253
VGA,216
GAY,93
AYM,17
YME,8
ERQ,79
RQA,145
EQQ,68
QQM,34
MQG,39
VTV,119
THD,66
TDT,149
MPG,22
PGN,16
TFA,91
AHD,65
DDT,133
NSA,96
AFL,181
LGR,170
QLA,200
NTM,31
TMN,36
NQY,48
QYH,26
YHE,33
IVI,145
STG,108
NQE,55
ERR,85
NQG,85
DPY,38
RIQ,60
IQT,125
IRQ,116
PIA,141
ASN,87
TEA,106
RAQ,54
AQN,96
QNR,57
NRR,48
ELM,60
LMI,98
MIL,81
PQG,52
MGC,11
GCQ,21
CQY,7
QYF,35
SVF,92
VFF,81
FFM,25
MLN,73
NFY,36
TPT,103
KNN,81
NTK,80
KTH,67
IHI,52
HII,62
IVM,71
VMV,76
MVG,97
VGF,110
ILI,186
QHG,43
HGK,59
SFG,150
VFG,153
RTT,65
IFF,59
FAT,110
HFA,50
KQA,199
LRL,207
VPA,124
PAV,122
VSE,126
ETP,54
TPP,62
MTP,61
EIR,99
LEK,150
IEK,127
EKG,85
KIA,182
EYD,60
YDL,101
SYL,104
QLM,61
GNR,59
NRQ,53
RQI,108
GER,125
ERS,69
SAR,97
ARS,102
SLE,138
EKK,56
KLE,116
KFS,47
FSL,113
DNC,16
PLQ,51
LQS,126
INP,127
PDF,54
FES,70
ESI,98
ITE,132
TEW,12
EWD,9
LDD,272
PFY,46
FYK,34
RMG,40
MGR,51
GRR,81
RRT,51
GVM,105
VMP,44
ACD,45
CDD,26
DSM,35
TPY,46
PYV,53
YVQ,39
QDG,93
TIY,73
IYI,48
RKE,37
EVK,79
VKD,119
IFA,155
RFG,130
ELC,20
RLY,92
LYR,69
YRL,105
PDG,108
RIV,86
NAA,140
AEF,102
EFP,22
TKQ,93
ISD,139
SDG,116
EFE,76
FEV,63
GWV,28
WVW,7
VWS,13
WSV,23
MLY,32
DLF,74
DYQ,90
LVW,33
VWW,4
WWL,13
WLI,82
VGI,174
GIL,228
AIM,92
IMD,42
DGH,42
HDI,67
IGV,215
GVC,39
VCT,24
CTL,28
LPF,103
FVG,96
RSD,64
IER,143
NTV,76
VAP,114
APH,30
PHW,9
HWE,2
EGN,49
GNQ,69
QVW,15
VWF,12
WFV,22
FVT,85
LVY,85
YAT,85
SGY,75
GYY,62
YYW,8
YWS,9
WSL,32
ALW,48
WAL,44
ALF,187
FFR,30
KYR,44
RSM,35
IKN,147
KND,65
NDR,45
RWR,16
HTW,8
TWD,16
WDW,5
AVP,95
LIF,144
VTF,48
FGN,76
GNL,128
GSP,69
SPF,58
PFH,13
FHF,12
FDQ,79
NLV,127
YSG,56
FIE,102
TPF,53
CGV,36
VSV,158
VAM,89
TMQ,33
QGG,92
HRT,33
TTE,74
TES,68
QSY,44
GFW,29
FWV,32
WVQ,18
VQS,84
QSL,217
DGY,85
PLS,168
VQI,106
GAW,46
YDY,36
YPW,5
PWL,34
WLW,10
PVM,41
ERT,89
LFP,47
FYM,12
YMP,11
MPS,54
PSS,94
PRS,44
TVW,22
VWD,26
WDA,20
SHF,49
HFT,28
FTL,88
VML,83
TYT,52
TSW,16
SWA,32
RGK,75
GKV,133
YIK,47
KEN,54
ENE,57
TLI,228
DPG,24
RLT,163
TGY,70
STN,78
NDQ,52
TIR,62
RTN,41
TER,80
IAQ,172
FAG,119
HYQ,40
YQK,79
KYS,42
YSN,31
SNK,70
NKP,87
VFM,32
FMA,59
PDS,55
QAR,115
ARG,108
LQV,96
QVS,109
SEY,49
EYT,40
AVC,41
VCG,40
CGY,18
YGA,65
QVT,71
AMV,84
MVC,11
VCR,17
CRI,23
IPQ,45
AIC,47
ICH,18
AHS,44
HSM,20
SMH,19
MHK,21
HKL,65
KLF,92
NRT,65
RTG,95
NKK,73
KKK,46
KKG,102
WRL,31
DEE,71
EES,43
NMP,37
WAG,46
VCN,12
CNH,10
DSD,100
KTS,87
TSI,90
SID,128
PSR,67
FIV,93
FMG,41
MGH,34
RSK,56
MEV,37
VRL,172
TFS,61
VKK,103
KKC,16
KCL,18
CLD,28
ANA,193
EHN,36
HNN,20
NNG,57
RVT,62
YVD,57
EGI,102
RIM,34
MPR,22
RAK,134
ADR,113
RTC,10
TCH,24
ITV,137
VKV,123
MGK,61
KPK,100
SIC,25
ICT,28
CTT,20
QKG,69
SLP,197
VEV,116
YIV,52
VRD,95
RDS,56
DSL,174
APK,108
ARP,71
RPH,22
PHE,23
GRC,17
RCR,12
RRF,71
HVY,18
VYS,40
GRE,75
REM,31
EMI,65
EVA,165
TFR,34
FRA,74
RAP,35
APP,54
PPK,74
DTH,62
HTT,51
TTD,117
MII,72
DNV,66
NVW,16
WGD,23
RRD,76
FSI,71
SIN,103
YYQ,44
YQP,39
EVL,200
DFC,26
FCG,31
CGA,28
DSH,49
SHT,64
IEE,104
EED,55
PVR,54
RFK,45
GFE,108
EFD,95
DQD,39
QFH,21
FHQ,36
QDN,54
NWT,14
WTL,21
LEQ,145
HRL,116
TQK,92
QKM,33
KMF,17
MFG,48
EHG,85
GAM,84
MSF,51
EPT,66
PTP,78
LMM,56
MMV,38
MVV,66
VVA,244
VAR,132
ARN,67
RNT,42
NPV,75
PVF,71
FYA,55
AAM,95
MLW,19
LWE,25
ENY,59
FHE,22
AEK,124
AQR,108
RIK,102
PKF,67
QFI,65
FIT,96
DIW,30
LLQ,162
LQP,60
NPR,48
PRV,45
RVR,69
KFR,39
AAF,158
FDF,58
DFL,107
VLR,109
REG,71
EGY,75
SEP,51
PTQ,67
AWW,7
WWQ,10
WQA,78
YQD,79
DKA,189
IMI,42
EAF,74
PKR,73
KRR,71
RRR,65
RDR,40
DRN,31
RNA,59
KKD,91
KDT,112
REL,151
EQL,174
RPE,74
EDL,129
KTK,99
RTK,70
EPV,79
PVN,53
NFT,63
FEK,79
DEP,121
EPY,28
PYI,36
YIP,38
SRH,33
RHR,52
HRK,18
RKR,35
LSI,247
KER,66
ERE,83
HWS,7
AQT,132
RHQ,44
HQS,64
QVD,85
LVE,183
ENQ,69
NQA,156
RRK,43
KSN,61
KAD,151
TQS,99
YQH,36
QHL,54
ATM,72
TMT,49
LRQ,161
STK,102
NKT,90
KYY,33
YYD,41
MKN,39
QDW,20
WQQ,37
QQP,33
QPH,12
PHI,39
SEA,123
EAD,110
DKW,20
KWL,45
LCA,31
CAH,5
HLR,54
REP,34
EPG,28
PGH,18
GHQ,43
QSH,52
HGT,57
SEG,91
NGI,107
HIV,54
PPD,30
PDT,69
ENG,83
HVL,73
EGK,89
KQP,46
QPA,66
IAV,194
END,49
LRC,22
RCL,17
CLE,27
LEY,82
EYA,108
FYP,42
YPD,57
EPS,60
HEG,28
SFH,31
FHG,41
MTE,41
EET,48
HFS,29
QIT,100
ITC,23
TCR,8
CRT,13
RTS,48
SVE,91
LIR,128
IRH,74
TCD,19
AMH,36
MHQ,16
QLH,64
YVL,94
PPL,48
PLR,65
DQK,54
LQD,131
ICS,15
CSH,8
SHH,52
HHE,34
SSS,97
APF,79
AQC,16
QCQ,5
SNF,48
DTF,59
GVK,146
QLV,123
VEK,87
KIC,18
YER,45
RIG,126
DPN,86
PNQ,95
QAW,41
AWT,24
WTV,23
DTM,42
TLM,79
LMG,115
FFD,73
MSL,94
KDC,9
DCD,26
DLS,209
IIQ,94
SQG,101
KDS,104
QGS,67
SAS,135
ASW,20
WKK,13
TSE,59
EAV,201
VVM,82
VMI,70
FQR,23
LYK,44
YKE,30
AHG,75
HGF,56
IHY,37
HYN,19
QVE,64
VIM,50
IMV,39
KAP,74
APG,41
TKG,89
AIW,30
WRD,22
TTF,65
FKD,81
KDE,91
TET,68
VLC,48
AVE,136
VKM,31
KMG,48
MGF,64
PEM,17
YFE,48
FEC,13
ECL,24
LHE,80
LMY,27
YEG,49
SNN,57
EYG,76
YGE,63
TGP,29
GPE,22
MRH,26
AKM,70
AEG,142
NYP,50
PSM,28
RRN,41
RNN,40
HPI,46
TGE,143
RAM,68
AMM,58
MMP,24
MPW,18
WIG,31
MST,40
EYL,114
QGF,92
FSH,51
VPL,123
RLM,71
MDD,44
RQL,149
ERF,107
ARY,77
YSM,17
IGL,303
FEY,40
MRV,35
RVG,86
PFD,64
IRR,94
RFM,33
MGQ,40
GQF,63
IPT,106
GHS,58
EHT,49
VVY,67
YAN,74
NCD,13
NGY,57
YED,45
NIE,93
IEN,103
NQK,68
KVH,49
VHP,39
GQQ,41
QQK,59
KFC,23
FCD,14
QKI,128
QVV,120
VVP,100
QRL,140
LRY,77
NPS,87
LFM,49
MLH,33
KSP,76
FDI,95
SPE,79
VRP,58
RGS,56
GSD,104
DMD,37
MDE,50
DED,101
LND,164
EHL,91
GRN,57
RND,24
RVC,12
VCE,23
CEI,20
GSV,165
SVK,90
DQM,32
QMF,18
YSQ,43
SQV,99
QVM,55
VMH,24
MHI,17
HIA,91
VEG,94
RQD,61
QDV,85
DVF,74
FCA,18
CAT,24
TFP,26
FPA,46
AMQ,70
IDE,243
VRR,93
YLG,130
LGW,34
GWH,17
WHG,16
RTA,110
VMK,34
MKD,38
SDP,62
AEW,29
WDE,21
VEM,38
MAC,24
ACR,25
CRG,11
MNA,65
FFH,16
HEF,43
ITI,130
EDE,66
IWV,33
WVL,53
SVD,122
GRM,47
RML,50
RLI,208
IIF,97
SSE,88
QTH,47
KQF,69
PQK,26
YQA,115
RYE,50
KPR,38
RHI,62
MDW,11
DWN,14
WNK,12
NKQ,63
HYE,27
YEV,52
EVM,39
MHH,12
ELR,107
RCD,10
DDN,101
NGR,72
GRT,115
RTY,31
TYP,35
PVT,88
TRV,39
RSH,34
RVH,33
VHM,19
LGH,86
HVM,17
GDP,43
PIY,76
NLH,51
KHP,35
GIW,39
IWM,10
WMD,10
WVS,36
SPV,83
MSD,67
DKH,45
KHF,30
PKM,25
KMH,20
MHT,17
TTY,56
YTV,44
TVD,93
LVI,206
REY,38
EYR,54
ICG,26
CGF,23
ATY,68
TYF,23
YFA,64
QMN,31
MNM,14
NMM,12
MMA,68
DFP,35
FAM,62
MLG,113
VHV,34
HVE,37
HRV,47
RVI,100
DTE,64
NNL,110
HDK,54
VWV,40
DEM,83
EMV,67
VWE,10
TYL,82
SRQ,88
QKK,48
KVQ,72
QRQ,76
THQ,75
KSD,111
LFL,163
VMN,68
MNV,34
VEE,78
RRY,60
RYA,67
YAF,40
GDF,68
DFN,83
NLI,151
RVF,49
FPK,37
IAH,114
HGM,30
GMW,11
MWT,4
WTK,10
LAM,156
AMI,121
MIA,116
RHF,42
PAA,91
AYR,85
YRM,24
RMD,21
MDV,39
SFK,62
FKF,23
KFP,31
FPV,27
FLP,94
PSK,64
MTD,85
IEF,78
EFG,90
SEK,73
KAH,75
REH,37
WAC,5
VKI,93
IVY,56
VYV,68
TDH,39
DHN,20
HNA,50
FCQ,20
DIQ,105
IQF,32
QFV,56
VGP,35
AVW,39
WGP,8
GPT,28
TKY,38
KYC,6
YCA,9
CAQ,8
AQL,176
EGS,58
EFM,35
FMQ,29
MQK,61
TAY,94
EAA,188
CYV,15
YVR,35
AMD,60
EAT,86
DDM,51
RVV,98
FLS,123
GEE,83
FIC,21
ICM,8
CMI,5
PMA,60
SQD,78
QDH,21
DHK,21
HKR,24
FEG,70
EGD,81
GMG,112
YSP,34
PAP,77
TQM,46
QMV,55
ERV,102
VIR,85
MKA,57
PYT,47
YTG,69
FLY,50
HND,30
NDP,58
YVI,62
EFN,47
FNC,11
NCR,8
CRF,13
PIM,36
IMM,35
MMR,20
TRL,140
AQW,15
QWL,39
DQV,73
YPE,36
PES,66
SSI,120
DTQ,103
FHA,45
HAG,83
CVT,22
IYF,29
YFD,59
MQY,17
GWR,28
WRA,26
DGF,107
GFR,69
HGQ,41
WAK,32
IGH,68
DSW,15
WQF,31
FPQ,28
ISH,97
AMY,42
MYR,21
LYE,100
YEE,34
EVG,104
EHV,36
HVK,32
TRD,55
RDW,15
WLR,44
RYR,45
QEP,22
PLC,14
LCI,33
KWF,11
WFL,24
FLL,175
LYL,123
EAN,68
YIR,30
GVP,139
VPE,65
PEF,62
DDW,32
WQW,5
QWV,16
SYW,12
YWF,9
WFP,6
FPL,47
VPF,60
PFK,31
RNV,35
VYQ,68
QRA,72
KLN,153
IQK,108
FYQ,62
ECQ,20
CQS,28
LCT,29
CTA,25
YQN,42
SEQ,96
YVN,40
KGY,70
GYS,87
EDG,101
IWN,14
WNV,7
NVL,111
DAE,103
QTQ,90
TQV,94
LVR,155
VEF,56
FTV,66
IRN,53
RNI,48
NIS,120
KLH,61
TGM,57
GML,95
MLE,67
ILY,74
NNE,33
NED,41
EDW,16
WLK,56
IFQ,29
QDP,40
DPM,23
MTS,67
GAQ,78
KHQ,38
IDY,78
YMR,13
MRK,26
EKR,57
KRF,77
YPF,25
MRQ,36
RQR,66
CRP,9
PDI,86
CDE,34
QAQ,130
QQE,51
QEY,38
RFT,39
FTI,62
VMY,16
MYA,28
PQH,17
QHP,26
YTW,13
PGT,42
YAM,47
AME,40
MEI,28
QRP,26
NVS,68
SDT,125
THW,14
HWA,17
KTW,22
HPD,70
ICD,20
MSE,63
EMK,29
MKC,2
KCP,7
CPY,16
PYD,43
YDH,27
TMS,33
DNQ,74
QNS,69
GAR,89
REV,83
VIP,75
PER,72
RRM,32
RMH,11
MHA,32
GTF,65
TQY,33
QYT,35
YTR,29
IFS,97
SEV,86
KTE,46
TEM,33
MFA,42
ARF,95
FTT,61
LKF,83
KFY,50
YTE,42
GNW,20
NWD,16
WDM,14
VGN,95
RDP,25
KKF,58
NKA,113
KRD,40
TNM,19
NMR,25
MRS,28
NNW,6
WDF,12
FWT,11
LPE,144
AFH,30
VMS,54
SDR,61
YRH,43
HMH,7
HTY,24
YSF,28
FIN,94
ADN,118
DNE,58
RFW,22
WVK,26
KFH,22
HFR,28
RTQ,77
AEM,42
DRE,48
RES,53
ESN,42
SNQ,83
QRD,32
PKW,20
KWT,7
WTM,8
TMY,10
MYV,18
QIM,38
MPE,48
VPY,40
PYH,22
YHP,28
KVW,15
VWP,8
WPK,5
YPL,62
LIE,231
NKN,84
PEN,31
ENF,68
PSN,47
ISV,150
SPD,71
DRM,34
MLQ,34
RLF,97
NYA,63
YAD,91
NRN,27
APR,44
PRC,7
RCP,11
CPV,28
RDG,87
GQG,93
GDN,72
NYG,46
PHY,16
FGQ,103
GQW,22
WQD,33
QDQ,44
AEP,60
KIH,47
IHG,57
HGD,49
KFW,15
FWD,15
WDY,10
DYR,56
YFS,50
MGD,60
APD,72
FIK,100
IKY,41
HIR,61
RNC,3
CDK,27
DKC,16
KCH,9
CHP,19
VED,95
RHL,79
PSF,69
MRI,28
IIH,66
IHE,62
HFC,5
FCK,9
CKN,11
CQK,29
IYN,35
YNK,32
RPY,30
HEW,15
EWI,28
DFT,62
YLM,45
THN,38
SFT,70
IWI,20
WIP,9
IPM,43
ALM,155
MAI,90
PKH,50
PKT,124
TDE,140
EDR,43
DRP,45
RPT,50
MPT,53
TQE,84
QEF,47
MHE,13
ELF,105
DVK,96
VKH,49
ALQ,191
LQY,46
QYA,53
EFH,23
HQH,27
QHQ,33
FRF,26
FTD,60
DRV,80
GIY,65
SYP,44
ITM,35
TMV,36
VDS,92
AYG,92
NKY,35
KYV,31
GQV,153
DMI,54
AGP,42
GPS,22
EPD,44
PDD,76
EHD,44
TTC,22
TCP,19
PSQ,85
DHA,59
NII,119
HLE,49
EQY,58
QYV,31
VRH,69
IFL,118
GRH,41
HTP,61
DYC,15
CAG,30
SNH,46
NHV,35
PTS,75
VYD,69
YDF,51
IYC,10
YCT,10
CTP,14
VQE,60
MSR,37
CQV,23
HNK,20
HNH,30
NHR,43
WVE,23
ESE,61
RLR,151
RVS,80
RYQ,63
LPG,62
PGK,31
QPM,27
LWT,29
WTA,27
SFV,93
TVC,24
VCV,27
CVA,33
RVY,47
QTC,14
TCA,20
VMT,69
HPS,38
NMQ,29
TQL,114
PDC,14
DCA,25
CAM,10
LCE,22
IYH,36
QEE,39
EEF,51
EFF,59
RPS,60
LYF,67
DRD,52
DMP,56
NHA,85
HAF,53
AFR,50
FRH,36
YRV,42
TNW,20
WTQ,17
NAM,57
AMP,55
MSQ,74
SQH,32
QHE,21
HEH,32
EHH,38
HTS,45
GYW,13
YWA,15
WAA,40
CLI,48
IIW,27
IWA,44
RPM,26
FWF,20
WFG,39
LCF,28
SWR,13
WRM,9
EER,66
FGI,141
MKV,40
VTM,26
TMI,36
SMP,30
ITS,105
NTE,50
HSK,38
SKT,93
QQR,23
HSN,32
NHF,28
QEG,68
DMS,36
MSG,58
PDH,34
NVV,74
SKL,158
LIT,198
LGE,231
VRV,87
TPR,53
FDR,84
RHV,44
HVF,28
NEE,39
QPE,43
FIY,52
VSW,28
WVG,40
RDK,58
HSH,35
EYE,34
EEC,11
ECS,10
CSV,22
SVH,46
VHG,58
KPY,51
FLM,36
LME,45
MEN,19
LEC,23
ECH,9
DDH,49
DHD,31
HDH,29
DHG,42
KPW,18
KMK,28
MKR,50
RYD,66
VQG,88
YHH,35
HHD,32
HDE,53
VWR,32
ASH,81
IHT,65
TPM,30
PMG,33
GKF,80
LTS,143
KNS,95
KQD,67
VFW,23
FEE,64
EEY,45
NDK,78
EKQ,79
TMD,15
MDY,32
KKQ,85
RSY,48
HLQ,49
YAH,55
GMH,18
MHL,30
SFE,92
FLN,87
EKS,86
KWD,13
GYH,49
YHY,17
HYD,27
FLQ,94
RGM,34
FYG,57
IND,128
NDV,64
VYH,32
YHV,33
GKL,193
PRL,81
GMK,48
MKL,50
ANW,33
NWS,15
FLE,86
FKQ,55
NFE,59
ERP,40
HKP,44
PSH,56
HQA,87
VQV,96
TFF,40
FFP,27
PDM,37
MPQ,24
PQM,31
RNF,50
DGW,20
GWI,37
WII,27
LED,149
FVY,33
VYK,31
KQE,57
QEW,11
EWL,47
AQS,165
PQV,75
QVK,65
EIS,115
SFR,46
FRQ,52
QLY,73
YVM,28
MVS,72
SPP,28
LYT,82
SRN,40
MFM,7
FMV,41
VLH,70
LHM,18
INW,17
CDN,14
NIF,45
IFW,17
FWL,47
CDC,4
DCV,34
CVP,22
PTR,41
TRQ,71
MGG,88
WIC,3
ICW,5
CWG,4
WGC,6
GCF,19
CFG,22
GQM,48
LNT,148
QCY,6
CYA,15
FIS,102
FDS,83
NVK,57
VKG,94
IGP,46
GPA,47
NRH,42
MSI,84
TNR,60
RQT,75
NAV,138
LCM,14
CMS,7
SGQ,91
RQV,82
DME,24
MES,21
HMQ,11
MQL,61
SFD,107
RYW,15
YWQ,17
GGS,178
NTF,43
KIM,43
IMS,39
MSA,74
PAF,59
HIN,52
INS,96
DRY,52
FSW,12
SWI,22
IEW,15
HMP,17
EEE,42
TCE,15
CEL,23
LHR,69
RCT,9
CTR,9
MQM,20
VLY,81
LYG,97
YNW,9
NWK,12
SEE,84
MAS,81
LFR,55
FRR,45
RRQ,52
TSM,31
SMF,21
TQF,55
QFF,43
FFG,102
IFK,71
SAA,197
EVS,77
YFL,84
FLF,63
KYE,22
TGH,44
IIM,52
IYS,50
FFC,12
CLF,23
FMM,16
MMG,48
MGT,42
YLP,95
ETM,33
TMR,24
LFQ,41
GMM,47
MMT,35
EYW,12
YWL,37
HAP,58
NWN,5
WNI,12
NSW,8
SWF,21
WFW,5
WFY,11
QTP,94
DES,108
CKT,18
FRL,62
PIW,30
IWP,8
WPY,3
PYA,61
MDI,50
HAW,19
AWP,9
WPV,5
VFI,87
VYI,48
IVP,89
RSR,38
IFM,44
VIS,160
FLC,16
DRT,45
TKF,63
LCY,24
CYF,8
AMK,58
MKF,42
FWQ,27
SKM,34
PAY,53
YDS,47
LMR,65
MRR,33
ESQ,57
SQM,37
RYV,53
QEA,98
ICP,23
CPI,25
CDR,14
KNK,90
NNR,48
NRK,26
RKD,54
KES,60
ESF,61
RHY,31
HYI,21
IKF,49
KFM,21
GYM,24
YMG,25
MGN,39
RYC,12
YCS,9
CSL,16
LNG,132
QTT,81
NMH,3
MQR,31
QRK,33
PFW,11
WHY,7
HYY,21
MIM,21
SYT,48
YTK,58
IPI,80
GLW,51
TMF,18
MFS,30
RRS,54
SWL,47
LFT,86
MAM,56
AMT,82
EAM,80
SIM,49
DMQ,30
MQP,33
TYV,39
VMG,80
DFF,47
SMM,20
MME,13
MEA,30
YSY,27
LIM,75
MGI,74
VFR,40
LQF,53
VRF,66
TWV,28
WVD,28
FHR,24
HRY,39
RYG,79
FSK,72
KAM,74
ACT,31
FIF,61
YTP,47
VPM,56
PMM,24
MYF,13
AST,135
VQY,45
GFT,75
FTF,31
FVI,102
YLV,89
NKH,35
KHI,58
QPQ,30
LHT,88
TRM,26
RMK,27
MKS,47
RPK,69
VQH,19
QHV,21
DTC,9
TCT,16
CTQ,5
YGD,92
RDQ,28
YCV,9
CVD,18
HKY,20
NNN,52
EYY,37
FAF,61
DFQ,40
VQF,45
QFA,76
FAD,129
PNR,53
NRV,61
LTC,22
VFV,104
SHI,66
PNC,14
NCV,15
CVI,25
GPF,19
AHI,82
KIG,141
NFV,58
TCN,4
CNY,7
YDG,78
INK,106
GDR,69
SNS,78
VGM,100
GWS,26
WSR,16
KKN,67
MRF,21
RFI,75
FVP,81
YRY,51
TRK,43
RKF,37
KFE,45
EVH,28
VHR,59
HRG,35
NGG,80
NRS,55
TEK,63
TRF,60
FKS,51
TNQ,99
TPG,32
TRN,37
TFI,68
QSF,58
FVM,34
VMA,123
PGL,39
DGA,134
KHV,31
SQE,76
IPN,78
ITR,84
VFY,60
LMQ,69
QVI,138
DER,131
PMF,17
RHN,27
WND,10
IYG,84
NCN,7
CNT,9
TMK,29
MKK,67
GKT,223
KNE,62
FGK,91
QGM,46
TYR,48
SAM,78
VKT,100
KTN,80
QSM,33
IKR,90
WAN,30
KVK,75
MGW,15
GFQ,35
WLQ,37
GWF,17
RVM,37
VMM,53
MMD,28
TTW,18
TWN,8
IKI,112
RGR,70
YET,36
KVM,46
DHR,28
RET,48
LRW,20
WSK,17
SKF,46
RNK,44
NKD,75
KKW,14
KWE,12
WEM,7
EMP,25
MPH,19
PHD,21
HTE,33
TEH,43
HTA,95
AVS,232
SGH,41
RSQ,65
LHY,33
HYT,24
YTH,30
HKG,34
EEN,47
NLY,68
LYW,27
YWH,8
WHS,16
QRH,35
HFV,31
KVY,53
TYG,55
YGP,20
GPY,15
QPV,57
PVW,16
WRP,8
RPW,13
SKH,32
HDA,68
SIF,72
AEV,154
MIH,18
HIH,41
PKP,93
PCL,22
YYR,41
YRT,58
WHI,16
HIP,38
QHF,30
HFK,26
RKT,57
TFE,54
HSL,81
QNK,58
FII,104
LEM,58
EIT,85
DEK,88
FYC,11
FQF,12
QFR,35
FCT,13
CTW,3
TWQ,34
GQC,7
QCV,13
CVR,12
RME,17
MED,18
EDD,67
HPQ,22
STI,123
EHY,34
HYL,57
EAC,34
CRE,15
GMV,79
HGW,16
MMQ,25
EGT,49
EMM,25
MRY,30
WDV,15
QIR,88
VSN,56
NEW,17
EWV,23
DCT,10
CTD,12
CHQ,13
YTT,58
CYQ,11
YQC,14
CVF,18
EMN,22
MNC,7
CST,11
LIW,42
IWQ,48
WQG,38
QFQ,21
NIC,18
ICR,23
CRD,15
SVC,16
FIQ,57
YAW,22
WER,10
CDM,14
MTR,42
CED,13
CHE,7
HEV,59
HHV,39
YPC,9
PCC,4
CCE,3
TIH,60
KTM,39
HDM,14
QVL,204
VWQ,35
SDS,82
ACK,24
NGF,53
NVC,12
VCI,32
CIS,27
VPD,69
VCC,6
CCD,5
FCP,11
ACN,21
CNG,5
MPC,5
CKK,13
HLF,38
FKL,58
LKW,20
FKW,8
KWP,6
WPF,4
PFF,44
NRW,15
GDH,35
LNW,20
NWA,18
PCP,22
CPA,15
PAE,71
IKM,29
KMI,38
MIY,31
DPP,14
PPY,17
PYN,13
YNT,35
YHD,45
DDF,91
KKE,51
ING,112
KSF,62
SKD,86
GHY,26
HYH,28
SNW,9
NWL,46
MML,53
AHT,72
ISI,145
PRQ,37
HDY,32
GTY,55
TYI,40
YIE,50
YDI,61
PED,54
DSR,67
RRW,19
RWL,49
ERM,45
VRN,39
RNY,26
FQV,29
TSN,59
NHK,36
CLR,20
NYF,26
DNS,64
NSI,68
FIM,27
MVQ,46
EMY,18
MYI,18
IIY,57
YEL,112
NGV,113
VYW,9
CEN,12
QDE,72
SNM,21
NMI,26
HKS,41
DMG,53
CVY,12
FYY,21
NPW,9
PWW,4
WWR,1
WRN,15
NCW,1
CWF,4
WFK,6
QNN,66
PQQ,29
QQS,48
IYP,65
FEA,85
VDR,55
KMP,26
PEG,67
PTI,88
HSP,39
NYH,31
PPQ,28
NNK,55
CSF,12
YIN,44
GQY,53
QYN,19
QYQ,43
QQV,62
ILE,130
HHN,27
HNI,38
AFM,36
FMT,28
CFN,7
QNH,42
NHN,24
TPQ,71
PQP,21
TFD,66
DFH,27
HQP,48
EDH,19
TRW,8
RWH,5
SAC,62
QAS,100
KDM,38
MQS,29
SYM,15
YMD,9
GFY,74
VQM,38
ENM,29
YIY,23
HQY,21
QYE,37
RSI,82
NDM,23
MEM,12
MFK,12
HPM,15
QHA,50
EKN,53
KPP,34
MKP,33
YFI,52
YEN,50
FYF,43
IML,68
PQF,33
VCL,47
DPW,9
PWQ,23
GMP,44
MIF,47
FTR,43
TSR,68
TCK,10
CKS,9
KSW,21
WLS,69
NWE,14
WEC,5
ECY,7
YDQ,41
NSN,46
VPR,43
PRW,15
RWA,16
WAT,22
EHF,26
HFN,26
FMY,9
MYG,33
QMT,42
GSW,30
WIY,19
RQH,34
WKG,12
RWI,19
IEC,25
CQQ,20
HGY,30
GWT,15
DWR,14
AQQ,97
DPS,64
KSC,21
FPG,23
LFC,25
CQG,20
KGP,26
PFR,36
FRW,8
RWV,26
VHN,22
HNW,5
DMA,70
IHF,34
HFQ,11
RIC,15
CWL,5
WLG,61
NEM,34
SPN,81
ESM,36
SMK,28
DWA,31
NGM,36
HHG,43
HSG,41
SGM,69
GTE,62
NDC,13
DCG,20
CGS,36
QSI,132
YPA,53
FVL,139
QYG,43
YGW,16
WQY,16
WQC,4
GFH,28
HAM,32
MNS,27
KPM,29
PMP,33
VKS,105
PMW,4
MWL,14
LIC,54
ICA,44
CAP,9
LFW,36
FWR,16
DIF,77
ERH,34
GIF,95
FSF,56
FLH,44
LHF,30
FQY,15
YNY,18
CYT,8
CSY,6
SYH,38
PCF,3
FHT,23
ESK,66
EEQ,56
MEQ,25
SVM,68
TPW,16
NLN,88
NFW,16
WHQ,5
NIM,23
IMQ,46
NSE,62
SHC,11
HCA,9
CAY,15
NGC,16
CEQ,11
EVC,28
MTT,98
TNE,53
HHM,14
ATC,18
DFM,23
ADC,29
DCI,22
CIL,30
IEI,129
PQR,18
IHH,58
HHA,66
HAT,57
RMQ,22
HHF,25
HFL,47
FMK,17
MKT,56
QKC,11
KCI,9
CIP,10
SKW,8
KWA,20
TLF,129
HFI,45
RQY,38
HAE,51
VCF,18
SIE,101
KGW,19
TAE,153
IQR,73
RKK,45
VNQ,67
CDT,15
FNN,36
PME,13
MEG,24
WAV,32
HYP,34
ELH,46
KGC,15
GCT,20
YTI,52
TVH,52
AYW,15
YWE,3
WEK,17
RRC,11
RCI,16
CIA,34
LCQ,43
CQH,6
KQW,21
YTQ,44
QAH,61
QLW,27
LWQ,74
DTR,44
TRC,7
KFN,50
RHW,10
HWV,16
DGS,142
DHH,29
HGR,46
DCS,18
AYT,70
RHK,34
ALC,48
CDH,12
DHV,36
GHN,29
HNP,40
DQQ,36
AQH,38
FMS,27
MSW,5
RYP,38
ETY,47
YEY,25
EYH,33
YHM,8
HMS,13
SKY,35
NFN,40
FWY,10
WYF,13
YFF,24
MMF,21
RYM,13
YMH,6
MHS,25
HMF,9
MFR,14
GSY,67
PRE,28
VWL,48
YLC,21
CLM,17
GFF,74
LPW,33
PWG,17
WGN,10
MSY,27
YWG,16
WGA,23
WVR,24
FMH,11
HVG,42
PYY,30
YYT,26
ICF,20
CFF,9
FFV,61
PPH,11
VWY,12
WYY,13
YYM,9
RSP,37
EKC,4
KCK,7
CKQ,9
MIT,56
FHK,14
HKF,21
FVF,56
RNG,49
HRI,66
PNN,55
PHH,23
HHR,29
NQD,62
PWA,14
ECT,11
FRS,43
AAP,90
VSC,24
SCT,15
DQS,56
GIM,65
AWY,19
YDN,47
EWG,14
WGY,14
DMC,5
MCQ,7
PHC,11
GTM,37
NMT,30
PYQ,35
VMF,35
DPT,61
RID,118
TEY,44
SNY,38
GDM,64
YNM,13
MRW,10
MYP,14
PMS,31
HQR,21
MCA,11
FCI,19
CIH,8
YLW,24
CIY,8
FGM,54
MFL,27
CHK,10
HKM,16
KMT,35
MKW,10
MGE,73
IQV,86
LNH,95
PTD,80
QDS,58
MPK,65
EMS,33
QQA,131
VNW,16
VRT,89
TTP,103
EFW,14
WVC,10
FQE,24
LFK,86
EPP,29
PPM,20
NEV,68
GKM,51
KML,59
CKG,9
NCQ,16
HYG,34
YGV,81
WVV,30
VPW,16
CCP,4
CPG,7
KGN,62
VAC,41
GMF,32
MPL,69
IFR,47
PLH,37
AVH,75
FKM,14
KMN,25
MNP,31
VWH,9
WHN,7
SGP,26
SRM,33
MND,58
MTF,28
YKL,59
FKH,18
KTC,14
CHL,20
PPT,52
VHH,41
HHI,53
WDI,15
LSW,35
WQP,22
EVW,31
EYN,36
IHM,7
RFY,39
NEN,50
LWC,3
WCI,9
CIR,20
VYY,29
CKY,5
KYF,40
SDH,45
DHQ,39
RRP,32
RKN,58
HRQ,33
LFH,43
LMK,44
IMG,71
QYD,37
FHD,26
DHS,36
EFC,9
VRW,20
WLV,39
HLY,44
LWN,15
WNT,11
NTW,17
TWR,14
EHR,33
EHS,37
PDQ,32
DSY,37
SYV,61
DSS,79
SIP,93
GHH,42
HHK,24
VWC,4
WCT,6
CTY,3
TYD,55
PNW,21
WQT,38
YHR,30
YVY,28
DHF,20
YSR,35
TMC,14
MCL,18
VDC,20
DCF,13
EAW,17
LYC,17
YCE,11
CES,13
CFA,15
VIH,59
MEK,24
HCD,11
DHP,31
WQV,40
MKY,17
ICI,19
ASC,18
SCH,16
ITW,23
TWA,24
YEH,32
YMK,10
IAC,45
ACH,26
ENW,12
FST,61
DFK,57
NPC,16
PCS,8
KPG,30
LRN,85
LYN,53
WHF,9
HFM,13
PGV,40
FVQ,54
SDQ,46
MTK,74
NGW,17
GWQ,31
WFF,19
VHY,22
HYA,32
GIC,38
ICV,25
YDM,21
HTQ,46
QMM,29
MEF,22
FRV,46
RYH,41
PMR,10
GGH,84
HEM,29
EMT,43
TIK,143
SNE,51
EMD,27
SEW,20
EWF,16
WES,14
IVH,50
YTY,21
WAQ,11
QKR,70
MAW,25
FQN,30
YKM,10
QSE,50
HWG,12
WGF,18
ETH,29
NKM,36
YDP,39
IEY,57
YTL,83
PNK,64
TEG,59
EGC,18
NSR,42
KFQ,34
MKE,27
FRE,35
SME,26
MEH,10
RMY,12
MYQ,21
QGW,20
NEG,34
RVQ,51
CTV,14
HVN,36
AEC,20
MKM,23
DMR,35
YNF,26
IME,22
ISC,25
EDC,11
FCM,6
CMD,6
HNQ,29
DWT,18
WTE,10
MAQ,91
GLC,34
GHP,34
RPR,27
RPF,45
PFM,17
PEY,42
YFV,42
ICC,8
CCS,3
MTH,32
FPS,28
STT,100
LEW,25
WDD,15
NMN,19
FLW,13
LWV,37
YPH,33
SRF,51
FAW,21
WVI,29
QYP,31
AVY,79
VYP,43
YPG,19
QMK,27
MKG,25
MYM,7
YMS,12
MVT,46
RIW,14
NVQ,36
QFE,30
FED,60
AQY,58
YNG,29
FPT,35
QNW,16
NWR,15
SMR,30
MRE,35
IYR,69
FGW,31
WFN,17
KDW,23
MVM,38
IFP,50
FPI,41
PPP,40
MGM,27
RPG,34
WGG,22
RWY,12
WYV,10
QWE,6
WEY,7
FEW,18
EWT,11
WTG,16
ESW,19
SWS,17
QES,59
ARM,43
RMR,24
IMT,72
MFY,15
YVW,14
FPY,17
PYK,31
THA,93
GMD,50
DHI,59
TEN,62
MVE,40
YFM,17
SNC,10
NCH,6
EIC,21
QIC,12
EGW,18
GWE,8
WEV,11
HIQ,57
MVN,51
CYW,3
YWK,8
WKH,3
VKC,8
KCE,4
QRG,41
LWM,16
WMV,12
MTG,83
FEM,29
EMH,16
WRV,20
YPQ,24
HFW,10
FMF,13
TWF,18
WFA,16
VGW,17
WTP,12
ESR,55
QYI,41
DIC,20
CQR,11
YNV,26
NKC,5
CER,12
SMN,27
RRH,36
PDP,30
KCD,18
CDG,25
DGP,23
KGF,59
EQN,70
NWI,16
LCW,6
WIA,34
VLW,41
GCS,28
SWG,14
LWS,35
FFW,15
FWE,10
WEL,14
LWG,45
WGH,8
KFF,31
SHM,14
HMG,21
HTR,23
RDM,38
TVM,56
MWG,12
WGQ,14
KRE,58
SMQ,37
MQW,6
QWI,14
EPM,29
PMH,11
HHQ,46
WRF,12
SCG,18
CGE,19
YQY,22
YHK,42
HKK,52
MPD,40
VEW,17
EWR,11
QEV,80
TEP,38
AKW,26
KWI,18
QAC,51
YYC,9
YCL,23
KQY,47
IKW,17
KWM,6
WIW,5
IWY,10
WYT,15
RMM,22
EWQ,29
FVW,16
WQL,43
AAW,42
DSF,55
HIW,11
IWG,30
YKH,20
FQK,37
NQH,38
CDY,9
YIF,22
RNP,23
FRD,46
RDT,56
YFW,11
EVY,55
LCR,25
CRR,10
KDH,23
GHR,36
DPF,25
EEM,37
TGC,28
GCY,13
AYC,12
CVL,34
FDM,35
DQH,26
WRG,20
VME,28
MMS,35
RAW,31
HHW,10
HWQ,33
IRW,16
QKN,78
AWR,28
WRR,12
PTE,58
HQN,50
KRV,71
TSY,47
AYH,73
CAL,51
PHG,20
PYS,31
LQW,8
QWF,10
FCY,16
CYH,12
WYQ,17
TAW,34
AWM,20
WMK,9
YYF,21
HIF,37
IQW,12
YCN,8
DWS,27
QMH,17
PWD,17
RNS,34
DQY,25
NTQ,84
QPY,29
RVN,59
NYE,32
VFH,26
DQW,11
PTC,16
TCS,18
CSS,13
CVS,23
DQE,32
WRY,12
PDW,24
WEE,13
PGC,6
CDF,15
DDC,21
TKR,66
PGQ,20
ENC,16
PMY,19
HER,53
CEE,12
NSP,62
TME,22
CGP,10
NIH,62
WLY,16
KHW,11
HWK,5
WKA,5
KRM,30
WSP,14
NNM,13
HYK,17
KYH,29
HGC,12
SIH,68
DMM,20
FWM,8
RWQ,30
EWY,11
WYI,9
TYC,8
CNE,12
CGR,17
DDP,55
DRC,12
RCS,9
CSG,21
AHC,5
HCK,6
CKL,18
SCF,11
CSA,30
TIW,24
YQE,66
WSS,14
SSR,76
EFR,35
WGT,19
SHW,8
HHS,32
SWN,9
WNR,11
GME,31
MEW,1
WKN,13
DWM,8
WMG,9
MKH,18
GCG,45
VTE,77
PVE,53
KVC,19
VCH,20
CHD,11
YPN,66
PPV,54
FRC,13
RCF,7
CFH,4
HMA,25
PTF,36
CVM,12
NRI,72
HSQ,31
YHT,48
WQH,12
SPW,25
ATR,95
RHG,58
KHY,32
ACE,25
QME,17
PIR,49
MAH,38
FNH,42
EIM,40
NRM,26
WEQ,7
KCA,9
KCQ,12
MDH,5
ACI,32
CIE,12
DPH,15
ICE,21
CET,11
PPW,7
PWY,9
YEW,17
EDF,55
WQN,27
MFE,28
HKN,38
DHY,26
TCI,17
HED,28
GEW,22
EWN,10
HSE,31
CKD,14
MKQ,31
KNM,29
QND,41
IWK,5
QEQ,61
SPC,9
CLV,36
RDD,74
HDR,24
QMS,37
YIC,9
RCH,15
CHG,21
MIR,39
YLE,58
SYE,52
VAW,36
RMA,61
KRH,45
KSR,61
HVS,34
KEP,31
KHE,26
TKM,35
FDH,38
HKE,24
EHQ,42
ERK,47
IWC,8
WCH,3
ELW,19
RKH,19
YIW,14
WVM,15
HQQ,27
RHP,32
HQM,31
QMC,5
CLQ,15
NCK,6
QWT,9
MNI,53
RQE,59
MHD,18
RTM,21
PGR,25
YRC,11
CDS,16
MFH,9
KKM,33
RFR,30
CGM,11
NCG,18
DNR,53
MYK,11
YKR,32
WMT,10
CQL,36
ICN,10
WIK,25
IRM,16
WHL,18
NIW,10
WIV,22
CTS,17
LCS,14
QFC,11
FCS,11
SRC,12
CPK,19
PKC,14
CRH,17
QPC,4
PCI,8
HRE,28
QPW,10
PWP,3
WPH,4
QRN,23
RNE,29
SEC,16
VDW,23
GMY,27
HYS,9
ISW,16
RVW,16
VVW,24
WYA,19
SPH,22
ETW,23
GPN,33
CGK,25
AWH,21
WHH,3
HEQ,37
NHH,42
HNF,29
SHR,49
MQE,31
NKW,15
KWQ,22
EMG,51
YMI,11
TDM,33
CCY,4
ETC,12
KWR,20
PFC,11
FCV,23
SHN,30
CPD,13
CNP,9
SRT,80
PHV,33
GHM,14
IMN,35
FVH,30
EDY,52
MDR,15
KRW,18
ESC,13
FMN,13
MNF,31
DQC,9
QCI,11
NCE,8
MQD,33
CIV,21
ESH,35
SHY,30
EEH,23
QTY,32
QRW,12
YMV,18
PQE,31
FRK,29
TEQ,97
KLM,53
HVR,26
RHS,36
QEH,31
REC,10
CIM,8
VYM,17
FFE,56
MRP,28
FMD,24
VCP,21
EGP,21
YVS,55
DSP,52
PMN,15
HMD,11
CVV,27
NTC,15
CIN,13
PWN,10
WNG,10
TCV,15
QPG,16
PGD,22
MPY,29
MLR,59
CQN,24
EME,23
QYM,8
YMN,13
PGM,26
PHF,25
WTI,13
AFQ,31
WAW,8
AFW,26
HVD,44
GPV,49
KWS,14
WSI,11
LCP,14
CPF,8
MEL,34
EMQ,26
TED,49
MVY,31
PPG,18
SRD,66
FHV,22
PGY,25
QHW,14
NQQ,60
RNR,34
NRC,7
VMC,7
MCI,8
TNC,10
GWY,15
RLW,27
LWK,11
IMK,32
MCG,11
MVR,42
QHM,4
HMT,6
YPT,31
KRC,11
HQC,5
TPC,13
CIF,19
MRM,10
NRY,41
RTF,43
RGT,57
TCY,11
CYE,13
IQM,32
FDC,15
IMY,10
MYN,13
TTM,31
MDF,33
FQH,14
EQE,59
SWC,8
WCL,7
KNW,19
HCL,16
MDC,8
DCP,17
GWC,5
WCD,7
KMW,5
WHW,9
MCK,2
CKA,13
MDP,10
HWL,28
GFC,22
NSC,9
YEM,24
QQH,15
FHY,16
WSH,8
IWF,15
EWM,9
QCG,21
FTY,19
VCA,31
ECN,8
CYR,11
WAR,17
IYM,14
YMM,11
CGT,29
QRM,25
MRT,18
FHN,12
HNM,7
NMK,6
WDP,9
PHT,22
HEE,15
WRQ,19
GPQ,11
PVQ,52
YKI,36
WRK,23
RKC,3
YRN,38
YYK,26
HVW,7
PWV,15
EWA,26
PTY,42
MVP,16
GPW,4
RMV,38
GTW,15
FPW,6
WIM,12
KIW,23
YHI,40
DEW,21
QDR,38
QYS,25
ICY,13
VWM,11
WMS,14
CGN,11
WNS,5
PGP,16
YYV,23
MFP,12
EYP,18
QMR,31
CFS,7
PVC,14
HGS,49
SGC,30
WIH,8
VTC,15
CIW,5
MSC,12
CHH,13
KHM,13
WAF,11
KYW,12
WGV,42
GVW,31
QFW,13
FWI,19
CAW,3
AWF,41
WFR,9
WFI,18
DMK,32
WYS,7
MDM,18
QWM,5
WMW,3
MWF,3
WFH,4
HRR,34
KMQ,24
TEC,8
FRN,21
VIC,28
GDC,14
CAV,31
GPM,21
MYY,14
YYE,24
WFT,10
MYD,24
RNH,26
YCQ,14
AFP,33
CMA,15
GTC,21
CTN,13
NAC,20
CRW,3
WNY,6
MWD,7
NPF,36
PFS,51
SIW,21
SQQ,49
YHN,33
PYP,24
QCR,8
WAM,18
DCE,7
CEF,10
NLW,24
WAI,32
WKF,5
FPP,14
ACP,25
YFP,21
CTE,9
AHW,16
HWI,11
YCF,8
CFL,23
FWP,5
WPS,7
FQQ,20
WIN,19
DWF,16
ACV,52
CVW,3
QNC,11
QYW,14
YWY,7
CNQ,6
QSC,15
SCE,10
CEW,3
LWY,14
SDC,15
YPP,21
CLP,29
IWH,23
WHD,17
KMY,15
MEP,8
MFD,32
CTF,8
AMF,36
MFW,7
FWG,25
WGM,11
MQF,31
IWT,19
TWM,7
WTR,9
HWH,8
RWC,2
WCY,4
MEE,21
WHM,3
ACF,25
WVH,13
QCT,5
DYT,47
WPD,5
KWV,18
TWG,20
DMW,8
MWY,4
GHF,29
YGH,29
TWH,14
WHK,14
NFH,15
VCY,10
CYP,8
YKF,23
QVC,21
GHW,9
ECV,14
GWD,15
WDL,12
HTC,6
DCH,12
DCQ,22
VQW,8
WQR,28
TWC,3
WCM,2
CML,8
HPP,13
LYM,13
VWT,18
PWT,16
WTF,11
SWW,6
WWA,5
GWW,8
WWF,3
LMH,24
GPP,8
IVC,28
VCM,3
CMM,4
SMS,38
PRR,43
MGP,6
WIR,20
WIT,14
PYC,14
RQW,13
QWS,15
WST,6
VYN,31
NWY,11
GCM,7
CMN,4
CPQ,7
PQC,5
QCH,9
HES,25
CPM,8
PMC,7
MCT,5
CTH,11
DCK,7
CKI,13
CRQ,13
RQC,7
TCM,7
HME,10
SFP,34
HTM,19
GEC,16
ECF,15
KCT,8
CTK,10
FTM,16
CVN,13
SKC,4
HVC,6
YHF,22
WML,9
HHY,20
HWN,5
GCW,7
CWH,3
GWM,11
MIW,11
FHH,21
TYH,29
CVK,10
EQH,27
MPP,17
PCN,6
NLC,24
RMF,9
YCI,18
WTT,10
ANM,44
EQW,17
PGW,5
WDC,3
NWC,1
WGK,14
CFQ,3
MWV,11
HIY,29
HCW,3
CWR,5
PQW,8
TWT,10
DWC,10
RTW,10
HPR,20
WFD,29
WFQ,4
DMY,13
CSQ,16
FQM,13
TKC,12
KCV,9
RCW,1
RCV,24
CVQ,12
FHC,1
HCG,11
MCC,4
QYY,26
LKC,12
KCS,4
RAC,23
QVN,70
CPC,7
QWC,2
YPM,17
PRM,14
FCE,14
NEH,28
IHW,13
MMK,26
TWI,20
TDC,19
DCN,5
SCR,10
GGC,23
GCV,22
CAF,17
CPW,3
PWM,1
WMA,12
WHT,13
WTY,6
YPY,22
FWN,7
WNQ,10
QWH,5
NHM,13
CGD,22
LPC,23
YMA,22
KEW,4
VYC,14
MHV,16
EYC,16
WKP,4
NWG,10
SMY,15
IWE,12
TKW,11
QGP,9
DNM,23
MSP,28
DQR,21
IMW,6
MWA,12
GCH,19
WDH,2
EKM,32
QHY,23
WDQ,6
FVK,61
VPC,13
CHR,16
YVH,22
FME,15
FWA,20
YQW,10
QWY,12
VCS,21
CFC,5
HNY,11
HYF,20
FYI,30
VVC,34
IRC,13
ACC,6
CCI,2
TYY,28
YYP,24
MWE,5
LWW,12
WWG,10
HLC,12
MWH,5
WVF,21
YMT,12
FWS,16
RWT,8
WTD,15
EWH,8
RKW,10
GQP,56
NYW,12
HMY,3
WYW,3
PWE,7
WEW,2
MEC,3
WLH,26
CND,10
MHF,11
CVH,14
VHW,12
HWF,8
YQM,17
RDC,14
HDP,17
MHR,17
IYW,10
MFT,25
HYC,7
YCR,7
WPR,3
WCS,3
KHC,6
WYL,15
HMW,1
MWQ,8
FHI,17
RHC,14
HIC,8
QDC,10
SFM,18
NYM,12
VKW,16
FTC,5
CYK,5
FQW,4
FCW,2
CWA,4
FNM,16
WRC,5
TIM,44
SCQ,16
CQF,17
MTW,11
NMY,8
AHM,14
YWP,3
WPG,6
TWW,5
WWI,4
MET,19
CAR,2
QCE,10
LWP,6
WPW,3
YVC,11
YCP,16
NGP,16
YTM,22
DCR,12
IQC,8
MRN,16
PTM,32
TMH,19
CNF,7
YCG,14
CGQ,14
FPM,10
WTS,9
SQC,5
MQC,5
NWF,16
MCF,4
SRW,9
RWK,3
YWD,9
HFY,21
HQW,10
DTW,21
PCG,14
MNW,9
KWH,13
RWE,11
CMQ,5
DYW,7
WMR,7
HPG,19
HFP,16
QRC,11
CRN,8
QWN,9
WNP,5
MMM,16
SCL,32
PCD,11
QHH,19
CRC,5
YFH,14
WKM,6
CMV,9
WSD,27
IHC,9
PIC,16
HWC,4
WCK,2
HCI,4
IMF,11
QDM,27
HLW,15
LWI,30
KMM,17
CTC,4
QCK,6
CHN,8
HNC,4
LMC,7
TCW,3
YNR,23
WTN,7
PCY,4
QTW,14
WNF,9
MEY,12
NCY,10
MMN,28
KWW,6
DHW,9
HSW,8
CFV,12
WSE,13
AWS,12
QCP,6
SFW,20
WHE,13
KWK,6
CRY,10
TFM,28
YWR,10
LMW,12
IMH,20
RCM,4
CMP,2
CSD,10
PYM,10
WSQ,11
SWT,12
YFC,9
RMC,6
MCV,5
WRW,9
CYN,8
HWW,2
WYG,17
VEC,9
ECD,18
RCK,9
CVE,15
PEC,15
ECP,8
WPN,4
EKW,12
CNN,3
SSC,9
MTC,12
CDP,8
MAP,16
NNC,10
WYK,11
WHA,13
NYC,11
CEH,11
GPR,18
CFK,12
ERN,38
AWD,13
PMK,18
YRD,27
NQW,13
YDC,4
TFC,14
YWT,5
ECK,7
WFS,23
EMC,2
CIT,12
VMW,10
MWW,1
IWW,4
GHC,11
HCF,4
CFP,7
FPH,14
NQC,11
WCG,7
SCV,20
CRV,11
TMW,5
MWR,3
CPN,21
DWW,2
APW,10
KCN,4
CNS,7
GPK,21
GMC,8
MFQ,4
CQE,14
TCG,12
MYC,4
QIW,19
RWP,2
RPC,8
GYC,14
CIC,4
WSC,2
CIQ,14
PCR,7
GCL,35
FWK,10
WTC,1
WYP,6
CSM,5
CFM,3
NME,6
RSC,10
NCA,17
MHW,2
MCD,4
WEF,9
EWS,14
WSA,21
TWP,3
WPT,6
QWK,6
WKY,4
HGP,11
QGC,14
GWP,8
HMK,7
WNE,8
GWN,12
PPC,5
YNC,4
ACW,4
CWV,4
NWH,7
ICK,14
WYR,5
CNV,7
HRW,8
YCY,4
CYS,6
WWV,5
YEC,9
NWW,1
QCD,7
KWN,4
HYM,8
WKQ,7
EWW,7
YWI,8
TCF,7
HCE,7
WSF,14
WWS,8
WKV,11
IMC,7
MHM,9
WPA,4
PWK,1
CEV,19
FTW,5
SWE,5
HDC,9
DCY,5
HNR,16
HMR,7
HEC,4
CFW,2
FWC,1
MWC,3
ECR,12
CRS,11
PCQ,8
VWK,4
WKE,10
MWS,5
WDS,7
NFC,8
WFM,7
YYY,16
HKW,5
FHM,7
CHM,7
HMC,3
MCM,2
PWS,9
DHC,6
WMM,6
GPC,7
WNC,1
TYW,6
WWN,2
SMW,7
DGC,16
NMC,2
WTH,8
KME,15
HWT,5
WMH,4
AMC,6
WIF,17
EPW,7
TYM,11
YWN,5
ECE,10
CNI,9
EWC,3
YGC,10
ACM,10
YHC,5
HCR,12
YMW,4
CQW,2
WMP,6
QWW,3
SYC,5
MYW,3
CEM,2
WPM,4
FCN,9
HWR,6
WWY,3
WNN,6
WCE,4
PYW,4
CMR,1
WMN,3
CKM,2
DCM,3
CYC,3
HWM,2
YMC,4
WPL,6
CEG,8
MHN,3
PHM,6
FWW,5
WWH,3
MWP,3
PCM,4
CMT,4
FHW,3
SWM,6
WMY,4
MRC,3
RCC,6
CCQ,5
MYT,11
CSK,17
MHY,7
QWG,12
CFE,9
WCA,4
QCA,14
ECC,7
LQC,10
DPC,4
PCV,10
MWM,4
MCE,6
CPT,14
SCC,3
CPP,9
AWC,4
HFH,12
RWM,4
WMF,2
YCK,7
CHS,12
WKD,7
MWK,4
CSE,6
SCM,6
CVC,3
CRA,12
CHC,1
YCC,3
FYW,6
CLW,8
VQC,3
YSC,2
CNM,2
SWH,6
HWP,2
GPH,10
CDQ,10
SWP,3
YHW,3
CCH,6
YWC,5
VWN,4
YMF,8
WKW,1
TCQ,9
WCQ,2
MMW,5
RCN,3
WSM,11
TWK,6
WGW,5
WMI,10
THC,10
LHC,9
HCV,8
MCS,3
YTC,7
CMG,7
NWM,7
PFQ,13
TFW,15
CPH,6
CQM,6
MMH,8
MWN,2
WNM,5
CPE,11
MCN,1
NCM,4
DSC,8
YWW,1
AMW,6
WCV,4
WMQ,6
CCN,2
CGW,7
NHC,3
FSC,7
SCK,1
HMM,6
QWP,2
MCH,2
CCT,4
DCW,3
CWQ,4
MHC,5
HCM,2
CFT,6
WTW,4
WEP,1
MMC,2
CCG,6
PCW,1
CNW,1
VCW,1
WCW,1
MCY,1
CWY,1
MCR,4
WHP,4
CWN,1
QWD,3
PWF,12
WWK,3
WWC,1
CCK,1
ECM,3
CMF,4
KYM,6
WSW,2
CYI,4
MWI,5
CWI,2
CKE,7
RCY,1
RMW,4
CWS,2
WKR,4
CCM,1
YCH,6
CYY,4
CEK,6
FKC,2
WCP,2
SMC,2
HCP,3
CEC,2
QCN,3
NMW,2
EMW,2
TCC,2
CCV,3
QMW,2
MFC,4
WPE,2
FPC,3
KMC,2
CMK,2
FMC,2
WNW,2
HCN,2
CME,3
WPQ,2
DCC,3
QQC,2
MCP,1
WWM,1
PWH,6
CNA,6
CHW,1
QYC,4
CKC,1
WWD,3
FQC,2
CDW,2
DWP,1
WNH,2
WME,2
YWM,2
SCW,1
KWC,2
WPC,1
WCN,2
MCW,1
CWT,1
KCM,1
FCC,1
YKW,2
PWC,1
CMY,1
QCC,1
CWD,1
CCC,1
HCC,1
WWT,1
YCW,2
WCF,1
ECW,1
CWW,1
WWP,1
