MLV,90
LVH,59
VHP,52
HPE,85
PEA,198
EAM,82
AMS,68
MSV,71
SVG,179
VGA,263
GAL,359
ALA,757
LAD,378
ADK,240
DKI,152
KIR,151
IRK,115
RKI,139
KIE,120
IEN,103
ENW,29
NWP,7
WPQ,10
PQK,55
QKG,82
KGI,150
GIL,278
ILF,139
LFH,55
FHD,26
HDI,60
DIT,110
ITP,121
TPV,121
PVL,235
VLQ,146
LQS,135
QSA,116
SAE,207
AEY,111
EYF,38
YFR,51
FRL,95
RLL,311
LLV,299
LVD,152
VDL,166
DLL,261
LVY,79
VYR,85
YRY,63
RYM,19
YMD,21
MDQ,11
DQK,25
QKI,113
KID,112
IDI,115
DIV,169
IVA,219
VAG,286
AGL,490
GLD,300
LDA,316
DAR,108
ARG,170
RGF,87
GFI,132
FII,59
IIG,179
IGA,261
GAA,441
AAL,860
LAY,160
AYQ,61
YQL,45
QLN,72
LNV,130
NVG,126
VGF,108
GFV,171
FVP,99
VPI,60
PIR,46
RKK,85
KKG,131
KGK,205
GKL,281
KLP,169
LPF,143
PFE,61
FET,81
ETV,257
TVS,232
VSQ,84
SQS,53
QSY,43
SYA,92
YAL,173
ALE,313
LEY,78
EYG,99
YGE,79
GEA,221
EAA,576
AAV,665
AVE,315
VEI,161
EIH,53
IHT,52
HTD,59
TDA,154
DAV,309
AVK,327
VKP,114
KPG,92
PGS,84
GSR,174
SRV,88
RVL,238
VLL,382
VDD,90
DDL,158
DLV,173
LVA,284
VAT,149
ATG,178
TGG,187
GGT,208
GTM,40
TML,74
MLA,179
LAG,455
GLE,208
LEL,189
ELI,167
LIR,182
RKL,170
KLG,232
LGG,387
GGE,226
GEI,212
EIV,147
IVE,141
VEA,247
AAA,1100
AAI,335
AIL,209
ILE,183
LEF,59
EFT,56
FTD,71
TDL,176
DLQ,95
LQG,139
QGG,119
GGK,275
GKN,160
KNI,133
NIR,114
IRA,186
RAS,103
ASG,280
SGA,259
GAP,117
APL,176
PLF,122
LFT,102
FTL,115
TLL,325
LLQ,202
LQN,131
QNE,54
NEG,70
EGC,34
GCM,14
CMK,5
MRP,36
RPL,135
PLN,69
NVQ,56
VQI,90
QIR,93
IRL,169
RLG,214
LGN,148
GNL,168
NLR,103
LRH,79
RHN,39
HNY,4
NYR,45
YRI,92
RIL,194
ILK,158
LKE,293
KEM,58
EMH,16
MHG,30
HGG,90
KLL,274
LLA,600
LAV,477
AVV,320
VVK,129
VKA,237
KAD,184
ADA,394
DAY,69
AYG,131
YGH,51
GHG,82
HGA,81
GAV,341
AVR,310
VRC,17
RCA,24
CAF,23
AFA,285
FAL,239
ADL,369
DLA,288
ADG,329
DGF,118
GFA,191
FAV,204
AVA,574
ATI,88
TID,69
IDE,139
DEG,97
EGI,119
GIR,173
RLR,172
LRE,206
RES,76
ESG,219
SGI,219
GIT,170
ITH,55
THP,38
HPI,27
PIV,91
IVL,209
LLE,318
LEG,183
EGV,169
GVF,131
VFE,95
FEA,116
EAS,108
ASE,133
SEY,56
EYE,54
YEA,95
EAV,445
VEQ,116
EQY,65
QYS,34
YSL,82
SLW,58
LWP,17
WPA,16
PAV,205
AVG,336
VGN,121
GNQ,57
NQW,11
QWQ,26
WQL,35
QLE,101
LEA,330
EAL,361
ALL,612
LLS,346
LSR,226
SRH,42
RHW,9
HWK,10
WKK,28
KKP,97
KPV,173
PVK,104
VKV,163
KVW,33
VWL,77
WLK,64
LKM,71
KMD,20
MDS,23
DSG,145
SGM,80
GMH,24
MHR,17
HRT,22
RTG,134
TGF,132
GFF,99
FFP,44
FPH,22
PHD,24
HDY,33
DYT,58
YTS,38
TSA,133
SAY,82
AYA,202
YAA,188
ALK,378
LKQ,236
KQS,66
QSE,76
EYV,62
YVD,55
VDS,82
DSI,87
SIV,80
IVK,117
VKF,44
KFS,59
FSH,49
SHF,30
HFS,35
FSC,21
SCA,35
CAD,41
ADE,237
DEP,102
EPE,100
PES,96
GMT,75
MTE,67
TEI,107
EIQ,87
IQM,19
QME,30
MEA,76
EAF,154
AFD,139
FDL,131
DLG,206
LGT,155
GTK,75
TKG,74
KGL,218
EGE,153
GEE,140
EES,76
ESL,221
SLA,293
LAN,174
ANS,89
NSA,73
SAA,396
ILN,145
LNI,176
NIP,111
IPE,133
EAR,214
ARR,219
RRD,81
RDW,35
DWG,16
WGR,35
GRA,215
RAG,245
GLA,368
LAL,486
ALY,133
LYG,118
YGI,107
GIS,240
ISP,110
SPF,76
PFG,82
FGG,217
GGS,263
GSD,130
SDD,110
DDR,66
DRL,210
RLK,353
LKP,162
PVM,53
VMR,52
MRL,81
RLS,270
LST,113
STR,62
TRI,84
RIF,70
IFG,116
FGE,121
GER,148
ERV,157
LQP,85
QPH,20
PHS,28
HSP,32
SPI,67
PIG,77
IGY,72
GYG,138
YGA,125
GAT,162
ATF,84
TFY,40
FYT,47
TSK,69
SKS,82
KST,99
TRV,72
RVG,137
VGL,275
GLI,227
LIA,353
IAC,47
ACG,93
CGY,21
GYA,132
YAD,137
DGY,74
GYP,55
YPR,31
PRR,66
RRA,189
RAP,63
APS,108
PSN,45
SNS,52
NSP,78
SPV,105
PVA,183
VAV,331
AVD,180
VDG,162
DGK,239
KLT,172
LTR,170
RVI,115
VIG,232
IGR,207
GRI,180
RIS,116
ISM,31
SMD,32
MDM,20
DMM,15
MMT,23
MTI,26
TIE,97
IEL,145
ELD,179
DAS,107
ASQ,94
SQE,62
QEG,80
EGL,201
GLG,362
LGH,75
GHE,46
HEV,39
EVE,137
VEL,179
ELW,28
LWG,48
WGD,17
GDT,153
DTV,196
TVN,106
VNI,104
NIN,64
INT,77
NTV,113
TVA,318
VAE,304
AEA,490
AAG,606
AGT,191
GTI,85
TIP,60
IPY,52
PYE,20
YEL,65
ELM,90
LMC,16
MCN,3
CNI,16
NIK,100
IKR,106
KRA,163
RAK,136
AKF,89
KFT,57
FTY,23
TYI,37
MSN,32
SNI,79
NIE,99
IEQ,118
EQQ,59
QQV,50
QVK,90
VKK,149
KKI,150
KII,154
IIA,187
IAE,250
AEQ,210
EQL,165
QLG,119
LGV,294
GVN,135
VNE,82
NEA,115
EAD,203
ADV,242
DVK,93
VKN,127
KNE,64
NES,53
ESS,75
SSF,79
SFQ,47
FQD,38
QDD,41
LGA,353
GAD,236
ADS,163
DSL,160
SLD,155
LDT,166
TVE,161
ELV,211
LVM,63
VMA,78
MAL,110
LEE,225
EEA,275
AFG,174
FGC,21
GCE,26
CEI,19
EIP,108
IPD,87
PDE,95
DED,75
EDA,155
DAE,202
AEK,307
EKI,191
KIT,145
ITT,64
TTV,95
TVQ,99
VQL,85
QLA,189
LAI,175
AID,115
IDY,71
DYI,81
YIN,34
INA,123
NAH,37
AHN,46
MIY,24
IYG,71
GIG,325
IGT,152
GTD,103
TDI,119
IVS,145
VSL,257
SLK,183
LKR,225
KRI,120
RII,123
IIR,109
RLN,210
LNK,136
NKK,81
KKF,55
KFG,91
FGQ,63
GQA,132
QAF,118
FAG,222
AGR,268
ILT,180
LTP,150
TPE,178
PEE,139
EEL,236
ELL,343
EFP,38
FPQ,42
PQA,91
QAG,195
AGK,342
GKP,187
PVN,63
VNY,38
NYL,64
YLA,164
LAK,370
AKR,214
KRF,83
RFA,186
FAA,346
AAK,429
AKE,196
KEA,203
FAK,122
AKA,374
KAV,324
VGT,147
GTG,213
TGI,171
IRG,112
RGA,150
AVS,364
VSF,109
SFC,15
FCN,9
NIG,155
IGI,201
IGH,55
GHD,35
HDA,41
DAL,386
ALG,447
LGK,261
KPE,137
PEF,78
EFF,51
FFY,26
FYG,71
YGP,21
GPA,76
PAL,202
ALS,373
LSE,266
SEW,27
EWL,59
WLE,70
EEQ,88
EQG,135
QGI,116
ISR,109
RVS,114
SLS,242
LSM,48
SMA,51
MAD,90
EGD,130
TVL,261
VLA,445
LAF,183
MKP,58
PVF,100
VFL,157
FLD,105
LDF,141
DFE,89
FEQ,78
EQP,55
QPI,30
PIA,123
AEL,434
ELT,138
LTN,98
TNK,37
NKI,96
DEL,201
ELR,148
LRF,102
RFV,104
FVQ,58
VQD,63
QDE,59
DES,97
ESA,168
SAV,262
VDI,101
DIS,114
ISD,115
SDE,106
DEI,173
IHR,44
HRL,103
RLQ,145
LQK,145
QKK,54
KKS,91
KSN,53
SND,55
NDL,110
DLT,156
LTK,119
TKS,50
KSI,99
SIF,59
IFS,87
FSK,67
SKL,129
TPA,145
PAQ,94
AQI,165
QIS,81
ISQ,64
SQV,50
QVS,75
VSR,148
RHP,55
HPQ,28
PQR,53
QRP,36
RPY,43
PYT,36
YTL,75
TLD,148
LDY,114
YID,64
IDA,206
ALF,257
TDF,80
FEE,94
ELH,72
LHG,94
HGD,42
GDR,96
DRH,42
RHF,58
HFA,65
FAD,181
ADD,159
DDH,25
DHA,45
HAI,40
AIV,168
IVG,186
VGG,255
GGL,358
LAR,329
ARF,166
RFN,88
FNG,66
NGQ,89
GQS,88
QSV,110
SVV,160
VVV,201
VVG,227
VGH,57
GHQ,30
HQK,26
KGR,181
GRD,127
RDT,71
DTK,56
TKE,77
KEK,148
IRR,171
RRN,119
RNF,54
NFG,64
FGM,41
GMP,65
MPR,44
PRP,62
RPE,117
PEG,163
EGY,69
GYR,105
YRK,104
RKA,145
KAL,316
ALR,332
LRL,243
RLM,81
LMK,67
MKT,76
KTA,262
TAE,220
EKF,102
FGL,179
GLP,296
LPV,263
VMT,38
MTF,28
TFI,52
FID,98
IDT,117
DTP,116
TPG,63
PGA,102
GAY,129
AYP,79
YPG,42
PGI,88
GAE,199
AEE,237
EER,108
ERG,139
RGQ,82
SEA,188
EAI,123
AIG,223
IGK,193
KNL,149
NLY,51
LYE,102
TRL,168
LRV,134
RVP,66
VPV,155
VLC,29
LCT,28
CTV,39
TVI,168
IGE,145
GEG,166
EGG,202
GSG,281
SGG,278
GGA,333
VGD,152
GDY,74
DYV,85
YVN,41
VNM,33
NML,37
MLQ,71
LQY,55
YST,42
STY,34
TYS,48
YSV,73
SVI,146
VIS,108
SPE,136
GCA,46
CAS,29
ASI,125
SIL,144
ILW,26
LWK,33
WKT,26
EKA,277
KAA,405
AAD,428
DAA,362
AAQ,369
AQA,343
QAL,262
LGI,282
ITA,210
TAD,210
ADR,164
QKL,138
KLD,153
LDL,263
VDT,98
VIK,90
IKE,131
KEP,54
EPL,140
PLG,127
GAH,74
AHR,45
HRD,32
RDF,100
DFG,111
GQT,121
QTM,35
TMK,26
MKN,50
KNV,90
NVK,71
AVL,595
VLE,257
LEK,266
EKQ,112
KQL,145
QLH,40
LHE,86
HEA,76
EAQ,161
AQS,150
QSI,83
SIP,86
IPL,147
PLA,220
SRR,135
RRF,149
RFD,115
FDR,109
DRI,119
RIM,42
IMA,80
MAY,34
YGK,100
GKF,72
FSE,71
MME,30
MET,50
ETQ,85
TQL,79
QLY,52
LYI,67
YIG,106
GIM,53
IMS,43
MSG,73
SGT,138
GTS,130
TSM,23
MDG,57
DGA,174
VLV,262
LVR,189
VRM,53
RMD,26
DGG,212
GKW,55
KWL,58
WLG,62
AEG,265
EGH,42
GHA,67
HAF,45
AFT,107
FTP,84
TPY,58
PYP,57
YPD,63
PDR,82
LRR,237
RRK,132
LLD,342
LQD,108
QDT,57
DTG,119
TGT,134
TDE,115
LHR,72
HRS,27
RSR,122
SRM,48
RML,92
MLS,85
LSQ,132
QEL,161
ELS,199
SRL,210
RLY,77
LYA,114
YAQ,76
AQT,196
QTA,368
TAA,448
AAE,578
LLC,46
LCS,26
CSQ,9
SQN,60
QNL,149
NLA,190
LAP,140
APC,21
PCD,11
CDI,23
TAL,433
LGC,51
GCH,7
CHG,16
HGQ,36
QTV,186
TVR,186
VRH,75
RHA,73
HAP,55
APE,157
PEH,76
EHG,99
HGY,45
GYS,76
YSI,45
SIQ,45
IQL,61
DLP,165
LPL,286
PLL,262
LAE,472
IFT,63
FTV,106
TVG,170
GDF,99
DFR,70
FRS,64
SRD,81
RDL,169
LAA,835
AGG,431
GGQ,135
GQG,109
QGA,134
PLV,156
LVP,125
VPA,152
PAF,89
AFH,35
FHE,22
LFR,99
FRD,52
RDD,65
DRE,70
RET,113
ETR,108
RVV,137
VVL,270
VLN,182
IGG,269
GGI,290
GIA,320
IAN,110
ANI,120
NIS,98
ISV,120
SVL,236
VLP,225
LPP,193
PPG,44
APA,269
FGF,122
GFD,153
FDT,84
TGP,46
GPG,83
PGN,41
GNM,48
MLM,40
LMD,59
MDA,63
DAW,32
AWT,24
WTQ,11
TQA,108
QAH,36
AHW,16
HWQ,14
QLP,95
LPY,95
PYD,34
YDK,54
DKN,78
KNG,172
NGA,153
GAK,192
AQG,189
QGN,71
GNI,168
NIL,163
ILP,193
LPQ,141
PQL,76
QLL,140
LLG,356
LGR,228
GRL,376
LAH,125
AHP,81
HPY,26
PYF,49
YFS,51
FSQ,61
SQP,54
PHP,45
HPK,46
PKS,86
STG,110
TGR,168
GRE,150
REL,237
ELF,129
LFA,295
ALN,179
LNW,26
NWL,34
LET,196
ETY,54
TYL,66
YLD,100
LDG,272
GEN,96
ENR,104
NRY,71
RYD,71
YDV,79
DVL,266
VLR,204
LRT,118
RTL,178
TLS,222
SRF,130
RFT,74
FTA,127
TAQ,164
TVC,47
VCD,26
CDA,17
VSH,67
SHA,64
HAA,130
ARQ,160
RQM,51
QMY,17
MYI,11
YIC,11
ICG,31
CGG,68
GGG,407
IRN,97
RNP,70
NPV,91
VLM,94
LMA,127
AEC,39
ECF,16
CFG,32
FGT,137
GTR,99
SLH,64
LHS,76
HST,23
STA,121
ELN,134
LNL,235
NLD,114
LDP,96
DPQ,44
PQW,17
QWV,8
WVE,29
AAF,288
FAW,32
AWL,95
WLA,92
AAC,102
ACW,3
CWI,3
WIN,13
INR,106
NRI,111
RIP,84
IPG,96
GSP,111
SPH,32
PHK,24
HKA,47
KAT,80
TGA,209
GAS,191
ASK,104
SKP,74
KPC,17
PCI,16
CIL,28
ILG,259
GAG,349
AGY,148
GYY,45
KTL,209
TLT,201
LTV,254
TVH,42
VHT,53
HTP,49
TPS,102
PSH,29
SHS,33
HSY,24
SYP,41
YPI,38
PIF,47
IFI,81
FIG,130
IGN,148
GNG,185
NGL,177
GLL,349
LLP,278
AGS,270
GSL,267
SLL,309
LLK,358
KPH,33
PHL,66
HLG,75
GKR,156
RAA,367
AII,108
IIT,111
ITN,48
TNE,35
NET,58
VAP,138
PLY,69
LYL,130
YLG,137
GTL,221
TLQ,116
LQT,166
ALD,258
AGV,363
GVS,185
FSI,86
SII,88
IIL,152
LPD,261
PDG,160
DGE,171
EAH,56
AHK,59
HKN,24
KNW,30
NWQ,22
WQT,27
QTL,200
TLN,126
NLI,129
LIF,99
IFD,68
FDG,135
DGL,253
GLM,115
LMQ,60
MQN,41
QNR,89
NRA,120
RAE,204
AER,243
ERK,108
RKT,115
KTT,97
TTL,112
TLI,165
IAL,303
GGV,255
GVI,161
IGD,119
GDM,52
DMV,49
MVG,81
AAT,266
ATY,42
TYQ,32
YQR,27
QRG,53
APF,85
PFI,67
FIQ,30
IQI,48
QIP,57
IPT,72
PTT,45
QVD,45
DSS,73
SSV,99
GKT,336
TAI,156
AIN,76
INH,30
NHP,42
HPL,78
KNM,32
NMI,28
MIG,57
GAF,153
AFY,63
FYQ,36
YQP,27
QPQ,45
QAV,247
DLD,181
DTL,208
TLH,71
LHT,82
HTL,91
TLP,215
LPA,307
PAR,113
ARE,208
LSA,428
SAG,224
AGM,120
GMA,113
MAE,96
AEV,214
EVI,111
IKY,34
KYG,89
LGD,165
GDI,159
DIG,133
IGF,134
FFE,66
FEW,15
LEQ,178
EQH,38
QHM,6
HMP,10
MPE,74
PEL,204
LER,209
ERA,179
PLT,127
LTQ,113
AVY,186
YRC,12
RCC,4
CCQ,5
CQM,7
QMK,25
MKA,76
ADI,279
VAQ,160
AQD,111
DET,126
ETE,149
TEQ,98
RAW,28
WLN,40
NLG,142
GHT,75
HTF,28
TFG,120
FGH,43
HAV,90
EAE,263
AEM,89
EMG,59
MGY,31
YGV,115
GVW,54
WLH,14
HGE,64
VAA,495
AGC,66
GCV,30
CVL,44
AAR,352
ARL,338
SEQ,76
KTS,82
ADT,191
DTA,222
TAR,187
RLA,358
LPS,163
PSA,132
SAP,157
APP,84
PPV,72
VFA,186
FAF,99
AFE,135
FEK,99
EKW,36
AHM,12
HMS,10
MSH,12
SHD,35
HDK,21
DKK,115
KKV,113
KVS,135
VSG,260
IMR,38
MRF,39
RFI,76
IGL,269
GLN,177
LNR,178
NRL,181
LGE,234
AVI,299
VIT,112
ITE,98
EIT,136
ITD,125
TDT,113
DTD,108
DIL,236
ILR,163
RRT,85
QPY,24
MHD,13
DKT,98
KTW,20
TWS,8
WSG,28
SGR,193
GRF,150
FNE,49
NEP,38
EPV,96
PVS,149
VSE,173
SEL,191
LVK,180
VKQ,91
KQY,64
QYT,19
YTA,109
TAS,221
SIG,146
FDQ,51
DQR,24
QRL,125
AEW,48
EWD,22
WDI,24
DIQ,76
IQG,78
QGS,84
AHA,104
HAQ,51
AQM,78
QML,61
MLT,71
TRS,78
RSG,155
SGV,177
GVL,297
VLS,267
SEN,132
END,69
LTD,201
DIR,129
RRG,142
RGM,56
GMS,67
MSE,79
SEI,160
EIL,250
EEI,160
EIR,156
IRS,114
SGK,255
GKI,274
IEW,27
EWP,13
WPL,20
PLD,104
DLE,141
LED,129
EDV,130
DVH,37
VHM,13
HMN,12
MNI,52
IER,137
ERR,129
RRL,282
RLT,199
TDK,121
KIG,181
GDA,165
DAG,215
KRL,223
RLH,77
HTG,67
GRS,129
SRN,77
RND,60
NDQ,18
DQV,60
QVA,135
ATD,85
RLW,28
LWL,80
WLR,35
LRD,201
RDQ,37
DQI,45
QIT,67
ITV,152
VIQ,65
IQN,57
LIQ,96
NLQ,86
EQN,71
QNA,100
NAE,145
AVM,128
VMP,65
MPG,43
PGF,63
GFT,143
FTH,27
THL,53
HLQ,55
LQV,71
AQP,72
QPV,98
SFG,122
GHH,32
HHM,6
HML,23
AYV,80
YVE,52
VEM,52
EML,115
MLG,108
FER,94
ERM,51
RMT,47
MTD,61
TDC,14
DCR,30
CRK,36
RKR,97
KRV,122
RVN,69
VNR,78
NRM,26
RMP,31
MPL,75
GTT,106
TTY,36
TYP,43
PIQ,37
IQR,49
QRE,64
REI,139
LGF,190
GFE,108
EQI,136
QIC,17
ICQ,14
CQN,15
QNS,47
NSL,115
VSD,213
SDR,93
DRD,70
DFA,159
FAI,71
AIE,167
IEF,69
AAS,355
ASL,245
SLV,151
VMV,67
MVH,21
VHL,58
HLS,76
SEE,103
LIL,243
LWM,16
WMS,5
MSP,27
SPR,46
PRF,49
RFG,152
DIA,201
IAD,225
DRF,84
RFC,21
FCT,10
CTG,26
TGS,181
GSS,139
SSI,95
SIM,33
IMP,58
MPQ,49
KKN,67
KNP,89
NPD,142
PDV,101
DVP,95
VPE,130
VRG,164
RGK,140
GKS,249
KSG,164
GRV,180
GHL,75
HLI,66
LIG,293
LIT,144
ITL,168
TLM,74
MKS,52
KSQ,46
QPL,74
AYN,65
YNK,29
NKD,59
KDN,72
DNQ,44
NQE,46
QED,50
EDK,79
DKE,99
LFD,159
LID,203
TLR,146
LRI,113
RIY,50
IYA,79
ADM,98
MMR,29
MRG,55
RGV,118
GVT,139
VTV,160
TVK,143
NMR,34
MRA,73
VMQ,39
MQG,36
QGF,86
FAT,84
ATA,249
TAT,137
ADY,163
DYL,125
YLV,88
KGM,56
MPF,36
PFR,41
RDA,142
DAH,53
AHE,63
EVV,159
VVA,222
HAD,74
DEA,251
EAG,329
GVD,144
DLS,181
ELP,136
PLE,96
ALQ,216
GFS,151
KLI,179
LIS,176
DDV,139
DVY,71
VYG,113
VLT,230
EGS,115
SLN,153
LNA,246
NAR,96
ARN,98
RNH,43
NHL,59
GTA,214
TAP,165
PEQ,86
EQV,117
QVR,82
VRL,217
VKR,127
KRW,13
RWR,28
WRE,41
REM,61
EMS,45
MEF,30
EFE,87
FEN,90
ENI,129
NII,93
IIS,104
ISA,200
DKA,183
KAR,182
ARI,195
ILA,281
ALP,267
PYI,63
YIR,72
RFS,97
FSG,161
SGS,218
GSV,238
SVA,199
YGG,106
GGN,173
GNA,192
NAM,48
AMT,66
TEP,61
EPA,99
KEG,145
EGF,96
FAR,123
ARD,94
RDV,94
DVV,173
LKL,224
KLV,160
LVG,262
VGI,203
GIH,76
IHP,88
HPV,56
PVI,128
VIV,184
IVH,44
VHG,57
GGP,79
GPQ,32
PQI,57
QIN,55
AML,140
MLE,85
EKV,148
KVG,132
VGK,212
GKK,200
KGE,126
GEF,106
EFV,96
VQG,104
QGM,35
GMR,52
MRV,34
RVT,78
VTD,115
KET,117
ETM,40
TMD,31
MDI,53
EMV,70
MVL,71
VLG,296
GGH,76
GHV,65
HVN,23
VNK,83
NKE,72
KEI,162
VSM,58
SMI,35
MIN,22
NTY,40
TYG,52
VGV,200
DHF,24
HFI,29
FIK,56
IKA,178
KAK,177
AKK,205
KKL,215
NSV,75
SVD,89
IGQ,97
GQV,127
QVG,92
GTV,216
VES,120
ESI,84
SID,78
TGL,250
GLV,286
VKG,156
LIE,222
RGC,22
GCI,37
CIP,17
IPV,144
PVV,161
APV,172
PVG,134
GVG,233
VGE,186
GEK,158
EKG,170
AFN,104
FNI,49
NAD,150
KLA,301
EKL,281
LLM,104
LMM,39
MTN,18
TNI,57
NIA,175
IAG,269
GVM,80
VMD,48
MDK,67
KTG,182
TGN,134
NLL,216
LLT,273
TKL,128
TPK,92
PKR,70
RID,104
IDG,164
DGT,150
TLY,80
GGM,90
GML,105
MLP,78
LPK,153
PKI,85
KIA,184
IAS,158
ASA,294
AVN,198
VNG,148
NGV,147
GVK,164
ATH,36
THI,46
HII,46
IID,107
DGR,171
RLP,197
LPN,106
PNA,99
NAL,244
LLL,554
LEI,149
EIF,79
AGI,325
IGS,173
GSM,41
MIL,57
GRG,192
RGE,134
GED,119
MAA,179
AKD,145
KDV,99
DVQ,88
VQF,27
QFG,59
FGN,104
GNE,71
NEV,84
EVR,137
VRQ,127
RQK,86
QKM,34
KMV,52
MVN,34
ANA,176
NAV,186
VRV,132
VTL,167
TLG,180
LGP,58
GPK,36
PKG,129
GRN,103
RNV,65
NVV,103
VVD,120
VDR,66
DRA,110
RAF,116
GPH,13
PHI,59
HIT,46
ITK,74
TKD,57
KDG,180
DGV,177
VAK,194
EIE,155
ELK,197
LKD,222
KDK,117
DKF,66
KFE,62
ENM,41
NMG,46
MGA,96
GAQ,140
QMV,33
MVK,57
VKE,137
KEV,115
EVA,185
VAS,160
SKT,102
KTN,52
TND,33
NDV,66
DVA,203
AGD,193
GDG,133
TTT,64
TTA,122
ATV,186
LAQ,288
EGM,56
GMK,55
MKY,25
KYV,62
YVT,37
VTA,229
TAG,209
GMN,32
MNP,47
NPT,74
PTD,57
DLK,147
KRG,123
RGI,151
GID,217
IDK,89
ALV,307
LVE,212
VEE,132
LKN,236
IAK,213
AKP,144
CDT,16
DTS,78
SKE,90
EIA,245
IAQ,147
AQV,136
VGS,142
GSI,150
SIS,87
SAN,99
NSD,57
DEQ,74
GAI,174
AME,55
MEK,72
GKE,157
VED,95
EDG,142
KSL,167
SLE,131
LEN,253
ENE,92
NEL,110
LDV,160
VVE,159
VEG,138
GMQ,35
MQF,20
QFD,56
DRG,43
RGY,86
GYL,135
YLS,94
LSP,150
SPY,27
YFI,32
FIN,57
IND,68
NDA,100
KQI,87
QIA,137
LDN,143
DNP,91
NPF,64
PFV,84
FVL,184
LLF,193
FDK,90
KIS,154
ISN,92
IRD,99
KAS,114
ASR,120
SRP,82
LLI,263
LII,128
AED,195
DVE,105
LAT,181
ATL,232
TLV,165
LVV,207
VVN,104
VNN,60
NNI,64
LKT,216
KTV,197
KAP,59
APG,113
GFG,199
FGD,113
DRR,107
KAM,74
QDI,65
IAI,127
LTG,297
GVV,196
VVI,146
ISE,116
EEV,140
EVG,147
GLS,306
LSL,357
LDD,151
LGQ,127
QAK,140
RIE,134
IEI,101
EIG,137
KEN,87
ENT,76
NTT,51
VID,173
QIE,109
IEA,239
ARV,158
RVA,180
AEI,261
IRQ,143
RQQ,59
QQI,42
IET,119
ETA,289
ATS,80
TSD,65
SDY,69
DYD,44
KLQ,95
LQE,163
QER,76
AKL,328
GVA,295
IKV,101
ATE,104
TEV,73
EMK,44
MKE,52
EKK,102
KKD,106
KDR,83
DRV,94
RVE,104
ALH,104
LHA,95
HAT,28
ATR,95
TRA,130
EEG,127
VAL,318
LLR,239
LRA,249
RAR,165
ARA,310
ENL,181
NLH,65
ADQ,60
DQD,33
QDA,91
GVQ,100
QIV,89
RAV,225
ESP,52
SPL,121
PLR,100
LRQ,148
RQI,129
VAN,134
NAG,185
GEP,116
EPS,79
PSV,93
NKV,50
KVL,231
EGK,194
GKG,255
KGN,85
GNY,69
NYG,44
YGY,49
GYN,50
YNA,39
SGE,188
GEY,85
YGD,79
DMI,29
IGM,81
GMG,108
MGV,75
VLD,248
DPA,110
PAK,125
AKV,192
KVT,77
VTR,100
RSA,157
SAL,311
LQH,53
QHA,40
SIA,168
LML,144
LTT,105
TTD,53
DCM,4
CMI,6
MIA,73
EEK,168
EKP,102
KPA,169
AVP,177
VPD,90
PDM,38
DMG,53
MGG,88
MSQ,28
SQG,68
QGK,128
KIV,116
IVQ,82
QII,87
VDV,108
VEF,83
FPR,34
PRD,50
RDM,38
MIP,33
IPR,58
PRV,71
RVY,50
VYD,74
YDA,82
LDE,252
DEN,122
ENG,240
GLT,271
LTL,279
TLE,179
LEV,136
EVQ,75
VQQ,55
QQL,90
VVR,136
VRT,128
RTI,90
TIA,156
IAM,61
AMG,89
MGS,49
SSD,85
SDG,376
GLK,240
MTV,78
VSN,86
SNT,72
NTG,115
PIT,55
TVP,110
KGT,114
RIV,142
IVD,109
GTP,160
PVD,79
VDE,126
AGP,92
GPI,42
PID,49
DKS,67
KSR,109
SRA,127
RAI,130
AIH,43
IHQ,29
HQA,56
QAA,324
AAP,251
APK,121
PKF,48
KFD,85
FDE,107
LSS,176
SST,65
STT,52
TTE,68
TEL,155
ETG,181
GIK,162
KVI,118
IDL,153
LCP,27
CPF,18
PFA,128
AKG,196
KGG,200
GKV,224
GLF,150
LFG,242
NMM,12
MEL,56
LIN,117
INN,56
KAH,50
AHS,51
HSG,62
SGL,290
LSV,272
SVF,101
VFS,115
ERT,81
RTR,90
TRE,84
REG,165
EGN,100
GND,76
NDF,35
DFY,54
FYH,18
YHE,19
HEM,25
MKD,40
KDS,84
DSN,55
SNV,66
NVL,146
LDK,225
DKV,141
KVA,140
VAM,81
AMV,90
MVY,27
YGQ,39
GQM,35
QMN,13
MNE,38
EPP,44
GNR,108
ALT,290
LTM,62
TMA,37
RDE,97
DEK,91
EKD,98
KDE,111
NGK,222
VLF,176
LFF,117
FFV,68
FVD,77
VDN,55
DNI,95
NIY,40
IYR,53
RYT,63
TLA,303
GTE,91
EVS,111
VSA,305
GRM,66
MPS,181
VGY,84
GYQ,53
QPT,34
PTL,122
EEM,66
MGR,54
ERI,182
RIT,92
ITS,81
TST,58
STQ,52
TQT,87
QTG,132
SIT,82
TSI,48
IQA,122
VYV,71
YVP,51
PAD,158
TDP,81
DPS,67
PSP,83
SPA,147
PAT,96
ATT,78
TTF,45
TFA,88
FAH,48
AHL,102
HLD,70
DAT,88
TVV,162
RDI,121
SLG,242
GIY,73
IYP,40
YPA,75
VDP,54
DPL,69
LDS,175
DST,62
STS,72
TSR,79
SRQ,95
RQL,155
QLD,101
DPM,19
PMV,41
GQE,72
QEH,19
EHY,38
HYD,18
VAR,168
VQS,77
QST,43
STL,160
QKY,38
KYK,46
YKE,46
KEL,189
DII,117
LGM,134
GMD,66
MDE,44
LSD,293
DKL,218
ARK,167
KIQ,51
QRF,44
RFL,150
FLS,138
QPF,44
PFH,20
FHV,26
HVA,54
EVF,98
VFT,88
FTG,102
SPG,63
PGK,88
GKY,120
YVA,66
DTI,79
AGF,242
GFK,88
FKA,111
KAI,123
LNG,195
NGE,137
EYD,63
YDH,18
DHL,37
HLP,99
LPE,346
EQA,189
FYM,8
YMV,9
SIE,90
IEE,137
VEK,174
AKT,163
MTA,128
TAW,39
AWV,46
WVG,44
KSA,140
AQY,89
QYF,45
YFA,83
GVP,163
VPR,58
PRI,50
DAD,185
AAH,127
HSL,86
SLT,181
LTA,428
ASD,147
DGI,312
PEI,123
RLF,179
TVF,108
VFD,109
DTQ,56
TQG,65
QGL,158
LRK,121
RKE,94
IFA,108
FAS,96
ASP,111
SPS,71
PSR,76
SRK,111
LES,158
ESV,156
SVM,59
VML,88
PLI,135
EIK,152
IKK,101
KKQ,99
KQQ,57
QQE,48
QET,72
ETF,82
TFT,61
GIV,243
LTE,244
TEK,113
EKR,137
KRQ,93
RQF,69
QFI,28
FIS,68
ISL,173
SLI,196
RRV,130
LTI,127
TIS,69
RIG,154
RVM,43
MAR,84
ARS,159
TRG,95
GEV,195
VAD,266
ISH,42
SHQ,20
QAS,65
SES,100
ESE,103
SER,102
ERL,263
LLN,242
LND,137
NDG,55
DGS,169
LKS,165
SLR,165
REK,113
EKT,108
KTM,32
MLL,140
LLH,117
FYS,41
YSG,78
GIF,125
KPT,81
PTQ,42
GKH,60
KHN,22
MAV,113
VNL,120
NLT,136
PDI,96
DID,110
LYT,72
PGH,53
IAV,246
GST,121
STV,130
AVF,253
FTT,41
TTN,31
TNR,42
NRF,85
FCA,32
CAA,100
PVH,32
VHI,46
HIA,92
AKS,143
KSH,32
SHL,81
HLF,40
GVR,170
VRA,225
RAL,300
LVI,128
VIN,74
NAN,60
QGR,101
AVC,102
VCA,59
QIG,110
IGC,26
GCK,22
CKP,19
KPN,46
PNQ,36
NQV,53
QVM,34
PFS,68
FST,74
TGV,138
VIL,163
LEP,76
PLP,134
IAA,514
PKM,30
KMQ,26
MQP,27
QPA,103
AFW,33
FWN,29
WNE,16
AIM,46
IMT,35
MTT,36
VPK,78
PKA,113
SRE,113
GDQ,30
DQH,17
QHT,25
HTV,79
RAT,79
KGS,96
GMI,71
MIH,16
HPN,40
PNM,18
NMA,55
MAT,53
ATM,51
FIA,108
IAT,120
DAK,127
LQL,130
QLM,40
LMT,62
MTQ,31
TQE,74
QEI,101
TFN,39
FNT,49
NTI,67
TIT,92
TVD,85
DGD,108
STN,44
NDS,50
DSF,63
SFV,99
FVI,83
VII,104
TGK,197
KNS,60
NSQ,35
EID,116
IDN,73
ADP,96
DPR,57
PRY,37
RYA,123
AQL,184
QLK,119
CSL,34
ELA,368
QAI,95
IVR,165
VRD,117
RDG,127
EGA,184
ATK,71
TKF,49
KFI,49
FIT,64
VEN,114
ENA,169
NAK,103
KTC,20
TCD,15
CDE,20
RQA,188
AAY,234
RSP,44
VKT,145
TAF,190
AFF,88
FFA,108
SDP,58
DPN,35
PNL,92
EMY,25
MYL,29
DDI,104
ILV,179
AEH,129
GGR,248
ASY,68
SYT,56
YTE,51
TEA,198
QGQ,50
VMS,43
MSK,46
SKD,61
VRI,125
RIK,83
IKL,109
KLH,57
HRG,28
TVY,109
VYT,57
YTC,14
CDL,24
LSH,70
SHG,51
GYV,82
YVS,67
VSI,102
SIN,61
DYR,61
AQH,51
QHQ,16
HQS,29
QSD,65
SDT,95
LNT,112
NTL,155
PPK,76
KRY,81
RYG,105
FLL,187
NDD,59
DDY,51
YTT,47
TTM,27
TME,25
FVV,87
IFM,22
FML,58
QEQ,60
SVH,33
VHH,18
HHE,20
HEG,42
GLC,51
LCG,64
CGT,37
GTY,47
TYT,59
YTR,61
TRD,89
QTK,45
TKQ,41
QQQ,78
MQR,34
QRA,108
KAE,230
GHP,45
PLQ,75
LQC,17
QCI,15
CIV,28
SNE,44
NEN,58
NRT,80
RTC,8
TCS,18
CSF,16
FCG,40
CGK,46
KSK,80
HAK,48
AKH,71
KHL,93
IEG,137
KNA,143
NAY,73
AYI,100
ICD,17
DEC,20
ECV,19
CVA,37
ANC,19
NCL,25
CLE,34
ILY,63
YEG,62
GDN,77
DNG,101
NGG,167
TPP,81
PPE,95
PEN,133
LPT,113
PTP,62
PAE,169
ANL,187
YVI,40
KKA,190
VYN,38
YNH,15
NHY,19
HYK,17
YKR,29
GVE,152
LSK,174
ILL,285
IGP,65
GPT,34
PTG,107
QSL,147
VPF,75
FVM,33
YVG,85
GKC,23
KCD,6
CDF,16
DFD,110
FDV,96
ARH,65
RHG,50
HGI,79
IVY,62
VYI,59
RKS,80
KSD,82
SDN,76
NPS,61
PSI,58
ITR,102
DVS,122
QQA,116
EGT,85
ASV,216
SVP,98
VPP,88
PPQ,45
PQG,79
GRK,137
RKH,46
KHP,45
QEF,40
EFI,65
INV,53
NVD,59
TAN,97
LFI,100
FIC,14
VIR,107
RQR,73
QRT,42
RTE,85
FGA,194
VHS,39
HSK,28
KLF,125
FGI,155
VEP,57
PED,118
EDL,187
DLI,195
LIK,140
IKF,45
LIP,156
VIA,233
ALI,322
INI,88
EPK,56
PKN,65
QYQ,21
YQA,83
GIE,169
ENV,142
LRS,128
RSI,90
IAR,218
QAM,62
MER,38
GAR,159
RGL,186
GLR,198
VER,135
ERC,14
RCL,28
CLL,50
DTM,23
TMY,14
MYR,35
YRL,144
PDL,173
LKK,247
KVV,137
GKA,245
VIE,146
EGR,179
REP,40
LVF,162
SQT,81
QTI,82
IPH,42
PHR,35
HRN,25
RNA,129
NAI,84
LNE,171
NER,63
RAQ,130
HAH,25
GEL,236
LKG,190
YRP,56
PER,123
ERE,119
REV,127
RRI,162
RIQ,61
IQD,60
QDL,138
DLN,153
NKG,91
KGP,34
GPL,67
FRE,55
EVM,48
SEC,20
ECL,33
CLA,51
ERP,56
IAY,89
AYL,174
QGT,61
GTF,105
FTQ,50
TQQ,42
AIK,91
IKH,34
KHF,40
HFG,42
AHT,63
HTM,12
MAC,11
ACP,40
CPT,23
PTI,57
IDD,91
DDC,11
DCF,10
CFK,13
FKQ,63
KQV,68
QVE,74
VET,142
TRQ,75
QAD,140
PVE,89
ENS,83
NST,49
STE,74
TEG,113
VGR,148
GRT,151
AVT,198
LQA,190
QAC,28
CGE,41
RIH,37
IHH,18
HHN,14
HNL,61
RKN,100
KNN,69
NNG,87
NGS,130
KVF,69
AQC,14
QCN,4
CND,10
NDW,15
DWL,45
GRR,183
RIA,217
VSS,142
SSN,61
SNA,84
RLV,175
AES,209
ESD,69
DDG,119
AIA,283
RTA,188
EIY,68
YGL,146
LDM,68
MVA,83
ECI,15
CIE,19
IED,115
EDE,103
EPN,47
PNN,34
NNT,53
TTR,68
TRF,83
FLV,99
VMG,57
MGH,24
HET,40
SDK,107
TSL,124
APN,57
PNR,53
AGA,440
TES,91
SMT,37
MTK,35
FES,56
ESR,111
RPS,86
PSK,67
KSV,139
VLW,57
LWE,31
WEY,12
EYL,113
YLF,68
FFI,62
DIE,118
GHR,46
HRR,37
DAQ,106
QIQ,57
IQT,92
ASF,119
FVK,84
GSY,87
YPT,34
PTA,137
TAV,284
MNQ,25
NQN,35
QNH,31
NHT,37
HTI,34
TIL,137
ILQ,115
NLP,136
VGQ,103
GQK,82
QKV,71
IAF,102
AFS,150
LLW,52
WMK,11
MKL,74
KLK,203
KGA,153
PYA,79
YAY,52
AYT,85
GQP,85
QPD,79
EDD,75
DYN,38
AIP,80
IPK,78
PKK,65
MEY,15
AEN,190
RLI,189
IDC,25
CRA,45
AIQ,76
IQC,7
QCG,20
CGA,58
HVS,45
VST,112
AYF,80
YFN,42
TTP,63
TPL,147
VTG,160
LVS,216
SAM,72
AMK,75
KED,65
DVN,54
NIW,13
IWG,27
TYK,44
YKG,57
NDI,76
ERF,115
RFY,54
FYR,70
TNP,57
NPA,143
LKI,162
KIY,50
IYK,36
YKP,38
KPW,18
PWL,25
WLD,67
LDQ,72
DQQ,16
QQF,28
ELG,213
GRH,64
RHE,37
SEF,58
EFL,115
FLI,117
ANG,152
NGF,71
GFN,85
FNY,19
NYK,33
YKM,11
KMS,38
SVE,143
KAY,90
AYS,81
STD,66
TDS,100
SNM,24
THE,50
EAK,178
KDL,136
FLN,111
LNS,109
NSG,101
IKI,83
KPI,78
PIM,34
IMG,50
VAF,99
FWD,14
WDE,30
NVE,78
IEP,104
VSV,226
SVR,168
VRF,123
RFE,108
KEY,60
EYA,103
DPV,76
LFL,218
FLE,105
EAN,94
ANR,143
HGL,95
MSD,51
SDQ,32
IIE,118
SRG,103
IYE,50
EAP,87
PGM,45
FHI,25
AYE,99
YER,47
LVT,132
IHN,36
HNE,26
NED,36
EDT,69
QYR,67
RIN,96
ING,131
LLY,128
LYQ,73
YQG,44
GRW,20
RWF,21
WFD,37
FDS,83
DSQ,33
SQA,100
ALM,133
MLR,69
AQR,125
QRW,12
RWV,26
WVA,42
TGE,149
EVT,81
RGN,79
NDY,48
DYS,48
NTE,69
SPN,42
LTY,70
QPE,81
SME,37
KVE,121
LDR,162
GQL,105
QLT,91
TMR,36
MRN,26
RNL,131
LDI,178
DTR,87
IYS,50
YSQ,47
QSG,142
GNK,84
SKK,93
KIK,128
KAG,281
TGY,98
GYT,114
YTG,90
HPD,119
VEV,154
VTS,79
SRS,108
RSE,78
DYF,69
YFP,37
FPS,50
PSL,108
LRG,193
GVY,97
AFQ,83
FQT,117
QTP,60
TPD,91
EQC,5
QCD,7
IVF,121
VFF,95
ATP,115
TPN,51
PNG,89
NGI,158
KDA,170
DAP,127
APR,71
PRL,109
QGV,92
SAD,161
ADF,185
FRI,49
RIR,150
DIP,110
PTW,13
TWE,11
WEH,14
EHW,18
HWY,6
WYG,21
YGM,34
MTH,17
THA,39
PGL,114
NRE,67
REA,230
QAR,138
ANP,133
NPG,47
PGC,34
GCY,19
CYP,6
PTC,22
TCV,18
CVS,29
SLP,198
VPL,168
RQC,20
QCR,25
CRL,109
ADC,44
DCK,13
CKS,12
RKG,119
GNV,142
LCE,34
CEA,27
DNF,41
NFK,42
YGT,61
AGH,85
HRH,24
RHL,76
RQT,120
GLQ,121
QDG,96
FVF,79
TPH,33
HLA,100
APM,42
PMI,29
MIR,50
MHA,30
VYL,112
YLH,40
LHL,107
DPE,98
PET,181
RDY,54
DYY,38
YYR,56
YRD,68
RDS,56
DSP,77
PFM,24
FMD,16
PAG,199
STP,57
RSV,122
GAN,147
NLC,20
LCR,60
CRI,39
ISI,94
SIR,102
SDV,102
DVW,27
VWV,59
WVV,30
DNL,111
NLV,101
AGQ,145
AVQ,173
VQN,84
QNM,17
NMN,26
NIM,22
IMF,20
MFG,48
EET,94
ETH,33
THG,63
DAI,103
PAA,326
SPK,72
PKP,93
KPS,85
PST,59
LPG,160
GSK,104
SNR,65
DNV,77
NVC,14
VCE,31
IHS,45
DDT,76
TDR,66
DRM,37
IEH,51
EHL,87
LKV,162
KVH,29
HGT,48
RFP,76
FPN,42
NRS,91
DLF,125
FLG,145
AFR,101
FRP,68
GGD,149
DYH,23
YHL,36
HLH,38
HGV,64
PRM,19
RMH,16
MHE,16
HER,49
RPI,71
GDL,152
VDA,158
VEY,75
NEH,23
HYP,23
YPP,25
PPL,100
PLH,49
LHI,79
HIG,94
RQD,72
QDC,10
DCG,35
VIP,81
IPI,65
PIK,43
IKG,142
NVS,103
SSQ,51
SQF,35
QFL,65
FLT,116
TGQ,80
FEI,77
IRM,32
RMV,43
ISK,103
KPY,61
TLK,173
KLM,62
MAQ,79
AQF,76
FGV,116
VQV,81
ANE,96
YRV,67
RVF,69
VFK,79
FKI,65
KIP,92
IPA,181
AHY,45
HYH,8
YHA,26
LHV,44
HVE,32
SYF,49
YFL,64
FLA,175
PVR,123
NSI,52
QGD,62
GDV,178
ELE,222
VVW,31
VWG,39
WGE,22
ENF,71
NFV,52
FVE,87
RPK,60
VQA,152
DAN,81
ANH,43
NHI,50
HIP,52
PDA,154
AAM,189
MTL,82
QTC,10
TCT,16
CTL,22
LRN,103
RNI,113
GSW,27
SWR,24
WRV,27
RVK,90
AMA,132
MAN,51
IHI,49
ETP,100
TPT,69
DTY,35
TYD,36
YDD,48
DHR,18
HRM,10
RMA,69
MAM,38
AMC,21
MCF,8
CFS,29
FSL,154
NDP,41
DPK,71
PKC,17
KCT,4
CTH,6
THK,24
HKT,39
KTF,113
TFP,43
FPT,48
PTY,34
TYF,34
YFE,52
FEV,75
FSS,76
SSL,183
TET,108
HAL,87
LPR,129
YAV,129
VFG,199
GNP,129
KSP,46
SPQ,56
QIH,25
HQQ,9
QFA,83
IEY,40
YGR,77
RIC,19
ICA,48
GGF,175
FAQ,108
STF,59
TFF,44
GGC,44
GCG,69
ANV,94
NVT,57
PFK,53
KQE,78
QEA,136
FHL,36
DEH,30
EHS,44
HSD,45
VNT,78
LVW,46
RGD,92
DNT,73
NTD,74
TDG,128
AND,68
ITQ,59
TQV,54
KTI,112
VLK,262
KEH,44
EHR,46
HRP,35
RPA,139
IVI,104
VPM,43
PMA,39
FDI,103
III,72
IIN,71
NGT,117
TSG,118
LSG,375
SGQ,86
VSP,115
KIF,74
IFR,58
RDC,13
AYD,60
YDM,15
KPF,100
PFL,101
RQS,87
KKT,116
ALW,72
LWR,31
WRG,34
FKP,75
KPD,82
IRP,103
RPV,103
EHM,15
HMK,11
MSF,28
SFD,92
FDN,83
DNH,25
HLV,64
VPT,73
PTV,84
EQS,74
DIY,64
YSR,54
KER,100
VGP,63
GPV,90
PVT,122
ENP,101
PDK,98
DKD,110
KDI,119
DIF,81
IFF,65
FYI,38
INS,68
PGG,109
SVT,113
MSI,51
SIY,38
IYD,44
YDT,42
TMN,17
MNF,22
NFI,52
IKP,77
TLC,43
LCL,62
CLG,41
ASM,42
SMG,53
AFL,186
AGE,257
PNS,50
NSR,65
SRI,109
IMI,27
HQP,16
ISG,177
SDI,107
IHA,59
HAR,52
KLN,129
MAK,86
KHC,7
HCG,13
CGR,31
ERD,84
RDN,59
NFM,16
FMS,34
MSA,95
IDQ,56
QVL,169
MQL,35
LNP,144
EIS,123
SDL,137
AKI,210
NLS,129
SVN,95
VNA,148
RGT,82
IHG,59
SDA,128
DAM,59
AMQ,53
QGE,94
GEM,74
FPG,60
GNT,126
LGL,421
LAM,105
AMN,47
MNL,57
NLE,99
DSV,111
YEH,30
EHI,82
HIK,38
TVT,159
VTC,22
EVP,72
GRP,108
PIN,33
IAP,137
PGV,79
VDQ,33
DQP,17
QPM,14
PMQ,20
MQT,50
LKA,378
IDS,109
DSM,37
GQR,79
DRQ,56
IVN,98
VNQ,58
NQK,51
VIC,27
ICI,14
CIY,10
IYV,43
VAI,138
QKA,124
ASS,156
VRK,104
KLE,153
EEH,50
GAM,96
MEH,19
EHT,48
TIV,79
IVV,131
QYI,46
YIA,84
APY,58
PYS,58
SGC,42
GCT,37
CTM,8
TMG,38
MGE,59
FFR,54
RDR,94
LIV,216
SKQ,61
KQA,165
VAY,89
AYR,133
YRQ,63
RRP,74
RPP,42
PGR,80
EAY,96
PGD,50
DVF,95
VFY,51
FYL,62
HSR,43
EHE,50
TNG,61
EVK,135
LPI,142
PII,63
SAF,128
AFV,181
PTN,37
TNV,38
NVI,77
DGQ,115
GQI,118
QIF,48
IFL,94
ETD,125
LFN,83
FNA,90
PAI,96
SVS,210
TKV,45
YRE,88
EAT,98
TRK,81
RKQ,68
LEH,98
VVT,127
VTE,118
MKQ,49
KQK,77
QKQ,82
KQF,66
QFS,32
NTA,129
EMA,82
TLW,32
LWA,63
WAI,14
SYS,49
YSD,64
LSF,125
FVR,99
RTQ,56
TQH,20
QHP,31
PEV,138
EVL,233
NAS,83
SEK,129
KSF,73
SFK,73
FKS,64
KSS,69
SSY,51
MAG,119
AGN,164
NTF,45
VTT,62
GES,142
ESH,36
CII,25
DGC,26
GCP,24
CPP,20
IQF,24
RKP,87
PGT,64
RHV,33
HVT,25
VTQ,59
TQR,50
QRR,71
RRE,162
ILS,192
FEG,128
TTG,96
TPI,77
RNT,64
TDQ,27
QRS,38
RSK,67
KDY,60
DYG,84
YGN,72
RPG,95
YTY,41
TYW,10
YWH,10
WHK,9
HKY,15
YRG,70
RGG,160
RSS,79
SSA,153
SAR,139
KKW,31
TAY,114
IRF,79
GSE,105
SEH,51
HIS,54
QNP,51
PFF,53
AAN,234
ANQ,64
NQS,60
QSQ,42
SQI,67
HYM,6
HIE,70
NVP,64
RLD,183
YAM,33
AMM,34
MMG,34
MGI,72
GIN,114
KGV,162
RGS,64
GDE,122
TPQ,73
GFL,169
LSN,120
SNH,20
NHS,18
IST,105
GQD,65
DIC,26
ICV,24
CVN,13
PTS,57
TSS,100
TPR,68
RRS,99
DIH,48
HGN,41
RGR,128
RHD,34
HDP,22
DPC,7
PCV,16
CVG,26
API,95
LVL,342
VLI,234
IDH,29
RHR,58
HRA,57
AQN,134
RSD,81
MHT,20
HTS,30
KNT,100
RTK,68
TKI,72
QIK,98
IKN,90
PFD,73
EFR,47
FRA,90
RAD,155
DFL,131
LEC,29
ECA,33
CAG,53
RHT,41
HTQ,22
DKP,110
KPL,158
FTF,42
TFR,51
FRR,123
RRH,81
RHC,12
HCE,6
CEG,19
GSF,118
SFP,50
FPC,16
PCS,16
CSD,23
YYF,36
FEL,92
IES,123
LFS,156
GET,229
VRR,166
NAQ,79
AQK,165
QKN,50
LCN,17
CNH,7
NHE,26
HEF,31
EFH,30
FHR,31
RTP,56
PQE,64
QEE,70
IVC,35
VCR,50
KQM,43
MED,28
EDC,21
ICK,13
CKI,19
PQS,67
QSS,53
SSE,96
SED,91
SAT,122
ITM,25
TMS,29
MSM,18
MGQ,28
QVF,64
FGS,125
ITF,51
GTQ,69
TQN,49
PGQ,50
IGV,178
LDC,28
DCL,34
KNF,55
NFN,37
ILI,139
LMG,90
GRQ,113
QMA,56
YRF,79
FYD,39
YDS,40
DSD,70
SDH,24
DHE,23
HEI,46
PIP,67
TIF,48
IFE,62
FEM,14
EME,42
MEG,41
GEQ,83
GFR,98
LPH,78
HIV,57
KEE,95
EEN,74
VVY,84
ETL,298
TRC,25
RCD,18
CDN,16
DNS,51
KLR,119
ELY,88
RDP,35
PVY,76
DFT,68
NCR,15
CRE,38
VQT,133
MST,35
LSY,100
SYR,74
DQL,64
QLV,98
KRT,75
RTM,29
KKY,78
KYQ,34
YQN,50
FDW,25
DWD,29
WDK,35
DKH,30
KHD,25
HDT,31
VND,68
LVQ,120
AEP,118
FFL,76
FAC,29
PRA,71
TDV,88
DVI,103
QGC,14
CEE,13
CAL,47
EMP,62
GMY,25
MYP,11
YPV,69
YDL,94
EKE,121
ITG,169
LSI,128
LAS,253
ASN,78
SNG,87
HSN,18
NGY,85
AEF,133
EFD,81
APT,102
PTR,47
LYV,67
YVK,55
PIL,103
FTI,44
TIK,65
MAH,27
AHI,83
TEN,88
QID,73
ESW,23
SWE,15
WEL,26
PKL,102
LFQ,69
FQW,6
QWL,49
WLQ,30
QEM,41
YRT,57
RTF,68
FNC,6
NCG,11
CGI,46
GMV,83
MVV,53
VRS,114
RSF,80
SFL,114
CIR,16
IRE,142
RER,147
ERQ,84
RQG,101
EHQ,25
HQT,30
QTQ,50
RHQ,44
KGY,72
NVY,43
AKQ,155
VMK,51
GQY,47
QYA,69
RRQ,105
QRK,45
QFR,29
FRQ,67
QLW,25
LWI,31
WIV,20
REN,90
YSK,35
SKF,46
KFM,17
FMN,16
MNG,41
IDR,124
DRK,73
RKV,85
YPL,62
AHH,40
HHF,22
HFT,31
VYK,35
YKL,60
TDN,83
DNR,65
TKP,58
MGM,30
MDL,50
PNP,67
EYI,61
TRN,78
NPQ,68
PQP,61
QPG,55
QPR,39
FRV,55
HQG,34
GII,167
RMG,58
MGF,56
FNN,41
NNH,18
NHG,43
AMI,76
IEK,144
EKS,105
SKY,46
VTP,83
NAA,276
YLI,90
LIC,32
ICL,41
YAH,42
HAS,51
SYI,51
YIT,53
ISS,87
SSP,68
PNT,48
NTK,58
TKN,53
KNK,91
NKQ,32
QAQ,124
AHG,86
HGK,72
KYI,56
YIP,52
VKI,119
APD,116
EDI,119
VKS,107
EMD,27
ATN,58
TNT,64
TTI,57
LGS,206
GSH,45
SHP,36
SGF,153
GFP,79
FPV,56
VRE,190
NRV,92
HID,54
IME,31
QVY,38
VYS,67
LIY,72
KEC,16
CLK,41
EFA,146
LHK,59
HKL,66
TAK,201
IEV,127
FPE,106
PEM,47
MLD,85
LHP,73
KIH,46
EHV,50
AKM,77
KME,33
MEE,45
NID,76
LVC,48
VCV,38
LYP,57
YPF,23
PTM,15
TMV,21
MVR,45
AKN,127
NWK,21
WKH,11
KHV,35
IVT,93
DFP,63
FPA,64
ANN,75
KTR,101
FNL,87
KAF,117
SHT,39
HTA,89
QYD,40
YDG,65
DGM,72
MIS,35
SNY,33
YLT,80
LTS,90
FNQ,58
QSW,20
SWI,13
WIK,28
KVQ,42
QDM,19
DMR,43
MRY,41
NPH,41
PHQ,18
HQR,19
IDP,82
YNQ,33
NQL,62
QLQ,81
SYN,31
YNN,22
AAW,71
AWE,26
WEA,27
FDA,172
PAC,30
ACV,33
CVI,19
VKH,40
KHA,50
HAN,20
NPC,11
PCG,27
CGV,38
AYK,68
YAT,46
DTT,59
TTS,52
FNR,71
EVD,84
NQF,22
QFM,22
FME,23
MEV,33
MAP,15
NVR,99
PLK,113
DIN,60
VVS,195
VSK,112
SKR,66
RQP,59
PTE,66
EQE,84
QEW,22
EWN,19
WND,22
LFV,143
FVW,20
VWN,15
WNV,20
NVA,100
AKY,66
FGK,133
QTY,44
QMS,29
MSR,50
RVD,66
KAQ,135
GAC,41
ACA,76
DAF,113
FPF,46
IIH,41
HPA,56
SMR,32
MRD,45
DQE,18
QEV,71
IRH,56
HFR,27
MAI,46
VKM,43
KMK,30
GLH,75
HKG,33
YAP,59
RNN,59
NNN,32
NGH,35
GHI,72
TRH,34
RHK,47
GHK,35
HKH,21
KHH,22
HHY,12
HYR,32
VDF,81
DFK,70
FKR,85
KRN,63
RNK,62
SAK,165
YDP,41
AFI,123
LCY,11
CYA,21
RRY,79
RYI,60
YII,45
PRG,67
GIQ,62
TIH,40
IHC,10
HCI,13
IEM,43
KIN,98
VDC,17
TIG,96
NEE,61
NRW,26
RPT,54
VVM,69
VMN,39
VDH,26
DHP,28
HPH,19
PHG,27
SPW,24
PWG,19
WGT,19
NNK,48
NKR,53
RTD,93
DNM,25
MIV,52
RRR,177
RYS,69
YSN,24
SNK,47
IKM,24
YEQ,35
EQT,95
QTR,73
HNA,64
GFW,28
FWF,18
WFL,19
LAW,65
AWK,34
WKW,5
KWK,10
WKA,24
FKE,66
KFF,36
FFG,92
WLL,86
TFM,32
MNR,42
QFY,25
FYK,30
YKI,40
VVH,43
VHD,34
HDE,39
IPC,17
KFK,71
FKL,90
GHN,29
HNG,49
HPG,29
DRN,52
YVL,77
NKP,70
DDA,145
SLQ,95
KWE,11
WEE,22
FLH,45
RVC,23
VCK,23
CKV,16
KRP,58
RPM,33
PMS,28
SGN,148
GNN,62
NNV,70
NKT,79
KTK,100
TKR,54
KRR,131
FLP,124
QSR,68
RFW,25
FWV,25
WVR,26
IDV,101
DLR,144
PNI,65
NIH,46
PDN,73
DNY,36
RTV,131
FFD,54
EGW,42
GWL,63
WLI,41
RSC,12
GTH,53
MVW,10
VWT,24
WTD,15
YLL,137
SSS,83
SSH,26
GKQ,91
KQR,77
QRN,53
NVN,66
KFN,39
NQR,37
RFQ,65
FQS,48
MSS,44
SFR,75
FRK,59
RKD,76
QDF,62
FLK,120
LKF,83
QNV,62
TTK,42
TKA,107
YFF,32
FFN,53
FND,47
AST,104
KFY,32
FYA,66
FDM,37
DML,70
MLF,63
FGP,50
PAY,78
TAM,65
MML,44
VNV,100
FAY,67
YNR,34
NRK,77
TSV,95
SIK,71
RME,40
KLS,190
VQE,90
QYG,71
FIL,109
QNN,46
NNP,62
NPE,123
EFG,78
GQF,58
RTY,48
TYR,51
YRR,77
RQY,50
RDK,71
TGH,58
GHF,39
HFY,14
TMP,28
FDP,73
HVV,44
ETK,78
MKR,50
QPS,49
VTK,61
KRK,97
RTH,49
HGF,52
MPK,36
KKR,112
RFK,88
FKV,65
RAH,51
AFK,113
KRH,45
RHI,71
HIL,89
TKK,62
QLR,91
SMV,34
NDR,56
KML,84
EQK,80
IRV,96
SHR,33
RAC,28
CAR,17
REH,57
TSE,42
NRG,57
INK,71
ISY,51
SYL,104
MQI,27
TIR,98
RTW,13
TWR,14
MGN,40
ADN,138
IFV,88
FVN,63
LQF,41
EDF,76
DKY,51
KYP,57
PRT,46
LQQ,126
QQD,37
VVF,135
FAP,114
YPN,45
PNV,61
EQR,68
QRY,45
RYN,35
YNV,47
PPH,31
ELC,22
KFR,46
FRG,48
NIV,113
VAC,33
ACF,20
DYQ,53
YQQ,25
TED,84
LNF,91
NFD,51
IVP,98
SSR,79
RNR,111
RYL,135
LYR,140
ELQ,98
DYA,126
YAG,138
ADH,30
HLT,51
AGW,59
WLV,48
VDY,64
LEM,53
GDK,139
MFR,25
FRT,53
LNY,71
NYV,34
GIC,49
ICP,13
CPN,25
PNE,41
NEK,88
YTI,39
CLN,36
VQK,94
KGD,99
IIM,35
MSY,19
YIQ,29
QLS,88
SEP,71
HEP,24
PKV,66
DGN,122
SYE,52
YEP,41
PHT,46
NLK,134
KNR,107
NRH,50
HFL,42
QRM,23
RMK,42
MKG,46
TRT,69
DQG,37
YLE,98
SAS,165
HKE,22
KES,92
IKD,85
KDT,82
RMY,17
MYD,21
EYR,77
AQE,143
KYA,72
VFN,68
NEF,48
FHP,28
HPT,45
TQM,24
MRE,79
LNQ,108
NQT,55
ARY,113
YNM,12
GNS,94
MDV,48
DVR,108
APQ,92
WPS,13
PSE,259
SEG,129
FIH,34
WVS,26
PKE,81
EVW,37
VWQ,42
WQE,36
PQV,61
FMH,7
MHC,1
HCL,18
CLP,39
FHN,26
HNR,27
GEW,45
EWI,34
WIY,9
YET,59
TEE,126
DQA,64
QAE,178
MAS,67
VEC,21
HYI,24
YIS,58
LHD,63
HDH,23
HED,25
DLH,55
LHF,36
HFE,30
DLC,26
YKN,53
EAW,39
AWQ,38
WQG,34
SQL,84
SVK,154
NNQ,28
QRI,82
RVR,105
RVW,28
DDD,84
DDF,82
IYN,26
YNS,25
ADW,64
DWY,14
WYE,22
DLY,72
MFN,22
TDY,57
YGF,81
FVG,131
HPF,43
KDF,66
FPI,54
PIS,70
SGY,96
EMR,47
YDE,48
DEE,127
QKR,75
VIY,40
IYQ,41
VTI,74
EPR,46
PRE,62
REE,122
ENY,49
FTN,40
TNL,63
AFP,77
IRY,57
YTP,56
GIP,207
LKH,110
KHE,37
HES,37
SWQ,25
GQQ,49
QQC,8
QCL,20
CLV,19
EEW,26
EWQ,31
WQY,15
GDC,16
DCA,24
CAT,21
QKS,68
RSL,169
SLM,72
LMP,75
MPM,17
PML,67
QNI,104
EYK,46
MFK,26
RKM,44
KMT,27
TFD,79
DEW,29
ARM,71
QYV,36
EYT,47
RVQ,76
MPD,76
YIL,77
REF,64
EFY,38
VNP,95
NPN,95
TEH,51
NGR,122
VWD,34
WDL,29
RPD,111
HGS,45
SWF,20
TDM,36
DMP,64
RQW,27
QWD,11
IIV,113
SNP,69
NPP,55
PPY,46
YIE,67
NGD,93
FEP,67
EPQ,43
DFS,125
FSD,135
LSC,40
SCI,16
IRT,160
KYM,11
YMK,22
MKH,17
AQW,33
QWG,15
VDW,13
FQG,43
IPS,82
PSG,99
ILH,70
CFI,11
TCP,20
CPL,22
PYH,19
YHI,28
YED,49
AIR,150
PEK,133
AYY,47
YYN,25
QYL,82
LHN,47
DVM,49
EKN,83
NKN,46
LFE,122
FVT,105
SNC,12
PQM,26
SGP,39
GPF,19
PFP,51
DEV,146
RGH,30
RRC,15
RCG,42
CGW,13
GWF,37
KRS,69
GMC,12
MCI,8
CIT,21
ETI,117
TIN,61
NIC,16
GYE,81
KTD,124
LPC,31
CGS,56
ETC,24
TCK,13
PIY,44
PGW,19
GWR,44
EST,65
KSY,60
SYD,36
PAN,77
YLK,126
EVC,27
VCG,67
GPD,33
VLH,95
LHH,38
HHP,24
MFP,24
VFH,36
RRM,62
PHV,23
HVF,38
EDS,64
DSH,34
SHK,26
GSA,215
AMY,29
KVR,115
NQD,48
EIM,43
IML,51
NAW,20
WTA,28
CGL,56
NRD,51
AET,254
CKN,22
QVQ,49
DRT,67
KGH,36
DTE,94
SGD,121
GAW,49
ARW,25
RWL,54
RNW,22
NWI,16
WIT,20
MQD,29
QDK,84
NNL,85
LCW,4
CWL,6
DME,43
MEM,26
EMT,39
MTG,54
MII,33
SEV,88
EVY,56
VYA,136
YAI,60
NMD,29
WNT,14
HGR,48
QRV,80
HTE,38
DFM,21
WIP,16
TPM,24
PMC,7
MCG,16
CGN,27
SIH,50
HQD,32
QDR,44
RFM,29
FMV,41
VKY,47
YMP,16
NYF,38
YFH,23
FHY,14
YRN,59
RWN,7
WNP,12
PPI,37
MRH,27
RHY,41
EHF,35
MPN,30
NPL,117
RQH,35
QHI,36
REQ,90
HPR,39
GSC,37
SCF,22
CFF,6
SFE,72
VQR,67
ANT,86
NTS,71
YTD,56
QRH,24
PKD,71
EFS,69
FSR,102
GTN,59
TNQ,26
NQH,21
HPS,31
PSQ,42
TIY,36
LKY,77
SLC,39
LCQ,14
CQA,30
RWG,24
WGC,5
CEF,28
FVS,135
SPP,32
PPS,50
AMP,70
PDY,55
CRY,25
RYR,120
YRA,89
EWA,41
WAD,48
LYM,16
YMT,13
MTR,48
SML,68
DVD,95
APH,48
PHA,43
HAY,24
QAT,58
YAR,113
KQG,110
PNY,23
EVN,45
CSC,6
SCG,48
NKF,40
KFV,64
VCS,31
LCH,10
CHP,6
PFY,55
TQK,57
VDK,73
NLF,97
LFK,122
SNQ,30
VIF,81
QDS,39
TTC,10
TCL,17
CLI,40
AIT,100
FRY,29
WIA,49
LMR,85
MRQ,65
THN,30
VPN,62
TFV,61
AIF,81
KGQ,76
GVC,49
CET,27
PDC,23
CRG,22
VFV,127
KSM,29
SMN,25
MNV,46
AMD,48
MDY,27
YDF,59
DFQ,62
FQI,55
PLM,45
LMY,28
QTW,11
TWA,18
WAL,38
DEM,35
QTH,28
THT,41
HTC,8
TCY,12
CYK,5
GCR,43
REC,30
ECP,21
CPS,15
PSC,15
ESK,74
VGM,69
DMS,25
QVT,47
VTF,60
KAN,105
NKA,109
SMF,22
MFE,29
DVT,82
SKG,104
KGF,101
HNF,16
RTS,42
TSH,16
RSH,37
HRV,45
VPG,78
QDP,35
DPG,49
VFP,67
KRM,45
VNS,53
VRP,101
MTY,18
TYE,30
YEI,50
EGQ,77
QEP,20
DHK,13
ESF,64
SFH,35
FHT,32
FQM,7
QMH,7
MHP,14
VQH,19
IDF,81
FQA,67
VKL,169
CAE,37
DIK,104
RNE,59
SDF,84
FDF,69
HPP,17
SDM,33
KVM,46
QKD,35
HIR,67
SSK,71
MGL,102
LFC,47
FCL,31
CLR,32
VYE,65
QNG,107
DDS,50
DSR,104
SRY,81
RYQ,41
YQT,45
YAK,80
FTE,62
DKG,119
HVG,38
TFQ,45
FQP,29
EHK,36
HKM,14
KMH,13
MHS,15
HSE,36
EWF,20
WFE,21
VPS,94
SET,142
KAW,39
AWA,82
WAV,46
PGY,35
FNV,43
VTN,58
TNF,30
NFH,11
YRH,45
REY,60
RFF,75
FFS,62
FSY,40
SYG,68
NNE,49
QKT,76
KTQ,66
TQY,34
QYP,24
DNK,56
NKH,23
DND,43
YFV,51
FVC,27
VCP,29
CPE,23
FTS,66
CPM,6
PMT,27
PDF,107
MVE,60
KLY,97
FSF,77
FRN,53
DFH,24
DCV,26
IMK,20
MDP,12
PKY,33
AVH,88
FAN,76
ANY,45
TEF,71
FEH,31
EHD,35
TII,65
PDD,91
DDM,45
DMH,18
MHL,18
HLR,49
QMG,34
VIM,38
KPP,50
YKA,61
TNS,44
SDS,103
QVP,44
PQH,27
QHL,54
HLL,108
NRN,53
RPH,21
PHH,16
HFC,7
KRE,94
THR,32
HRQ,33
HKF,24
DSA,153
NAC,19
CGC,18
GMF,37
MFS,41
FSA,130
YAE,131
SKN,60
PAS,126
VPY,57
PYG,55
PMR,22
IGW,32
GWT,28
WTV,34
DHI,52
QFK,26
LHY,39
HYG,49
IIK,83
VCL,56
CLD,32
DDK,75
VVQ,72
VFR,75
FRC,9
RCP,11
PNC,17
NCA,20
FYV,42
KKH,40
LKC,17
KCH,5
CHY,3
HYC,8
YCE,13
CEK,16
KTY,64
TYN,36
DPF,34
NHD,20
KMG,52
NIF,57
SAQ,124
MDR,19
DYM,26
YMG,27
GMM,28
MMA,34
TVM,47
MNA,63
SMQ,20
MQQ,31
TYA,73
ARP,112
IQY,20
FFT,64
EMN,23
MNC,7
NCD,11
CDV,26
MLK,91
KDP,51
TRY,68
RYE,64
ALC,74
PRQ,41
RQV,104
HTH,23
KVN,76
RQE,77
QEN,73
DDE,91
INF,30
NFF,32
TFL,94
QGH,29
HHS,22
HSI,42
VNF,45
NFS,56
LNH,56
HDD,24
ILM,48
KTP,93
CLY,14
NYP,37
PYK,31
YKD,57
TIQ,34
IQP,50
RPN,49
DTC,11
TCR,34
CRS,26
QSM,24
IPF,97
ACK,35
CKL,33
QHK,22
GKD,161
FSP,66
SAI,125
EHN,41
HNN,24
GPS,43
KQT,71
TCH,8
CHI,17
HIN,40
NQQ,18
QQR,43
QVI,67
EKC,21
KCN,12
CNQ,6
NQM,20
QMT,26
TFK,60
NAT,74
FGR,114
MNK,40
QVV,78
QKP,52
NPM,18
ETN,35
KVK,114
FFK,61
MSL,78
SSM,40
RAN,81
YLR,84
TSF,44
DQM,20
LHQ,52
HQF,12
KDD,70
YNG,47
MQA,75
QAP,52
FIF,57
VTM,29
DPY,42
PFQ,29
FQH,15
QHG,36
TDD,74
GHY,33
HYE,32
STM,26
TMT,27
TRR,102
RNS,58
NSF,51
SFS,93
YEN,54
IHE,38
GYD,96
QMR,45
MRS,40
RSQ,51
TLF,155
SYV,39
IKT,103
ICR,44
CRM,8
KMP,71
MPA,82
DER,85
CNV,10
YEC,13
MLH,28
HDQ,12
VHA,52
NPK,92
PKH,41
KHT,36
ESY,53
SYK,42
YKS,43
HAG,90
DSE,98
KDM,21
DMD,38
VRY,75
ENN,67
PYL,78
KCA,17
YGS,69
SGH,55
ERH,38
HRY,25
YEV,42
NNY,15
PNH,27
HPW,3
PWF,20
WFF,11
ACQ,29
CQF,5
QFH,19
TSN,44
NPR,73
PRK,58
LNN,107
VNH,32
VFM,45
PWR,14
VSW,29
SWY,11
GSQ,71
EWM,18
WMG,14
GGW,72
WRQ,31
GLY,112
RED,62
EDP,40
LYD,82
VME,49
EWK,24
WKL,36
MPV,57
PVC,24
CRD,41
SHE,32
GYI,91
YIK,43
LQI,81
EFC,10
FCK,17
CKA,25
ATQ,88
GME,63
MES,47
SFT,67
PPA,97
EPD,60
RSM,34
ANK,91
NKL,89
SFN,45
FED,63
NLN,116
SPD,97
AMR,96
MRI,23
GPR,35
VQY,32
SFA,118
FAE,192
MWF,6
WFK,13
ISF,79
SFY,30
FYP,25
THC,27
HCQ,6
CQG,9
LDW,40
DWF,18
WFS,30
KKE,91
KEQ,99
FTR,83
SRT,85
NTR,71
LVN,121
NNA,70
QSP,45
PSS,60
TGW,32
GHC,9
SDC,21
DCE,15
CEL,24
TGD,108
KQD,54
QHV,17
HVK,30
VWR,34
TQD,44
ESN,39
GDD,99
QIL,116
VSY,75
GWQ,53
SKA,127
MKM,19
SQQ,31
GPE,39
SSG,142
QCQ,13
CQK,13
EHA,69
PDT,117
EIC,33
IDM,35
MGD,52
GDS,107
SHV,27
LMS,53
VFI,86
INQ,50
NQI,70
MKI,72
VMF,33
ETT,69
YSS,48
PPF,61
ISW,20
WEG,20
KND,62
NKS,52
AWY,19
WYS,9
YSY,33
MHI,17
IQK,65
LGY,136
YAF,64
LTH,74
SHH,19
HHA,38
FEF,38
NYT,38
YTV,87
FPK,49
AMF,36
MFA,65
DFN,52
FQN,54
QNQ,37
NQA,106
KYR,70
MFV,35
ISC,15
SCD,14
LKW,22
KKK,87
MNT,61
NEI,84
SQM,28
KVC,18
VCC,8
CCR,9
CRT,33
NIT,82
LMN,55
NFA,64
TYH,18
YHF,21
YNI,40
CAN,24
EQF,59
QFE,52
LRM,50
RMQ,23
EFW,16
FWY,14
WYF,14
PWA,19
WAS,25
ENC,22
AVW,71
QQW,11
QWA,20
WAA,76
HDR,29
FHH,17
HHL,42
HLK,62
KSE,100
TFS,61
NYQ,23
LQR,125
PSD,94
MMF,20
QAN,70
NSE,46
EHC,10
HCR,13
CRH,15
HKI,40
IFN,42
DFI,86
KQP,84
QPK,42
SLF,135
DTH,33
NSS,57
ENQ,74
NQG,61
QGY,65
RFH,24
HEE,44
EED,82
MKV,28
HNH,10
SNL,87
QPW,7
PWE,11
WEQ,23
EQD,75
QDY,46
DIM,33
MIE,54
EGP,35
GYF,66
TFE,56
GYH,17
YHK,12
HKP,32
AQQ,111
QQT,59
HKD,28
MLI,56
MDT,49
FNS,35
SVQ,89
DRC,25
RCW,4
CWQ,5
DQN,32
NPI,66
IHD,29
HDV,35
DVG,93
NAF,97
QIW,19
IWC,2
WCN,6
CNE,2
ESQ,37
ERY,83
RYV,63
DTF,53
AIC,21
ICE,21
CER,17
DGH,39
FSN,41
SNN,43
PKT,89
FHA,53
NFL,71
ITI,81
DRS,69
CAV,73
TMM,20
RMC,9
MCV,12
ANW,25
NWM,5
WMA,13
KAC,26
SMK,30
TVW,59
WQD,17
PLS,162
VKD,115
NNM,23
NMS,16
IQQ,39
AYH,46
YHD,20
MAF,56
ARC,29
CLM,19
KFL,79
PIH,24
IHL,46
GDP,59
LYN,43
NHA,40
KIL,238
DNE,64
SFF,59
FGY,64
ETS,75
ERS,61
KPK,123
DLM,60
RFR,83
FKM,24
GWA,50
WAK,44
DQF,36
VCN,27
CNG,18
NGC,20
GCQ,19
MVS,55
EII,127
IIP,76
ETW,22
TWP,9
WPK,14
LNM,38
NMV,29
VHV,41
HVP,31
NEM,22
EMQ,32
GQN,76
TNA,76
TIM,21
IMM,18
MMP,22
MPH,18
WTE,21
SGW,42
GWY,21
WYR,14
MPY,18
PYQ,28
LME,65
DAC,24
NEQ,59
EPG,60
MPT,34
IWQ,16
WQQ,30
QQS,41
QSK,56
SKV,67
GEH,57
QEC,6
ECG,37
QDW,19
DWV,39
TQS,66
DPI,43
IRI,80
PSW,19
SWH,10
WHE,27
RLC,50
YGC,17
DNA,132
QFF,28
PDS,112
ART,122
SQW,10
QWF,14
WAR,27
QQK,56
RAM,64
RIW,23
IWI,17
WIR,27
FPD,80
IQV,50
EYY,39
YYI,21
VLY,88
YEM,28
PHE,28
REW,35
WFV,30
KHK,33
PEY,60
HVD,30
KYF,42
FRH,37
RHS,55
QDQ,15
QFP,42
MIK,37
KVY,40
QQP,30
YPH,28
GWP,19
WPI,9
SMC,6
MCC,4
CCG,15
GWW,9
WWS,6
WSL,24
PFW,23
WVF,18
IPQ,70
PQN,41
PYR,52
NVF,55
NVH,28
HSQ,10
SQK,47
DCT,15
ERN,68
ILC,33
CYT,7
YTQ,37
FIR,65
VDM,35
DMY,10
YLP,108
QDV,83
MYA,25
QYK,29
YKV,46
LMI,58
FIE,75
VAH,63
IFK,64
KMR,35
MRR,66
KHY,39
HYQ,27
YQK,44
RQN,77
QNF,37
NFT,41
TQI,65
MFL,36
GFH,39
FHK,20
HKV,29
QMP,37
MIQ,33
QMQ,28
ILD,149
VMC,8
CIK,17
YAS,71
DNN,33
TER,95
FMK,15
HIM,19
AHD,43
VEH,46
THQ,24
QAW,33
PRS,47
SFI,74
FIY,28
LRP,127
RPW,17
PWI,15
WIE,21
VHN,30
GCL,52
EDY,47
QLI,79
LIH,57
PYV,40
EEY,58
YPE,71
PFT,54
FTW,15
TWL,41
KPQ,71
HAE,63
EEE,104
WQS,27
LRY,90
KHG,64
QQG,63
FKH,19
HAW,11
AWD,29
NWE,22
WED,11
NTQ,43
CAM,11
PDP,46
IIY,29
YES,46
EMM,30
VVP,114
HIY,29
IYI,41
SVC,31
CNS,14
NSM,16
VHE,40
THH,17
YFT,31
TTH,30
CEM,7
RGP,30
GPM,34
PMG,29
TSY,26
YKY,18
YIV,51
VRN,105
YPS,39
TMH,9
EDR,52
DVC,24
VCI,24
QEK,80
QSH,26
AHF,39
HNV,40
GHS,67
PQQ,55
CQI,17
KYH,25
VWM,19
WMV,8
MVD,45
RMM,24
MEQ,31
VVC,34
CSA,28
DFV,92
NND,36
DDQ,24
MTP,20
NHM,7
HMR,11
MRT,27
WPV,10
LAC,56
ACC,8
CCA,7
MMH,9
IIF,56
NKM,28
KMA,60
YDQ,26
PRW,19
WVL,44
GGY,129
YYH,10
YHY,13
HYS,18
PPT,47
STI,75
VYQ,53
YQS,44
FNK,46
QTN,37
PIE,60
TAC,54
ACH,13
CHE,7
HEL,61
INE,64
TKT,73
MKF,32
SVW,38
VWA,53
WAE,54
NTN,27
DRY,56
YHG,29
IHF,30
HFK,28
PKQ,44
PGE,73
ENH,35
HSF,33
HRF,33
RKY,58
KYD,29
KPR,60
VGW,27
GWD,25
WDY,11
DYP,60
PEP,86
FQF,24
VHQ,23
HQI,32
NQY,25
DMN,18
FKG,89
KYC,12
YCL,23
IVM,42
DWR,30
ENK,92
LCD,32
TAH,81
STK,50
KVD,72
HDL,46
KIM,51
EMI,29
WNG,19
NGP,18
FVA,124
PNK,34
SKI,107
QYN,16
YNT,31
VWI,25
WIF,23
QQH,18
QHD,19
KNH,30
FKT,99
PVQ,66
NDT,48
GNW,24
FQV,44
KQN,55
NAP,109
GKM,60
VPW,10
PWD,13
WDQ,2
FLQ,76
LYS,64
NFQ,32
FQL,44
EEF,74
VMI,52
FGW,23
GWG,31
WGV,47
DKW,17
INL,94
AIS,117
QCA,18
LCI,32
CIS,20
YEE,55
NGN,106
KVP,77
TCF,16
GFC,27
FCV,15
CVF,16
VTY,45
YPK,44
QHY,19
YSA,84
MYG,27
FTK,43
DKR,73
HWG,10
NFY,24
RKF,65
LYF,82
QIY,36
IYL,76
RAY,87
IYF,32
YNP,29
EKM,65
KMI,35
MIT,41
QRD,42
DQS,41
YEK,60
EKY,85
TDH,22
DHQ,15
NYI,39
SQY,32
DKM,43
MVP,19
RWA,19
FHS,29
FVY,33
GPN,39
WTP,9
GRY,100
QQY,33
HVI,38
YDR,39
PRN,43
YIM,19
IMY,3
MYK,16
IMQ,34
NDN,38
AWF,24
FNP,69
PVW,26
WVD,13
YMR,14
YYM,11
MVT,44
DSK,78
HNI,33
ERW,19
EPT,75
TNY,19
NYH,14
YHS,18
FFW,19
FWP,10
WPE,21
DEY,50
IPN,69
PHW,9
WGG,51
FWQ,24
GWI,41
LYK,62
YKF,24
FTM,24
PQT,87
THS,48
SLY,77
YEF,26
RCR,44
CRN,21
VYP,53
THD,39
IKS,91
MFF,23
RLE,192
RYK,51
FQK,50
SWV,14
WVH,13
HEY,23
FLR,95
HDS,28
YVW,15
TKM,16
LTF,95
RSW,21
SWA,21
HQY,9
YFK,54
NDM,19
ECN,8
TNN,35
NNS,49
NRR,90
RSN,48
LDH,40
RNY,37
NYM,11
WFR,7
PQD,72
LMF,52
TGC,27
NHF,26
HFD,36
NTP,85
HVH,19
LSW,36
WAT,25
TPF,45
QEY,36
PGP,24
PHN,26
CRP,19
EAC,49
CPQ,18
VCT,21
CTR,16
HSV,45
RYH,34
YHT,19
FQR,39
PHF,28
KDH,18
DHH,8
SQR,43
TQP,47
YLY,54
CKG,19
QTT,49
NNR,54
RCT,16
IIC,16
ICT,24
CTD,18
NGM,34
MEN,49
WIH,9
HGW,12
GWK,34
WKR,13
RNG,118
NGW,29
DLW,31
LWQ,51
GQH,27
HQV,37
SWT,20
WTW,7
TWV,16
WVK,42
TTQ,36
NEY,48
YDI,36
LQM,28
QMI,27
HLN,68
CIA,37
KFP,41
FPL,78
EIN,102
YPC,9
PCQ,12
RPR,61
GVH,52
VHF,24
YIF,31
LPM,55
PMF,22
MFQ,22
FQE,42
HRW,9
YKT,33
NMK,23
DTN,36
LYC,29
YCR,29
KNQ,53
EPY,37
IPP,55
QAY,62
NSN,41
SNF,37
FIV,89
YSP,38
SPT,64
LYY,41
YYL,53
MQV,31
DCQ,16
ANM,45
KEF,69
MNS,29
NSK,51
QVC,19
VCH,15
CHC,6
HCA,15
RCN,6
CNT,15
TFC,12
FCE,18
LMV,73
NCH,8
CHD,4
HDG,38
FKN,68
RNM,30
YVR,69
HTT,33
LCV,30
GSN,89
GFQ,60
FQY,24
QYH,10
NYD,27
MRW,11
RWM,7
WMH,2
MHQ,6
MMS,27
QES,59
RKW,32
FIP,56
VGC,37
ECT,13
CTF,14
FCS,18
CST,18
LWW,8
WWA,12
WAN,29
VMM,36
EPM,25
ANF,53
DHG,35
VPQ,66
QMD,17
NDE,66
RNQ,29
CQR,15
FEY,34
YVM,15
NDK,77
VPC,22
PCK,6
CKF,5
PFN,24
CGQ,38
QKW,19
KWQ,25
TMQ,22
HSA,73
QSF,52
KFC,6
FCR,35
CRF,33
IQE,64
DYK,30
YKQ,31
QRQ,63
GPY,20
WSR,14
RST,55
THV,23
SWS,18
WSY,8
INY,31
CAK,25
DYE,51
CLC,6
TCE,9
KCG,29
HIW,8
IWF,19
NMT,20
LEW,33
WMI,8
MIM,20
IMD,24
PPD,47
HQC,6
KKM,32
IFH,24
EHP,53
MLN,60
EPI,55
SQD,40
EVH,39
VHR,48
HTK,31
EWV,35
HLM,34
MYT,12
MEI,42
EDQ,30
DQY,19
DIW,16
MMD,15
MDN,30
IYM,8
YMM,8
IKQ,65
NFR,37
MID,37
ITC,14
CKT,24
LCA,63
CAH,13
AHC,16
HCY,6
CYG,17
TFH,30
SCE,20
CEV,14
VIH,38
ATW,20
TWD,18
WDP,4
DPH,29
HTR,35
TRP,76
NME,22
QTD,74
KHI,70
MGK,72
YHR,16
EQM,43
EFK,66
YLN,93
MEP,17
YNF,24
DMQ,28
ITY,33
FDY,47
DDN,45
NIQ,59
YQI,49
QIM,22
IMN,16
DYW,9
YWV,12
AHQ,39
HEH,20
LMH,33
MHH,3
KDQ,33
HYV,16
DEF,69
RRW,22
RWS,11
WSE,22
QNY,36
YTK,33
EFQ,32
YNL,53
NRP,85
EEC,16
ECH,6
CHK,5
HKR,26
TNM,18
KHQ,30
WQA,57
MRK,38
MQE,31
TYM,12
MPP,46
EQW,18
IQS,65
SWL,54
KTE,131
NVM,37
QWR,21
RSY,41
TMF,27
LWN,23
KFH,21
PCP,20
CPC,12
KQC,12
QCH,5
FSV,99
SEM,45
EMF,22
TQF,39
QFN,26
FNM,23
NWS,19
WDV,15
FVH,32
CDM,9
PND,48
YRS,68
MYN,6
AIY,62
YMS,9
FRW,8
GFY,59
SKM,29
KMN,23
GYK,77
FMR,24
MFD,26
WEK,24
AWR,41
PVP,84
VPH,40
KRD,57
KHR,40
PAM,50
FWS,12
CQS,13
TDW,25
DWI,26
VFQ,56
PYC,8
YCT,9
CTE,17
ACR,55
CRR,46
MPW,12
MEW,6
EWG,25
WGF,21
FWH,12
WHS,8
KYS,64
SKH,35
QNW,19
WES,21
PSF,67
PPP,63
PPN,26
LHM,24
HMG,14
RYY,40
YRM,17
KGC,18
GCN,12
AWI,26
VWE,29
WEW,5
WKE,22
QQM,25
GCS,29
DWT,19
WTR,18
VNW,13
NWD,12
ESM,37
SMW,5
MWH,5
WHI,25
RYP,52
YTH,19
CVK,17
PAH,48
HDF,21
FNF,32
TSQ,32
NWV,16
WVN,21
QWM,3
WMN,12
MNN,22
DWC,13
WCI,6
WWG,2
WGH,6
PAW,22
WYD,15
DTW,18
TWF,13
LGW,44
RMI,31
THF,27
YIH,29
RDH,20
RTT,39
LFP,85
PSM,22
NFC,7
CNK,11
KIW,19
IWN,13
WNA,29
DMW,7
MWI,6
WII,22
YSF,30
DYC,23
YCD,8
CDW,6
WYL,15
MCD,9
QPN,27
KYL,81
PMM,21
FSW,20
WAF,19
RHH,28
HHK,12
MKW,11
KWV,24
YDN,28
YYC,7
YCY,1
CYC,2
YCS,14
CSK,15
WRP,11
VQP,45
TKW,13
KWT,15
VTH,47
DHV,26
WAH,8
LYW,19
YWI,9
YFY,31
YKK,53
KHW,15
HWD,13
WDD,25
EDW,19
DWN,19
PFC,19
FCD,10
FPP,58
SIC,16
YIY,23
CNL,15
FDD,81
VEW,21
FHW,5
HWA,13
WAG,42
YFD,67
YDY,39
TRM,23
DMA,68
INM,19
HHH,18
HNT,24
KWC,2
YPM,12
PMY,14
YDW,11
QYE,31
EKH,59
DDP,65
IKC,13
KCS,6
CSI,18
DHD,16
IHW,7
HWV,13
SRW,19
RWQ,29
WQF,24
QDH,14
DSW,12
WQP,28
IWL,43
IFQ,35
ACD,18
HIQ,35
YQD,34
DWE,33
QKE,80
THM,10
HYT,24
KFA,83
SPC,21
PCF,11
CFR,10
MVQ,33
WVP,5
QNT,64
SSC,27
SCS,26
CSN,12
NCE,13
CED,15
FKD,78
NHQ,15
HQN,21
PYM,13
DCS,17
CSV,29
CDP,11
HSC,9
MVI,40
FYY,20
YYD,37
IYH,26
YHH,10
HHQ,13
HQE,34
DMC,7
MCR,13
AYW,27
YWR,21
HRK,36
MVF,41
VFW,22
WHP,4
KGW,33
TFW,12
FWE,9
GHW,5
WDN,19
NMF,14
KPM,29
PMN,14
NCP,9
CPG,22
HVQ,20
SCH,15
CHR,8
HIF,32
IFC,26
EYH,17
YHV,23
WQC,4
PLW,33
VQM,26
FPY,22
THW,6
HWI,12
HKK,34
PTK,53
MHV,14
NHV,30
GDW,28
YVV,61
WKQ,17
QFV,57
KYN,41
YND,17
FLY,61
ACL,58
QLF,60
YVF,43
WDA,23
YLQ,75
PHY,21
HYL,55
FYE,41
CPI,14
NFE,41
HFQ,18
MMM,14
MQY,22
VSC,36
CEQ,11
MGP,20
KWN,16
WNK,15
GYW,25
YWA,19
YPQ,33
CVE,21
HVL,42
GPP,19
QTS,42
HMV,14
PDQ,42
TMI,33
IHK,28
FRF,48
TKH,40
SPM,29
MND,32
CGD,25
HYF,17
GQC,18
HNC,4
NCT,9
MKK,103
YSH,21
FKY,28
QTF,44
FYN,23
YNE,28
SKW,18
KWA,35
IQH,15
NMP,39
CLT,30
DWA,43
MQK,29
HDC,7
DCI,11
DSY,38
CSS,17
VFC,30
CNA,21
EDN,44
FMA,37
FHG,45
PAP,140
PIC,22
ICF,15
SMS,30
MMC,4
YDC,9
SYC,5
YCH,7
HLY,28
HHT,11
SYY,34
VCY,14
CYI,6
NFP,38
DPD,74
HGM,26
DGP,42
CIF,12
VYY,36
YYV,23
QQN,45
QNK,47
HHI,16
EYN,12
HQL,32
KHS,28
MTS,24
WRK,25
KMY,13
VAW,31
AWH,12
WHV,8
RPQ,49
PQY,38
KQH,23
HLE,50
MNY,19
NYS,26
IFP,54
SHN,32
YYT,29
PEC,22
ECQ,8
CQL,13
VYM,25
KTH,51
HSS,20
IFY,27
NSW,7
NLM,44
DQT,34
PTH,25
THY,22
SVY,62
RTN,44
QYM,10
NMQ,14
PCL,32
RVH,53
AFM,34
FMP,41
PWN,9
YNY,18
NYE,29
TGM,56
PMK,18
TEY,52
HDW,5
EDM,31
YMA,32
RMN,17
VMH,24
MHY,11
MYE,21
EYW,20
YWG,27
WGS,21
PMP,33
NDH,17
FWG,21
WGK,18
HSW,9
NNW,9
EWR,25
IWY,8
DCD,18
DGW,36
WRW,9
RWH,12
WHQ,6
QYW,6
WAP,11
DHT,29
EFN,38
QTE,103
DKQ,78
YVH,17
HMA,13
WSQ,5
PME,21
YLC,22
SQH,19
YQE,43
EYM,24
KSW,18
HVC,6
VCF,22
CFV,19
YGW,24
WQK,28
WTH,6
PTF,38
PEW,36
CPV,28
YHQ,19
LWS,19
YML,19
ESC,25
SCY,10
NEW,15
PDH,39
TSC,16
SCN,14
CNR,14
PPM,15
YEY,34
RCS,14
HFP,24
EYQ,39
SNW,10
WSV,22
CEN,16
FYC,11
YCG,17
KYT,36
EWE,29
WEV,11
RMR,34
IWH,14
MFY,21
IRC,23
CDR,14
VNC,12
NHW,9
WYA,21
WAC,11
GNF,83
RYF,56
QWN,11
WNI,17
WIG,23
DPP,25
PPR,52
CNP,11
CLS,46
YFQ,29
YQV,37
AWG,35
WGA,37
KCR,25
EFM,26
SHM,15
HMT,8
LWD,27
WDS,22
HGP,18
DPW,11
PWH,8
SHC,6
CLH,17
AMH,21
QGP,16
YAN,48
AYC,18
CSH,8
SHY,13
YFG,83
QSC,15
CAI,22
EEP,61
EPF,54
CVD,14
CMQ,4
RMS,25
LFY,74
HVM,14
DPT,40
QMM,16
MCE,8
GFM,43
FMF,12
NHH,15
KIC,29
IIQ,48
AFC,36
CRQ,23
DRP,51
YHP,17
WTL,36
EYS,36
PWV,10
KNY,45
FWA,17
VYH,24
MTC,7
FRM,17
FQC,4
QCV,9
YPY,28
YLM,30
HSH,20
IMV,41
MVC,16
CSR,9
CTK,9
HHR,15
PCN,5
TCG,22
FNH,24
TNH,28
TKY,26
HNP,38
MMQ,14
MQM,17
KLW,43
YSE,51
CGF,38
FQQ,27
GWV,33
WFG,39
DQW,9
WGN,18
TSP,54
YQF,22
QFW,9
FWL,42
KWD,20
KYY,29
HVR,35
MGW,15
WTY,7
IDW,35
WER,19
ATC,24
YRW,12
RWE,11
WLF,43
RGW,23
WRS,18
IPM,39
MYY,8
HWP,5
TYV,36
ECK,19
WGY,18
EWY,9
WGI,33
RYW,23
VHC,9
SCP,26
PCC,8
SSW,17
KYW,13
TYY,22
KDW,28
INP,84
LFM,45
FMM,12
EWS,11
WSD,14
WRT,17
HIC,13
WPT,6
QVN,29
NRQ,61
GIW,43
RPF,52
DCP,18
CPH,9
GNH,34
WRL,23
EPW,10
WFA,43
YVQ,33
HYY,17
YYQ,16
QFQ,22
DDW,23
WEN,21
WGL,34
GWE,29
QFT,24
CTP,15
NEC,12
MFH,14
FHQ,27
GLW,42
LWV,38
CGM,6
FAM,44
RWT,11
YTF,21
ASC,41
SCL,29
LWY,19
WYM,7
ICN,15
HYA,43
EWT,9
WTT,12
QHS,29
QWK,8
WKN,28
ASH,42
YTW,12
TWM,6
WMP,7
WEF,12
DFC,17
FCM,5
CMG,8
NSY,27
GDH,27
WVI,24
MGC,15
IIW,15
IWT,9
WTK,5
HRI,45
FPM,19
WDC,2
DCH,7
NPY,50
MDF,30
QFC,8
VIW,17
TPW,17
PWT,14
MNH,17
NKY,39
LQW,15
QWP,7
HCW,3
CWR,4
WRH,9
GQW,26
PPW,2
PDW,33
VHK,36
CEH,14
VWF,29
STH,25
QHR,31
WFQ,12
FLF,73
YYP,28
FHF,20
CSE,20
LYH,20
LCF,20
CFT,13
HTW,9
TWH,11
KCE,12
CWH,1
WHY,7
CKR,14
KRC,15
IEC,17
CTA,37
QGW,21
WVT,17
GCD,24
CDS,13
KWF,32
IHV,31
WVY,12
QMF,23
NYN,18
FKF,35
HKS,15
SMH,8
YYA,45
ICH,13
CHL,14
IYY,24
AWP,5
WPP,3
KCK,6
SKC,7
FMQ,18
PYN,24
YYY,12
YYG,39
MHF,10
HFM,7
FDH,24
MRM,14
QHE,24
QPP,31
YQY,21
GHM,12
HEC,9
ECY,9
CYY,8
YCC,4
NYY,14
YYS,26
GEC,22
CPK,15
CHA,13
DNC,10
HFF,30
FFF,38
WTS,9
KEW,16
SDW,30
GYM,24
TEM,31
MYH,11
LFW,16
WMR,9
ITW,10
TWK,21
KYE,28
LNC,17
KDC,17
CFP,9
HIH,22
HHG,27
NYC,6
IWR,34
IWD,13
CRW,5
WVC,9
WLT,31
WNL,10
PIW,14
IWP,11
NCC,2
LRC,21
RCK,11
RCV,17
DHW,2
HWR,11
LPW,27
PWS,7
QND,41
NYA,60
DMF,24
WYY,5
HLW,8
LRW,16
FDC,10
CVM,5
SCT,17
CTC,5
YAC,18
DWQ,33
HEN,34
VWS,19
LTW,24
AKW,25
WCL,8
HRE,33
QHC,7
HCF,4
CFE,10
MLC,22
CYV,7
WPG,6
WRD,22
IAH,66
CSM,9
CGP,13
CIH,6
LWT,32
FKK,60
HEQ,26
IYW,12
WHT,22
QKF,41
QKC,13
KCV,12
CVR,19
HND,18
NFW,26
WQM,7
GPC,9
EIW,23
DRW,28
RWI,15
WNC,1
NCV,12
MQH,22
FSM,25
FFH,20
MHK,12
WAQ,23
WLC,10
MGT,31
YFC,10
SYH,19
DMT,23
YCI,9
CID,21
PYY,23
TRW,11
WLP,49
WAW,14
AWS,30
WSA,22
CQV,14
CKH,4
MIF,36
WSK,10
YWK,12
MQW,4
FIM,17
IMW,8
MWK,14
WKP,24
FWC,1
WCG,14
YMW,5
MWV,6
FMG,28
NWF,12
KMF,27
PCT,12
TCA,17
DFF,57
DHS,15
EHH,26
STW,12
TWI,12
WIL,18
VHW,11
HWF,9
NWG,20
WGW,7
APW,18
KMM,19
MMK,29
QWH,11
KQW,16
MFT,25
YFW,16
FWK,15
WHD,10
HGC,13
MLW,17
INW,6
SAW,41
QYC,15
YCA,28
CAW,8
PHM,12
HMM,8
IYT,60
NHK,14
HKQ,9
NWH,6
WHC,7
CAY,13
PCR,27
YQM,17
LWF,28
SIW,16
YQW,4
SWP,8
AWN,24
PPC,23
PCH,9
SCQ,17
IWS,10
WSM,9
CQE,11
IVW,29
CWP,2
VTW,17
TWG,16
WLS,43
VKC,12
KCI,7
CIG,35
CSY,9
GCW,7
CWS,1
WSF,11
FMY,14
DWK,29
IWA,25
KWP,14
FLM,52
FLC,21
WLM,20
PQF,30
WAY,17
YWT,10
WVW,5
VYW,10
CFN,8
PRC,14
RCH,5
HGH,37
IWM,9
WMM,7
LCK,21
ACY,14
CYM,2
MMY,8
MYS,20
WTC,3
TCN,8
GCF,24
CFD,21
FCI,24
WRI,38
HWS,7
WSS,18
YTN,28
WKS,19
SHW,10
DMK,36
TIC,19
CVT,14
KWS,13
WSH,5
IKW,14
WPN,4
WFN,12
CVV,24
CTN,10
FHM,5
SWC,5
PSY,41
SYQ,30
IPW,13
SWM,6
WMQ,5
FFQ,32
VYF,51
CQD,13
AHV,49
WME,5
GWS,18
VWY,13
WLW,18
WRM,10
QNC,6
KLC,15
FYF,36
DHN,7
WTM,6
IHY,30
DWH,18
MFC,8
CEP,17
PKW,20
GRC,25
WKV,17
QDN,25
DWS,21
CAQ,13
NCF,5
CFA,18
ACE,31
QWS,7
WSC,4
CSG,25
EPH,32
NKW,10
WDG,32
KWI,30
DCC,3
CCI,6
CVQ,11
QKH,25
WFT,16
VWP,10
SAH,53
YME,15
SYW,8
YWS,11
VYC,15
YKH,15
MDD,33
YSM,19
PRH,27
VHY,27
GWM,18
MVM,19
NTM,23
PLC,32
HDM,13
QWI,12
ACN,15
CNM,3
YMH,7
SFM,21
HFH,20
LTC,18
SWG,22
NSC,14
SMP,23
EPC,15
HMQ,9
HNQ,15
HWL,12
ECR,31
LHC,12
SRC,11
TCI,18
TEC,14
KKC,15
YCP,11
NHN,18
CFM,6
MWD,10
WFY,14
YPW,13
WQH,18
MMV,24
LCM,12
CMD,4
YWL,27
NPW,13
HSM,19
WYT,5
TWT,17
WMY,4
KFW,12
WPF,2
DHM,4
VMW,6
YIW,10
SWK,20
HYN,17
FEC,14
MFI,20
QHF,14
HAM,16
CDC,4
CKE,17
WVQ,11
HHW,10
LIW,40
CES,16
KSC,24
AWW,9
MQS,32
WRA,36
LWH,23
WHA,9
MPI,32
CEY,8
EYP,29
NTH,23
HEK,27
CDK,13
HNM,5
MLY,32
YYE,23
MTM,9
CIC,4
IWK,12
CMV,4
SHI,35
MMI,13
FKW,11
HCN,7
WDM,6
SYM,14
WRR,26
PCA,19
CKY,5
HVY,13
ICY,9
TSW,13
FMT,20
CIM,9
ECE,22
ACS,39
WCQ,3
VKW,40
KWM,4
WML,16
HEW,13
WGP,5
CYH,3
MEC,8
YVY,31
RCE,10
CVP,14
STC,25
CYQ,9
KNC,8
CTY,6
MYV,16
DQC,4
QCE,8
CKK,17
PQC,15
WNR,13
CQT,14
MCA,12
PNW,9
NWR,23
FCQ,11
SAC,45
WHG,18
NKC,6
MTW,7
WET,22
HME,8
CDG,17
AMW,12
MWA,13
WNH,3
TMC,7
MCT,6
NMH,6
HFV,25
WDW,9
WYI,8
FMC,8
WSP,6
WYN,4
NNF,39
NCQ,8
CQH,2
TPC,12
AIW,16
NWT,14
WTG,28
QSN,33
WTF,6
GNC,15
VWW,6
WDF,13
DSC,11
SCC,11
ECD,9
MMN,17
FMI,22
NSH,23
AKC,23
TNC,9
NCM,4
LIM,55
ACT,34
CTI,11
CPA,21
WQI,21
NQP,33
QPC,9
RYC,8
YCQ,8
IMC,13
ICM,10
CMA,21
RPC,7
CHS,12
PNF,24
CQY,3
CQP,8
YCV,9
IRW,13
AWM,10
CHT,12
CFY,8
NTC,15
HMI,6
SCK,15
SMM,20
WFH,7
HHD,22
LHW,10
HHV,13
WEI,19
TWQ,11
GMW,13
WQV,26
YTM,10
YSC,7
YQC,8
QCP,8
QVH,23
YSW,8
TQC,13
DWM,13
PMH,10
QWE,10
KFQ,24
WWK,12
WKI,16
FTC,14
YVC,7
GWH,18
ECS,17
CGH,16
NWA,18
TTW,8
YHN,22
HNK,14
CYR,7
FPW,6
SCR,22
TEW,15
NCS,4
RKC,6
RMF,27
NNC,3
VQC,9
WMD,14
CAP,14
CDD,12
RWP,3
WPD,8
EWH,11
WHL,15
YYW,6
EDH,17
AWC,8
WCD,4
MAW,9
CHQ,2
YCF,5
CFH,8
MCY,5
WIS,15
GWC,8
KCP,18
TCQ,9
VWK,22
QRC,9
CVH,8
SCV,18
CTS,9
WEM,4
CSP,19
FCY,15
CYL,17
WWD,6
WRF,23
AYM,18
YMN,12
MYF,13
CCL,7
NRC,22
RCF,21
ASW,23
HTN,18
FFM,19
PMD,18
RWD,13
KCL,19
YEW,8
RNC,13
DNW,14
WIM,4
YFM,12
MWG,12
WGQ,11
CLF,34
HPM,10
WTI,10
ICS,26
NCI,13
WYQ,5
CRV,19
WEC,3
NLW,17
YMC,4
HMW,5
MWP,4
FLW,22
WIQ,10
WST,5
CKQ,9
HMC,2
CYS,8
MNW,5
DKC,8
MWM,6
VMY,17
WCA,6
SWN,10
WNW,6
FWM,9
WMF,8
YWY,10
YLW,15
RCI,18
TKC,7
WLY,26
MSC,11
SCW,3
TWY,10
NVW,11
VWH,15
WHH,4
PWQ,8
FCH,9
PCE,10
NCK,13
DFW,18
KWR,23
WHN,10
RWW,7
WWQ,6
TQW,12
QWY,6
WYV,15
ACI,44
HFN,14
CVY,12
FYW,14
YWQ,14
WQN,24
DCY,4
CYD,9
EYC,15
FKC,4
KCF,7
CFL,16
WDH,2
WMT,6
GTW,25
MNM,5
GPW,4
WYK,9
FWI,12
WNN,12
DHC,9
QHN,13
IHM,10
HMD,8
QCF,6
CDQ,4
FCP,22
CPW,1
PWM,4
WWL,9
MHN,6
NHR,30
NQC,9
ECC,5
WYP,8
WID,20
GWN,25
IYC,7
FCF,17
CWG,3
YQH,12
HCH,9
CHN,10
NCY,5
QCS,7
KCY,3
VRW,20
RWY,6
WAM,11
WNS,8
MCL,15
HMY,3
WRY,18
CQQ,9
MSW,4
KHM,7
SMY,11
KMW,6
MWN,3
QYY,25
HMF,4
SFW,15
QVW,16
CVW,8
HLC,9
YCN,8
KWY,14
NYW,11
YWM,3
CHH,8
CPR,8
CCF,3
VCM,9
HTY,21
YHM,3
WKY,9
PHC,11
HCV,8
GYC,14
WKM,3
LMW,13
MWL,17
WKG,22
MRC,3
NTW,6
TWW,5
IWV,14
CYE,9
GTC,13
KMC,3
CIN,14
HDN,16
RMW,10
HWM,2
CDY,5
FFC,16
CYF,5
CLQ,18
MYQ,8
FCC,4
CCE,1
MCQ,4
NCN,6
EMW,10
WDR,9
RCY,3
MIC,8
MWS,9
PMW,7
PYW,6
KWW,7
VQW,14
FHC,5
HCT,7
CWT,3
IQW,5
CAC,11
GCC,7
YKC,5
YHW,3
WIC,8
NWW,5
WVM,8
MQC,3
HYW,6
YWN,7
WFC,20
CNC,2
WSN,14
DWW,3
WWI,5
WRN,34
WQW,9
CKW,1
QLC,6
YMQ,10
HCK,20
WNQ,17
NHC,6
WYW,5
FNW,12
DHY,13
HCM,3
CMN,5
HQW,1
CEW,3
YMI,9
FWT,10
VWC,4
CRC,3
CIQ,5
WWE,1
WSI,8
WGM,12
KWG,25
IFW,8
HCS,10
KCM,5
CME,12
TIW,6
NMY,9
ECM,7
MCS,5
CCC,3
CCV,5
YYK,21
HWE,12
WCR,3
KCQ,5
CQW,3
FWW,10
MCH,2
RHM,14
HNS,16
TMW,3
MWQ,13
CPY,10
NDC,15
DWP,7
TWN,10
WKC,2
CMP,5
PWK,11
WKD,13
WMW,7
YWD,12
WDT,16
CMT,4
QCC,1
SWW,8
QCT,4
CTQ,10
CPD,21
IWE,12
FWR,19
WWP,1
WQR,15
RWK,8
WHR,7
PWY,9
HNW,12
TNW,9
CNF,6
DCW,2
MCM,2
CML,8
MWR,7
HMH,3
IMH,5
QHW,7
YKW,4
WFI,4
HWW,3
WEP,4
WCC,1
WKF,15
IAW,21
WFP,12
NWN,3
WCP,2
CFW,5
YWE,10
QWW,2
YMF,10
QHH,5
WHF,7
WFW,4
WYH,2
MCK,9
WTN,6
MDW,7
HVW,5
MHM,5
VCW,2
WFM,2
ECW,3
QWT,4
PWP,3
WPY,3
HQH,4
CKD,9
YWF,11
FIW,7
MDH,3
EWW,3
WWR,9
FCW,2
HRC,9
HCP,8
WNF,7
MWE,8
HPC,5
MIW,4
CMW,3
ICW,1
CWY,1
INC,10
FMW,4
MWY,2
TCM,7
WPC,1
HWC,1
WCT,2
LCC,7
WWT,3
CCW,2
SWD,10
TYC,2
SCM,6
QCK,8
CCP,3
MMW,5
CCT,5
TCC,6
CNY,3
HKW,4
VCQ,12
LWC,6
WCE,4
NWY,9
NMW,2
MCP,3
HWN,3
HFW,7
CTT,9
CQC,1
HCD,9
TCW,3
CWE,3
KWH,8
KCW,2
CWK,4
RWC,5
CEC,1
CIW,2
CCN,2
WPH,3
CKC,2
TWC,3
YAW,15
WNY,3
RCQ,5
CHV,6
YCM,1
CMR,5
IWW,3
WWH,2
CCM,4
WIW,3
HWT,4
QWC,3
WWF,2
CMS,4
YWP,2
WPM,5
RCM,2
MWT,7
CWF,2
PWW,1
WWM,2
PWC,4
HAC,5
EWC,4
WCM,1
ACM,6
DCN,5
QCM,1
CMF,5
WSW,8
MYM,2
YMY,5
CMY,2
CNN,2
MFM,8
MFW,10
CHF,3
WWY,3
CYN,3
YNC,3
CFC,4
CKM,1
CFQ,6
PCM,3
CTW,1
YHC,5
SQC,4
YCK,3
CCY,2
WHW,4
PCY,4
CHW,4
CLW,6
WHM,2
CCH,3
EMC,1
ICC,7
CCS,6
MKC,3
PCW,2
QMC,2
YNW,5
WWN,3
QCY,2
WCY,3
QMW,5
WWC,2
WCS,2
CSW,2
MPC,2
HQM,10
YWC,4
WCK,5
HWH,3
MDC,2
CVC,4
HHC,3
CWV,2
CCD,2
CNW,2
CCK,4
WNM,4
MYC,5
WRC,4
MYW,2
CDH,2
MHW,3
NWC,3
WCV,5
NCW,1
CMM,1
WWV,4
WPR,2
KCC,2
CWA,2
WWW,1
WCF,3
CWM,1
MWW,1
