MSD,55
SDQ,39
DQL,68
QLI,110
LIL,249
ILV,187
LVL,370
VLN,194
LNC,18
NCG,13
CGS,55
GSS,165
SSS,100
SSL,185
SLK,192
LKG,210
KGA,146
GAV,360
AVI,313
VID,186
IDR,120
DRK,56
RKS,85
KSG,173
SGS,253
GSV,235
SVV,167
VVL,286
VLS,286
LSC,35
SCL,35
CLG,36
LGE,238
GER,169
ERL,253
RLT,189
LTT,114
TTP,78
TPE,180
PEA,188
EAV,397
VIT,122
ITF,64
TFN,51
FNK,43
NKD,51
KDG,185
DGN,113
GNK,81
NKR,51
KRQ,112
RQV,99
QVP,40
VPL,158
PLS,162
LSG,373
SGR,200
GRN,107
RNC,10
NCH,10
CHA,13
HAG,89
AGA,424
AVG,348
VGM,76
GML,106
MLL,153
LLN,274
LNE,195
NEL,124
ELE,218
LEK,275
EKH,58
KHG,63
HGL,96
GLH,89
LHD,67
HDR,32
DRI,124
RIK,84
IKA,167
KAI,114
AIG,223
IGH,62
GHR,45
HRI,55
RIA,195
IAH,74
AHG,87
HGG,92
GGE,215
GEK,148
EKY,88
KYS,53
YSE,57
SES,104
ESV,145
SVL,243
VLI,240
LID,204
IDQ,64
DQA,60
QAV,258
AVM,122
VMD,42
MDE,43
DEL,223
ELN,149
LNA,243
NAC,24
ACI,34
CIP,12
IPL,152
PLA,215
LAP,152
APL,169
PLH,46
LHN,58
HNP,38
NPA,154
PAN,83
ANI,125
NIS,109
ISG,178
SGI,231
GIL,286
ILA,298
LAA,847
AAQ,393
AQE,155
QEH,19
EHF,42
HFP,23
FPG,59
PGL,104
GLP,295
LPN,128
PNV,60
NVG,126
VGV,197
GVM,72
MDT,43
DTS,74
TSF,61
SFH,30
FHQ,30
HQT,33
QTM,35
TMP,35
MPE,79
PER,114
ERA,183
RAY,82
AYT,75
YTY,32
TYA,77
YAV,140
AVP,161
VPR,55
PRE,63
REL,215
ELR,152
LRK,122
RKK,95
KKY,74
KYA,64
YAF,64
AFR,104
FRR,99
RRY,59
RYG,100
YGF,87
GFH,33
FHG,39
HGT,49
GTS,135
TSM,29
SMR,30
MRY,28
RYV,62
YVA,82
VAP,142
APE,167
EAA,567
AAR,339
ARI,170
RIL,208
ILG,253
LGK,261
GKP,185
KPL,161
PLE,100
LED,133
EDI,134
DIR,137
IRM,39
RMI,25
MII,32
IIA,225
AHL,108
HLG,77
LGN,170
GNG,189
NGA,161
GAS,200
ASI,149
SIT,95
ITA,222
TAI,155
AIK,90
IKN,87
KNG,172
NGK,231
GKS,244
KSV,146
SVD,105
VDT,101
SMG,51
MGF,64
GFT,130
FTP,85
TPI,86
PIE,67
IEG,129
EGL,233
GLV,302
LVM,60
VMG,59
MGT,34
GTR,107
TRC,13
RCG,36
CGD,25
GDI,184
DID,123
IDP,90
DPG,44
PGV,87
GVY,94
VYS,62
YSY,31
SYL,103
YLT,87
LTS,118
TSH,23
SHA,58
AGM,123
GMD,66
MDV,47
DVA,198
VAQ,165
AQV,143
QVD,55
VDE,137
DEM,36
EML,116
MLN,64
LNK,137
NKK,76
KKS,95
SGL,299
GLL,354
LLG,394
LGI,294
GIS,237
ISE,119
SEL,194
ELS,203
LSN,130
SND,63
NDC,12
DCR,22
CRT,26
RTL,166
TLE,182
LEI,151
EIA,256
IAA,475
AAD,362
ADE,221
DEG,98
EGH,41
GHE,53
HEG,45
EGA,180
GAR,143
ARL,323
RLA,352
LAL,499
ALE,328
LEV,140
EVM,52
VMT,40
MTY,25
TYR,64
YRL,128
LAK,359
AKY,73
KYI,63
YIA,85
IAS,164
ASM,37
SMA,57
MAV,112
VGC,38
GCG,68
CGG,66
GGV,243
GVD,145
VDA,176
DAL,383
ALV,336
LVF,165
VFT,98
FTG,105
TGG,193
GGI,281
GIG,301
IGE,150
GEN,106
ENS,77
NSR,69
SRN,71
RNI,108
NIR,111
IRA,172
RAK,109
AKT,166
KTV,212
TVS,216
VSY,62
YLD,108
LDF,131
DFL,126
FLG,138
LGL,435
LHI,98
HID,73
IDT,138
DTK,62
TKA,117
KAN,102
ANM,44
NME,23
MEK,73
EKR,121
KRY,78
YGN,67
GNS,91
NSG,120
GII,174
IIS,116
ISP,123
SPT,70
PTD,57
TDS,109
DSS,86
SSP,66
SPA,130
PAV,197
AVL,589
VLV,281
LVV,227
VVP,120
VPT,76
PTN,40
TNE,40
NEE,70
EEL,264
ELM,91
LMI,62
MIA,85
IAC,47
ACD,20
CDT,13
DTA,229
TAE,231
AEL,445
ELA,375
LAG,445
AGI,338
MME,32
MET,55
ETQ,93
TQL,100
QLY,62
LYI,69
YIG,88
IGI,196
GIM,61
IMS,49
MSG,71
SGT,139
SMD,30
MDG,58
DGA,154
GAD,239
ADA,377
DAV,325
LIR,188
RMD,32
DGG,188
GGK,265
GKW,45
KWL,62
WLG,73
LGA,364
GAE,198
AEG,259
GHA,65
HAF,50
AFT,113
TPY,65
PYP,47
YPG,41
PGR,65
GRL,367
RLR,168
LRR,229
RRQ,92
RQL,142
QLL,149
LLD,350
LDL,274
DLQ,104
LQD,112
QDT,61
DTG,112
TGA,237
ELH,82
LHR,90
HRS,29
RSR,128
SRI,120
ILS,201
LSQ,135
SQE,58
QEL,163
LSR,232
SRL,203
RLY,78
LYA,123
YAQ,72
AQT,209
QTA,363
TAA,494
AAE,598
ELL,342
LLC,50
LCS,28
CSQ,9
SQN,59
QNL,129
NLA,198
APS,122
PSD,78
SDI,131
DIT,119
TAL,408
ALG,443
LGC,53
GCH,7
CHG,21
HGQ,41
GQT,121
QTV,179
TVR,159
VRH,63
RHA,77
HAP,52
PEH,80
EHG,95
HGY,44
GYS,86
YSI,53
SIQ,58
IQL,66
QLA,210
LAD,379
ADL,367
DLP,164
LPL,288
PLL,279
LLA,619
LAE,478
AER,270
ERT,86
RTR,97
TRI,86
RIF,77
IFT,69
FTV,108
TVG,195
VGD,164
GDF,105
DFR,80
FRS,55
SRD,80
RDL,170
DLA,289
AAG,600
AGG,386
GGQ,125
GQG,110
QGA,129
GAP,121
PLV,162
LVP,116
VPA,158
PAF,90
AFH,37
FHE,25
HEA,68
EAL,364
ALF,250
LFR,100
FRD,63
RDN,60
DNR,71
NRE,74
RET,123
ETR,92
TRA,130
RAV,208
LNI,182
NIG,160
IGG,273
GIA,324
IAN,126
ISV,136
VLP,211
LPP,170
PPD,44
PDA,162
DAP,129
APA,278
AFG,162
FGF,117
GFD,151
FDT,93
TGP,46
GPG,66
PGN,50
GNM,45
NML,36
MLM,35
LMD,61
MDA,62
DAW,32
AWT,24
WTQ,14
TQA,141
QAH,38
AHW,17
HWQ,10
WQL,36
QLP,99
LPY,97
PYD,30
YDK,61
DKN,80
GAK,178
AKA,364
KAA,407
AQG,203
QGN,82
GNI,185
NIL,166
ILP,196
LPQ,134
PQL,75
LDR,152
DRL,214
RLL,327
LAH,122
AHP,73
HPY,33
PYF,50
YFA,73
FAQ,106
AQP,66
QPH,22
PHP,44
HPK,44
PKS,79
KST,111
STG,119
TGR,174
GRE,130
ELF,130
LFA,292
FAL,249
ALN,219
LNW,26
NWL,49
WLE,66
LET,211
ETY,69
TYL,66
LDG,298
ENR,111
NRY,60
RYD,72
YDV,83
DVL,271
VLR,185
LRT,128
TLS,238
SRF,124
RFT,92
FTA,132
TAQ,165
TVC,43
VCD,26
CDA,14
AVS,354
VSH,73
HAA,146
AAA,1167
DAR,115
ARQ,159
RQM,48
QMY,15
MYI,11
YIC,12
ICG,28
GGG,363
GIR,191
IRN,111
RNP,75
NPV,97
PVL,244
VLM,104
LMA,136
MAD,72
AEC,40
ECF,15
CFG,22
FGT,118
TRV,72
RVS,112
VSL,271
SLH,73
LHS,82
HST,35
STA,135
TAD,208
DLN,169
LNL,266
NLD,103
LDP,97
DPQ,42
PQW,16
QWV,4
WVE,23
VEA,252
AAF,291
AFA,285
FAW,34
AWL,93
WLA,97
AAC,92
ACW,5
CWI,3
WIN,18
INR,89
NRI,107
RIP,82
IPG,87
PGS,74
GSP,101
SPH,33
PHK,24
HKA,51
KAT,83
ATG,211
ASK,131
SKP,97
KPC,18
PCI,10
CIL,26
GAG,352
AGY,150
GYY,43
MRP,40
RPL,131
PLN,75
LNV,158
NVQ,65
VQI,99
QIR,98
IRL,173
RLG,202
GNL,183
NLR,115
LRH,79
RHN,35
HNY,5
NYR,48
YRI,84
ILK,174
LKE,285
KEM,58
EMH,11
MHG,30
GKL,301
KLL,288
LAV,490
AVV,320
VVK,142
VKA,230
KAD,183
DAY,82
AYG,114
YGH,42
GHG,79
HGA,81
AVR,307
VRC,15
RCA,28
CAF,29
ALA,743
ADG,302
DGF,122
GFA,189
FAV,185
AVA,592
VAT,175
ATI,94
TID,72
IDE,162
EGI,118
LRE,211
RES,80
ESG,202
GIT,189
ITH,44
THP,35
HPI,28
PIV,98
IVL,224
VLL,404
LLE,337
LEG,197
EGV,165
GVF,136
VFE,89
FEA,108
EAS,112
ASE,138
SEY,60
EYE,62
YEA,96
AVE,314
VEQ,137
EQY,63
QYS,44
YSL,81
SLW,49
LWP,21
WPA,17
VGN,111
GNQ,49
NQW,10
QWQ,24
QLE,101
LEA,325
ALL,627
LLI,266
IRH,64
RHW,13
HWK,10
WKK,27
KKT,131
TVK,166
VKV,155
KVW,32
VWL,80
WLK,69
LKM,64
KMD,26
MDS,24
DSG,148
SGM,81
GMH,21
MHR,19
HRT,31
RTG,123
TGF,113
GFF,96
FFP,53
FPH,24
PHD,25
HDY,29
DYA,112
YAS,79
ASA,323
SAY,79
AYA,175
YAA,183
AAL,890
ALK,392
LKQ,256
KQS,61
QSE,88
EYV,66
YVD,51
VDS,74
DSI,98
SIV,89
IVK,118
VKF,53
KFS,53
FSH,43
SHF,27
HFS,35
FSC,20
SCA,37
CAD,42
DEP,96
EPE,94
PES,115
GMT,77
MTE,63
TEI,130
EIQ,83
IQM,20
QME,31
MEA,65
EAF,162
AFD,132
FDL,127
DLG,209
LGT,159
GTE,98
TEG,107
GLE,204
EGE,167
GEE,149
EES,72
ESL,225
SLA,310
LAN,194
ANS,93
NSA,71
SAA,380
AAI,352
AIL,222
ILN,142
NVP,80
VPE,111
EAR,189
ARR,196
RRD,81
RDW,33
DWG,20
WGR,25
GRA,183
RAG,220
AGL,475
GLA,373
ALY,138
LYG,129
YGI,112
SPF,70
PFG,87
FGG,182
GGD,166
GDD,124
DDR,54
RLK,371
LKP,158
KPV,159
PVM,47
VMR,55
MRL,80
RLS,232
LST,131
STR,65
IFG,117
FGE,120
ERV,173
RVL,244
VLQ,157
LQP,94
PHS,28
HSP,33
SPI,62
PIG,78
IGY,85
GYG,133
YGA,140
GAT,183
ATF,90
TFY,40
FYT,41
YTS,44
TSK,65
SKS,86
RVG,146
VGL,265
GLI,265
LIA,377
ACG,83
CGY,24
GYA,150
YAD,117
DGY,83
GYP,63
YPR,21
PRR,62
RRA,180
RAP,57
PSN,42
SNS,61
NSP,60
SPV,104
PVA,158
VAV,336
AVD,180
VDG,162
DGK,272
KLT,182
LTR,162
RVI,119
VIG,235
IGR,191
GRV,194
VSM,59
MDM,20
DMM,17
MMT,27
MTI,30
TIE,100
IEL,144
ELD,176
LDA,323
DAS,101
ASQ,96
QEG,90
GLG,387
LGH,78
HEV,41
EVE,157
VEL,169
ELW,29
LWG,51
WGD,18
GDT,161
DTV,198
TVN,119
VNI,102
NIN,75
INT,100
NTV,92
TVA,306
VAE,284
AEA,474
AGT,213
GTI,106
TIP,58
IPY,56
PYE,34
YEL,69
LMC,20
MCN,4
CNI,14
NIK,90
IKR,89
KRA,141
AKF,88
KFT,56
FTY,26
TYI,37
MSN,35
SNI,82
NIE,95
IEQ,125
EQQ,77
QQV,67
QVK,90
VKK,141
KKI,130
KIV,113
IVA,233
AEQ,215
EQL,179
QLG,133
LGV,297
GVN,127
VNE,83
NEA,123
EAD,218
ADV,248
DVK,90
VKN,131
KNE,74
NES,63
ESS,87
SSF,82
SFQ,51
FQD,35
QDD,50
DDL,176
ADS,173
DSL,179
SLD,177
LDT,164
TVE,155
ELV,217
VMA,78
MAL,95
LEE,228
EEA,268
FGC,21
GCE,19
CEI,22
EIP,111
IPD,89
PDE,101
DED,91
EDA,163
DAE,204
AEK,310
EKI,170
KIT,138
ITT,74
TTV,112
TVQ,109
VQL,98
LAI,181
AID,138
IDY,65
DYI,74
YIN,39
INA,123
NAH,39
AHN,44
MIY,23
IYG,73
IGT,164
GTD,108
TDI,114
DIV,172
IVS,157
LKR,219
KRI,119
RII,125
IIR,115
RLN,178
KKF,64
KFG,82
FGQ,73
GQA,121
QAF,127
FAG,194
AGR,255
GRI,195
ILT,183
LTP,163
PEE,132
LEF,68
EFP,37
FPQ,34
PQA,88
QAG,228
AGK,310
PVN,66
VNY,43
NYL,63
YLA,159
AKR,202
KRF,84
RFA,177
FAA,322
AAK,427
AKE,190
KEA,212
FAK,115
KAV,309
VGT,169
GTG,229
TGI,185
IRG,97
RGA,130
VSF,111
SFR,74
FRN,66
GHD,32
HDA,39
KPE,125
PEF,85
EFF,60
FFY,23
FYG,67
YGP,16
GPA,68
PAL,201
ALS,397
LSK,189
SKW,21
EEQ,93
EQG,147
QGI,129
ISR,117
SRV,94
SLS,252
LSM,63
SMS,28
SDE,104
DEE,132
EED,96
EDT,76
TVL,275
VLA,468
LAF,192
AFV,194
FVV,87
VVA,245
MSQ,32
SQK,49
QKL,145
KLI,176
VLD,251
LDN,166
DNG,127
NGS,133
GSG,286
SGE,189
GEV,184
EVL,224
LLS,361
CLA,53
EKL,289
KLN,126
NLP,146
LPD,260
AYI,95
YIT,60
TFK,66
FKV,65
KVN,77
VNG,167
NGE,143
KHK,48
HKV,35
KVD,79
VDL,175
DLS,177
LSA,442
SAH,61
HPD,107
PDH,31
DHT,36
HTG,66
ALM,139
LME,69
MEE,50
ELK,218
LKA,385
KAH,69
GLD,293
LDS,194
DSR,109
RIG,163
IGA,284
GAI,171
HRV,42
RVV,144
VVS,204
VSG,279
SGG,268
GEL,232
ELY,77
LYS,76
ESI,91
SIL,157
LVD,160
VDD,102
DDE,110
DEV,145
EVI,112
VIA,249
IAG,293
GIE,185
IEK,164
EKC,20
KCI,8
PAH,46
HLL,136
GLR,197
LRA,234
RAA,359
AQS,153
QSI,82
SIF,66
IFK,63
FKG,81
KGL,246
NVV,98
VVV,222
VVF,127
VFD,119
PEV,125
EVA,182
VAY,84
AYK,78
YKY,25
VPQ,66
PQE,72
LYE,101
YEK,60
KYG,85
YGL,139
GAH,85
TSY,29
SYR,74
YRF,75
RFV,90
FVA,124
VAD,274
DET,114
ETA,307
TAR,187
ARF,168
RFL,143
GKD,170
KDK,118
DKK,105
KKD,101
KDL,148
DLR,150
LRM,53
RMV,43
MVI,47
TAV,281
VAN,130
ANG,165
GES,123
ESR,107
RDT,74
MGL,115
GLT,278
TPL,166
TRS,88
RSG,160
SGD,122
DPS,59
PSV,114
SVF,113
VFG,208
GFL,171
FLA,178
AEN,190
ENA,178
NAN,56
NMT,17
TIA,174
IAQ,163
AQI,185
QIT,79
ITE,104
TEM,32
GLS,279
RTI,76
IEE,133
EEE,106
AKG,193
KGH,36
GHK,36
HKG,40
AKL,319
KLA,306
ALD,272
LDM,68
DMF,23
MFI,21
FIY,32
IYR,66
IGS,199
GSM,51
VAA,504
GGL,355
NSD,62
DII,128
IRE,142
RER,135
GYL,151
YLG,134
LGF,184
GLN,207
NID,88
DQE,26
QEA,132
EAN,90
ANL,197
NLK,129
KAR,158
RFG,132
FGN,93
GNA,192
NAG,186
AGV,371
GVI,173
TTA,142
DSK,75
SKA,124
VVI,156
VIP,85
IPT,82
AHD,41
HDT,26
MFV,33
FVW,18
VWH,13
WHE,23
HEY,23
YEN,65
NAA,284
QSL,156
ALQ,228
LQG,149
GAL,384
LDE,253
DEK,83
EKG,182
KGG,183
GGA,324
GGR,231
GRS,135
RSP,54
PIA,121
IAF,118
AFF,98
FFN,53
FNA,96
NAL,248
QKD,36
DLD,178
LDW,43
DWK,22
WKN,24
KNV,93
VGI,209
ITL,195
TLA,315
DER,79
ERI,179
RIV,136
IVP,91
PTV,91
TVH,46
VHA,55
HAD,82
DSN,64
SNT,73
NTG,111
TGL,237
LVR,189
VRE,188
REY,59
EYL,123
YLL,146
LLK,352
LKN,261
KNK,93
NKA,94
KAE,249
AAM,184
AMW,17
MWI,7
WIP,14
IPM,43
PMV,44
MVE,64
VED,105
EDG,146
GKT,335
KTE,117
TET,123
ETE,153
TEL,164
LHP,76
VVD,139
VDY,72
YAL,166
LKH,95
KHY,37
HYK,10
YKQ,41
KQP,83
QPD,79
PDV,92
VLG,307
LGM,133
GMG,109
MGN,41
GND,123
NDG,68
DGH,43
GHT,67
HTA,87
TAS,236
IFP,53
FPK,55
PKA,123
KAP,65
APQ,96
PQF,33
QFQ,23
FQT,111
IDG,173
DGS,206
GSA,217
SAG,234
GVA,291
VAL,333
LVH,66
VHT,69
HTT,33
TPV,113
PVT,115
VTA,215
TAP,170
APH,42
PHE,29
HER,42
SMT,36
MTL,84
TLD,156
DAI,114
AIA,304
AHT,69
TGH,61
GHV,58
HVF,31
VFL,166
AIR,140
RGE,134
EEK,167
EKK,91
KKA,177
AVF,245
FDQ,52
QAA,353
QGE,103
EYP,29
YPI,37
PIN,33
INL,117
NLV,119
LNH,67
NHQ,18
HQG,33
QGV,95
VNC,13
CHV,5
VFY,52
FYA,73
MQR,35
QRQ,87
RQI,126
QIK,112
IKL,112
KLK,193
KNW,26
WLQ,34
LQT,162
TVY,107
VYP,47
YPE,78
ERD,92
RDF,95
DFD,109
DLT,158
LTF,104
TFA,109
DAD,178
ADF,175
RYF,57
YFR,39
FRA,90
RAT,97
TFS,60
FSD,131
SDG,342
SSV,120
VVC,36
VCM,10
CMD,5
APP,78
PDK,85
DKM,54
KMS,35
MSV,75
SVA,207
APY,49
PYL,77
YLK,150
LKV,152
KVQ,58
VQK,80
KLF,126
LFD,169
FDM,36
DMV,57
MVN,32
VNV,101
PQV,59
QVL,167
VLH,100
LHA,105
ADT,195
DTD,113
TDL,169
GFV,170
LND,145
NDL,118
GNT,143
NTT,61
TTF,51
TFL,104
FLT,115
LTA,468
TAM,58
AML,146
MLQ,73
LQE,159
QEQ,67
GET,233
TAH,82
AHK,65
KAL,350
LLL,578
EAI,144
LVE,237
ELQ,105
LQK,144
QKA,145
KAS,110
ASR,119
SRE,128
REG,158
GVL,299
LPE,362
PEY,75
EYD,62
YDR,41
DRE,92
ETM,35
TML,79
MLR,65
REI,179
EIN,103
NLF,116
LFP,95
FPE,105
PEW,30
EWF,21
WFV,23
VAK,203
KEL,201
ELG,228
LGR,210
ELT,141
FKQ,73
KQR,104
QLW,26
LWQ,67
WQQ,32
QQT,60
TVD,89
DTL,223
TLL,348
LLP,292
PPL,100
LAQ,318
QPK,43
PKV,67
KVY,46
VYV,69
YVH,19
VHR,55
HRD,31
DFI,80
FIV,99
IVR,162
VRN,90
RNL,127
NLM,47
LML,144
MLT,94
TRG,98
RGR,123
GRP,97
RPG,78
DFQ,68
QDA,88
GPI,40
PIS,71
ISY,57
SYD,48
YDL,92
DLV,177
LVS,240
SLL,324
LLR,253
LRD,192
RDA,135
DAF,105
AFI,119
FIE,75
IEW,29
EWE,32
WEE,23
EEF,68
EFV,86
FVL,200
LVI,151
VIR,102
IRY,58
RYW,20
YWE,11
WEK,37
EKA,277
ARA,315
LPV,274
PVP,88
FDE,118
DEF,72
EFY,50
FYR,58
YRW,15
RWF,27
WFE,20
FEW,14
EWM,17
WMG,9
MGV,70
GVQ,99
VQR,69
QRH,27
RHL,82
HLK,66
KVA,153
VAG,292
GIF,124
IFA,101
FAR,123
LYY,39
YYR,48
YRD,68
RDG,136
DKY,59
KYR,72
YRP,52
RPE,111
PEI,129
IPR,60
PRF,43
FLN,108
LNY,68
YLR,88
RRV,140
VSR,153
SRR,114
RYA,114
YAE,122
PLY,75
LLV,307
LVG,259
GDE,107
ETG,177
MIK,36
TRR,98
QII,89
IRR,183
RRT,76
RTA,174
TAG,218
GTL,251
TLF,150
LSP,146
SAV,251
VRA,229
QFT,25
RIW,19
IWP,11
WPS,8
PSH,21
SHT,37
HTY,23
TYT,63
YTR,62
TRL,163
LTL,279
LES,169
EST,62
LKY,83
KYQ,42
YQH,27
QHF,22
HFT,30
FTL,136
DNP,97
NPG,45
RLV,195
VDI,103
DIQ,97
IQN,52
QNA,111
LHG,101
QKV,71
KVM,36
ADD,158
DDP,57
DPF,36
PFI,72
FIR,73
IRS,114
RSI,81
SIR,102
AGQ,147
GQN,84
QNT,73
NTP,91
TPT,73
PTT,55
VRL,223
IDL,162
DLK,139
QPT,43
PTH,23
THA,38
HAQ,49
QVF,63
VFA,176
ALP,280
PPV,63
PVG,142
VGG,248
GGF,169
GFK,99
FKN,77
KNR,107
NRL,181
DLY,73
LYP,62
YPH,33
PHG,32
HGM,23
DPM,17
PMM,19
MMA,38
LNG,239
GSL,321
SLN,161
NKT,78
KTL,250
TLR,150
LRG,194
RGS,80
SPE,149
AQN,145
TPQ,68
PQP,53
QPG,51
GRG,177
RNG,123
NGR,114
GRR,144
RRP,59
RPV,94
PVI,127
VIM,42
IML,58
MLD,80
PGH,43
GED,133
EDP,35
PGA,89
AIS,124
SPG,47
PGG,103
GLQ,134
QEK,77
KHV,34
HVV,43
LSI,158
SIA,163
IAR,209
ARE,211
ETK,83
TKN,60
KNQ,56
NQL,70
LGY,148
GYN,56
YNV,44
NVF,44
VFM,45
FMT,19
MTR,47
TRN,80
RNE,62
NED,42
EDV,126
DVF,94
VFI,75
FIP,55
PLG,135
GVR,145
VRV,144
RVA,163
KGR,165
RAR,155
RAD,165
VFV,128
FVS,128
VSI,117
SIH,52
IHA,68
FTS,70
TSP,52
SPS,72
PSA,131
SAR,137
ARG,165
RGT,84
TGV,140
VYM,22
YML,29
LNT,126
NTK,64
TKG,76
ATS,85
TSS,112
SSA,166
KFL,73
FLE,100
LEQ,177
EQT,92
QTQ,70
TQN,55
QNN,59
NNA,87
NAD,152
GVP,156
PTS,57
TSG,130
SGN,167
GNR,103
NRN,60
RNV,58
NVD,75
DMT,26
MTQ,34
TQT,105
TAT,166
ATL,262
RDS,56
SRK,115
RKL,176
KLG,238
KLV,167
VLE,282
NHL,68
HLH,43
LHK,72
RVD,75
DEA,238
ANF,47
NFA,53
APD,122
PDM,48
DMP,58
MPS,154
PSI,63
VET,155
TAF,171
AFL,197
FLS,145
SNP,69
PAE,167
AEE,245
LGS,209
GSE,108
ESF,62
RQC,17
QCA,14
CAQ,18
ASG,259
SGV,181
QRY,45
RYI,56
NTS,73
TSV,97
VLK,242
MKR,47
RQA,198
QAL,266
AMI,76
ASL,262
SLF,144
GEP,122
EPA,98
PAA,320
AQA,359
QAP,41
AET,260
ETP,116
TPA,150
AAS,369
ASS,148
TPS,113
PSG,97
ELP,139
IDA,223
AVT,204
VTT,64
TTH,36
EVP,76
VPP,78
PPA,74
PAI,93
DRD,61
RDY,59
DYP,52
YPA,67
PAK,108
AKV,191
KVR,99
RVK,93
VKM,41
KME,35
ETV,260
VEK,173
EKT,124
KTM,35
TMT,31
MTM,14
TME,26
MED,34
DGV,179
GVE,167
VEY,69
EYR,72
YRY,71
YWT,8
WTF,7
TFD,71
FDG,126
DGD,107
GDV,186
DVP,96
VPG,83
GRM,57
MIR,41
IRV,96
RVR,109
EGD,111
VEV,153
VEF,91
EFS,78
FSN,47
SNN,56
NNP,77
NPS,65
PSS,70
SST,100
STV,119
TVP,99
VPH,36
PHN,23
HNV,39
VDF,89
DFH,24
FHA,40
AAT,297
TGQ,79
QGG,105
GAA,449
TFT,66
APG,103
GRT,144
RTS,48
TST,67
STF,61
FSF,80
SFK,73
FKA,103
GLY,103
YIY,22
IYH,23
YHC,6
HCA,18
CAV,58
APV,179
MHI,14
HIA,95
NGM,30
GMY,31
MYG,26
VEP,72
EPK,59
PKE,88
KEG,145
LPK,168
VDK,88
DKE,104
KEF,64
FYI,44
YIV,60
IVQ,79
VQG,104
QGD,59
DFY,56
YTK,41
KGK,205
GKK,206
KKG,137
GAQ,122
QGL,164
QPF,44
PFD,61
DMD,42
MDK,67
DKA,198
EQP,56
QPE,82
YVV,65
VFN,70
FNG,55
NGH,37
HVG,45
VGA,279
AGD,182
GDN,84
DNA,137
KAK,196
KAG,235
AGE,241
VRM,40
RMY,17
MYV,18
YVG,77
NGG,186
GGP,61
GPN,35
PNL,101
VSS,153
FHV,21
HVI,45
GEI,221
EIF,86
IFD,66
FDK,104
DKV,137
YVE,51
VEG,146
EGG,202
LIN,146
INE,79
NEN,64
ENV,140
VQS,93
QST,44
STI,107
TIV,92
PAG,169
GGS,264
SAI,140
AIV,196
IVE,134
EFK,68
DIP,114
GSY,85
SYT,61
YTL,78
TLV,188
VDH,27
DHS,15
HSI,30
IFR,56
RAF,94
AFN,106
NKG,115
LGQ,137
GQL,116
QLK,115
KVE,117
ENP,99
NPE,135
EIM,47
IMT,35
TQK,57
KLS,200
LSD,297
SDT,94
TAY,111
YAG,122
AGN,186
AAP,254
SAP,159
SAS,165
SEK,138
EKS,103
MSA,101
PDL,166
DLF,128
LFV,128
VAH,68
AHF,38
HFR,25
FRE,49
REA,224
VPY,58
PYI,62
YIR,69
IRQ,151
QMR,43
MRG,58
RGK,136
LVA,311
GID,210
IDD,96
TLN,155
NKL,104
ADI,268
DIG,147
IGL,285
SQL,95
LIH,55
IHG,53
ARH,73
RHF,48
HFL,42
FLD,104
DRH,42
QGR,111
RTP,63
TPH,33
PHY,20
HYC,5
YCR,23
CRG,22
RGL,183
LRV,153
RVT,86
VTD,112
TDE,114
ETS,74
TSL,121
SLE,133
EQA,190
QAQ,132
AQQ,131
QQF,38
QFA,91
GTV,201
VRS,103
RFE,117
ALC,62
LCG,65
SVS,210
SGF,144
SVP,82
GNF,66
NFL,73
ARP,87
RPI,59
IGV,176
DGT,167
TDM,33
DME,44
MEY,14
EYA,106
IRK,118
RKT,122
KTD,132
TDT,112
ALR,299
LRF,103
RFQ,67
FQL,54
QLD,114
DAG,205
NIV,125
IVW,26
WLP,49
GHS,66
HSY,22
SYS,59
YSG,96
SGK,244
KTF,105
FYL,55
DML,81
AAV,666
SLQ,99
LQA,192
QAE,183
LVY,83
VYL,115
DGI,311
SRP,102
RPD,108
PDG,151
ETL,292
SAQ,152
EAQ,157
AEH,124
EHA,84
RRL,260
RLI,168
LIS,188
ISS,102
GVH,51
RVQ,77
QIL,113
LLQ,208
LFT,98
FTR,76
NGI,167
TSI,57
IAK,236
AHS,48
HSG,61
IPH,37
PHI,63
ALI,340
IRP,94
ILL,280
LLH,126
YLE,103
LEN,214
ENH,45
NHI,45
HIS,58
SEF,61
FSI,95
ILE,176
LEH,116
EHD,36
HDG,43
NLY,62
YGC,17
GCA,49
CAA,93
LKT,232
FAE,178
ADC,42
DCG,35
CGE,39
ACL,61
VSP,108
SPQ,52
AQD,118
QDG,105
GGY,132
YGE,80
AHI,75
HII,58
IID,110
IDK,88
RGI,153
RLF,159
STN,49
TNT,68
TGE,164
GEW,48
WFA,41
ERG,132
RGF,87
GFQ,59
SED,79
EDE,111
PET,160
RRK,107
RKD,73
KDY,64
DYR,61
YRS,76
RSN,61
SNG,99
RNS,61
NSH,27
SHI,54
HIL,89
VRR,149
RLH,85
AVN,189
VNL,123
NLT,151
LTE,249
TEK,115
KTA,263
PDI,104
IAL,338
LYT,86
YTA,100
GVK,157
KKP,77
KPG,83
HTD,64
TLI,208
IAV,250
AGS,271
GST,153
FTT,43
TTN,42
TNR,52
NRF,90
RFC,20
FCA,29
PVH,44
VHI,44
AKS,147
KSH,33
SHL,70
HLF,42
RAL,304
VIN,74
TGN,135
ANA,199
RID,110
AVC,98
VCA,60
QIG,103
IGC,24
GCK,23
CKP,16
KPN,53
PNQ,34
NQV,75
LPF,144
PFS,74
FST,74
VIL,174
LEP,95
EPL,139
PLP,139
LPA,289
PAD,145
ADK,247
DKI,152
KII,168
PKM,29
KMQ,33
MQP,25
QPA,92
AFW,30
FWN,23
WNE,17
RAI,126
AIM,50
MTT,50
TTD,70
VPK,81
EGK,211
GKV,244
KVG,144
GDK,129
DKH,29
KHT,35
HTV,82
KGS,102
GMI,64
MIH,19
IHP,69
HPN,41
PNM,19
NMA,44
MAT,52
ATM,54
MLG,108
GFI,138
FIA,103
IAT,148
ATD,95
TDA,171
DAK,125
KVS,140
VSQ,85
SQP,50
QPV,99
LQL,148
QLM,39
LMT,73
TQE,79
QEI,108
IAD,227
ETF,86
FNT,50
NTI,75
TIT,109
ITV,167
TND,44
NDS,59
DSF,63
SFV,91
FVI,86
VII,104
TGK,218
GKN,152
KNS,76
NSQ,35
SQS,73
SEI,173
EID,123
IDN,80
DNI,112
NIA,168
ADP,93
DPR,64
PRY,39
AQL,205
CSL,40
LEL,207
QAI,115
VRD,125
DGE,162
GEG,186
ATK,87
TKF,48
KFI,54
FIT,69
RVE,111
VEN,112
NAK,113
KTR,102
TRD,81
RDE,91
AAY,217
VAR,180
ARS,151
SPL,129
LVK,180
VKT,142
FFA,109
FAS,101
ASD,137
SDP,61
DPN,42
NLG,151
VEM,65
EMY,24
MYL,30
LDD,154
DDI,112
DIL,234
ASY,76
YTE,49
TEA,187
QGQ,57
VMS,41
MSK,51
AEI,263
EIT,141
VRI,129
KLH,64
HRG,35
RGQ,65
ATV,207
VYT,58
YTC,14
TCD,15
CDL,22
LSH,75
SHG,50
GYV,77
YVS,67
SIN,73
ADY,139
MCS,7
CSC,8
CLV,24
KNT,80
TVI,175
RTK,63
TKI,89
KIA,190
ARD,99
DAA,368
EQI,145
KNM,39
NMP,47
MPF,41
FDI,104
DIA,216
IAE,252
AEF,122
EFR,32
LEC,27
ECA,27
CAG,47
GSI,168
SIG,165
EIL,260
ILH,78
LHH,53
HHT,12
HTQ,29
DKP,99
LLF,200
FTF,43
TFR,54
RRH,79
RHG,53
HGE,76
GSF,116
SFP,63
FPC,12
PCS,17
CSD,17
SDD,122
DDY,67
DYY,40
YYF,29
YFE,48
FEL,94
LIE,236
IES,129
RLP,189
IDI,121
DIE,123
LFS,164
FSG,149
NAQ,88
AQK,166
QKN,61
LCN,24
CNH,7
NHE,27
HEF,41
EFH,36
FHR,28
TPP,75
PPQ,43
QEE,76
EEI,162
EIV,174
IVC,36
VCR,42
CRL,95
KQM,38
EDC,19
CGA,52
DIC,24
ICK,21
CKI,20
VMP,64
MPQ,41
PQS,71
QSA,130
SAE,219
AED,194
VLT,244
SAT,129
TLK,195
AKP,141
KPI,86
IVT,115
VTM,31
TMS,35
MSM,20
MGQ,26
QTG,137
GQV,141
FGS,123
SSI,105
TFG,107
GTQ,79
QNS,45
PGQ,53
GQI,122
GVS,195
VSA,311
SAL,322
LDC,33
DCL,31
CLE,23
ENG,229
MHD,14
HDK,23
DKT,97
KTW,14
TWS,11
WSG,35
GRF,136
RFN,83
FNE,61
NEP,38
EPV,113
PVS,139
VSE,168
VKQ,103
KQY,62
QYT,23
IGF,125
FDR,103
DRR,71
AEW,51
EWD,26
WDI,32
IQG,78
QGS,104
AHA,122
AQM,71
QML,59
MLK,97
KET,130
GDL,165
RRG,109
RGM,48
GMA,105
MAE,91
EIR,175
GKI,275
KIE,116
EWS,9
WSS,17
SSD,84
SDL,138
DLE,148
DVH,38
VHM,13
HMN,10
MNI,61
IER,139
ERR,119
LTD,211
TDK,142
KIG,181
IGD,132
GDA,153
GKR,157
KRL,217
LHT,87
RND,64
NDQ,20
DQV,61
QVA,152
RLW,25
LWL,80
WLR,36
RDQ,39
DQI,58
VIQ,66
IQS,83
SLI,214
LIQ,113
EQN,68
NAE,137
TVM,54
MPG,37
PGF,55
FTH,27
THL,62
HLQ,48
LQV,76
SFG,122
FGH,44
GHH,34
HHM,6
HML,19
MLA,166
LAY,158
AYV,77
GRD,135
DNE,63
NER,70
ERM,48
RMA,66
CRC,8
RCR,33
CRV,18
RVN,74
VNR,90
NRM,24
RMP,29
MPL,79
GTT,132
TTY,35
TYP,40
PIQ,35
IQR,50
QRE,66
GFE,120
FEQ,82
QIC,16
ICQ,12
CQN,13
NSL,123
VSD,206
SDR,114
DFA,143
FAI,88
AIE,164
IEF,70
EFT,62
SLV,162
VMV,72
MVH,21
VHL,54
HLS,78
LSE,277
SEE,119
ELI,184
ILW,26
LWM,16
WMS,7
MSP,29
SPR,49
FID,96
ADR,146
DRF,90
FCT,14
CTG,22
TGS,183
SIM,35
IMP,46
PQK,58
QKK,50
KKN,71
KNP,93
NPD,147
PEL,206
VRG,151
GHL,82
HLI,68
LIG,304
LIT,152
TLM,83
LMK,67
MKS,38
KSQ,44
QPL,91
AYN,55
YNK,24
KDN,81
DNQ,41
NQE,37
QED,42
EDK,75
KEP,40
PLF,123
LRI,114
RIY,47
IYA,90
ADM,105
MMR,29
RGV,96
GVT,132
VTV,175
VKP,104
KPD,85
PDN,69
DNM,25
NMR,32
MRA,69
VMQ,43
MQG,41
QGF,86
FAT,95
ATA,280
DYL,148
YLV,96
KGM,57
GMP,68
PFR,42
DAH,46
AHE,76
EVV,172
ADQ,62
GFS,137
DLI,206
DDV,134
DVY,78
VYG,107
YGV,103
PEG,178
EGS,117
NAR,98
ARN,81
RNH,25
LGG,400
GGT,197
GTA,208
PEQ,93
EQV,142
QVR,84
VRF,108
FQV,39
VKR,116
KRW,18
RWR,28
WRE,38
REM,54
MKT,76
TLT,218
LTV,275
HTP,52
SHS,39
SYP,46
PIF,45
IFI,90
FIG,137
IGN,132
NGL,195
KPH,29
PHL,75
AII,131
ANE,101
NET,69
LYL,132
TLQ,124
SII,93
IIL,153
GEA,230
EAH,51
HKN,24
NWQ,20
WQT,30
QTL,197
NLI,116
LIF,113
DGL,243
GLM,109
LMQ,60
MQN,38
QNR,82
NRA,115
RAE,205
ERK,109
KTT,113
TTL,142
GDM,42
MVG,82
VGF,108
ATY,44
TYQ,34
YQR,31
QRG,49
APF,98
PFV,92
FVQ,59
QIP,68
SQV,57
SVG,192
AIN,100
INH,37
NHP,48
HPL,79
NMI,29
MIG,54
GAF,153
AFY,72
FYQ,49
YQP,31
QPQ,54
TLH,87
HTL,105
TLP,216
PAR,100
AEV,233
VIK,91
IKY,36
LGD,187
FFE,69
EWL,58
EQH,42
QHM,6
HMP,11
REK,109
AVY,157
VYR,76
YRC,8
RCC,6
CCQ,3
CQM,5
QMK,33
MKA,69
QDE,70
TEQ,85
RAW,30
WLN,43
HTF,24
HAI,39
IET,129
EMG,64
MGY,32
YGT,58
GTW,23
TWL,48
WLH,22
AGC,58
GCV,29
CVL,47
SEQ,100
KTS,93
TSA,132
LPS,178
PVF,98
FAF,84
AFE,125
FEK,96
EKW,29
EHM,13
HMS,10
MSH,17
SHD,38
KKV,114
IMR,46
MRF,34
RFI,85
LNR,189
NIT,90
ITD,115
ILR,148
QPY,36
VGK,237
GKE,168
KEI,153
LTK,118
KIR,148
RSV,111
SVQ,94
VQN,86
NTQ,56
QKI,108
ITK,83
KAM,73
AMQ,54
MQM,17
QMV,30
MVS,56
VST,125
STS,72
SKM,25
KMR,34
MRK,45
KTQ,66
QER,79
RMR,37
LAR,344
RPY,52
PYA,74
EKV,148
MVM,19
HLA,105
QTN,47
NTD,86
TDH,25
DHG,32
HGI,78
GIP,208
ESH,36
SHR,33
HRE,25
FIL,121
ILI,149
ITS,96
TSD,77
SDK,120
DKG,123
GLC,46
ANV,102
NVL,166
LKK,249
QVQ,66
VQE,88
QEY,37
YRN,63
RNQ,45
NQG,61
VCF,27
GSK,108
SKG,109
MAC,10
ACQ,27
CQS,10
VAS,156
DTP,115
TPK,104
MEM,26
LGP,58
GPL,59
PLT,138
LFQ,81
FQR,41
RYE,74
KHE,43
HEI,48
RIH,50
IHL,51
HLV,60
FVN,62
VNT,97
NTM,22
TMR,31
MRQ,68
RQE,67
QEP,18
EPR,47
PRM,17
RME,39
MEV,30
LPI,139
NVI,67
GDS,106
DSA,126
APK,124
KSP,51
FSW,27
SWE,27
WEY,13
YEP,37
EPT,61
PTA,131
LEY,81
RYL,141
VVY,80
VYQ,46
YQA,91
SDN,79
MAS,60
ARM,69
MVA,97
VAM,75
AMK,69
TDN,87
NAI,89
IKE,114
LRL,234
VYN,44
NKS,53
KSR,118
SRQ,90
AIT,103
TTE,66
MTV,74
TVW,51
VWV,52
WVG,40
LTG,303
KSA,158
AQC,18
QCF,14
CFA,22
FAD,178
PRI,55
AAH,129
HSL,95
SLT,203
LFG,232
FGD,109
TVF,105
DTQ,68
TQG,93
RDI,129
RKE,88
KEV,127
EVF,85
ASP,103
PSR,71
RKA,145
SVM,64
VML,86
MLP,82
PLI,150
IFS,105
FSE,80
EIK,156
IKK,105
KKQ,99
KQQ,70
QQE,55
QET,59
FTD,82
GIV,219
VEI,154
LLT,294
RQF,65
QFI,34
FIS,77
ISL,178
LTI,136
TIS,90
ISA,211
PVE,96
RVM,43
MAR,80
VIS,112
ISH,43
SHQ,27
HQA,56
QAS,88
ESE,106
SER,95
LKS,168
KSL,178
SLR,170
FYS,41
KPT,65
PTQ,42
QGK,144
GKH,73
KHN,21
SKK,90
KIK,135
IKV,116
IVG,207
TGY,78
GYT,105
YTG,92
DVE,113
VTS,97
TSR,83
SRS,115
RSE,83
SEA,192
EAG,331
DYF,46
YFP,46
FPS,54
PSL,106
AFQ,85
QTP,66
TPD,102
EQC,9
QCD,7
CDI,19
IVF,127
VFF,92
ATP,125
TPN,47
PNG,96
IAM,57
MKD,38
KDA,166
APR,71
PRL,109
SAD,158
FRI,51
RIR,135
IRD,111
PTW,12
TWE,15
WEH,15
EHW,18
HWY,3
WYG,18
YGM,34
MTH,15
SQA,103
QAR,132
ANP,138
PGC,18
GCY,16
CYP,8
YPT,40
PTC,19
TCV,17
CVS,28
SLP,204
LRQ,169
QCR,23
PGM,41
DCK,14
CKS,14
SGA,269
GRK,133
RKG,106
KGN,87
GNV,150
VGS,167
LCE,31
CEA,33
DNF,39
NFK,54
KAY,88
AGH,93
HRH,31
HLP,92
RQT,116
QTI,86
EGF,95
FVF,84
APM,48
PMI,32
MHA,27
HAT,31
YLH,46
LHL,100
GSD,164
DPE,104
DSP,66
FVD,76
LPT,121
PTG,109
SVR,164
GAN,140
NLC,28
LCR,56
CRI,31
RIS,109
ISI,108
IQQ,46
QQA,148
QSD,62
SDV,111
DVW,28
WVV,34
LSV,251
SVI,135
DNL,128
VKG,152
AVQ,179
QNM,18
NMN,21
NIM,29
IMF,25
MFG,46
FGL,181
EET,108
ETH,43
THG,61
AIP,88
MTA,101
AQH,49
QHQ,22
HQS,28
HRL,97
NTL,176
PPK,65
PKR,64
FLL,204
NDD,53
DYT,67
YTT,45
TTM,23
MEF,28
VVE,176
IFM,26
FML,60
GQE,76
VHH,19
HHE,22
GKG,265
CGT,37
GTY,51
QTK,60
TKQ,40
QQQ,73
QVM,37
QRA,101
GHP,54
PLQ,71
LQC,13
QCI,14
CIV,26
VEE,148
SNE,46
NRT,78
RTC,12
TCS,22
CSF,22
SFC,14
FCG,30
CGK,51
KSK,93
SHV,31
HVK,35
VKH,42
KHL,88
NAF,94
FIC,13
ICD,16
CDE,20
DEC,21
ECV,17
VSN,96
SNC,16
NCI,13
CIE,23
IEI,115
LHE,85
HED,32
GTP,140
PSE,235
ESA,153
KLP,189
PTP,71
NLN,139
NDH,22
DHV,28
IGQ,95
QAK,138
AKK,213
VSV,215
SVY,68
YNH,18
NHY,16
YKR,25
RHP,59
NVE,76
KSN,54
IGP,67
GPT,28
ARK,152
KLD,186
LDV,161
VPF,74
FVM,36
DAT,87
ATT,99
VGE,191
IIT,111
TKL,148
GKC,28
KCD,8
CDF,16
FDV,102
KAQ,139
AQR,117
IVY,56
VYI,50
YID,72
DEI,179
KIS,144
KSD,71
ITR,101
RDV,104
DVS,129
VQQ,61
LKL,254
EGT,84
ASV,209
PQG,72
RKH,44
KHP,43
QEF,45
EFI,57
FIN,63
INV,60
DTT,62
TNI,61
ILF,136
LFI,106
KVI,122
RQR,83
QRT,39
RTE,87
GFG,197
FGA,177
SVH,36
VHS,39
HSK,30
SKD,65
KDE,88
DEN,126
FGI,137
PED,127
EDL,184
LIK,149
IKF,52
LIP,155
IPE,144
INI,79
TEP,54
PKN,69
KNA,136
QYQ,28
FGM,45
GME,57
MEN,49
EFE,86
FEE,105
EEG,150
LRS,111
QAM,59
AME,53
MER,40
KTG,171
VER,151
ERC,16
RCL,25
CLL,51
DTM,31
TMY,13
MYR,35
GLK,225
KVV,157
VVG,239
GKA,238
VIE,156
EGR,168
REP,41
MQL,40
QLN,90
LNP,143
EIS,128
ISD,145
AKI,203
IEN,130
ENL,196
NLS,143
SVN,94
VNA,152
EVR,141
VRT,106
TCG,19
SVT,119
TDG,147
SDA,146
DAM,59
GEM,71
MLE,80
NTF,51
LAM,105
AMN,39
MNL,52
NLE,114
LER,192
DSV,131
GEY,81
YEH,26
EHI,72
HIK,33
TVT,170
VTC,19
TCT,14
VPV,156
VGR,163
PID,56
KGP,34
API,88
IAP,135
VDQ,43
DQP,18
QPM,13
PMQ,19
MQT,46
IDS,112
DSM,38
SMV,46
MVP,21
GQR,72
LII,143
IIG,198
GDR,93
DRQ,61
IVN,110
VNQ,58
NQK,50
QKG,83
KGT,118
VIC,28
ICI,13
CIY,10
IYV,39
VAI,159
GQK,93
VVR,135
VRK,114
KLE,172
EEH,60
GAM,75
MEH,25
EHT,50
HTI,50
IVV,140
LQY,59
QYI,49
PYS,50
SGC,45
GCT,34
CTM,7
TMG,39
MGE,53
GEF,100
FFR,55
RDR,73
DRG,39
LIV,229
VYD,83
YDD,42
SKQ,78
KQA,179
AYR,127
YRQ,68
QIS,73
RPP,33
PPG,37
EAY,110
AYP,83
PGD,48
HSR,48
ARV,158
NEH,21
EHE,45
LTN,114
TNG,74
EVK,138
PII,57
IIE,116
SAF,130
FVP,82
TNV,49
DGQ,122
QIF,54
IFL,107
ETD,123
LFN,82
RPA,139
TKV,60
KKL,210
AQY,78
QYR,60
YRE,85
AFS,152
FSQ,55
SQF,39
EAT,94
ATR,101
TRK,84
RKQ,85
KQL,175
VVT,129
VTE,131
MKQ,56
KQK,87
QKQ,76
KQF,79
QFS,42
STL,190
NTA,154
AEM,88
EMA,79
ALT,289
TLW,41
LWA,61
WAI,19
INN,77
NNG,87
YSD,67
FES,64
EFL,117
LSF,126
FVR,98
RTQ,58
TQH,25
QHP,33
HPE,81
NAS,100
AMS,68
DES,98
KSF,78
FKS,64
KSS,78
SSY,58
SYA,87
YAY,60
AYQ,79
MSF,29
SFD,103
FDN,87
DNY,44
EQS,92
QSG,148
DIY,59
IYS,60
YSR,58
KER,102
FLV,100
VGP,53
GPV,83
SAN,105
LFL,228
SEN,117
DKD,106
KDI,123
DIF,77
IFF,58
INS,72
GMS,65
MSI,60
SIY,57
IYD,52
YDT,48
TMN,22
MNF,22
NFI,56
FIK,47
IKP,84
TLC,39
LCL,55
MGA,101
PNS,51
RIM,45
IMI,29
IHQ,31
HQP,20
EIH,61
HAR,56
LKI,152
KEK,132
RLM,92
MAK,97
AKH,70
KHC,9
HCD,9
CDR,16
TDR,76
NFM,19
FMS,35
EAK,176
KEY,63
EYG,86
RAS,106
QNY,37
PNF,26
FAP,118
MIP,32
GSR,155
RVW,30
VWD,34
WDT,17
EYI,60
IDF,84
DFS,121
GHC,7
HCH,8
CHP,5
HPA,63
QMH,9
MHK,12
HKL,79
KLW,50
LWH,22
WHI,19
ISN,98
NIY,47
IYT,63
TTR,71
TRP,67
PAQ,99
NSF,63
SFA,114
KVF,70
FFC,14
FCN,9
CNS,12
RKY,35
YAR,83
KSE,76
VAC,38
CIN,20
HGR,50
GQP,80
PKY,25
YSK,42
YAP,67
THV,25
HVP,32
PFN,32
FND,54
NDI,88
GEQ,89
QTC,15
TCA,23
IEP,100
EPI,53
PAT,111
AEY,113
YLQ,74
RLC,39
LCD,26
HNA,64
ILD,153
EVQ,70
VQT,138
TGM,59
MGH,24
FAY,69
AYE,99
EHY,34
HYG,44
VPD,86
LSS,192
SAK,158
CGF,33
GFP,67
FPI,54
LAT,199
ATE,105
FQP,50
PGT,73
GTH,54
HGS,43
GGN,162
GNP,116
NPM,21
PMA,35
ACA,74
SRA,134
IIN,86
NHV,38
HVR,35
REQ,102
KLQ,98
DLC,31
CRK,31
GLF,150
YRG,69
HGV,55
VMI,48
MIL,53
NDE,67
EDM,34
DMA,64
RLE,181
HAL,87
TEF,68
EFA,133
TES,103
KPS,71
PST,59
LPG,158
KSI,104
SIS,112
SNR,67
ACE,30
IHS,53
DDT,88
DRM,42
RML,75
LDK,220
DKL,223
QIE,116
IEY,44
EDR,53
KVH,29
VHG,57
RFP,78
FPN,50
PNR,59
FRP,61
GDY,71
DYH,30
YHL,33
RMH,14
MHE,19
ERP,49
KEH,44
HYP,24
YPP,29
HIG,87
ERQ,81
RQD,78
QDN,28
IPI,68
PIK,43
IKG,142
NVS,102
SSQ,53
QFL,64
LLM,113
FEI,96
ISK,89
KPY,73
KLM,64
MAQ,76
AQF,76
QFG,64
FGV,121
VQV,88
QVI,75
NEG,70
EGY,77
GYR,95
YRV,70
RVF,76
VFK,72
FKI,66
KIP,87
IPA,163
AHY,41
HYH,9
YHA,31
EHL,94
LHV,45
HVE,37
SYF,54
YFL,57
PVR,110
VTG,161
NSI,58
VAF,106
DVV,180
VVW,34
VWG,43
WGE,30
ENF,69
NFV,48
FVE,95
EVS,120
RPK,61
QSF,60
DAN,86
ANH,36
HIP,52
AMT,65
CTL,26
LRN,93
GSW,31
SWR,23
WRV,25
VKE,157
AMA,128
MAN,52
EAE,268
AIH,41
IHI,60
HIT,60
ITP,124
PPE,64
DTY,42
TYD,40
DDH,26
DHR,22
HRM,10
MAM,41
AMC,19
MCF,9
CFS,25
FSL,157
PVV,163
IND,72
NDP,46
DPK,77
PKC,13
KCT,6
CTH,6
THK,36
HKT,42
TFP,46
FPT,54
PTY,41
TYF,43
YFD,70
VFS,110
FSS,88
TAK,206
KFQ,26
FQQ,28
AGF,219
DDQ,28
DQN,32
QRL,119
RLQ,136
LQQ,125
QQH,26
QHL,75
HLN,74
LNS,117
SGQ,106
TKR,54
KRS,65
RSD,85
LVQ,132
QQN,62
QND,56
NDA,114
KIL,210
QNI,121
RGG,155
QNV,79
NVN,65
VND,59
EDQ,36
DQR,23
QRD,52
KYT,38
LTQ,118
TQR,48
DPV,70
RDD,60
AIQ,84
IQV,46
LQR,134
QRR,69
KNN,85
EPG,56
GVG,219
QRI,81
RNK,60
EER,107
KGV,174
AKD,139
KDD,56
DDG,111
IHT,52
AMD,48
KPA,155
LHC,14
HCI,9
CIG,34
DEY,55
RQY,76
YIE,75
EKD,99
RRF,139
FQK,51
KVL,223
EPS,71
SVE,140
DTI,93
IAI,135
ERY,92
YEI,62
IHH,16
HHG,32
TDP,84
DPA,106
DRY,58
FLP,124
EKE,127
TKP,53
EAM,88
KID,109
QLR,97
AHV,50
DDA,136
KKR,117
ING,130
QKE,68
EIW,23
IWK,12
WKA,18
AAN,249
KQI,93
QID,85
VKI,108
IKI,93
RQG,101
LAS,237
SKL,138
LMY,27
MYE,21
YED,54
HLE,61
EKQ,127
DST,60
STK,57
ANK,95
RNN,57
NNV,64
SRM,43
RMT,42
MTG,55
IPV,135
VSK,120
KMM,21
MEG,40
RDK,71
EEV,148
HRR,43
VGQ,98
GQD,76
RRS,104
PNK,42
NKP,67
PYG,63
YGS,75
SFL,110
FLF,67
ELC,25
LCK,28
CKA,27
FDS,88
DSE,91
EDH,18
DHL,50
IRI,78
IDM,31
DMS,26
MSE,71
EYM,25
YME,14
KHA,44
HAV,93
PGY,38
VGY,89
GYE,81
YEE,59
RKP,64
YSV,62
FNI,54
DGR,141
RTV,114
DFK,61
VIV,186
IVM,45
MTS,32
TSN,49
GSQ,81
SQH,25
QHI,54
HIQ,46
QQM,21
QMG,39
MGI,68
GIQ,76
IQD,62
QDY,51
DYE,51
AVK,300
VVM,67
VME,44
PEM,55
EMI,38
MIN,22
VFH,36
LDQ,71
DQD,33
KIQ,58
KQN,75
LDI,195
FDP,70
DPI,47
PIY,44
PLK,117
EIE,169
NPL,121
GNY,62
NYA,67
LKF,86
LPR,122
PQI,60
QIH,31
HQQ,14
YER,47
RIC,21
ICA,46
TFF,49
FET,77
GGC,31
NVT,68
PFK,47
KQE,86
FHL,38
DEH,35
EHS,36
HSE,37
KLR,118
RGD,89
DNT,76
ITQ,68
TQV,54
KNI,144
KTI,112
TIL,144
EHR,48
HRP,47
IVI,112
ANR,122
QLF,71
IEA,255
VPM,46
DVN,69
III,74
NGT,129
NGQ,103
IPP,52
IFQ,43
FQN,65
QNC,8
NCA,21
CAL,41
AYD,73
YDM,17
MVY,26
KPF,87
PFL,93
RQS,103
MLV,85
ALW,69
LWR,32
WRG,35
YMK,19
MKN,48
KNF,70
NFN,34
LMG,94
TLG,204
GRQ,103
QMA,49
RLD,186
LDY,110
RFY,51
FYD,46
YDS,51
DSD,81
SDH,30
DHE,22
VPI,66
PIP,64
PTI,54
TIF,52
IFE,65
FEM,15
EME,42
GFR,96
LPH,86
HIV,61
KEE,98
EEN,85
TVV,171
RCD,15
CDN,18
DNS,69
DPL,79
RDP,40
PVY,69
DFT,65
VES,118
ANC,19
NCR,12
CRE,29
QNH,35
NHT,39
ILQ,110
LQS,149
LLW,56
WMK,13
MKL,73
TAN,119
EDD,73
DYN,34
YNA,35
IPK,69
PKK,67
IDC,22
CRA,46
RAQ,128
IQC,9
QCG,19
HVS,56
IAY,80
AYF,81
YFN,46
TGT,132
GTM,36
SAM,65
MKE,54
KED,69
NIW,16
IWG,28
GDG,136
STY,43
TYK,45
YKG,57
ERF,117
TNP,60
KIY,57
IYK,37
YKP,41
KPW,16
PWL,28
WLD,64
DQQ,17
GRH,71
RHE,45
HEM,23
EMS,41
FLI,129
NGF,90
GFN,91
FNY,24
NYK,32
YKM,9
AYS,91
YST,57
STD,78
SNM,23
ATH,46
THE,42
GIK,163
PIM,33
IMG,47
FWD,14
WDE,25
SRG,99
GIY,86
IYE,56
EAP,98
LFH,55
FHI,27
LVT,132
GIH,65
IHN,44
HNE,25
RIN,79
LLY,120
LYQ,78
YQG,48
GRW,18
WFD,36
DSQ,59
QRW,12
RWV,29
WVA,44
EVT,84
VTL,177
RGN,64
NDY,60
DYS,59
NTE,66
ESP,56
SPN,49
LTY,82
SME,39
PLD,105
QLT,109
LTM,54
MRN,24
DTR,83
VKL,172
YSQ,47
LSL,361
SLG,235
MES,40
ENI,127
NII,106
RFS,101
YGG,102
NAM,57
HPV,54
IVH,48
GPQ,30
QIN,70
KGE,139
QGM,34
GMR,51
MRV,35
MDI,56
EMV,75
MVL,83
GGH,71
HVN,28
VNK,81
NKE,74
SMI,35
NTY,39
TYG,72
DHF,20
HFI,34
QNG,110
NGV,145
QVG,90
SID,87
RGC,13
GCI,30
LMM,39
MTN,19
NLL,229
TLY,86
GGM,91
PKI,88
THI,52
PNA,97
VHP,52
RKI,134
ENW,32
NWP,8
WPQ,10
KGI,144
FHD,24
HDI,53
EYF,37
FRL,86
DLL,261
RYM,20
YMD,13
MDQ,12
DQK,38
FII,61
YQL,48
PIR,54
PFE,60
QSY,51
LQN,134
QNE,60
EGC,32
GCM,10
CMK,4
KIF,85
IFH,23
FHN,27
NPR,79
PRC,18
RCS,10
CSK,25
VKY,44
KYL,89
LKD,231
IFN,45
GMM,35
VKD,113
LYK,59
YKE,51
NPN,104
DND,45
ADH,36
DHP,38
MST,49
LSY,103
GDQ,34
QLV,105
PFA,115
KRT,69
RTM,31
EIG,155
IGK,194
YQN,52
QNP,46
GTK,80
FDW,20
DWD,29
WDK,32
KHD,18
AEP,108
LFF,118
FFL,74
FAC,31
PRA,65
TDV,87
DVI,109
QGC,17
CEE,12
EMP,56
MYP,14
YPV,62
GVV,200
KEN,79
ITG,165
ASN,85
HSN,22
NGY,84
EFD,76
APT,116
PTR,50
LYV,65
YVK,62
PIL,101
EKF,102
FTI,49
TIK,76
MAH,26
TEN,91
PRV,57
PEN,125
ENT,79
KSW,18
WEL,23
PKL,108
FQW,6
QWL,54
QEM,38
YRT,44
RTF,61
FNC,7
CGI,38
IGM,74
GMV,82
MVV,59
EHQ,34
IYF,44
YFG,76
FGK,139
DDK,76
DKR,83
KRM,44
LMV,88
IPS,91
PSK,69
TQI,74
SNF,47
NFW,15
FWF,18
WFK,17
FKK,59
HIM,16
MPN,22
PNH,28
NHF,30
ENE,95
PVK,109
RGY,89
SGW,47
GWK,30
WKD,17
DYQ,63
YQK,39
QKT,76
SVC,32
VCG,69
EGM,61
GMQ,40
MQE,41
QQL,108
VIF,84
GDH,23
DHD,17
HDE,33
ISF,86
SFE,79
EEC,13
ECG,43
CGR,29
YAK,99
IIC,26
KFE,65
FEF,47
EFG,90
PDS,103
SSR,81
RFW,27
FWP,5
DQY,25
QYK,30
YKV,51
GTN,64
NPP,50
PPS,44
PSF,73
DKQ,78
QFV,58
DWL,51
GWN,27
WNK,14
PAP,140
KVP,83
IQK,74
RVC,24
VCK,23
CKV,12
KVT,78
KRP,59
RPM,29
PMS,26
GNN,61
HAN,28
ANN,89
NNK,56
KTK,102
KRR,115
NLQ,85
QSR,78
FWV,27
NRW,23
WVR,29
SNA,80
IDV,113
MSS,44
PRH,25
RHV,50
YIS,59
DRT,58
LNQ,127
NQF,28
FKR,74
KRH,53
RHT,40
HTH,23
HPF,45
PEK,117
NRS,79
QEN,62
QRP,42
RRI,142
IIK,76
FQI,56
INF,40
NFF,35
QGH,27
HHS,29
YDA,85
VNF,38
NFS,58
NHD,20
HDD,28
KNL,165
ILM,54
KTP,94
TCL,24
CLY,15
QYG,77
ANY,42
NYP,34
YPL,65
PDD,87
MVK,52
PYR,55
TIQ,41
IQP,57
RPN,45
NST,51
DTC,18
TCR,23
CRS,22
SEV,97
DAQ,118
QSM,30
SMF,31
MFR,25
IPF,89
FAN,81
ANT,92
DKS,82
AVH,83
QAC,28
ACK,24
CKL,32
KQV,92
QHA,50
HPG,32
YPD,59
PDR,67
REN,90
NFG,58
FGR,118
EMN,29
RAC,25
CLN,35
NYQ,26
CRD,22
DQG,41
LEM,60
MAY,33
AMY,32
MYN,7
YNQ,35
NQA,102
AKN,137
YMP,16
MPD,61
PRS,44
LQM,33
MVR,53
VQA,140
QAD,142
SIC,20
ICL,41
CLH,18
HGD,46
DGP,35
GPH,12
PHA,43
MTD,61
TDF,89
FRQ,68
QDF,61
FLK,126
TTK,49
SPY,34
YFF,33
KFY,34
IRF,85
RFD,115
MLF,66
FGP,49
PAY,79
AMM,35
MML,45
YNR,32
NRK,73
KDH,25
SIK,91
QEV,80
GQF,56
YRR,67
KQG,132
PNY,23
NYH,19
YHE,25
EVN,51
SCG,44
CGN,22
NKF,36
KFA,86
TKS,63
IEV,129
EVC,32
VCS,42
SLC,38
LCH,13
PFY,48
IVD,124
TTG,103
DKF,62
KFN,49
FNN,45
LFK,129
IKM,22
KMV,59
PGK,82
YEQ,45
QTR,80
TRH,39
GFW,30
WFL,20
LAW,61
AWK,39
WKW,5
KWK,9
ASF,129
FKE,71
KFF,40
FFG,87
WLL,90
TFM,31
FMN,13
MNR,32
QFY,26
FYK,34
YKI,41
VVH,40
VHD,34
IPC,20
PCG,24
KFK,69
FKL,87
GHN,34
HNG,60
IQA,152
DRN,55
YVL,89
STE,75
TEH,43
KWE,10
TRF,80
FLH,38
MRD,48
GHF,32
HFY,16
TTT,64
KFD,72
VYK,35
RTY,42
QPS,49
VTK,56
KRK,99
RKR,102
RTH,42
HGF,58
RSK,49
SKT,112
MPK,39
KMK,31
RFK,73
RAH,48
AFK,106
RHI,70
TKK,51
NDR,52
AKM,79
KML,91
EQK,84
VKS,124
HRA,62
CAR,15
RRR,161
RRE,141
REH,59
NRG,57
INK,68
NKI,88
IDH,38
DHI,42
QFK,27
LHY,41
NAV,173
FNL,85
GVC,51
VCL,46
CLD,32
VVN,91
VVQ,94
QKR,74
VFR,74
FRC,8
RCP,15
CPN,19
PNT,48
NTN,45
TNC,12
FYV,47
KKH,42
LKC,22
KCH,6
CHY,5
YCE,17
CEK,11
KTY,74
TYS,51
MKK,108
KIN,92
NVA,114
NPQ,61
PQY,40
EGW,38
WNT,14
MPA,92
KCN,7
CNL,15
LAC,56
CGW,11
GWC,8
WCD,6
TDY,59
MMG,38
HLD,63
GYF,65
FLC,26
ETN,38
DYV,82
SPK,78
KAC,24
ACY,18
CYA,24
KYE,35
NSC,8
SCI,19
AFC,36
FCE,17
CEN,16
ENM,37
AHH,37
HHY,13
HYY,12
YYL,54
YLS,116
SPC,17
PCE,11
CEQ,16
EQD,72
TIR,86
VHW,9
QLS,97
QTH,31
HKW,7
KWA,33
WAG,37
MPT,31
PTM,16
MNT,66
NTR,62
RNM,25
YIL,82
LPM,61
DNV,76
VTR,104
CYD,10
EGQ,76
QES,55
ESK,87
RSS,80
YTP,56
SLM,63
MYD,21
KND,56
EHN,41
PMY,15
YLM,29
LMP,67
PLW,34
LWY,21
WYN,3
YNN,25
NNS,47
GQQ,52
QQK,47
QVS,91
SKI,118
FKT,95
DLW,27
LWF,26
WFG,40
FGY,70
YTQ,53
QRS,48
SDW,34
DWQ,37
WQI,22
QIY,36
IYN,34
RNT,68
DYK,43
TQP,43
FVH,36
VHQ,25
QSN,38
GQS,95
RSW,20
SWN,10
WNR,11
YAM,30
MAG,100
MEW,7
EWG,24
WGK,23
DQS,39
NDN,46
DYM,21
YMG,24
YGD,75
RQN,76
NVY,44
LRY,89
RYN,37
YNP,36
NPK,90
PKT,84
YTF,31
NHK,18
HKQ,11
LMF,52
MFN,18
MIT,40
QKM,39
YES,43
MDD,30
RDM,36
DMC,6
MCY,4
CYH,3
YHT,20
HTE,40
TEC,13
CVA,41
MIV,51
GAY,118
YQQ,29
QQS,48
QSK,64
SKE,84
KEQ,98
MAA,168
AHM,9
HMV,14
GVW,53
VWM,18
WMA,12
ETT,75
FLQ,79
PVC,23
CAH,12
QSV,123
GYK,81
MEC,7
VSC,32
SCP,25
CPT,22
TIG,104
DCD,16
CDG,17
VMH,21
HDM,12
KFV,74
FVK,80
FMQ,19
HDS,25
FPA,66
HIF,37
MQI,27
IIH,41
AWR,44
WRK,22
RKN,89
NLH,70
IFV,78
LQF,46
EDF,81
KYP,51
PRT,37
QQD,38
YPN,46
EQR,64
EPP,44
PPN,27
GKF,68
KFR,47
FRG,52
SPD,86
ACF,29
KGF,116
LNF,81
NFD,60
PVD,75
NQY,34
QYL,96
LYR,130
AES,195
TEY,45
YGW,24
GWV,47
DVT,86
HQN,18
QVT,56
TEV,79
KGQ,78
AIW,21
IWQ,20
WQV,22
QVE,88
GWG,42
WGN,21
NRQ,78
SFI,84
NSV,72
KDT,82
TGD,102
DIN,74
INP,89
NPW,14
PWD,15
WDS,20
SDY,46
VRY,68
VQY,37
QYA,69
HNS,18
NSE,48
ESY,58
SYH,26
YKN,53
FFV,75
RHH,26
HHQ,23
HQV,37
YQI,53
IHR,47
SGY,82
GYD,93
YDN,34
SHN,35
SQT,86
QTE,93
VTP,85
TPR,64
YAH,41
GNE,76
NEY,49
YDQ,27
QVV,91
YDF,36
FSK,78
SKR,73
AGW,73
GWL,68
ENK,89
RHK,52
NNL,108
VFP,65
RYT,77
HES,39
ESW,27
SWQ,24
WQE,37
QQC,5
QCL,16
EEW,24
EWQ,35
WQY,14
VHV,42
QKS,92
RSL,165
MPM,15
PML,69
RIQ,52
NIQ,76
IQE,64
EYK,41
MTK,36
QGY,72
YTV,68
NEI,84
NNY,20
NYG,44
GEC,21
ECW,2
CWK,2
NAY,70
SQG,80
VEC,24
PEP,80
QYV,42
ETI,130
KDS,85
SRT,91
RTN,43
DFM,23
FMG,29
MGS,54
KYN,34
ESQ,45
QMT,27
QVC,27
VCE,26
KRE,84
EPD,58
VDV,118
TRQ,70
HNH,9
NHH,17
AQW,34
QWG,18
VDW,17
FQG,46
DCF,10
CFI,10
TCP,18
CPL,24
PYH,30
YHI,45
AYY,39
YYN,23
QLQ,96
LQH,55
DVM,43
NEK,91
EKN,98
NKN,56
LFE,130
FEG,118
DYG,91
YPF,24
FVT,87
SSN,63
NCL,25
PQM,22
SGP,42
GPF,20
PFP,40
PTE,71
EVG,145
RGH,27
RRC,22
GWF,32
FDA,150
IQI,49
GMC,12
MCI,10
CIT,14
TIN,68
NIC,14
ICV,21
CVG,26
LPC,28
ETC,18
TCK,13
YET,70
PGW,17
GWR,40
AYL,205
RIE,133
GPD,20
REE,115
HHP,24
SLY,86
RNY,40
IRT,147
SDF,83
DFG,100
AVW,69
VWQ,50
QDV,71
ATQ,91
TQW,12
ANQ,71
QFD,63
FDD,85
DPW,9
NND,36
NDV,77
RHD,38
DDM,43
MPV,59
VQF,37
NSK,54
YYT,22
TNN,32
NNN,35
VYY,35
YYA,42
FKY,36
RNA,136
KNH,33
QVH,19
NGD,98
STT,69
FDF,72
DYD,40
GAW,43
KRN,64
NYT,34
NPI,60
TMK,25
DEQ,72
QQI,52
HRY,32
YLF,75
LYD,71
RED,56
EDN,46
FRF,54
EQM,43
QMP,36
TFE,64
EII,134
KYV,58
EGN,117
RST,61
IWL,45
VNW,21
WQN,23
ERS,70
TDD,73
DVD,105
VDN,66
IIF,56
SYY,34
YYY,11
YYE,26
YEG,63
MKF,30
PRG,62
SVW,38
VWA,45
WAE,51
RYQ,40
KMP,64
TYH,16
YHG,33
QRV,74
NIH,52
IHF,42
HFK,30
PKQ,54
STP,65
TPG,75
PGE,70
DVG,102
PFT,58
NHS,33
HSF,31
HRF,32
VNP,86
KYD,30
YDE,48
YGK,102
KPR,53
PRW,22
RWL,47
WLV,46
TRT,72
VGW,32
GWD,26
WDY,21
YPK,43
PKP,80
FQF,26
LTH,66
THQ,24
QGT,78
HQI,43
INQ,65
QQP,38
FKP,60
TII,87
DMH,18
MHL,16
HLR,67
PYT,39
MGR,44
KPP,36
YKA,67
IMA,81
FEP,70
PLM,46
NAT,76
KLY,93
TNS,46
SDS,104
EEM,57
AKQ,197
VMK,42
MKP,55
VPN,72
FEH,40
PQH,27
VRP,101
RPH,25
PHH,14
HHF,20
HFC,7
FCL,36
CLP,30
THR,41
HRQ,35
HKF,22
HAK,49
CGC,18
GMF,37
MFS,39
FSA,129
SKN,69
QSQ,55
PAS,117
PMR,25
IGW,28
GWT,33
WTV,35
YKL,65
MGM,29
MDL,52
PNP,81
QPR,35
FRV,65
RVP,73
RMG,53
NNH,25
NHG,43
TMI,32
SKF,51
GIN,123
YLI,86
LIC,36
HAS,47
SYI,46
NKQ,35
HGK,76
GKY,115
YVP,50
IED,105
EMD,26
ATN,66
TTI,73
GSH,40
SHP,37
VHE,41
HEK,30
NRV,97
IME,41
EDS,73
QVY,40
LIY,76
KEC,21
ECL,36
CLK,43
PNI,62
VLF,186
FFD,64
WLI,41
RSC,15
CAE,37
TMV,23
MVW,9
VWT,25
WTD,20
ASH,40
GKQ,118
QRN,56
FNQ,55
NQR,37
QRF,45
FQS,47
FRK,49
MMS,33
SHK,31
HKK,36
KQD,52
GPK,32
AYH,37
QHK,28
HKR,29
VYH,26
CAM,12
CNT,11
TFC,9
CEG,15
CHD,6
LYF,75
YFV,49
FFK,65
PYK,44
VYE,68
MKG,46
PIT,48
KPM,27
IYY,23
YYP,24
VQP,47
PSP,79
NVC,14
NIF,57
IFY,35
YGQ,38
SFT,75
FTQ,54
YQV,38
EFN,40
NFR,36
SIE,93
EKP,86
KPQ,71
PQR,52
DWA,44
WAV,44
YFY,32
IAW,19
WRN,31
NGW,25
WLS,52
GQY,45
ADN,142
DRA,107
DRV,103
HVD,36
VDR,64
DRS,61
FIQ,34
IQT,107
GTF,101
AYW,22
YWQ,15
QHE,29
RFH,30
FHH,10
HHI,19
IST,100
EVY,58
FTE,67
YSA,84
VTN,57
NCS,6
CSN,15
GPY,20
YHF,19
DGM,77
WLF,43
DHA,53
TYN,33
YNI,38
TIC,19
ARY,103
TFV,61
VQD,73
QDR,46
DRP,56
HDV,44
DVR,108
LGW,52
VQW,17
QWY,4
WYL,12
DNK,51
TWW,6
WWQ,6
MEL,57
FTW,13
ARC,31
DFV,110
YRH,38
ENY,42
QIA,141
KAF,118
DVQ,90
QSH,29
EQE,78
DQF,29
QLH,44
LHQ,50
KQT,102
QTY,46
KES,80
TNA,82
QNK,52
NKV,55
GNW,25
NWG,16
LVN,134
QIV,95
SKV,71
YVR,60
HVA,50
HMK,12
YTD,67
FMF,10
FQE,40
QEC,12
CFD,24
GPS,46
IWR,31
NEQ,65
QNQ,37
NQN,47
FVG,130
QSS,61
MQV,34
RHR,61
RDC,7
DCQ,8
CQI,13
YVI,41
MSR,52
NNE,53
TQY,26
QYP,22
NKH,26
FVC,20
VCP,27
CPE,27
LCP,28
CPM,6
PMT,33
PDF,109
TIY,66
IYI,45
YIP,47
DCV,24
CVN,14
IIM,36
IMK,25
MDP,10
RKV,88
VTQ,57
VTF,60
HFA,65
TEE,134
MFE,30
FEV,67
HNF,15
HGN,40
RSH,42
QDP,35
VNS,51
RPS,84
SVK,129
TQQ,57
KYK,50
KRV,110
KMG,58
MDR,20
VMN,35
MNA,55
SMQ,22
MQQ,42
IQY,32
NPF,61
PFF,64
FFT,66
MNC,9
NCD,9
CDV,29
KDP,53
TRY,88
SNQ,38
NQQ,36
QDS,43
TTC,14
CLI,37
YGR,73
TFQ,45
FQY,24
ARW,31
RWI,21
WIA,48
QDL,127
LMR,77
THN,25
AIY,61
CET,24
PDC,19
KSM,30
SMN,27
MNV,40
MDY,21
QTW,14
TWA,17
WAL,44
THT,54
HTC,6
TCY,7
CYN,4
YNG,50
GCR,44
REC,21
ECP,15
CPS,21
PSC,18
KIC,26
ICR,42
CRN,28
NCK,8
RRN,89
RNR,111
ICT,23
CTD,13
DIS,131
HPP,15
PDY,57
NNT,61
DNH,28
HIR,61
SSK,88
LFC,53
CLR,28
PPY,37
DDD,74
DDS,62
SRY,77
YQT,52
VYA,127
LHF,36
EHK,45
HKM,16
KMH,15
MHS,15
SEW,30
VPS,80
SET,136
TTS,58
FNV,48
TNF,38
NFH,13
GHI,64
ERE,116
RFF,63
FFS,65
FSY,44
SYG,60
AMV,81
MAI,57
HKH,20
KHH,31
HYR,37
YDP,48
LCY,13
YII,41
NIP,106
TIH,39
IHC,10
IEM,46
EMK,43
RSA,146
VDC,19
RPT,61
MNP,41
HPH,18
SPW,19
PWG,19
WGT,26
KGY,78
RTD,89
RYS,70
YSN,30
SNK,39
QIM,31
MRE,76
NEV,82
YSH,26
YTI,57
NQD,49
MYA,29
SQI,73
FKM,28
MRR,55
HYQ,25
QNF,42
NFT,43
WKL,32
QSP,48
AHQ,37
HQD,32
EFC,14
FCR,43
GPE,36
DDF,73
KDF,63
AFM,32
FMA,38
QTF,54
FEN,88
YVN,41
NKM,23
MVD,43
TSQ,40
SQD,37
QDH,11
DHK,19
YSP,40
RAM,62
MNE,35
GMK,56
FLY,54
MID,39
CRF,30
GDP,51
QPI,38
WSP,9
PQT,101
KGD,121
NQI,70
VLC,41
LCV,29
CVV,28
MQY,19
YRK,88
MNQ,24
QQR,53
SNV,68
NQM,17
MTF,28
VTI,77
KVK,110
MNK,49
RHQ,43
HQK,24
QKP,47
TKE,67
TNK,39
APN,63
FTN,42
SEM,43
KVC,15
VCC,11
CCR,7
LMN,50
SSE,110
HFE,31
END,70
CAN,24
EQF,59
QFE,57
FED,70
MSL,72
SSM,38
RAN,74
DQM,24
HQF,19
SYN,32
SIP,79
MQA,64
FIF,54
DPY,38
VDP,52
PFQ,33
FQH,19
QHG,38
GHY,31
HYE,32
STM,35
SFS,99
IHE,44
MRS,37
RSQ,42
FAH,47
SYV,44
IKT,112
QHT,38
MLS,98
CRM,7
CNV,11
YEC,10
MLH,25
HDQ,14
TAW,36
PKH,45
SYK,44
YKS,44
SML,70
KDM,25
ENN,59
GIC,40
KCA,12
DEW,28
SGH,53
ERH,41
YEV,50
VNN,72
NYV,39
PTL,127
HPW,7
PWF,21
WFF,11
CQF,6
QFH,22
FHP,29
PRK,67
LNN,119
VNH,35
HEP,25
PWR,11
LWV,42
FSR,96
VSW,27
SWY,14
EWV,34
GGW,65
WRQ,27
RQP,68
CCK,5
EWR,29
WRL,30
NRD,47
FPV,57
PPH,38
FRT,57
SHH,15
HHA,29
AFP,64
AMF,38
MFA,72
DFN,61
YAN,40
AND,64
ISC,16
SCD,13
LKW,20
DIK,108
GKM,58
FMI,23
IKH,39
LVC,47
PMD,24
FPL,84
PLR,89
QMN,15
MNG,38
ICE,24
TMA,37
DMG,53
NAP,109
PVQ,61
TPW,16
EFQ,31
QHV,19
HVY,13
DTE,98
RVH,59
EPF,59
FSV,106
MDF,35
QAN,68
RHS,51
HSW,18
SWS,18
WSL,26
TED,74
PKG,133
QAY,55
YKW,4
KWD,21
KSY,58
NVK,75
YAI,70
SFN,46
AMR,86
MRI,31
GPR,32
MWF,6
SFY,34
FYP,25
THC,18
HCQ,5
CQG,7
DWF,19
WFS,28
SEG,111
FSP,64
KKE,85
TGW,35
HCE,4
SDC,14
DCE,17
CEL,24
VQH,26
LVW,49
VWR,27
TQD,48
ESN,41
GWQ,48
CVF,13
HIY,29
AST,95
GSN,103
QYH,8
MRH,31
HRN,28
NGN,135
SSH,31
NRR,90
GYI,100
YIK,44
LQI,75
SPP,31
FCK,13
MEP,17
TKD,64
DPD,65
RSM,41
NSN,36
SSG,176
RMQ,28
KIH,52
EHV,57
VCV,37
PNC,14
NCT,11
NWK,22
WKH,9
DFP,60
QYD,37
YDG,56
MIS,43
SNY,46
NQS,57
QSW,19
SWI,18
WIK,26
QDM,25
DMR,46
NPH,44
PHQ,20
HQR,21
NNI,71
AAW,61
AWE,24
WEA,44
PAC,24
ACV,41
CVI,24
NPC,7
CGV,29
YAT,65
FNR,76
REV,120
EVD,87
QFM,18
FME,25
MAP,17
PKF,47
NVR,94
DIH,42
QEW,24
EWN,15
WND,21
VWN,16
WNV,14
GQM,30
QMS,31
GAC,37
FPF,44
TYE,32
PGI,80
ILY,70
FHT,36
KDV,116
FQM,8
MHP,13
FQA,74
DCA,20
HNN,15
TCH,7
CHI,15
HIN,31
EFW,16
FWY,11
WYF,16
PWA,16
WAS,21
ENC,16
CGL,64
QQW,10
QWA,22
WAA,79
HHL,35
MMF,21
SEH,52
EHC,8
HCR,12
CRH,20
HKI,56
DTH,35
YKD,51
NSS,65
ENQ,60
HEE,42
MKV,27
HPT,48
SNL,95
QPW,9
PWE,9
WEQ,23
DIM,33
MIE,50
EGP,29
NEF,54
GYH,23
YHK,16
HKP,29
HKD,41
MLI,66
FNS,43
DRC,10
RCW,4
CWQ,2
IHD,24
QIW,16
IWC,3
WCN,5
CNE,3
AIC,25
CER,18
CPF,18
PFH,19
ITI,83
TMM,19
RMC,10
MCV,15
ITN,55
ANW,25
NWM,5
CQA,26
SMK,28
WQD,24
MGG,86
NNM,18
NMS,24
YHD,15
MAF,54
GRC,25
TFI,57
TNH,23
ART,116
LFY,67
HHN,15
TWQ,14
QIQ,66
KPK,105
DLM,59
GWA,47
WAK,44
PDT,112
VCN,31
CNG,18
NGC,22
GCQ,16
IIP,77
GWP,16
WPK,9
NEM,27
EMQ,33
ALH,104
RIT,99
TIM,22
IMM,16
MMP,22
MPH,22
RVY,51
YRA,84
MSW,7
SWK,21
WKP,23
WTE,21
GWY,20
WYR,13
RQH,52
HPR,28
GSC,36
SCF,11
CFF,8
IIQ,57
PKD,67
TNQ,24
NQH,18
HPS,38
PSQ,50
LCQ,14
RWN,7
WNC,4
NCE,16
CEF,14
AMP,61
CRY,23
RYR,87
EWA,47
WAD,41
LYM,22
YMT,10
HAY,30
QAT,59
AMG,90
LIM,61
PME,17
ICH,12
CHT,13
TTQ,49
HVT,22
DCT,12
CTS,12
TSE,58
HPQ,28
NVM,35
KFM,21
REF,58
RKF,65
IKS,82
FRY,28
MPY,21
PYQ,27
AIF,79
GEH,50
QDW,22
DWV,36
TQS,62
LWI,35
WIT,20
PSW,17
SWH,10
QFF,34
SQW,13
QWF,13
WAR,21
KRG,115
IWI,18
WIR,30
FPD,72
EYY,41
YYI,28
VLY,92
YEM,30
VRQ,122
EVW,30
WVT,16
WPI,10
ICC,5
CCG,13
GWW,12
WWS,7
PFW,26
WVF,19
NVH,33
HSQ,18
CTV,44
ERN,83
ILC,46
CYT,5
VDM,37
DMY,13
YLP,111
SEP,67
MPR,34
QRK,57
QFR,38
WIV,23
TRE,96
ESM,33
IIY,39
SYE,50
EMM,30
ADW,60
NSM,15
PPI,32
RFR,79
HIE,79
THS,49
STH,29
THH,16
HSD,52
NRH,52
YFT,37
CEM,4
STQ,53
RGP,26
GPM,29
PMG,26
MFL,36
FHK,23
MKY,28
ITC,13
TCQ,9
CQL,15
HEL,73
EEY,57
EYT,53
NDT,71
MIQ,31
IEH,42
ICS,31
CSS,22
SFF,70
KQW,21
LMS,64
FIH,37
DDW,21
DWI,22
WIS,23
QMQ,31
VMC,7
CIK,15
DNN,31
TER,99
RFM,29
FMK,14
MKI,68
IKQ,99
FHS,31
IYW,12
PEC,29
ECR,35
FNP,59
YAC,21
TTW,11
TWD,12
WDL,28
SWG,26
WGS,20
CRP,27
IYP,44
EQW,22
WQK,33
QKF,34
CLS,51
KAW,31
AWA,74
DWE,35
WES,22
HYF,12
IIV,109
GRY,93
LCT,29
CTP,14
TPM,35
MQS,37
SAW,42
DPP,16
VEH,44
QAW,32
AWQ,34
WQG,31
RSF,53
LRP,117
RPW,17
PWI,13
WIE,21
VHN,29
GCL,43
EDY,54
PYV,39
HNR,30
REW,36
QDK,101
PHV,22
KYF,45
FRH,36
QFP,45
HAH,24
DMN,19
FKD,87
KYC,7
YCV,16
CVD,11
NDW,15
DWR,22
AHR,59
HDL,49
KIM,41
KMA,56
WNG,22
NGP,20
VTY,44
YNF,20
FIW,8
RHY,43
YPM,15
PRN,46
EYH,21
YHQ,26
NRP,95
DMI,29
YPS,30
IMQ,37
MQK,32
FYH,21
RNW,21
NWR,19
WRR,29
RRW,20
WRP,10
THD,34
KHI,78
YYG,35
AGP,64
GPP,13
PPF,46
PTK,44
ITM,38
TMH,13
IKD,79
DVC,22
VCI,29
FTK,41
HAE,57
FER,91
DLH,55
HNI,38
ERW,21
QVN,40
TNY,24
YHS,33
FFW,19
WPE,14
YQS,58
IPN,66
PRP,51
PHW,7
HWG,12
WGG,45
FWQ,31
GWI,42
WQS,24
QQG,70
FKH,22
HAW,12
AWD,26
WDD,27
DGW,36
GWE,34
MQD,28
LCW,5
CWL,5
EMT,47
WVP,7
PMC,5
MCG,13
FMV,39
KYM,12
NYF,34
YFH,24
FHY,12
WNP,11
EMR,44
TAC,57
ACH,14
CHE,5
TKT,80
TCF,13
GFC,20
FCV,19
QHY,24
WGV,44
NFY,25
IYL,80
RQK,78
QKY,35
EKM,59
KMI,31
DHQ,11
RNF,47
NYI,46
SQY,30
KKK,77
RWA,16
FVY,34
WTP,7
NMV,25
QQY,41
YIM,17
IMY,4
MYK,13
AWF,23
PVW,30
WVD,17
YMR,19
MKM,20
YYM,10
MVT,42
DMQ,27
PCR,23
VMM,41
HHD,22
PFM,23
MYH,11
KYH,25
NPT,62
DFE,86
ISM,33
QYN,15
YNT,25
VWI,26
WIF,12
ESD,70
ISQ,66
SQQ,43
QHD,20
HDH,18
NWE,17
GMN,38
KMT,24
VPW,11
WDQ,3
RQQ,75
PRD,46
NFQ,31
FGW,25
DKW,23
KWG,26
WGA,38
CAS,32
NQT,62
LCI,36
CIS,23
PAM,54
IWD,10
SAC,49
GNC,14
NCP,13
CPV,29
KSC,23
KHF,42
DSH,35
EDW,19
WRS,21
YPQ,39
GCD,20
CNR,11
RWQ,26
QYM,14
YMA,33
PQD,60
IIW,23
IWN,13
WNS,7
NAW,27
AWV,45
HTK,33
VYF,51
WNI,19
WRM,10
RMK,40
VMY,17
WNL,16
MTP,30
NNR,58
SMM,19
YSS,57
NWI,14
WII,24
HFG,42
GYQ,60
EPH,31
PHF,28
KWY,12
WYA,19
RMM,25
MMI,18
MFY,21
DWH,14
WHY,6
HYA,41
INM,21
FWE,19
WEV,11
PPT,47
WQA,64
WTA,25
ITW,8
TWM,4
WMD,11
ASW,24
WRI,22
FNF,37
DTN,42
FAM,43
MPW,13
PWY,13
WYW,3
YWH,10
WHL,16
LFM,39
KWW,7
WWY,3
FDY,48
CSV,28
PMH,11
GLW,50
LWS,23
WSV,22
ITY,34
TYY,16
YWF,15
YLN,99
MEI,46
VMF,33
MFT,27
CGQ,33
GQC,11
SCQ,13
CQV,14
KKW,29
WEC,2
ECT,13
YIQ,30
PHT,54
YNL,51
NLW,26
YSM,16
PPP,52
PPR,44
YIW,9
IWS,15
MVF,42
TFW,14
EMF,24
TWH,8
WHV,9
DNW,19
NWD,13
WDG,29
FYM,9
YMC,4
CGP,12
IMN,25
MAW,15
KRC,16
CPQ,16
HQY,13
NWT,16
KWI,27
FPR,31
KGC,18
CHQ,6
CPA,20
KFP,36
NWA,21
KMN,25
MNS,21
MCT,4
DTF,53
DWM,15
VIH,45
DDN,46
NTH,32
WLM,19
LWT,25
WTL,36
EAC,38
ACP,34
VCT,18
CTR,22
HNL,61
HSV,42
RYH,40
KDR,89
SKY,53
EPY,31
DHH,8
SQR,44
FFI,62
YDI,43
NHA,35
QMI,23
CIA,29
VIY,46
YPC,11
PCQ,11
RPR,64
VHF,26
GHQ,24
YIF,37
PMF,27
MFQ,19
YKT,31
NMK,24
LYC,24
ATC,21
CPR,10
SCR,19
INW,14
NWF,14
WFN,11
FNW,19
WFT,16
IQF,35
PFC,21
AWI,27
WSD,16
IMV,37
FMC,9
MCL,15
LYN,39
RSY,42
PSY,38
TNL,82
YEY,35
MGP,13
KTN,51
NYD,33
MRW,11
RWM,6
WMH,4
MHQ,9
RKW,22
CTF,13
FCS,21
CST,18
LWW,9
WWA,9
WAN,23
EPM,28
QMD,14
CQR,10
FEY,37
YVM,16
NDK,65
VPC,17
PCK,6
CKF,7
QKW,16
KWQ,29
NYM,12
WFR,9
HRK,45
TGC,25
PRQ,35
EYS,48
CHL,15
EAW,38
AWP,4
WPP,3
WSR,11
VGH,51
FWS,13
TDW,28
VFQ,53
PYC,9
YCT,8
CTE,15
ACR,53
CRR,33
WGF,24
VNM,28
FWH,10
WHS,9
HSA,61
MNY,14
NYS,35
YSF,38
DSY,40
VHY,29
HYT,30
ECQ,11
KTH,44
HSS,32
SWL,64
RKM,41
QTD,78
YRM,21
NSW,10
FMD,14
DQT,34
VTH,43
THY,14
CPI,17
NMQ,19
PCL,31
FMP,35
PWN,12
YNY,25
NYE,28
PMK,21
SRH,56
HDW,5
PYM,12
RMN,16
EVH,37
MHY,8
HYL,56
TKM,25
KMY,9
WSY,11
INY,37
CAK,21
CLC,6
TCE,9
KCG,24
HIW,6
IWF,17
LEW,36
WMI,7
MIM,19
IMD,22
HQC,10
KKM,47
EHP,50
QDI,73
WVK,40
HLM,34
MYT,14
DIW,23
MMD,22
MDN,41
IYM,10
YMM,9
QYF,56
YFI,35
DDC,10
CKT,19
LCA,62
AHC,16
HCY,6
CYG,19
MRT,28
TFH,21
SQM,32
SCE,23
CEV,19
ATW,16
WDP,7
DPH,26
HTR,36
EIC,23
IPQ,75
MGK,65
YHR,18
NNQ,38
SWV,16
KFC,7
TDQ,37
DQH,25
MRM,14
EWI,36
KNY,47
MCR,11
RDH,31
PQQ,45
VQM,29
HFD,43
SDM,36
DYW,11
YWV,11
HEH,24
TQM,29
LMH,28
MHH,5
KDQ,31
HYV,22
RWS,10
WSE,22
ECH,8
CHK,5
TNM,13
KHQ,26
TYM,17
MPP,30
QWD,14
QWR,20
FTM,28
TMF,25
LWN,21
KFH,18
DPC,6
PCP,17
CPC,10
KQC,14
QCH,5
FPY,22
FPP,37
NFE,41
IYQ,57
TQF,40
QFN,31
FNM,20
NWS,22
ETW,23
WDV,9
CDM,11
PND,51
YMS,13
FRW,11
GFY,59
FMR,18
IKC,12
RTT,45
WIL,16
LTC,21
TCI,15
IQH,25
FNH,35
NHR,31
LWE,26
WEN,16
EIY,75
AWG,34
YNE,33
YTW,11
WMP,8
RWE,16
WEF,10
DFC,12
FCM,8
CMG,7
NSY,28
QTT,68
YQD,39
AYC,23
SHE,31
WVI,20
YHY,15
MGC,15
IWT,13
WTK,8
PMN,13
YKK,57
PHR,28
MND,37
RWT,13
WTR,24
YGY,54
ASC,37
YNS,19
WYM,4
RPQ,51
ICN,10
CNA,19
EWT,13
WTT,17
AMH,20
MQH,22
QHS,25
QWK,6
QYE,35
DAC,29
CDP,9
HSC,6
FYY,26
YYD,34
YHH,6
HQE,22
YWR,20
WAT,22
KRD,53
VFW,21
WHP,1
KGW,37
HMR,12
GHW,6
HWD,12
WDN,21
NMF,14
CPG,17
HVQ,18
SCH,14
CHR,9
IFC,21
VEW,23
YHV,22
WQC,3
YVT,33
DYC,23
EPQ,46
NDF,32
NHW,9
TKY,25
MMH,7
FYE,45
MMQ,13
PTF,39
HYD,17
MHV,15
GDW,32
LWK,38
WKQ,16
YND,25
YVF,50
WDA,28
YLY,60
SKH,33
QNW,14
YFQ,37
LHM,21
HMG,17
RYY,33
GCN,8
VWE,28
WEW,5
EWK,22
WKE,30
GCS,29
CSA,32
DWT,25
TMD,38
SMW,6
MWH,5
RYP,50
YTH,23
CVK,17
HDF,22
NWV,12
WVN,22
QWM,4
WMN,9
MNN,22
DWC,14
WCI,6
WWG,5
WGH,6
PAW,28
AWY,17
WYD,14
DTW,16
TWF,12
THF,24
YIH,29
PSM,17
NFC,8
CNK,11
KIW,18
WNA,29
QDC,6
DMW,5
YCD,9
CDW,5
DWY,9
MCD,6
QPN,19
YCG,18
DPT,45
TPF,54
FLR,92
DQW,8
YQF,32
QFW,12
FWL,36
YKF,21
CKN,18
WAQ,25
THW,8
HWI,9
NNF,36
FPW,10
PWT,14
YDH,22
MLY,28
HFQ,16
CPP,17
MMM,15
YDY,50
SMH,5
HDP,16
CAI,28
KYY,28
GHM,13
HAC,6
YCC,7
CCA,8
NYY,16
YYS,25
QMF,21
CPK,13
QDQ,11
DNC,12
NPY,48
HFF,35
FFF,41
WTS,10
KEW,15
YVW,13
GYM,25
YFK,42
LFW,14
WMR,9
ECY,11
CYE,6
CSE,16
NKY,31
LDH,31
HVL,48
QTS,49
PDQ,37
RYK,45
IHK,31
HLT,51
TKH,28
SPM,26
FYN,29
QCQ,11
CQK,15
MGD,46
ISW,18
WEG,24
WYS,11
QPP,25
YQY,29
MFD,26
KHR,41
MHM,5
HMM,7
MMK,36
VCH,15
HIH,28
MFH,15
PNN,37
RHM,20
ACS,46
TWN,11
PCT,15
QYC,13
HWF,10
WFQ,9
CAP,14
SMY,17
MYY,11
KWF,25
CIH,9
IHY,29
HYS,19
WKG,24
YMV,9
SSW,26
SNH,25
CKH,16
MIF,31
WSK,13
WLT,33
TQC,10
CHH,6
APC,19
CLT,34
MTC,8
DFF,52
MHT,11
HYI,27
TEW,16
EWC,4
WCL,10
KQH,30
MGW,16
SWT,18
RQW,25
WGI,38
ECK,19
GNH,36
HKY,16
YVY,26
YTN,23
HCS,10
YYK,23
YYQ,22
PQN,38
PYW,9
TDC,12
LSW,38
WRA,29
SWF,19
IDW,40
DWN,28
WYI,10
VTW,21
GQH,34
FRM,24
FQC,6
QCV,11
HSH,19
VAW,29
SRW,22
WIG,27
IMW,8
MWQ,12
HVH,13
GIW,39
LYH,25
HCN,6
WVM,6
EYW,17
YWG,21
PMP,37
FWG,22
WQF,24
NNW,9
IWY,5
WRW,9
RWH,11
WHQ,4
QYW,7
YWA,24
WAP,8
MKW,14
KFW,9
YFS,53
HRC,6
CWE,1
WEI,14
TSW,17
CVT,15
WTG,31
HCP,12
IEC,21
ECS,20
HPC,3
EYN,16
HQL,40
KHS,26
DHY,13
HMA,7
WSQ,10
YLC,26
YQE,42
EWH,10
CKG,19
RCT,15
WIH,7
HGW,12
WKR,15
WKT,21
WTW,5
TWV,16
ESC,29
SCY,7
EWP,16
SCV,22
TSC,22
SCN,8
WTH,5
PPM,11
PCD,8
HCG,10
EYQ,42
SHM,16
HMT,7
LWD,35
HGP,17
PDP,40
PWH,6
WHK,13
HHK,10
KCR,20
EFM,20
GFM,38
QRC,10
RCH,6
CHF,6
SSC,24
HCL,12
QGP,17
RWP,7
WPL,21
IWH,10
IRC,19
RWY,8
WMQ,6
VCQ,12
WAC,9
QWN,12
CNP,14
FFQ,45
PIH,20
CRQ,25
YHP,20
PWV,12
WVL,51
EEP,59
KHW,12
HWA,9
SNW,18
TWK,20
CLF,30
RPF,56
FYF,30
CSI,19
IPW,14
YLW,16
VHK,35
DCI,13
CIF,11
YYV,24
CSH,8
SHY,17
QSC,13
GDC,20
DCM,5
CMQ,4
QRM,21
RMS,27
HVM,16
NMD,26
NDM,21
YVQ,26
MVQ,26
SWA,22
WAF,19
KWV,22
YYC,7
YCY,5
CYC,2
YCS,10
TKW,15
KWT,16
PNE,37
WAH,5
MEQ,22
LYW,19
YWI,11
HET,40
CFY,15
QKH,27
FCD,10
FPM,23
WYE,21
WDC,2
DCH,4
WDH,2
QFC,9
VIW,18
MNH,16
LQW,15
HCW,2
CWR,5
WRH,6
GQW,26
PDW,30
HKE,27
VWF,21
QHR,33
RGW,24
FHF,26
LCF,22
CFT,14
HTW,9
KCE,13
CWH,1
CKR,15
YCL,16
MFP,26
WTY,7
HWP,4
TMQ,21
TYV,41
VLW,53
WGY,16
EWY,9
WGC,4
GCP,31
VHC,8
PCC,5
KYW,13
KDW,29
FMM,10
WRT,21
HIC,10
WPT,8
EPN,47
FHW,5
TRM,20
HHH,16
HNT,29
KWC,2
YDC,6
YEF,25
KCS,9
IHW,6
HWV,14
WVS,32
DSW,11
WQP,27
NEC,12
HTS,30
CGM,6
PCF,10
CFR,10
SCS,27
CED,14
FWA,19
EPW,13
WGL,39
DCP,14
CPH,8
RWG,18
WPV,10
YHN,15
HNK,18
PYN,29
KWN,7
GYW,24
CVE,20
WVY,10
MHF,12
HFM,10
AKW,20
LNM,40
NMG,40
NYN,20
YNM,11
FKF,35
PWS,10
MDW,4
WTN,10
NHN,22
KCK,12
SKC,10
NYC,7
WVH,10
TKC,4
KCF,8
DMK,31
HNC,6
HKS,29
HVC,5
CFV,15
CTA,32
QGW,29
CDS,11
KDC,9
CFP,7
FCQ,14
HHR,13
CRW,3
WVC,8
PIW,14
NCC,3
QWP,7
TWG,15
SYQ,33
CAT,18
YFW,11
FWR,20
WER,24
CEH,12
HMW,4
WID,23
CVP,19
WMF,8
HPM,9
CID,19
ICF,14
CFK,17
VWS,19
LRW,14
LTW,30
QHC,7
HCF,6
CFE,13
MLC,22
CYV,7
WPG,12
WRD,18
CSM,10
SMC,7
LRC,19
RCK,10
DHW,4
HWR,11
LPW,31
NFP,33
MFK,26
WYY,6
HLW,7
FDC,13
CVM,7
SCT,19
CTC,6
HEN,33
NWY,8
WYP,9
NQP,27
WFY,17
YKH,16
WHF,12
QYY,21
FDH,29
CCS,7
MNM,9
CEP,22
YPW,10
PWQ,8
QPC,13
CMV,4
WHA,13
YWK,13
WKY,10
MQW,4
FIM,18
MWK,14
FLW,23
YMW,6
MWV,8
KMF,28
STC,16
IWM,12
WME,7
AWM,11
NVW,12
EHH,26
FYC,13
DRW,20
PWM,4
WMM,7
MQF,19
VYW,9
SFM,17
QWS,8
TWY,11
SYW,9
TPC,13
CLQ,17
YFC,22
YCI,12
PYY,23
HWL,15
STW,21
TWI,13
ECN,7
WGW,7
APW,15
MFF,21
QWH,13
WAW,15
AWS,35
WSA,24
ICP,15
KCP,11
WMW,6
MWD,9
MWS,9
WST,11
TWT,20
PNW,10
MYF,13
NCQ,8
CQH,2
PIC,18
YFM,11
NTW,5
WWD,6
TRW,13
TCN,11
FLM,55
MSY,27
DGC,25
SYC,6
YCH,8
HLY,28
VCY,13
CYI,8
SFW,19
WLW,22
VRW,23
RWK,11
WKI,22
WLC,9
PKW,21
WML,17
MYS,14
WKV,18
KWS,16
WYT,5
YWM,6
WGQ,13
WHR,5
HDC,8
VFC,29
TYW,12
WAY,19
WVW,7
CSG,31
NWH,12
WHC,8
CAY,26
WIQ,12
CVW,8
PHM,10
WHD,10
HGC,9
MLW,24
ECI,17
CIR,17
TCM,9
CME,8
YMF,14
YQM,16
SIW,15
YQW,5
AWN,23
PPC,11
PCH,6
WSM,12
CQE,9
CWP,1
VKC,12
CSY,8
GCW,6
CWS,2
WSF,13
FMY,12
IWA,21
NKW,15
KWP,8
IWE,12
MVC,14
CSR,16
CTK,5
PCN,6
KTC,17
VWK,18
QMM,16
HNM,9
HGH,29
RCI,14
PLC,26
CTQ,12
CFN,7
FSM,25
CTN,11
FHM,4
SWC,7
SWM,7
HTM,15
CII,20
PGP,18
ECE,14
CES,15
CCV,4
CVH,8
NCN,7
RCM,1
CMA,20
CYM,2
MMY,8
WTC,2
YCK,3
CKQ,7
YEW,9
EPC,14
CTY,5
FCF,10
CFQ,6
QWI,15
DCY,9
RRM,53
MSC,11
DFW,16
RTW,11
HYN,14
HEW,19
MIC,7
YAW,14
RYC,10
WQW,8
YVC,10
SWP,8
CYL,17
DKC,4
CKY,4
HMY,4
MYQ,8
WSC,4
DHC,8
SMP,32
HMF,5
TWP,6
GWS,24
ECC,6
DWS,20
RWW,9
WWW,2
WWE,2
SRC,18
HND,12
CNQ,5
CMI,7
QKC,11
KCV,9
MFC,6
RCE,11
RCF,14
WQM,11
KLC,16
HFN,14
DHN,9
GCF,17
WTM,4
DCC,4
CCI,4
NEW,18
NCF,9
YCA,24
YMY,6
CVQ,12
HVW,8
CLM,17
HMQ,10
QHN,19
HQH,7
VWP,10
WVQ,12
WLY,27
HNQ,18
PWW,4
WWR,9
WRY,22
NMM,15
CQT,8
SHC,7
WHG,18
MTW,10
WET,22
IHV,34
HME,7
MWA,10
WFP,13
RCN,9
CDK,11
PMW,6
ACN,18
CNM,4
YMH,7
HFH,21
VKW,33
ACC,9
CCP,3
PCV,14
RWD,12
SHW,9
HEC,15
WSH,5
IKW,17
WPN,5
YMN,11
KKC,15
YCP,8
CFM,6
MFW,7
FWI,12
YWL,26
NWC,4
WCV,3
CKD,15
HHW,7
LIW,33
HEQ,26
MMV,25
LCM,12
NCV,15
AWW,9
FFH,17
MPI,31
AWC,7
WCK,6
YWD,9
CAW,5
TNW,12
CQP,7
DHM,3
VMW,8
FCP,18
CPY,12
TWC,5
FWK,11
WCS,6
FEC,13
CHC,3
WDM,6
CEY,9
KCL,17
CGH,16
CIC,4
RMW,13
HAM,19
CDC,3
WFC,13
CNC,3
WCQ,5
CQD,21
KWM,4
TWR,12
WED,13
CMM,3
WNF,8
FWW,8
WWI,5
IHM,10
HMI,6
THM,8
HSM,21
RCV,18
CYQ,10
NKC,5
KNC,7
DQC,4
QCE,7
CKK,13
PQC,12
ECD,12
MMN,16
NCM,5
LCC,12
YSC,6
YQC,11
QCP,10
CVR,18
YWS,11
VYC,14
MKH,17
WNH,5
MMC,3
NMH,7
HFV,23
WDW,5
YDW,10
VWY,16
CAC,11
HWE,14
VWW,6
CND,11
SWD,11
ACM,7
CMY,2
GPC,9
SCK,14
CKE,9
LMW,12
WKF,9
MMW,5
MWR,7
MIW,3
WDF,9
DSC,9
SCC,12
YYW,6
IMC,12
MCA,12
ICM,4
YCQ,5
CIM,10
RPC,7
CHS,11
WNN,13
HTN,20
WQH,28
AKC,12
ACT,27
ICY,9
WGP,7
CQY,5
PCA,15
CSP,21
WFH,6
GMW,8
RMF,23
FCH,11
LHW,10
HHV,12
SQC,5
MRC,4
WKM,3
YSW,7
QWE,10
WWK,11
FTC,9
CNF,6
WHN,10
NRC,14
GWH,19
NWW,5
CYR,6
GYC,11
DCS,13
MWE,8
FFM,17
MHN,6
WEP,4
MCE,9
KWR,21
SEC,11
RKC,10
NNC,4
VQC,10
CDD,10
WPD,11
YYH,10
FMH,8
MHC,1
WIY,12
WMV,10
CLW,9
WNW,6
WYV,12
YPY,23
WCG,11
HDN,15
YTM,11
WIC,8
CCY,5
CCL,14
QWT,7
WTI,10
WRF,20
AYM,18
FKW,10
CQQ,10
QHH,9
IWV,14
MKC,3
RHC,17
YMI,11
GWM,17
FWT,10
VWC,7
WYQ,6
MWP,4
HMC,2
CYS,9
QCS,6
SCW,3
GPW,5
FWM,6
YWY,7
EYC,9
FKC,1
CFL,13
NTC,12
FCY,10
WSI,9
FYW,18
WCP,3
CFW,4
FCI,23
WMT,7
WYK,10
HMD,7
WQR,16
WEM,5
CFH,5
WWT,3
CDQ,3
CPW,2
WWL,10
IRW,14
IYC,11
WIM,4
YCF,3
NQC,5
QCN,6
CPD,12
MDC,4
LWC,8
QLC,8
NCY,6
KCY,3
CHN,8
CWG,3
HLC,8
YWP,2
HFW,7
SWW,8
CYK,4
WAM,10
MFM,10
HNW,6
MCP,5
INC,14
RWC,4
KMC,4
MCK,11
KCC,3
CCT,7
WNM,7
NMC,1
MCQ,4
TIW,7
FCW,1
CWF,3
MWT,6
WHT,13
KHM,8
CMP,3
WGM,9
CDY,7
YCN,4
CCH,4
EMW,8
MWL,17
CTI,11
YWC,3
WWM,4
WSW,9
NHM,4
HCT,19
PHC,8
CEW,2
WNY,4
CNN,6
PWK,10
WKS,11
NWN,17
AWH,9
CCF,6
CVC,7
YNW,5
WSN,7
WRC,3
WDR,10
CCD,5
CYF,3
HCC,1
MPC,3
HRW,6
HHC,5
PCM,6
CVY,7
WPF,2
CYW,1
SYM,12
WHW,4
WIW,3
HQM,14
TMC,7
MCM,2
CML,9
WPC,2
PCY,4
WHH,3
CMR,6
NMY,7
TYC,3
SCM,5
CMT,2
CTT,12
QCY,1
HCV,9
HWH,6
WNQ,13
WCR,4
WPR,4
WHM,3
HYM,6
CMF,5
QMW,5
MWG,10
HWT,5
YHW,2
HWC,3
WCT,1
HCK,9
RCQ,5
YNC,5
PPW,2
HYW,3
NMW,3
WWP,2
WCA,6
QWW,3
QVW,10
QCC,1
WFW,6
NYW,11
ECM,6
CMS,5
IQW,8
MCH,2
WPM,3
KCQ,10
QHW,7
WPY,1
WCH,1
CCM,3
YWN,3
HMH,4
MCC,3
GTC,16
QCT,3
IFW,12
CCN,3
YCW,2
KWH,8
WFI,5
WWC,2
CFC,6
TMW,3
CWA,2
WWV,5
CCW,1
CWT,4
CTW,3
TCW,1
CWV,1
QWC,2
MDH,4
QCM,1
KCM,3
MYC,4
QCK,6
DCW,3
MYW,2
CHW,4
FMW,5
FCC,4
MWW,1
CNY,3
IWW,3
WWH,2
CCC,2
WCC,2
MWY,2
WWN,3
EWW,3
PWC,3
MQC,3
CYY,7
HWS,5
CDH,2
YKC,4
CSW,2
CWM,1
WMY,5
WWF,3
WPH,1
MHW,3
TCC,6
WYH,1
CIQ,4
YHM,3
MNW,4
MWM,4
HWW,2
FHC,5
CNW,2
WCE,4
YMQ,9
DWP,8
RCY,5
IMH,7
WCF,3
DWW,1
HKC,2
QCW,1
GCC,4
DCN,3
CWN,2
CIW,3
NHC,4
MYM,3
CQW,2
HCM,1
CMN,4
WCY,4
CQC,1
WFM,2
PWP,5
CKC,1
CMW,2
EMC,2
WMC,1
HWN,4
CKM,1
MWN,2
KMW,2
WCM,1
YCM,1
WKC,1
MWC,1
MCW,1
HWM,2
QMC,1
CCE,1
CEC,1
ICW,1
YWW,1
