MLN,169
LNP,270
NPS,115
PSI,152
SIP,213
IPL,382
PLV,439
LVA,877
VAT,438
ATR,328
TRH,120
RHG,167
HGK,98
GKI,300
KIV,221
IVG,508
VGV,453
GVV,596
VVQ,200
VQE,166
QED,96
EDI,221
DIH,104
IHI,80
HIW,20
IWR,95
WRG,130
RGI,294
GIP,315
IPY,92
PYA,137
YAA,315
AAP,409
APP,179
PPT,99
PTG,220
TGE,363
GEL,592
ELR,452
LRW,114
RWR,128
WRA,143
RAP,171
APQ,212
PQP,167
QPV,258
PVT,320
VTP,328
TPW,75
PWP,50
WPD,82
PDV,265
DVR,243
VRL,458
RLA,817
LAD,808
ADC,80
DCF,25
CFS,53
FSC,48
SCA,73
CAS,78
ASW,102
SWQ,86
WQD,63
QDI,198
DIT,266
ITR,277
TRC,40
RCR,75
CRE,68
REF,170
EFG,152
FGG,335
GGG,560
GGD,305
GDP,161
DPG,141
PGN,141
GNF,158
NFS,161
FSE,191
SED,153
EDC,26
DCL,74
CLY,35
LYL,329
YLN,179
LNV,339
NVW,46
VWA,85
WAP,59
APA,481
PAI,306
AIR,440
IRH,119
RHE,108
HEP,60
EPL,296
PLP,393
LPV,620
PVM,138
VMV,225
MVW,41
VWL,209
WLH,63
LHG,205
HGG,185
GGY,231
GYT,194
YTI,95
TIG,286
IGA,548
GAG,724
AGS,483
GSL,608
SLP,498
LPP,440
PPY,62
PYD,79
YDG,140
DGH,115
GHA,159
HAL,299
ALA,1672
LAN,479
ANR,209
NRG,132
RGA,354
GAI,528
AIV,508
IVV,364
VVT,404
VTV,465
TVN,214
VNY,135
NYR,102
YRL,264
RLG,510
LGH,191
GHL,184
HLG,181
LGF,383
GFF,177
FFA,217
FAH,81
AHP,140
HPA,135
PAL,695
ALE,800
LEG,435
EGE,323
GEE,285
EEA,403
EAE,400
AEC,77
ECI,49
CIH,22
IHN,68
HNF,31
NFA,133
FAL,480
ALL,1695
LLD,830
LDQ,206
DQI,144
QIA,301
IAA,928
AAL,1492
ALR,897
RWV,73
WVQ,41
VQD,127
QDN,97
DNI,222
NIA,313
AAF,469
AFG,341
GDT,330
DTQ,173
TQN,98
QNV,146
NVT,247
VTL,644
TLF,417
LFG,467
FGE,205
GES,291
ESA,340
SAG,504
AGA,833
GAR,386
ARS,336
RSV,243
SVL,527
VLS,570
LSL,968
SLM,219
LMA,384
MAS,216
ASP,305
SPL,429
PLA,668
LAK,653
AKG,383
KGL,362
GLF,387
LFH,94
FHK,30
HKA,97
KAI,332
AII,483
IIQ,145
IQS,140
QSG,292
SGY,243
YTL,280
TLP,553
LPD,456
PDT,206
DTP,229
TPR,192
PRE,147
REA,510
EAA,652
ALK,675
LKN,344
KNG,207
NGV,307
GVA,624
VAL,970
LAE,903
AEH,184
EHV,107
HVG,98
VGL,611
GLT,588
LTN,290
TNA,189
NAT,254
ATA,593
TAE,386
AEQ,430
EQL,536
QLR,382
LRA,702
RAL,766
ALP,700
LPA,830
PAG,436
AGT,460
GTF,199
TFW,58
FWP,34
WPL,115
PLD,271
LDA,725
DAP,310
APF,187
PFK,80
FKI,73
KIA,324
IAP,358
APT,199
PTP,171
TPI,179
PIS,160
ISG,438
SGD,326
GDA,393
DAV,508
AVL,847
VLP,455
LPQ,293
QPM,42
PML,144
MLE,255
LET,348
ETF,141
TFF,113
FAA,498
AAK,530
AKQ,220
KQH,57
QHP,84
HPM,29
PMP,75
MPV,190
PVI,368
VIV,376
VGS,285
GSN,155
SNS,161
NSD,152
SDE,251
DEA,429
EAS,303
ASV,492
VLA,904
LAV,853
AVF,309
VFG,261
FGI,237
GID,366
IDI,243
DIA,532
IAG,636
AGQ,387
GQI,210
QIQ,141
IQK,119
QKL,317
KLR,333
LRR,575
RRE,286
RER,366
ERR,275
RRV,319
RVG,289
GLG,608
LGL,975
GLI,558
LIR,348
IRL,344
RLL,910
LLY,283
LYN,132
YNG,103
GVK,329
VKG,295
KGD,254
GDE,270
EAL,829
ALG,937
LGR,418
GRL,498
RLV,480
LVC,116
VCR,77
CRD,47
RDM,92
DMA,159
MAF,142
AFT,259
FTT,167
TTL,491
TLG,502
LGY,328
GYV,225
YVV,133
VVM,202
VMQ,108
MQA,171
QAQ,287
AQQ,397
QQR,250
QRI,302
RIG,311
IGE,296
GEP,295
EPC,33
PCW,15
CWR,39
WRY,79
RYW,59
YWF,30
WFD,50
FDY,106
DYV,149
YVA,199
VAE,538
AEA,632
AER,551
ERD,224
RDT,152
DTY,81
TYA,147
YAN,121
ANG,359
NGA,314
GAW,138
AWH,64
WHG,41
HGN,82
GNE,152
NEI,165
EIP,177
PYV,103
YVF,92
VFD,212
FDT,139
DTL,522
TLM,210
LMQ,175
MQT,90
QTE,151
TEP,138
EPT,180
PTC,38
TCH,29
CHY,24
HYV,69
YVN,101
VNE,180
NEN,98
END,148
NDL,262
DLA,540
LAF,457
AFA,499
LKV,331
KVA,298
VAD,432
ADY,243
DYW,33
YWV,30
WVN,70
VNF,125
FAR,250
ARH,225
RHA,179
HAS,134
ASR,435
SRN,131
RNC,33
NCD,19
CDM,26
DML,170
MLH,89
HGP,85
GPV,243
PVC,67
VCW,18
CWP,23
WPA,77
PAS,358
ASI,350
SIR,174
IRG,225
RGR,264
GRD,220
RDR,197
DRL,451
LLR,816
LRI,349
IGL,577
GLN,347
LNK,255
NKL,242
KLA,590
LAG,1131
AGF,426
GFK,127
FKV,104
KVE,225
VEN,236
ENR,191
NRF,117
RFM,87
FMR,57
MRT,99
RTR,223
TRL,481
LAL,1506
ALF,575
LFK,191
FKR,114
KRV,250
RVM,141
VMK,78
MKH,31
KHH,42
HHV,55
HVS,104
VSL,566
MKL,178
KLY,137
LYI,144
YIY,48
IYD,141
YDH,40
DHC,18
HCP,20
CPF,30
PFC,52
FCV,50
CVK,40
VKA,412
KAR,329
ARM,180
RMI,85
MIF,79
IFG,211
FGL,406
GLK,373
KNI,186
NIP,178
IPV,384
PVE,250
VEL,432
ELN,302
NVL,362
VLQ,306
LQN,223
QND,94
NDD,119
DDE,237
EAT,311
ATP,342
TPT,202
PTR,159
TRM,93
MIG,164
IGQ,195
GQK,172
QKM,79
KMV,92
MVP,89
VPI,142
PIL,245
ILQ,235
LQK,250
QKD,73
KDD,155
DDS,199
DSR,200
SRY,190
RYL,348
YLP,217
LPE,576
PES,243
ESM,66
SMD,67
MDI,102
DIV,308
IVH,105
VHY,55
YVD,129
VDN,200
DNS,140
SDG,260
DGT,306
GTP,306
TPL,458
PLL,789
LLT,891
LTG,750
TGK,360
GKR,312
KRS,145
RSP,164
SPA,313
AIE,394
IEE,245
EEW,54
EWL,145
WLR,198
LRK,385
RKV,211
KVN,172
VNG,293
NGY,150
VNQ,162
NQL,277
QLL,642
LLL,1488
LLP,800
LPR,296
PRF,108
RFA,294
FAK,145
AKS,241
KSA,246
SAF,277
AFD,241
FDE,187
DEF,158
EFS,176
FST,212
STP,229
TPA,422
PAA,501
AAR,739
ARQ,456
RQY,114
QYF,69
YFI,102
FIR,191
IRK,179
RKK,160
KKE,141
KEA,291
ASS,409
SSG,363
SGS,418
GSF,210
SFD,172
FDN,141
DNH,69
NHL,112
HLA,263
LAH,297
AHS,130
HSA,150
AGL,995
LIK,272
IKK,160
KKI,223
KIG,204
IGD,294
GDD,274
DDL,360
DLR,348
LRS,389
RSL,431
SLD,372
LDK,387
DKL,368
KLI,315
LIV,516
IVQ,143
VQP,145
QPN,73
PNA,176
NAV,355
AVN,341
NGE,294
ELS,411
LSE,545
EDD,162
DDI,282
IHL,154
HLF,110
LFP,235
FPL,208
LRN,338
RNL,262
NLT,338
LTL,1026
TLV,559
VAG,637
AGI,695
GIH,129
IHW,19
HWP,33
WPT,51
PTK,84
TKV,140
DYR,160
YRD,158
RDN,145
DNM,63
NMA,93
MAK,225
KQT,102
QTQ,129
TQI,154
QIN,166
INL,289
NLL,521
LLS,1018
LSS,528
SSM,105
SMA,186
LNI,342
NII,245
IIR,214
IRA,350
RAG,497
GIY,172
IYT,114
YTS,116
TSV,244
SVQ,155
QDS,99
DSG,329
SGR,348
GRH,121
HGF,88
GFR,205
FRQ,174
RQA,435
QAG,387
GLS,649
LSH,212
SHC,33
HCG,26
CGA,119
GAL,874
ALD,603
DKP,196
KPA,246
PAF,247
AFQ,133
FQT,80
QTA,228
TAN,217
ANL,377
LLV,865
LVG,679
VGN,226
GND,170
NDA,265
DAN,202
ANA,398
NAP,219
APG,404
PGL,421
GLE,428
LEI,311
EIT,274
ITL,617
LGQ,313
GQL,393
QLV,333
LVV,692
VVE,388
VEF,136
EFE,114
FEN,104
ENE,132
NES,124
ESW,73
SWF,50
WFA,101
ALT,848
TGA,479
AGC,179
GCE,71
CEA,72
EAQ,291
AQL,574
QLD,287
LDN,318
DNQ,102
NQP,121
PVW,106
VWT,64
WTG,68
TGW,88
GWR,165
WRL,141
RLP,430
PVK,209
KAG,429
GQR,234
QRL,561
RLT,516
TLH,200
LHR,169
HRP,85
RPL,356
PLH,155
HGM,47
GMR,124
MRS,111
RSY,92
SYL,222
YLA,395
AVA,906
AGG,643
GGI,491
GIA,637
IAV,487
AVP,279
VPE,280
PEV,263
EVM,149
VMG,201
MGS,142
GSC,53
SCS,56
CST,62
STD,183
TDL,263
DLK,215
LKS,345
KSG,279
SGI,426
GIG,514
IGG,474
GGL,615
EGR,272
LLK,637
LKD,317
KDG,250
DGD,253
GDR,234
LAT,692
ATG,554
TGN,253
GNP,210
PSR,182
SRH,123
RHF,110
HFS,102
FSG,365
SGP,189
GPQ,116
PQG,194
QGV,324
VKQ,188
KQL,292
LLW,217
LWG,132
WGN,42
GNR,172
NRI,177
RIR,255
LPG,608
PGP,110
GPE,153
PEY,120
EYR,137
YRE,154
EFD,153
FDR,158
DRA,264
RAS,288
ASQ,293
SQE,141
QEA,273
EAF,272
AFW,76
FWR,91
WRS,101
SPW,66
PWQ,69
WQL,128
QLS,415
LSP,453
SPQ,171
PQS,146
QSN,78
SNR,116
NRM,56
RMG,113
MGY,109
GYR,215
RLQ,369
LQG,361
QGQ,155
GQS,205
QSL,357
SLK,334
LKR,416
KRT,161
RTT,195
TTD,191
TDR,153
DRE,192
REL,615
ELL,800
SHG,147
HGL,201
GLL,965
PGV,356
VQV,206
QVP,137
VPF,176
PFQ,57
FQR,93
QRS,129
RSA,364
SAY,162
AYC,39
YCA,45
CAD,80
HNL,144
NLS,339
LSQ,477
SQA,280
QAP,162
APH,101
PHG,92
HGC,24
GCV,76
CVL,96
VLT,545
LTI,428
IGN,206
NFD,116
FDG,200
DGV,373
GVH,122
VHR,87
HRG,92
RGH,87
GHR,104
HRA,129
LLQ,603
QGL,362
GLQ,249
LQE,329
QEE,165
EEG,315
GRR,333
RRR,371
RRG,299
RGL,400
GLP,515
PVV,428
VVV,578
VMI,119
IFE,98
FEP,95
EPQ,113
QPL,372
PLE,253
LEL,553
ELF,244
LFA,490
FAT,249
ATD,287
TDK,165
DKA,322
KAP,174
PAR,284
ARL,833
LTR,520
RLR,618
LRE,701
REK,274
EKL,591
KLH,95
LHY,108
HYL,138
LAQ,817
AQC,57
QCG,51
CGV,121
GVD,418
VDY,164
VAM,232
AMR,216
MRE,120
REI,300
EIR,271
IRS,226
SAL,936
ALC,175
LCR,121
CRA,84
RAD,266
ADG,500
DGA,355
GAN,267
ANI,237
NIY,75
IYQ,135
YQR,154
QRT,118
RTA,303
TAG,474
GGA,569
GAT,519
ATW,105
TWR,82
RAI,379
AIS,447
ISC,65
SCR,47
CRR,82
MNK,104
NKN,82
NIK,146
IKL,267
KLS,346
SLI,490
LIA,877
IAI,469
AIA,911
AVS,559
VSF,229
SFC,43
FCM,16
CMA,43
KQA,230
QAS,262
ASA,681
SAA,662
AAN,362
ANT,212
NTW,51
TWA,57
WAE,73
EAR,393
ARN,245
RND,128
DAM,178
AMG,254
MGG,199
GGT,365
GTG,447
TGV,425
VAS,491
SAH,136
AHY,113
HYG,94
YGS,133
GSG,502
SGV,510
GVL,685
VLL,961
LLN,601
NPA,257
LLA,1732
AKA,599
KAK,256
AKP,175
KPE,206
PED,226
EDT,113
DTI,190
TIT,339
ITV,320
TVV,352
VVL,649
PAV,356
AVG,538
GVQ,225
VQI,136
QIT,158
ITD,277
DKD,159
KDN,123
DNL,333
NLQ,174
LQD,253
QDE,147
DEI,308
EID,229
IDD,263
DIS,287
ISD,266
SDK,189
DKV,253
KVD,214
DYY,86
YYD,86
YDE,139
DEV,380
EVV,394
VVD,421
QIL,276
ILL,761
NPR,119
PRG,152
RGV,323
VLN,360
LNQ,250
NQF,79
QFQ,57
FQG,83
QGA,294
GAA,684
ARD,310
RDL,374
ADE,374
DEL,505
ELE,446
LEY,160
EYL,206
LNG,403
NGK,266
GKP,356
KPP,60
PPA,235
PAP,300
APM,96
MPA,154
PGW,90
MTM,56
TMH,24
MHQ,30
HQS,55
QSD,167
SDM,76
DMD,80
MDM,42
DME,62
MER,116
ERY,202
RYN,101
YNP,90
NPL,289
LLM,367
LML,389
MLK,176
LKE,431
KEV,224
VMA,274
MAQ,192
AQT,303
QTP,146
TPY,129
PYR,90
YRH,93
RHK,70
HKR,54
KRW,61
RWG,74
WGE,60
GER,366
ERK,181
RKF,88
KFR,83
FRY,97
RYK,78
YKF,41
KFV,95
FVL,277
VLR,494
LRC,80
RCL,109
CLI,91
LIN,380
INP,193
NPV,198
VTT,267
TTI,230
TIK,199
IKY,76
KYF,74
YFN,89
FNE,122
NEL,303
ELC,82
LCN,56
CNL,39
NLN,195
QPR,115
PRT,132
RTL,492
TLI,508
LIT,435
ITH,130
THR,109
PAK,196
AKI,282
KIQ,89
IQR,172
QRP,105
RPY,75
PYL,144
YLY,121
LYT,168
YTG,151
TGL,485
LSI,426
IRC,47
RAR,375
ARA,640
AIL,675
ILE,294
LEH,179
EHY,96
HYQ,65
YQF,63
QFV,107
FVQ,103
VQS,162
QSF,102
SFA,260
FAE,257
AEN,299
ENK,104
NKI,153
KIK,168
KIL,264
SEE,260
EEP,99
PTL,376
TLL,1113
AHL,225
HLE,127
EGK,318
GKN,205
ALV,887
LVD,460
VDI,290
DIY,143
IYC,27
YCG,47
CGP,44
GPC,25
PCG,48
CGY,44
GYD,215
YDR,123
REG,322
ELT,418
TLT,632
TLC,133
LCF,75
CFN,20
FND,154
NDT,161
LAR,911
RLS,570
LSF,328
SFS,233
FSF,163
SFI,216
FIH,81
IHH,48
HHE,48
HEG,91
GKQ,161
KQI,160
IAL,876
QGP,67
GPS,126
PSK,70
SKH,43
KHV,69
VGP,175
PQV,187
QVI,241
VIR,268
IRN,170
RNA,258
ATK,163
TKD,111
KDC,17
DCY,23
CYG,45
YGL,308
FPK,47
PKR,129
KRM,96
RML,220
MLY,80
LYE,184
YEA,148
ATF,213
TFI,191
FIQ,115
IQA,250
QAC,79
ACN,36
CNV,33
NVA,320
AEI,414
EIF,150
IFA,296
FAV,298
VSE,304
SEN,171
ENN,130
NNH,47
NHV,59
HVY,40
VYR,151
YRQ,157
RQL,526
LRY,258
YLF,143
LFQ,138
FQK,73
QKK,115
KKK,115
KKT,145
KTF,157
TFV,147
FVA,318
ASY,181
SYS,146
YSE,125
SEF,147
EFW,35
FWE,26
WES,60
ESL,483
SLN,358
VKE,262
KEG,260
EGA,352
ALY,353
LYH,96
YHL,95
HLP,194
LPS,339
PSQ,107
SQV,189
QVM,103
VMR,147
MRK,111
RKS,159
KSP,107
SPE,273
ESI,216
VKN,187
KNV,188
NVQ,118
QST,139
STG,279
TGT,336
GTA,444
TAI,395
IIF,193
IFW,43
FWI,45
LHL,261
HLT,157
LTC,98
TCC,15
CCR,18
DTV,278
TVE,305
VED,237
EDR,155
DRG,178
RGT,191
GTI,263
TIQ,107
IQY,54
QYL,166
YLQ,172
QDC,20
DCA,67
CAA,158
AAE,654
EIA,457
IAT,415
ATE,289
TEF,103
EFL,174
FLY,99
YIE,112
IED,181
DIG,242
LGE,439
GEK,328
EKG,324
KGQ,166
GQF,114
QFT,104
FTD,175
DLQ,231
QDQ,47
DQV,149
VIA,665
IAN,283
NLF,194
FKL,121
LYP,167
YPW,30
PWE,35
WEF,17
EFM,50
FML,135
MLR,256
REM,132
EMF,56
MFS,105
STK,94
TKL,155
KLE,275
LED,335
EDA,290
DAG,437
AGV,798
GVR,366
VRW,88
RWL,221
WLE,168
LEP,222
EPA,186
PAW,95
AWK,84
WKS,43
KSI,208
SII,250
IIS,343
ISN,183
SNK,98
NKA,189
KAL,659
LPL,855
LWE,71
WEM,29
MFP,56
FPD,144
PDH,78
DHP,83
HPN,52
PNL,142
PAY,132
AYF,97
YFA,150
AED,269
EDE,245
DEH,105
EHP,94
HPQ,116
PQM,46
QMD,50
MDK,109
DKY,102
KYV,96
VVK,255
VKP,196
KPI,146
PIF,101
IFS,240
FSR,268
SRE,260
ANV,260
NVS,233
VSI,256
IIE,269
IEN,201
ENG,317
GKT,488
KTI,238
TIE,204
IES,244
ESV,313
SVE,269
VEG,335
EGP,93
GPY,79
PYG,114
YGE,157
EGM,131
GMI,120
MIV,131
VQQ,170
QQF,134
QFY,60
FYP,78
YPL,186
LPK,260
PKF,54
KFG,124
FGD,192
GDS,264
DSY,114
SYT,130
LIG,622
IGS,334
GSW,101
SWL,193
WLI,136
IND,216
NDQ,83
DQP,71
QPA,237
IGI,397
GIR,326
IRE,288
RED,176
ALI,803
ITQ,178
TQD,118
QDL,212
DLS,393
LSR,611
SRF,230
RFY,102
YPH,69
PHI,110
HIF,50
IFV,173
MSE,179
SEP,160
EPR,128
RFV,213
FVH,71
VHL,139
HLR,176
LRV,435
RVH,88
VHS,88
HSD,110
SDY,133
DYS,147
YSM,48
SMI,106
MID,95
IDG,357
DGL,433
GLA,859
AKT,291
KTG,275
TGP,162
GPL,316
LVK,371
VKK,222
KKA,259
KAA,562
AAS,653
ASL,860
SLG,534
LGM,273
GMP,120
LAI,668
AIT,448
TDF,138
DFT,180
FTN,92
TNL,190
NLC,60
LCG,171
CGL,152
GLV,656
VKF,107
KFY,46
FYG,136
YGA,232
AGH,193
GHG,147
HGA,168
GIK,275
IKP,178
PIV,211
VGA,538
GAD,400
ADF,249
DFN,117
FNV,134
NVH,72
VHN,59
HNE,75
LLG,989
LGD,371
LTH,190
THL,168
LTV,548
TVL,489
LAS,793
ASD,332
SDN,199
DNT,161
NTG,212
TGY,172
GYQ,165
YQN,95
QNL,193
LLI,754
LIS,476
ISK,145
SKA,230
KAY,115
AYQ,128
QRG,173
RGY,172
GYG,249
GAS,510
ASG,653
GPI,114
IVD,293
VDR,225
DRD,164
RDW,87
DWL,149
LIE,412
IEL,385
ELK,382
EGL,413
LIL,603
LSG,827
SGG,520
GGR,347
GRM,114
MGD,122
GDV,391
DVG,201
VGR,295
GRC,63
CLL,159
LRG,452
RGN,175
GNL,315
NLA,393
LVE,475
VEE,322
EEC,35
ECV,48
CVA,102
VAF,310
AFY,148
FYE,75
EAH,110
AHF,102
HFP,89
PDR,175
DRY,126
RYF,142
YFL,136
FLE,172
ELI,413
IRT,212
RTG,267
TGR,357
GRQ,199
RQD,124
DEE,210
EET,218
ETY,92
TYL,154
YLH,104
LHA,237
HAA,230
AAV,889
AVE,457
ELA,798
ARG,378
VVA,705
ATN,188
TND,130
NDV,211
VRF,203
RFL,291
LES,431
ESD,184
SDD,213
DDF,170
DFD,146
FDA,262
DAH,117
AHE,142
HEI,88
IRV,219
RVA,461
VAI,494
AIH,128
IHD,97
HDG,105
DGF,177
GFT,307
FTL,424
TLD,452
LDD,411
DDP,171
DPK,124
KRP,132
RPR,121
PRN,83
RNY,83
NYS,120
YSP,119
PQQ,163
QQY,106
QYM,26
YMR,46
RSI,189
SID,225
IDE,304
DEM,113
EMC,20
MCE,22
CEL,77
FAD,282
ADI,458
DIP,283
IPE,196
PEA,356
LEN,356
ENT,160
NTV,195
VEI,254
IAK,265
AKR,322
KRC,50
RCN,25
TVR,280
GEY,172
EYF,92
FLP,252
PQF,98
QFP,63
FPT,96
TGD,311
GDM,133
DMT,100
MTT,135
TTE,191
TED,147
EDY,103
DYL,322
YLV,233
KKS,156
KSK,108
SKE,158
LEE,495
EER,243
ERL,623
AFL,416
FLF,191
PDE,223
EEE,260
KKR,218
KRR,211
RRP,171
RPE,241
EYD,129
DER,235
RLN,334
NIE,165
ELQ,252
LQV,223
VIN,271
INQ,197
NQM,45
QMG,86
MGF,134
GFP,143
FPG,155
PGY,135
GYF,131
FLI,221
IVM,132
VME,97
MEF,55
EFI,165
IQW,30
QWS,46
WSK,48
SKD,124
DNG,255
GVP,325
VPV,408
PVG,299
GPG,201
PGR,233
GRG,314
RGS,175
SGA,581
SLV,551
VAY,163
AYA,260
YAL,335
LKI,230
KIT,238
DLD,290
LDP,297
DPL,278
LEF,180
FDL,246
DLL,608
LLF,541
LFE,245
FER,163
ERF,249
FLN,188
NPE,187
PER,221
ERV,357
RVS,267
VSM,128
SMP,85
MPD,112
PDF,156
FDV,200
DVD,250
VDF,185
DFC,25
CME,13
MEK,137
EKR,246
KRD,145
RDQ,119
VIE,289
IEH,107
HVA,135
ADM,159
DMY,44
MYG,64
YGR,169
RDA,423
VSQ,229
SQI,181
QII,191
IIT,276
ITF,166
TFG,199
FGT,159
GTM,102
TMA,146
MAA,369
KAV,393
AVI,524
IRD,244
RDV,312
GRV,384
RVL,533
VLG,600
GHP,106
HPY,45
YGF,134
GFV,239
FVD,181
DRI,254
RIS,269
SKL,259
KLV,325
LVP,332
VPP,195
PPD,107
PDP,139
PGM,154
GMT,182
MTL,255
TLA,954
KAF,223
AFE,203
FEA,193
AEP,217
PQL,285
QLP,304
PEI,241
EIY,149
IYE,82
EAD,271
EEV,306
EVR,287
VRA,360
LID,464
IDM,90
MAR,208
ARK,315
RKL,368
EGV,354
GVT,463
VTR,295
TRN,145
NAG,339
AGK,464
GKH,99
KHA,79
HAG,188
GGV,517
VVI,435
TKI,115
DFA,238
FAP,218
APL,526
PLY,206
LYC,56
YCD,32
CDE,59
KHP,71
HPV,108
VTQ,222
TQF,98
QFD,105
FDK,149
DKS,144
KSD,131
SDV,297
DVE,246
VEY,141
EYA,166
YAG,254
KFD,84
FDF,141
DFL,225
FLG,290
GLR,477
LRT,388
TII,224
IIN,217
INW,47
NWA,38
WAL,119
LEM,163
EMI,120
MIN,100
INK,177
NKR,110
EKN,144
EPP,84
PPL,263
LDI,430
AAI,789
AIP,316
DDK,145
DKK,156
KSF,131
FDM,65
MLQ,158
LQR,342
RSE,173
SET,245
ETT,181
TTA,337
TAV,376
VFQ,104
FQL,124
QLE,340
ESR,214
SRG,267
RGM,99
GMK,107
MKD,79
KDL,259
DLI,373
IKR,221
KRL,438
LQP,219
QPD,190
PDC,49
CFE,23
FED,99
EDM,67
DMI,82
MIA,222
LFR,269
FRP,122
RPG,256
PLQ,199
LQS,281
SGM,177
GMV,255
MVD,137
DNF,133
NFI,112
FID,213
IDR,226
DRK,105
RKH,83
KHG,101
HGR,119
GRE,288
REE,252
EEL,465
LSY,214
SYP,91
YPD,140
DVQ,181
VQW,31
QWQ,94
WQH,38
QHE,53
HES,62
LKP,279
KPV,251
PVL,500
VLE,457
PTY,61
TYG,124
YGI,189
GII,424
IIL,368
ILY,152
LYQ,198
YQE,112
QEQ,157
EQV,296
MQI,77
IAQ,356
AQV,324
QVL,374
LGG,647
RRA,382
RAM,180
MGK,110
GKK,255
KKP,113
PEE,259
EEM,147
EMA,221
KQR,160
SVF,222
VFE,133
FEE,121
GAK,318
AKK,306
KKN,97
NGI,286
DGE,288
LAM,362
AMK,119
MKI,121
KIF,129
IFD,147
DLV,396
VEK,287
EKF,144
KFA,131
FAG,369
AGY,291
GFN,172
FNK,85
NKS,113
KSH,57
SHS,99
AAY,250
LVS,579
VSY,147
SYQ,121
YQT,125
QTL,531
TLW,146
LWL,280
WLK,153
LKA,638
KAH,96
HYP,73
YPA,189
PAE,274
AEF,230
FMA,126
AVM,259
VMT,144
MTA,206
TAD,310
MDN,70
NTE,111
TEK,199
EKV,314
KVV,275
VVG,479
VDE,319
DEC,28
ECW,17
WRM,31
MGL,252
ILP,360
PDI,244
DIN,213
INS,208
NSG,228
SGL,630
GLY,234
YHF,42
HFH,37
FHV,47
HVN,66
VND,246
NDE,140
DEG,219
GEI,374
EIV,287
IVY,103
VYG,195
AIK,304
IKG,206
KGV,302
GVG,538
VGE,329
GEG,356
PIE,102
IEA,387
EAI,476
IID,287
IDA,513
DAR,368
RNQ,98
NQG,113
QGG,226
YFR,83
FRE,143
LFD,317
DLC,54
LCA,180
CAR,93
ART,276
RTD,156
TDT,183
DTK,78
TKK,97
KKL,344
KLN,252
LNR,338
NRR,174
LEK,526
LIM,151
IMS,90
MSG,165
GAF,284
LGP,239
GPH,55
PHR,71
RAA,626
ALM,369
LMN,128
MNS,65
NSL,332
DAL,917
AAD,524
ADQ,156
DQH,39
QHA,109
HAK,75
KAE,279
AIG,517
GQT,188
QTD,125
TDM,82
DMF,51
MFG,111
FGV,291
AEE,382
EPE,191
PEQ,254
EQI,256
QIE,178
IEQ,292
EQS,183
QSY,71
SYA,164
YAS,192
ASC,78
SCQ,41
CQP,32
QPW,50
WPE,64
EQM,112
QMV,93
MVL,248
VLD,447
LDG,443
ERE,289
RET,225
ETL,634
YLT,203
TGH,152
HPI,75
PIN,100
NQY,75
YLK,159
KEI,237
EIE,258
IER,328
RYV,166
YVG,152
VGG,459
RLK,378
KDM,48
DMH,32
MHP,37
HPT,96
PTE,139
TER,189
ERG,305
RGK,216
GKV,364
KVT,257
TAA,654
AAG,1051
LVI,480
ARV,419
MVT,144
VTK,155
TKR,105
KRG,233
GIC,68
ICT,46
CTL,76
DDR,156
DRS,146
RSG,349
RLE,413
LEV,324
VML,288
MLF,182
LFT,341
TDA,389
KYQ,66
YQQ,176
QQL,467
LLE,793
EKD,171
KDR,96
RIL,422
ILI,343
IVS,310
VSG,550
SGQ,249
GQV,274
QVS,205
FDD,181
DFS,213
LKM,118
KMT,60
TAR,365
ARE,513
REV,280
VMD,136
DID,305
EKY,138
KYA,118
YAR,214
ISL,523
SLT,549
LTD,443
DRQ,143
RQI,229
QID,149
DDQ,99
DQL,241
NRL,333
LRQ,543
RQS,180
SLE,404
EPH,54
HRS,77
SGT,369
TIP,199
PVH,92
HLY,79
LYY,105
YYQ,85
QRA,307
ADA,661
LRF,279
RFG,289
FGA,367
WRV,86
VSP,243
SPS,191
PSD,135
SDR,226
LND,346
GSE,231
SEQ,240
QVE,204
MLI,188
LII,425
IET,222
RQH,138
QHI,113
HIR,95
IRR,281
RRL,593
LRL,723
KRI,231
RIA,447
VPT,174
PTM,51
TMG,95
MGN,100
NLH,81
LHD,184
GHM,51
HMK,14
AQD,194
QDR,92
ADV,444
DVV,416
SIF,164
FVN,135
VNP,190
NPM,48
PMQ,49
MQF,58
DRP,124
RPD,224
PDD,230
ARY,281
RYP,158
YPR,92
TLQ,328
DCE,32
CEK,60
KRK,159
DII,281
IFT,194
FTP,236
TPS,198
PSP,174
SPD,248
PDQ,107
QIY,75
IYP,100
YPQ,106
QGT,173
GTE,196
TEG,234
EGQ,186
QTY,63
TYV,56
YVE,117
VEV,298
EVP,147
VPG,322
LST,410
STM,83
TML,186
SRP,200
PGH,107
GHF,96
HFR,89
FRG,129
GVS,494
VST,321
STI,227
TIV,260
VSK,172
KLF,216
LFN,223
FNL,192
NLV,257
LVQ,248
IAC,122
ACF,56
CFG,43
KDF,102
DFQ,77
FQQ,112
QLQ,226
LQL,429
QLI,364
RKM,78
MVA,271
DMG,109
YDI,115
DIE,258
IEI,206
IVR,264
RAK,219
AKD,228
ALS,895
SSR,259
RNG,239
GYL,324
LTA,854
EQR,248
QRK,127
RKI,232
LYK,140
YKV,99
KVM,95
VMS,146
MSD,150
SDL,369
DLG,315
KLQ,179
QPG,241
PGS,309
GSA,441
SAT,413
ATL,892
TLK,421
MVY,57
VYA,204
ALN,561
LNT,303
NTS,160
TSD,196
GTT,291
TEW,47
EWQ,79
WQT,78
QTK,90
AGE,522
GEA,440
RPV,260
VVS,454
VSD,289
LVL,829
VLI,476
LIH,153
IHT,80
HTS,80
TSN,125
SNG,209
NGQ,209
LQA,496
QAL,823
NQA,181
QAD,254
IKW,31
KWT,36
WTV,64
TVS,382
LDM,167
DMP,89
MPS,75
PSL,323
SLS,625
SLR,454
RGE,329
SAP,320
PAT,338
TAF,270
GDN,238
NGR,170
VSA,548
SAV,460
VLM,231
MQQ,113
QQG,253
GQM,86
QMI,66
MIW,33
IWQ,76
WQQ,121
ISQ,200
QAT,256
GPT,148
TEI,191
LSD,543
VDT,283
DTT,194
TTP,248
TPV,365
VVN,300
VVY,157
LAY,273
AYN,98
NGN,198
TAL,720
LDL,523
QIM,67
IMW,15
MWK,15
WKR,38
KRE,165
ELG,433
LGS,437
GSV,429
SVN,206
NDF,125
DFI,176
FIV,193
VDG,369
RIY,129
IYL,178
VDQ,140
DQN,71
NDR,133
DRV,277
LTT,412
TDG,267
DGG,284
LWT,66
WTQ,32
TQS,179
LLH,290
HRL,215
LTS,446
TSR,214
SRC,64
RCC,16
CCI,9
CIT,54
MAV,234
AVW,113
VWP,63
WPH,22
PHA,85
AMF,121
MFL,111
FLV,239
VSS,374
SSV,310
SVY,159
AGD,446
DDA,397
PPP,148
PDG,294
GEV,402
VMN,96
MNE,78
NEQ,135
EQA,437
QAV,409
VFH,80
FHL,108
INH,93
NHF,63
HFD,106
FDS,163
DSK,126
SKQ,88
KQV,165
QVV,271
VVP,292
VTW,72
WRQ,120
RQN,115
DFY,86
FYV,82
SVD,289
VDL,408
PAD,332
ADK,327
KLP,258
PPG,201
PGE,305
EVN,165
VNM,84
NMS,84
MSQ,116
SQL,376
VKT,222
KTE,161
TEY,92
YDS,119
RQR,321
LSV,596
SVP,283
VPR,148
PRD,113
WLP,134
ERP,148
PVS,369
SFG,192
GGE,377
PTQ,107
ITP,305
TPQ,214
PQN,89
QNG,149
GQG,226
LNY,190
NYD,95
YDF,79
FYT,98
TSH,101
SHT,91
HTQ,53
TQH,84
QHG,119
HGD,134
GDG,292
DGQ,218
GQA,300
SLW,129
LWH,63
WHE,27
HEL,171
RFF,158
FFN,84
VGF,272
FFS,191
FSS,234
SST,238
YLR,221
DNN,112
NNQ,87
NQQ,136
QQE,188
QEG,196
EGY,188
YVR,101
VRY,149
RYD,149
YDT,119
TVF,173
VFT,214
FTA,312
TAM,200
AMH,64
MHE,40
HEE,74
EES,188
ATQ,270
TQW,51
QWR,88
SDA,375
LSW,154
SWS,74
WSS,60
SSS,324
SVR,288
VRV,286
GIS,443
ISW,75
SWG,75
WGR,58
RDF,131
FSL,424
LRP,340
PDL,295
LVT,498
TWP,61
LPT,324
PTF,121
TFS,226
SGE,376
EAV,482
AVV,643
PTA,258
ADL,558
DLF,218
LFI,362
FIN,150
ING,282
YQA,162
GST,301
STQ,141
IQP,125
GPF,106
PFT,166
NLP,306
LPY,179
PYI,116
YIN,98
VLV,650
TRD,206
RQV,234
STT,201
LPF,278
PFY,84
LKT,364
TGM,149
MTD,123
GAV,560
AVT,464
VTF,200
FGS,200
RRN,162
NYG,103
ENF,117
DYG,154
YGP,108
GPA,237
ATY,138
TYR,111
YRY,122
RYG,236
TLE,475
ESH,92
HGE,145
KSL,350
SLA,787
LVR,432
GRF,213
SES,206
SRM,113
RMR,111
MRG,103
NPG,186
GEQ,258
RTW,38
TWG,76
WGY,47
YQY,59
QYN,48
YNT,63
TSA,377
AFS,361
QHS,69
HSR,85
SRR,336
RRT,179
TRG,193
RGF,198
GFG,347
FGN,136
LYD,200
YDQ,66
SRV,299
RVD,200
VDD,272
DDD,215
DDN,163
NFP,77
FPQ,100
PQA,294
SQR,186
RSD,194
SDQ,86
DQY,63
QYS,69
YSL,274
LTF,270
TFN,127
FNM,36
NMG,73
MGT,116
GNV,304
NVG,215
AAW,202
AWI,113
WIG,64
IGV,424
VRT,246
RTF,145
TFD,153
DAQ,296
AQK,269
QKT,130
TEL,317
LNL,462
WSR,67
NLW,60
LWR,159
RSS,186
SSL,514
SLY,262
LAA,1509
SRD,193
DQQ,86
QQQ,294
QGE,269
GEW,101
EWT,26
WTL,97
AMS,187
MSL,214
SLQ,297
LQI,203
QIP,127
PLG,353
LGA,729
RDS,168
DSA,340
LSM,198
SME,93
EKT,214
KTP,195
TPD,286
PDA,365
TQR,184
RIN,171
INY,93
NYN,59
YNH,44
NHA,109
HAM,56
AMP,150
MPT,91
PTD,129
GGF,260
FGW,79
GWN,57
WNL,49
LAW,221
AWA,161
WAR,72
QSQ,131
QRH,114
RHN,96
HNY,43
NYQ,82
QQA,448
LGW,152
WRN,58
RNN,118
NNN,102
NNV,164
NVE,175
GVY,201
DAF,266
FTG,296
GWG,85
AQG,405
LMD,146
HFF,66
FFT,142
ANK,165
KIN,162
IST,263
HAD,154
DVP,190
PVN,181
NYE,60
YEN,73
ENQ,134
VGK,283
KTN,104
NAQ,224
QGY,151
YLL,388
AYY,100
YYP,78
PAH,107
HYS,66
YSI,115
SIN,178
INT,213
NTL,391
TLN,408
ADT,270
DTR,170
KET,194
ETG,286
RRI,290
RRQ,236
SGF,256
GFL,320
EFP,72
LEQ,479
QSR,180
SRA,285
SVI,356
VIL,519
YNE,75
EQG,306
GQP,213
RPQ,139
QNA,193
NAS,283
VGY,209
DGI,284
GIV,514
IVW,71
EDL,271
DLE,247
SVT,353
GTR,211
RCE,48
ANP,210
NPD,210
DHK,46
HKL,108
LQT,291
CRS,68
RSK,124
MGV,192
GVE,353
EYI,114
YII,99
ISE,277
SER,238
RLF,303
FKT,101
KTL,450
PPE,203
EEK,240
EKK,156
KLW,63
WHS,34
HSH,45
SHQ,88
HQY,36
QYE,76
YEV,93
EVK,239
VKS,224
VAP,344
QVA,335
LMS,201
MSK,126
SKI,151
KII,247
NTY,64
YGK,128
KTW,56
TWH,32
WHT,30
HTW,23
HTD,88
RDK,162
DKT,207
LPM,136
PMG,70
MGI,180
IPA,420
LMM,91
MMG,95
DPA,305
ADR,334
DRR,148
LGI,641
IDT,275
DTE,128
TEA,355
IKH,67
KHE,52
HER,99
ERQ,218
DLP,348
ARP,238
VIK,216
KGA,277
NAW,90
AWE,81
WEQ,56
EVI,330
VIQ,157
IQL,208
RAE,350
AEG,417
EGS,198
GEH,122
EHG,134
RGD,220
DTA,312
TAH,140
HFG,98
GTS,284
TSE,180
MSS,173
SML,207
MLP,214
SIS,285
ISP,248
PEL,441
LAC,161
ACI,73
CIA,84
PGF,189
FRA,212
INV,177
NVI,195
APV,435
PVR,231
VRD,278
QVG,201
EAC,67
ACQ,62
CQA,52
WAQ,85
AQA,665
QAH,100
AHI,117
HID,129
DAW,101
AWN,49
WNA,53
VFK,89
FKA,156
KPK,98
RTP,185
TPC,39
PCS,39
CSA,110
SAE,376
RKR,190
VLK,359
DPV,209
DLY,176
YNA,131
RYA,263
YAV,207
GEN,216
ENS,169
NSA,252
YYG,95
GSP,199
SPR,170
PRL,322
LVF,311
VFA,292
DGS,332
VTE,267
TES,227
ESP,137
PEP,151
EPG,218
VIW,66
WRD,103
RDD,186
VTC,54
TCR,58
RRW,126
RWN,43
WNW,12
NWR,68
RQG,244
LSA,952
SAS,446
DKM,85
KMM,38
MMW,15
MWF,21
WFI,34
FIL,272
PEM,134
EMP,91
PVD,235
ELY,168
LYA,317
AGN,465
GNM,90
NML,122
MLT,260
EKM,119
MMP,62
MPG,171
RFE,160
FES,117
EST,163
STL,594
LMG,253
MMT,66
MTC,23
TCP,43
CPP,44
PPK,89
PKL,165
LRD,526
EDV,210
DVI,345
ILN,246
EDG,235
AEK,448
KYR,94
YRG,126
GSK,157
SKT,176
KTD,144
TDE,220
QAE,299
AEW,81
EWR,66
RSW,62
SWD,44
WDV,43
DVK,206
EYS,103
KGI,271
GIT,424
ITE,223
FIE,180
EQD,130
QDT,100
TEE,232
RQQ,305
QAA,513
AAA,1349
EKS,191
KSW,63
SWA,90
AQY,143
YES,64
RDP,150
DPR,196
PRQ,95
QSE,123
SEA,319
EIK,190
RTY,76
TYD,94
IYH,61
YHG,63
AEL,772
LIQ,259
INE,192
NEF,94
EFF,97
FFD,131
FDQ,70
QPT,112
YQD,94
QDA,213
FEK,157
EKQ,192
KQY,73
YMA,82
MAY,81
AYM,64
YMQ,35
QQN,119
RLY,225
EDN,151
NNS,109
NSS,142
SSY,131
SYN,96
YNQ,46
QAM,170
AMW,38
MWV,28
WVL,106
VSV,456
VII,311
IIA,531
VWF,57
WFG,74
PMN,37
MNR,75
RLI,448
RHI,142
HIA,184
IAS,486
GDL,386
VKR,252
RID,252
IDV,292
SNE,124
NEM,74
EMG,134
MGQ,84
QLA,675
ADN,245
NLR,260
LRH,265
RHM,42
HMQ,36
MQS,64
SEL,458
ELV,494
RTV,233
TVG,306
VGD,324
VRN,200
NAI,300
AIY,193
IYS,139
YSG,182
ASE,336
SEI,240
IAM,206
GNN,143
NND,107
SRT,210
RTE,200
TEQ,171
EQQ,250
ETA,334
ASM,150
MEQ,116
QLT,389
TAT,393
ATV,486
TVK,265
KQN,78
NAE,223
ENA,291
NAR,259
ASH,170
SHL,184
TAQ,287
QKG,142
KGG,233
GGK,302
DNV,269
NVV,266
VQT,138
QTM,71
TMR,71
MRD,117
RDI,304
SSQ,164
SQK,110
QKI,144
IAD,448
ISV,335
VID,375
IAF,276
QTN,84
TNI,115
NIL,267
ILA,655
LNA,566
NAA,458
VEA,469
QGR,248
GFA,348
SRS,266
SAQ,288
IKS,181
EDS,132
DSV,285
SVS,411
VSR,378
VDV,320
VES,272
GET,367
ETM,81
TMD,51
MDE,111
IVN,234
VNA,425
TRV,211
RVT,325
VTD,288
TDI,237
DIM,77
IMG,119
MGE,148
DEQ,221
IDQ,140
AEM,191
EMD,65
MDR,79
TQQ,176
EEQ,194
SRL,584
LTQ,391
TQA,289
VAV,585
VFR,137
FRI,114
RIQ,144
IQQ,161
QQC,38
QCA,44
DVA,478
VAA,882
AVK,384
KTS,157
PPR,100
PRK,75
RKA,298
ADD,321
DSD,192
DNW,61
NWE,30
WET,48
MAI,227
ATI,385
AAT,603
ATT,348
RNS,123
NSF,104
SFW,49
FWG,46
ELP,304
PQH,59
QHV,101
HVM,56
ISR,295
RMV,112
GVI,531
FSQ,197
IAY,153
AYS,166
YSW,61
WLD,156
DTG,255
TGI,349
GIM,136
IMD,77
MDA,149
LNS,312
SGK,455
GKF,132
SLL,951
LKF,133
FAW,96
AWL,338
WLS,183
SQS,183
VLF,371
FGF,157
FAI,234
IPM,96
PMF,45
MFA,103
AFV,288
VAN,257
ANS,229
NSI,145
SIG,311
GKL,464
AFP,153
FPA,227
GFI,298
FIG,303
GLM,246
MST,125
TQP,171
TQV,162
LNF,145
SLH,151
LHW,60
HWV,31
WVT,60
VTS,296
PVP,237
VPS,198
PST,140
STF,189
ISI,254
SIV,256
IVA,543
VKW,23
KWM,21
WMN,23
MNQ,71
NQK,79
FLL,457
AFK,131
KTT,218
TTF,152
TFL,224
LPI,289
ILS,452
SAI,443
AIF,258
FVM,78
MLA,422
AMY,81
MYY,30
YYV,61
YVI,97
VIT,349
TPF,183
PFG,154
GGW,160
GWI,89
WIN,55
NGG,241
LMY,53
MYA,64
YAM,68
DRN,94
RNW,50
NWT,34
WTS,38
LTK,240
TKP,115
KPQ,109
PQD,120
VYH,58
PCI,42
GNG,294
AFH,96
FHR,76
HRD,81
RDC,45
DCH,24
CHP,23
ADW,122
DWS,63
WSG,95
QRF,172
RFI,217
SGW,146
AKV,299
KVS,182
VSW,84
SWV,74
WVK,73
VKL,310
KSV,230
NVY,85
VYL,235
YLD,236
LDS,371
DSE,208
GHV,147
HVI,105
APD,279
PDK,154
DKN,146
ELD,367
DIQ,164
IQI,110
YPN,58
PNQ,54
NQS,114
QSS,158
SSD,232
DYQ,149
KNL,206
RLM,232
MQL,124
MTK,97
KLL,575
NAD,242
DFG,156
AIN,333
AHR,163
HRH,54
HGV,161
TST,234
AMM,113
MMN,43
MNG,82
GIE,340
EHA,121
EIS,229
ISA,523
SAD,343
DFP,96
FPS,92
LGV,691
GLH,216
LHF,118
HFV,76
GAP,289
PLS,454
RMP,76
LER,475
GML,291
MLG,281
LGK,382
GKW,70
KWL,81
WLW,53
LWQ,121
WQA,152
AAQ,544
QGK,233
IQD,112
DNE,135
ELH,174
LHK,118
HKQ,41
QYD,94
YDC,11
CFV,41
FVR,192
FGR,181
GRA,361
PTH,62
THI,88
IDS,267
DSH,88
SHH,56
HHH,49
HHA,95
HAH,53
HFI,72
FIP,177
IPQ,147
QVW,55
VWK,42
WKH,11
HVV,141
VVR,355
PLR,356
QHT,66
HTI,78
TIS,286
TQG,179
FIS,240
SDF,133
FYA,116
YAE,177
ENV,217
RAT,274
QSV,227
ELM,158
LMC,29
MCH,11
HPG,125
IDK,203
DKI,221
IVL,523
RYC,52
YCY,16
CYP,21
RLD,391
LDE,550
LKH,106
KHD,43
HDI,117
DIL,405
QGF,162
FRL,262
LGT,423
GTY,125
TYN,77
YND,81
MGA,201
VAQ,402
AQN,179
QNF,77
WKL,52
GVN,277
VER,334
MHA,52
STV,260
TVQ,165
VQA,313
LAP,478
PGD,276
ISY,147
LKL,457
DET,195
TLR,610
ITG,403
TGF,229
GFS,320
FSP,196
SPN,96
NAL,606
ALQ,531
LQQ,441
TIA,413
IAE,512
TRS,207
ISS,286
STH,99
THA,123
HAQ,100
AQM,114
QMM,37
MML,109
LFY,169
RAY,123
GSI,278
SIM,89
IMR,83
RKT,194
LFL,491
VTN,192
NAH,74
AHA,211
HAV,159
AVY,181
VYV,115
VRH,131
HEY,49
KAN,184
ANY,121
AYI,109
YIA,193
IAH,183
HRF,83
FAN,164
NGF,142
SKS,162
DDT,189
DTN,100
TNK,94
AFN,226
ETQ,169
QGN,154
NEY,80
EYT,93
QFK,68
VVW,90
VWQ,78
WQP,101
DFF,147
FFY,71
FYL,144
YLE,193
PIM,65
IMI,74
MII,127
IIV,292
VRR,291
IRQ,283
LKK,375
KKV,216
FSD,194
DEY,125
SYM,43
QLN,240
LNH,136
NHY,55
KKF,104
KFH,22
FHQ,63
HQI,59
QIR,183
SQQ,220
QQI,203
QIS,215
ERA,375
RAQ,264
QCS,32
CSK,18
SKK,143
KNR,115
NRE,154
REP,123
EPD,151
TIL,335
ILD,343
VNR,171
NMF,38
MFK,51
FKQ,81
LEA,681
NTQ,96
TVD,269
IPS,175
PSG,268
KTK,94
RVQ,159
VQR,197
QRY,163
RYS,193
YSF,71
SFH,58
FHA,91
IKI,131
GEM,172
EMY,39
MYK,23
YKI,70
EHH,80
HHD,57
HDA,151
LFF,229
FTV,238
VRG,283
TAK,235
RTK,89
TKS,100
LPN,159
PNK,63
NKP,140
KPL,338
PLF,306
IVF,175
VFS,282
DNA,288
TIN,210
PGQ,186
QKV,172
KVG,218
NGC,68
GCG,167
CGK,74
GKS,370
KST,207
KNE,117
PGT,238
GTW,86
TWQ,80
AWV,115
NQE,71
QET,150
ETP,203
IEY,80
EYV,138
REY,129
ANE,194
NER,157
ERN,138
NDG,161
HAI,156
IHG,138
KLD,256
LDT,347
TID,237
AWT,76
VRS,234
RSR,250
FSN,117
SND,121
MRL,228
LIC,118
ICR,57
DEP,224
PTN,76
TNH,57
HLD,171
IWL,150
EKW,57
KNY,89
NYP,85
YPG,121
GTL,586
ISH,142
SHD,87
HDR,78
FLD,262
DPI,136
VDK,218
IIH,104
HIE,125
QQT,201
FEY,53
GNY,144
YSA,214
FEV,137
EVQ,152
MYE,39
ESQ,154
QER,165
VAH,164
HLQ,128
SYI,105
YID,133
DRF,172
RFR,182
KAT,213
TKA,198
AQS,312
SRI,246
RIK,186
IKM,64
KML,142
ERM,97
RME,92
MEL,128
AHV,147
HVD,114
DNP,179
NPF,119
PFH,55
FHF,39
SFR,147
APE,347
PNP,102
KME,52
ERI,328
RII,275
SIK,144
GSR,229
GRN,186
EIG,238
KLG,362
FAQ,175
AQH,131
QHQ,76
HQL,164
DES,217
LQH,154
QHM,28
HMA,63
PQE,160
QEL,267
EQK,145
RDY,146
YLG,235
GFQ,98
QGD,194
GDK,294
RFS,212
EKA,430
WQR,111
RPN,74
DMR,91
MRQ,115
LTE,518
IDF,148
VSH,151
DRH,75
RHL,229
HLI,147
RST,145
TDD,208
LVH,158
VHD,81
HDK,56
VEP,167
EPF,116
PFD,107
QQW,69
QWL,149
VQK,120
QKQ,109
KQE,102
QEN,125
EPV,227
KEN,151
NAN,148
SRK,168
RKD,122
KDQ,67
DQK,74
QKR,137
RKE,172
IAR,562
EKE,224
KEM,102
EME,104
AQF,157
QFG,146
ARR,538
QQP,156
VRP,181
QPQ,142
SGN,258
QRQ,210
AGR,509
RVR,276
RDG,294
MEY,49
YTV,163
TVP,227
EVS,228
GRT,275
REQ,251
FAS,299
HQT,88
QTS,147
TSM,89
YLS,271
RIH,107
IHR,79
HRV,114
GYP,143
PVA,477
VIY,148
IYK,79
YKA,132
SQT,170
QTV,222
KVR,198
KTA,304
ILV,424
NFL,136
GKE,233
KEY,108
EYH,48
YHY,46
YSR,125
FSH,116
SHE,87
YRK,110
TTQ,158
TQL,312
QAW,98
WEL,63
LDR,314
SMH,25
MHC,17
HCW,8
CWQ,23
WQG,110
DDV,308
GFE,176
ENP,167
PEG,295
TGG,407
GIQ,156
PGK,249
GKA,369
LIP,310
IPG,292
GPK,96
SDT,211
DTS,187
SVA,510
VAR,491
QIK,108
PEH,123
EHF,87
HFK,41
FKN,98
KNW,41
NWV,47
WVA,99
VAW,110
WAK,67
AHK,71
GLD,425
LDF,232
FNP,126
PSC,33
SCF,36
SHP,117
HPL,210
NIR,167
RQF,150
QFW,32
WID,58
IDH,93
HCK,17
CKA,56
KAS,292
YFG,109
QLG,379
PSV,191
SVM,175
MNI,124
NIW,33
IWI,50
WIP,32
IPD,168
DGM,94
KDI,211
APR,232
VIS,380
SEK,195
FDP,144
AHH,83
HHI,63
ESK,128
GAE,379
AES,350
ESY,118
EFY,78
FYM,35
YMG,51
GYA,300
SRQ,213
RQT,178
LCL,157
CLD,54
FHP,66
TEV,230
KIS,201
AAM,354
AML,401
LYV,168
YVP,117
LHV,160
RWD,49
WDS,46
SDH,78
DHV,85
QAI,383
VHI,87
HIG,99
DAS,342
INR,216
WVI,72
VIG,550
IGT,264
RNM,72
NMK,34
MKK,192
TDQ,76
GDY,179
DYT,123
YTA,167
QKS,108
LPW,121
VWE,56
MYC,11
YCQ,21
CQR,56
RHD,85
HDT,73
TGS,370
GSQ,171
SQW,64
AYE,112
YEK,107
EIL,395
LSK,320
SKR,147
WIT,66
TDP,136
DPN,116
WLA,346
IDN,222
IFL,278
FLS,308
VAK,367
AKL,468
AQR,389
QRN,104
RNH,65
HAR,124
AMI,183
MIM,45
SIA,375
IAW,134
TNP,149
FEL,194
SAR,373
LIW,88
IWK,37
WKA,73
ASK,249
EIH,85
IHE,76
SIE,191
IEG,246
KTR,195
SSF,184
SFL,296
IML,206
MLL,379
ITA,476
DHL,149
FIM,76
IMM,58
MMA,129
GVM,229
VMM,79
MMF,37
RAH,119
HRR,107
RVC,62
SSP,215
SPV,256
KNA,224
SDS,234
GWL,258
WLY,76
PDS,213
FRR,219
PRS,149
RVY,138
FRH,84
RHV,115
HVL,153
LYR,219
AET,307
ATS,312
DEN,194
ENL,302
NLK,186
QVQ,118
VQL,266
QLK,282
LKQ,289
DAA,666
DAI,464
KGE,278
EGW,94
GWA,111
WAA,139
SKG,200
GDI,373
DIK,177
SAW,164
WEA,55
EAG,523
VNS,197
SEM,112
EMM,68
MMQ,64
MQM,44
QMK,47
INN,176
NNL,229
MTI,136
TRR,262
AVQ,262
QKA,232
ADP,218
RRY,213
DFH,62
RLH,206
LHT,159
HTR,82
NEP,119
NSQ,123
DVL,526
ESE,214
EAM,196
AME,171
WLQ,110
GMD,118
MDT,74
PRH,73
RHR,134
HRW,24
EQY,109
QYG,142
NDM,55
MAL,451
ALH,276
HLL,319
TTS,236
EDW,42
DWE,56
WEP,30
QAR,328
AGP,210
PQR,168
MQV,103
VLH,191
HVC,19
VCS,90
CSE,51
AQI,311
DIR,241
RRD,230
DTF,130
TFA,239
FGH,109
GHY,92
HYN,32
YLI,194
PHL,125
YER,93
RPA,260
API,213
MIR,92
IRI,166
IYM,35
YMP,46
MPI,82
PIP,127
IPT,185
PTT,162
TTC,41
CCA,22
CAL,151
SDI,297
ERS,178
VYS,161
YSH,59
YRP,110
MYR,50
VPL,361
PLI,363
GMS,173
LVY,191
VYQ,123
QDP,99
DPM,56
NYF,87
YFH,37
FHS,58
HSL,187
ITT,284
TAP,289
PLT,442
IGF,240
ILF,275
GQE,156
STR,217
TRI,246
RGP,105
GPN,85
PNV,119
NVR,183
VYE,99
YEW,15
EWP,22
RTS,133
TSS,261
SSA,394
LDV,437
EIQ,139
IQF,69
QFA,170
HEQ,80
DAK,228
LGN,313
EDQ,78
DQE,80
QEK,185
VHG,123
MMI,61
NLG,256
GGN,276
GNQ,125
QMF,32
MFM,23
MRY,73
RYH,80
YHR,57
LPH,145
HRT,65
AVD,395
VDA,476
PAN,187
NKM,40
MLD,244
DDM,96
DMV,126
MVH,34
ICA,90
CAW,20
AWR,157
TGQ,204
MEH,41
HAE,118
GNS,185
NSW,40
WAI,67
YDD,123
PEK,209
KGR,209
WRT,74
QML,179
RGG,278
GGP,152
GPR,108
YQK,77
QKP,105
TRE,276
VHH,55
HHR,55
HRE,73
MCR,26
CRI,60
DGK,369
KEE,160
AEY,194
EYM,42
MPM,40
PMV,114
LQF,131
EEY,114
GYW,57
YWP,24
AMQ,141
IRP,169
RFQ,90
QRW,83
MQC,20
QCE,41
RNR,155
III,247
DVC,60
VCQ,43
CQH,14
HIS,116
QPI,120
ILR,359
LVN,381
STS,240
TSW,53
SWI,68
WIK,52
IKA,328
LHP,136
HPS,75
RNI,184
IEK,262
TEN,150
ACA,177
CAG,106
QVY,108
YAT,154
GGQ,237
GDF,166
SQP,176
TNV,136
NVK,135
KKY,128
KYS,100
YSQ,97
MVN,106
YTQ,64
QNP,83
FEG,138
VRK,238
RKN,161
KNT,121
NTD,135
FLK,180
FKD,91
KDV,192
GTK,150
FNT,126
LTP,520
TPP,223
SSE,219
SEG,217
KLM,127
LMT,208
GMF,102
MFR,68
FRC,25
CLN,58
LNW,56
NWN,29
LVW,124
WQY,23
MAW,73
ARI,371
NRA,205
GGC,94
GCF,70
CFF,33
FNS,137
LHS,190
HSI,65
LIF,308
FSA,384
RVK,228
MTQ,111
EMV,154
MVQ,84
RFP,147
PAQ,252
QRV,279
PQI,147
QVR,213
KEL,317
QLH,121
LHE,159
KFT,96
FTS,198
VFV,199
FVT,185
VTH,149
THD,98
HDQ,45
EVA,387
RVV,358
SQG,210
GNI,294
RVW,84
VWR,101
WRE,100
TRF,184
FMG,85
TIR,205
QFH,47
GAH,135
RWP,66
YTP,123
YQG,143
GRS,241
SIC,53
ICS,64
CSC,12
SCV,56
CVR,53
GRW,103
RWI,70
WIS,70
VWI,76
WIL,84
RYR,223
YRS,141
TIH,91
MKT,102
AGM,299
GMA,293
EHT,82
HTL,221
KAM,153
AMA,365
YAQ,127
LVM,263
DDH,79
HLV,178
HDH,47
DHY,47
TDV,222
DGR,278
GRY,223
RYY,102
YYA,100
YAI,153
AID,399
FTE,151
EGF,205
GFD,240
FDI,150
KVQ,136
TYP,81
FPM,47
DFR,127
HTF,58
TFE,106
EEI,289
IEF,115
EFV,138
VQG,209
NHS,83
HST,70
NIG,219
YPE,107
APW,83
PWF,49
WFH,12
FHH,53
HHQ,46
HQE,66
GKD,222
EVL,500
KYG,136
YGY,127
KQD,92
LQC,38
QCF,20
CFD,32
EPK,101
PKM,44
KMG,102
MGM,74
MDL,106
DLN,266
AYT,122
YTD,109
TDW,61
DWN,33
WNE,28
NET,146
QQK,149
KQP,88
YNY,47
YDW,37
DWM,25
WMF,19
FKP,93
KPG,239
PGA,378
GAM,220
MKQ,91
YAD,182
IGP,192
GPD,133
PDY,140
DYH,71
YHM,20
HML,82
MLV,273
TKG,140
KGN,137
KLT,331
AHQ,106
HQN,40
QNK,74
MVV,186
VVH,122
VHP,93
PYT,95
DYA,190
DVN,215
QLY,152
YNK,68
VMF,101
FLQ,180
QKN,79
QLM,141
LMV,237
MKR,153
RKP,148
KPN,63
PND,98
PNT,98
TSG,330
GTH,98
THW,40
HWL,64
IHP,108
HPD,143
ARW,117
WLL,291
KQG,163
FVV,226
PYC,26
VLC,122
LCK,66
CKR,34
VGC,94
GCA,116
VMP,131
MPL,199
PIG,154
SNQ,81
ETR,231
TRA,289
EII,259
RWS,84
WSW,30
SWT,62
WTR,46
AYP,112
PAM,143
MPH,45
RWK,46
WKW,10
KWA,44
QMR,83
MRC,24
RCW,26
CWS,24
WST,54
PWR,79
RMT,90
DLT,326
MFN,53
FNA,193
SSI,237
SIT,265
KVH,52
RVP,176
PSN,64
SNL,226
TTR,203
SLF,387
REN,169
NQR,124
GHN,58
FLR,253
LFS,475
STA,328
AVR,454
VRI,248
RIP,154
FNQ,119
YPK,55
PKI,93
TTG,282
GSS,294
AFI,327
DGP,117
PLM,185
LMH,55
PVY,161
VYP,115
HGH,61
VEW,65
MPF,80
PFA,204
FAM,144
APS,218
AWP,97
WPM,19
PMI,84
MIS,104
SNI,177
ISF,172
PLN,221
NPQ,191
AST,327
FVG,236
LSN,269
SNY,68
NYI,110
YIS,120
SIL,358
SDP,145
GFW,64
FWH,36
LWM,43
WMT,31
MTV,143
TVW,70
VWY,22
WYT,24
MFF,55
FNR,129
EFR,123
SYV,129
YVT,119
WKY,24
KYM,34
YMF,24
FNN,98
NNG,155
NYL,215
PLW,113
LWF,98
SFV,165
AIW,98
YFP,67
FPY,54
YAF,110
FLA,402
QTI,192
MDG,122
AWQ,160
RFC,56
FCI,43
CIV,60
IVT,319
AIM,152
IMP,103
TVI,331
RTI,181
TIW,44
IWM,24
MFY,34
DVY,132
TTK,94
ILG,467
YKT,62
FAF,139
SVV,375
FII,170
TRK,178
RVN,191
VNL,309
KDY,95
KPT,134
IKT,203
TAY,134
AYR,196
YRR,149
RKY,82
KYH,46
YHP,55
DVS,284
KEP,90
DAE,365
ARF,315
RFK,122
FKE,99
EAW,99
WEV,35
EHR,81
QLW,69
QHR,83
HRN,43
NDP,190
DPQ,190
QFN,92
NRQ,132
QQH,109
QPY,50
PYN,49
EDF,126
DIF,149
FGQ,133
GQQ,203
RHS,101
GHD,98
IEV,232
VFL,284
EHQ,78
HQR,124
YSV,173
VYN,92
NAF,157
IPK,103
PKS,121
VKI,204
KIP,106
VSN,178
LKG,404
TPG,304
PNG,151
NGD,210
DLW,70
WLV,181
VIH,92
PHP,79
NQD,72
KER,196
IPP,167
KGK,248
GKG,324
KKH,74
KHT,56
HTG,108
MPP,82
PKP,110
KPD,170
DEK,213
VLW,113
QWG,37
WGK,64
MTP,176
VPD,219
TLS,727
SEY,117
TKT,148
VKC,44
KCL,27
CLS,104
VPA,374
GYI,142
IEP,177
MAP,116
YGD,143
GDH,74
DHT,61
GYY,121
YYN,47
NEV,160
EVD,195
FPV,146
PVF,188
TVT,402
HIT,120
QRE,181
YHS,53
STY,93
TYT,115
GRP,211
RPP,103
LNE,355
EVF,165
FVP,159
KQF,108
FPE,115
EGC,60
GCS,101
CSY,29
SYR,139
VTM,94
TMK,72
KKQ,134
QYA,131
MRN,79
KQQ,141
QPF,104
PFL,218
GSY,175
SYE,89
YET,99
QSH,59
SHM,37
HMT,42
MTG,160
NIN,143
TIY,83
IYI,87
YIM,27
IME,71
MEM,50
EMK,101
KTM,54
HTH,40
THC,25
HCV,34
CVT,47
FTK,93
TKM,52
KMY,32
MYT,42
EEF,119
EFA,189
KAW,92
AWS,119
WSP,49
NPC,22
PCY,21
CYF,18
YFE,74
KGT,169
MKP,83
ETK,113
TKH,42
KHI,87
HIK,59
RPF,113
PFI,176
IVK,204
EYP,69
YPI,78
DPF,88
NLI,232
RFN,150
FNG,175
FPN,64
NQI,92
SVC,71
VCG,121
AFF,208
FYC,20
YCL,50
CLQ,54
DAY,144
ELW,71
SPG,231
GCR,86
CRH,27
RHP,131
GIF,203
IFY,78
FYY,45
DDG,219
RPK,80
GTD,206
DSP,148
ITM,71
TMW,15
MWQ,20
EWF,35
WFE,42
GYE,138
RIF,148
SNV,146
VGI,422
IQG,158
QGI,254
NKY,57
KYK,57
YKE,71
KEQ,133
GYK,116
TSI,195
NST,145
STN,102
NKT,121
WVV,94
VWD,57
WDG,51
DSN,129
LYS,219
NWI,30
PKK,81
KKD,117
QFF,81
FFI,167
FFG,204
VVF,277
VFN,150
MNA,114
FTY,69
SPT,153
KHS,57
AYK,95
YKL,122
LMF,100
MFT,68
FTI,176
IGK,211
KDP,114
NKH,48
HEW,21
WLN,121
ERW,79
RSN,116
TRQ,211
VYY,66
YYL,117
IGR,285
SNA,196
EEN,174
AAC,186
CFL,64
DSL,435
IRY,125
YDY,92
YGM,78
QNI,149
NIV,219
RQK,162
QKE,119
KES,167
YWL,75
EYG,156
YGN,105
NPW,36
EFK,99
KRH,104
HNT,43
NTR,142
TRY,161
GRI,331
WIE,63
ETE,184
AYD,133
IIP,225
DTD,137
DAT,302
TNT,139
RLW,130
LWN,63
EIN,198
KFN,74
DYF,111
EDK,148
KNH,45
HSE,94
VLY,192
DST,171
TYS,82
RQE,177
QEY,94
RHY,101
HYH,37
HLH,78
HKT,54
KTY,117
HLN,116
DTH,91
THP,100
LMR,211
EHK,47
HKF,28
FNW,31
NWD,28
WDD,60
EVC,73
VCC,17
CCQ,10
CQV,31
QVF,102
FSY,114
YTN,71
NHT,65
ETW,77
WPV,59
VDM,110
FEI,96
NDY,108
QYP,65
TSL,425
ESN,118
VRM,121
RMA,176
SHK,53
HKV,65
HSN,56
NLM,103
IFP,109
FCN,30
TNG,154
PRR,164
NPP,116
ENI,233
EQH,117
QHC,23
HCD,27
CDY,42
DYP,124
VNH,87
VRQ,255
QAK,237
NKK,129
AMV,265
MVI,178
NPK,100
PKA,187
EYK,95
YKR,76
KRQ,135
MNV,94
YNR,92
IKE,218
DWV,80
WVP,49
PRV,177
VNI,215
NIF,112
YYM,19
AKH,90
HII,104
KVI,271
QIG,160
KLK,284
VFI,207
IPN,86
PNY,47
SNM,50
KIC,34
MKF,44
KAD,245
DQS,85
VKY,98
YKD,104
DKG,176
AIQ,212
IQT,141
DGN,194
GNA,314
ASF,282
SFK,75
FKS,97
EGT,203
NVD,171
VDP,197
KID,167
KTV,245
AFR,237
FRS,126
RSQ,157
VQN,108
QNR,107
ITN,181
GNT,272
VNN,167
RIE,255
MSR,137
QAN,174
ANQ,158
NQV,144
VPQ,148
MSC,32
SCN,28
CNR,16
QFI,145
FIT,193
MAG,287
HDE,88
SLC,94
LCI,72
CIG,72
IGC,118
GCT,75
CTA,60
TAC,73
ACM,23
CMD,13
DAC,68
ACR,100
NVP,193
TFP,84
YRF,118
FFR,129
HSC,14
CDH,18
DHA,89
HAP,111
APC,47
PCV,41
CVD,51
VCP,69
CPT,56
FRD,156
LCV,101
CVG,85
GCQ,46
CQY,18
QYC,35
YCI,29
ACP,81
CPY,29
YRV,152
DKC,24
KCD,34
CDF,24
FCR,55
CRK,48
PAC,75
ACV,120
CVE,59
ESC,50
SCP,46
NLD,205
DPD,177
EKP,170
PKV,128
KVY,93
PFN,92
FNY,65
DSI,226
YPY,49
TQY,86
LDY,201
GMN,84
NTA,253
LWC,26
WCS,11
ILC,91
CAN,62
SFE,129
EKH,97
KHY,61
HYI,63
YIL,148
ILK,236
NKE,112
KEH,56
EHE,65
RQW,82
EIC,35
ICL,98
AQE,297
QDY,86
DYK,68
IHA,159
VGH,99
DND,119
NDN,109
NIT,218
IRW,51
WSV,69
RMF,57
ACY,48
CYL,55
LLC,208
CVP,45
VPY,116
ERT,181
TFY,82
FYH,48
YHD,68
HDY,68
EMS,107
MES,82
SAN,227
AND,212
AKY,135
KYT,82
YTT,103
TEH,75
EHL,171
YFV,84
QDV,171
VCE,46
CEE,49
EWK,51
WKN,35
KNN,113
NNI,164
NDH,40
DHM,20
WMI,36
IDY,133
YVK,87
TFK,78
FKG,110
KGS,167
SIY,109
YCP,23
CPQ,39
EGD,244
KPF,131
VCL,95
TFC,49
FCH,22
CHL,36
ADS,356
NRY,116
IKQ,151
AWD,68
WDN,53
DNR,133
RQM,94
MDV,100
VEQ,271
DLM,135
PTI,177
TNF,68
NFV,110
RAN,182
NPT,134
DWR,80
QCN,13
CNY,19
NYY,61
YYY,40
YAK,123
AKW,48
KWS,36
ALW,218
WLT,163
KSQ,106
NAC,49
ACD,86
CDK,27
FSV,248
SVW,85
AYL,258
MKA,150
QMP,65
EYQ,105
PNN,52
FTR,201
QMA,136
LMI,155
MIP,90
NEE,152
EQT,174
GSD,229
DVT,302
KWR,50
TWL,142
PME,48
MEA,130
EAK,286
AKE,340
KEK,193
KDE,167
DEW,71
YWQ,48
ILH,149
MQK,90
GFY,119
YPM,39
WQV,74
IGH,138
GHQ,103
HQK,51
TKE,139
EKI,275
KIR,178
RNF,106
NFG,113
FGM,89
LME,178
MAE,236
NMP,69
PII,171
GAY,177
RGQ,167
IIC,57
CTV,54
EGG,265
GGS,400
LQY,123
YST,131
ILW,91
LWK,58
RNP,127
KAQ,241
RYQ,158
MSY,50
SYG,125
KVL,388
TQE,141
DVM,142
DAD,370
ITS,241
SDC,50
DCD,36
CDQ,23
FRT,115
RTH,96
YAP,134
APY,133
VWC,18
WCE,14
CET,55
ETS,184
KRF,165
KYP,86
YNC,7
NCS,32
CSP,46
PSF,102
SFN,124
NWQ,73
WQK,58
SFQ,71
YKY,41
IHS,105
HSM,31
SMW,13
WFN,54
MFD,80
HAY,53
QPE,182
PEF,145
DGY,151
YTF,80
FVS,180
HQQ,95
QEV,192
EVG,243
VGT,324
YFD,82
VTA,532
STE,172
LWP,107
WPI,42
PID,109
IDP,218
DPW,32
PWL,141
LWI,88
TTM,78
TMQ,66
RIV,309
QNQ,72
QQD,105
SPP,110
PPI,79
GNK,143
NKQ,75
QAY,108
YRI,137
PSS,151
PPM,48
IQM,44
LFV,331
FVY,74
YGQ,104
WPG,75
EEH,102
LQW,63
RVI,332
RYM,56
SVK,228
VCA,86
VPW,57
MAC,55
ACW,38
CWG,21
WGT,53
GTC,44
TCF,28
CFQ,14
FQV,76
QRR,241
YEE,90
KMA,130
LTM,169
TMP,82
FKH,33
GED,190
DWI,44
MHG,61
VNV,251
DMQ,69
TET,198
ETV,298
FMH,22
MHV,34
HVP,87
SNT,144
VIC,68
ICH,32
CHG,26
VET,292
GAQ,263
MAT,194
GCI,81
TTV,239
YHI,45
SKV,159
IIG,428
NGM,95
MVG,187
VFC,55
FCE,33
HLS,174
SYF,102
YFS,120
HHT,43
HTA,103
VRE,373
VKV,295
ITI,224
HSS,91
TVY,157
YDK,96
IMA,154
PWI,52
PIK,85
TRT,212
TAS,413
IVP,229
PLK,238
WSA,103
MRF,112
FFF,102
RPI,128
SCG,70
CGS,102
TLY,226
WSE,70
SEW,67
EWG,56
WGA,101
QKY,78
TVM,107
GYS,256
SIW,51
NGS,207
HQV,113
FWL,123
RSM,98
MHN,37
HNI,73
NID,215
FFQ,61
NQC,12
CEG,56
MVM,80
YIF,63
IFI,176
FIY,95
IYG,163
YGH,82
MPE,135
VYW,33
WVM,40
MFI,66
FIA,370
MLS,269
YIK,96
SMR,78
RNE,119
NEK,141
FGK,176
PIA,232
FFE,87
EVT,269
MFV,78
PMS,69
VTI,319
QGS,141
SVG,343
GVC,89
VCM,23
YQI,85
SIQ,124
IQV,148
GIL,493
YKS,50
IFF,121
TFT,221
AYW,40
DRM,73
MGP,74
FWM,24
WMG,30
HYF,61
ARC,100
RCA,82
CAI,77
MIT,118
YEL,140
GIN,264
DDC,38
EDP,113
YNL,121
NLE,203
RPM,61
ADH,125
HYA,98
LRM,153
RRK,210
RKW,29
KWQ,40
IIK,168
NIQ,108
VPH,75
EPW,48
SQY,103
YFY,53
PQK,85
NEG,128
WAT,70
WHY,27
HYT,59
FLH,94
LHN,112
HNH,28
HTN,51
FQP,76
QPP,85
YNS,80
NSP,125
PWY,38
WYS,31
NPY,82
MFQ,27
FQD,73
RIC,65
ICQ,38
CQS,38
QSP,102
DED,183
KYW,21
WFP,40
SDW,87
HFA,127
DFK,77
ESF,155
SQF,126
QFL,172
SPK,106
FRF,99
EPN,57
PNI,88
VWN,48
WNV,40
RYI,147
YIP,107
IPH,78
PHN,46
HNR,52
GRK,244
HVH,48
WGF,55
QNE,107
NED,94
ERC,62
RCP,55
PRM,53
RMN,51
MNN,72
QEI,199
AKN,201
KNS,131
PTV,170
TVA,418
NEH,61
EHW,31
HWA,29
APK,176
PKG,169
GQD,111
YSD,131
TYK,69
VKD,199
GMG,221
KED,137
EMR,96
MRA,157
TYE,72
MKG,92
FQS,89
SEV,270
HLM,63
MIH,36
YSN,87
SNP,148
YEG,105
KDK,144
DKR,175
VGM,205
NRD,123
RDE,234
SMG,159
DQA,168
KDS,127
DSQ,142
FYS,97
PEN,206
GVF,247
VFW,57
ITK,146
TKN,91
KND,103
DDW,52
SKY,76
DHI,88
SWE,45
WEK,50
RNK,85
KSE,154
IKD,189
EYN,68
FYK,61
YKH,24
AHD,103
HDF,60
LTW,93
TWS,51
WSH,19
SHN,70
NRV,171
RVE,281
PWD,39
WDL,49
WNR,39
RDH,73
HKH,28
YVQ,85
RVF,161
MDD,92
EQF,138
QFM,32
FMP,69
MPN,56
LQM,108
QTF,93
FWK,25
WKQ,30
EDH,47
HAN,76
THT,83
TDS,236
DSS,211
YVS,130
RMK,86
MKE,82
KIY,94
IYY,58
YYI,47
YIT,110
SPH,73
KKG,189
EWM,33
WMM,17
MNY,44
NAK,177
PFV,188
FVE,161
TQM,66
MSN,89
RWY,46
WYN,33
YNI,89
MSF,91
VWG,87
NNY,73
NYA,110
FSW,59
WVF,42
FIF,115
LYF,123
VGQ,196
STW,60
TWI,53
HTM,34
WTY,23
TYW,21
HIP,106
FVF,99
VFF,137
FFM,63
FMW,15
MKS,97
MSI,122
ITW,56
WQS,90
TYI,97
ISM,99
SPY,107
NQT,113
QTR,185
KEF,100
KGM,107
AVC,115
GMM,98
MTN,77
GQY,125
QYY,53
EYY,65
YYH,29
IYA,176
FSI,206
KYI,121
RLC,107
CRT,61
RTN,76
DMN,62
NLY,120
YKW,13
NSV,183
YLW,53
LWV,109
YKP,53
GIW,89
IWC,15
WCF,10
CFA,59
FAC,58
ACL,142
CLT,84
TPE,411
PEW,72
EWV,65
PPS,116
KDW,40
DWH,38
WHI,27
HIL,172
MYQ,40
MRI,109
ICE,56
CEP,27
FGP,157
GLW,121
YHV,48
RWA,87
AMC,33
MCA,26
YFT,94
MET,81
TSK,123
TSP,202
YIV,119
CEF,24
GHS,132
DSF,124
SFF,145
LDH,131
DHG,87
NFE,77
QVD,170
PVQ,163
NTP,198
PIQ,80
PWA,47
EQP,127
QPK,80
SAK,264
KIE,161
GTV,341
LWA,130
TYY,61
YYR,88
NNM,44
LMP,172
MPY,67
PYS,108
NHK,36
HKG,65
FVI,170
VDS,270
SYY,81
YRT,94
WGG,105
VQF,90
RSF,117
FQY,32
KMS,71
MSP,90
GHW,37
HWY,22
WYF,32
MWT,18
QDF,80
FFL,151
YIG,172
GTQ,166
VGW,80
GWF,74
TIF,126
IVI,262
WFK,35
MNM,38
NMV,82
WRC,22
EHS,66
FTQ,123
ITC,53
CRV,59
LFM,138
SIH,77
SCE,36
FRV,158
TDY,126
VHQ,74
HQP,86
KRY,168
YPV,133
VIF,214
RRF,267
HKE,57
KEW,43
EWH,30
WHC,8
HCS,18
CSI,42
VVC,88
VCK,30
CKM,9
KMP,61
ERH,106
RHQ,118
INM,68
NMI,46
NQW,26
DSW,69
WFS,73
EYW,44
YWA,33
NDS,155
LIY,182
AWY,61
YFK,61
WAG,90
KNK,126
KQK,100
LSC,93
SCL,94
CLK,62
MKY,58
KYL,167
VFY,94
FYI,74
LHQ,183
RES,226
QEF,77
EFN,112
LKY,137
DFE,110
DRW,54
SHW,28
GLC,114
RRM,127
MIL,171
ILT,441
NNT,123
NTT,140
YQS,103
QSC,31
SFP,112
FLT,267
YDL,207
HVF,66
MTR,167
RFD,176
KYD,93
PFM,50
FMV,90
VWH,38
HSV,133
DKE,131
EML,246
IVE,290
QVT,202
LCQ,84
IGW,81
GWQ,119
WQF,34
QFC,24
FCT,40
CTD,38
MKM,58
MTY,53
SSC,39
SCK,20
CKT,36
KTQ,131
TQC,32
NRT,121
RTQ,125
FPF,79
PFS,182
THK,62
HKW,15
SNF,81
NFT,114
DPY,83
YDA,218
SFY,97
FYQ,87
DMK,56
MKV,106
KVK,201
LTY,141
KFQ,39
QDG,157
ASN,197
PDN,177
HLK,99
YKN,62
INI,167
GFH,81
VHT,86
PGI,268
RPT,129
TFH,62
FHT,48
NHG,84
PET,238
KNF,85
DYC,36
YCR,39
FYN,61
YNN,57
NTI,175
IFH,53
GFM,84
FMI,50
MIQ,54
IKN,139
NEA,214
EAN,159
ANN,172
NGL,357
PHS,78
QGW,57
GYC,51
YCV,33
CVF,43
AEV,409
GMH,33
HQD,70
VPK,107
PKE,150
APN,125
PNS,86
MIK,99
YEY,54
QYI,91
LNM,119
NME,45
MEP,52
DTM,61
WNN,29
ENY,103
DPT,148
DQT,102
TSC,43
HFE,53
FEQ,154
VQY,68
YYW,21
YWR,63
DMS,90
EWY,35
WYP,23
VNT,184
NNR,120
LFW,76
FWF,38
EGN,188
NGP,119
PNE,66
YSS,140
SQC,29
QCD,37
NWS,51
SPF,159
MMS,63
ANH,75
NHH,23
HHG,72
TYC,16
YLC,53
LCT,71
ACG,159
GYN,117
ETD,147
TDN,162
DNY,101
SKF,69
KFL,111
TNN,108
QSK,97
DKF,111
CDS,36
TKF,59
FYD,86
HSY,45
ACS,116
TNS,149
YHQ,62
QNW,24
LDC,63
CYY,9
YYS,91
SFT,212
GMQ,90
ANF,133
AMT,196
MTS,140
TSQ,149
NMQ,46
MQY,48
NTK,81
NRH,66
IDC,50
CLG,78
IFN,123
HSQ,66
FFC,44
CNS,29
FTF,96
FHG,86
TFR,154
FRK,110
HVT,93
INA,362
NAM,118
MRM,56
EPI,131
PPQ,95
KLC,53
LCD,92
QTG,195
MGR,130
GKM,85
KMF,51
ACE,94
CEH,22
HEN,48
CLA,154
HTT,75
TTT,258
EQN,133
MLM,117
LNN,252
NNA,175
LCE,105
CEQ,41
IGY,196
YPT,86
QMS,63
KQM,54
EQE,197
PIY,80
YSK,91
DPP,51
IMT,93
VPM,78
PMT,72
MVE,156
ETI,213
NVN,120
RAV,383
DQM,52
QMQ,74
QSA,271
WLG,183
WAN,42
RQP,164
DRT,123
TTN,110
QFE,95
IIY,104
MVF,103
NIS,219
TPM,86
PMM,51
MMC,15
QQS,163
RKQ,120
RAC,84
CER,61
NHP,82
HPW,27
MLW,43
WIV,73
VIP,229
KGF,149
FFP,95
GTN,122
QQV,244
QYQ,112
DWQ,85
MAD,197
QYR,102
EHN,76
RFT,232
DQF,70
FQA,100
MYI,32
PIT,164
QGM,111
GMY,54
MYP,30
IFQ,74
ILM,156
KSR,166
FPR,78
MMM,39
HPR,83
RYE,110
IFM,53
FMN,37
NVM,82
RRC,99
RCT,38
RIT,244
IDL,345
DDY,145
FFV,149
FVC,48
VCI,56
CIF,27
FQI,50
GVW,120
WYV,31
GHI,130
NSH,66
SHA,146
GGM,235
PFP,93
FPP,74
PPV,213
SWR,98
NNK,78
IQH,71
HSF,72
QYV,102
NKG,120
QAF,221
EWA,64
KPM,78
MQN,61
MYL,79
ENW,44
RPH,76
PGG,295
VTY,118
SNW,39
NWH,22
WHW,21
WRF,68
KMI,79
KNP,116
PSE,129
WHQ,35
HQM,40
TKW,24
KMR,79
QRC,49
RCS,60
EVH,88
SNH,49
LWS,111
IWE,29
WEI,28
MRR,125
KIM,59
VFP,119
YGG,188
HMM,15
RFH,88
DQR,91
RRH,169
RNT,144
IFC,51
FCG,67
CGN,64
IPF,151
LYG,283
IMF,44
FIW,64
CQT,29
AQW,82
QWD,32
NWL,99
QQM,97
VNK,142
DPE,189
CRL,88
YYC,17
YCW,15
CWA,26
HRK,42
RGW,82
WRR,125
LWY,32
FWA,51
IDW,58
TQT,151
DHS,52
PPF,89
RWF,49
WFC,22
CGG,113
LCH,42
CHN,17
HNA,105
DKQ,159
VYM,44
PYK,54
YKK,74
PKH,42
AKM,98
QHL,184
SCI,37
CIL,81
QRD,171
FCA,69
GWV,106
PTW,50
DCG,48
VWW,17
WWK,15
WKI,45
YQV,121
QVN,132
KFP,57
NHD,56
HDL,145
NYW,26
ESG,342
GWP,52
RPS,143
PMY,36
YNV,85
VTG,491
CGI,104
PGC,66
CIQ,22
IWG,60
WGD,42
FVK,104
YWS,33
WSL,113
FDW,45
DWG,57
WGI,65
YYF,50
KDA,244
PKQ,62
HVW,27
WFV,49
PKN,64
HDS,80
WRP,68
CIW,10
WLF,86
SCW,22
CWL,45
RRS,220
WTN,30
CGH,41
CRF,37
PHF,60
YRA,182
CPV,71
NNE,99
MDC,16
DCQ,28
CQW,13
WAF,51
PWM,25
WMV,34
YRN,100
HKI,69
ATM,137
MDW,29
WME,24
FWS,60
YEP,77
HRI,112
EVE,285
MRV,125
VYC,36
CAV,96
KVP,133
PRI,162
KMD,44
VKM,71
KMK,68
WND,52
DQG,94
EYE,99
YED,83
MQD,87
NEW,31
TCG,65
KDT,116
VQM,58
QMH,24
CDP,43
NPI,98
PKT,127
DPS,131
WTD,49
KQS,117
KGY,157
YEF,60
NDI,193
IQE,130
SYH,52
HDV,117
VAC,110
HIV,119
VWS,76
WSN,40
SCY,20
CYH,13
MEV,107
EVW,64
WDK,49
IHY,53
AWG,108
FWD,31
WDY,29
RHH,78
EGI,320
DPH,86
HLC,26
LCS,94
RMQ,88
AAH,242
AHT,112
FMD,46
GQH,93
MQG,89
PQW,59
FRN,125
FEW,23
EWI,50
GEF,173
AMN,120
RYT,141
FHD,59
HDD,69
GGH,134
GHK,71
HQA,147
YPF,71
PFR,109
FSM,77
SNN,96
CQD,37
PSA,254
AGW,153
REC,45
ECD,41
CDG,54
DMC,17
MCV,22
FRW,32
WAC,19
ACH,34
CHD,24
NRN,95
SKP,125
WIY,29
YGV,228
LYW,48
WGL,89
CSV,75
QNY,88
NYM,22
HTV,103
DYN,85
YAC,47
CLV,96
MVR,149
SAM,186
CVI,53
NRS,138
YWI,26
WIR,41
YHN,39
HNW,17
TGC,99
CEC,14
ECL,66
CLR,77
WVE,60
ETC,40
CHV,19
KAC,57
WDI,46
EWN,30
DHF,83
SGC,120
MMR,64
YKC,9
KCS,27
PQT,181
QVK,187
VMY,44
MYN,23
QYT,59
ESS,161
SSN,155
NMR,60
QMN,51
FHY,45
HYK,43
KRN,108
MHL,57
NYT,113
NAY,99
NFN,75
NDK,132
KMW,14
DNK,115
TTH,97
HKP,50
LCW,34
CWN,8
WNT,39
YTH,60
KFF,57
EWS,31
YGW,68
GWM,48
FGC,39
NWY,17
YTR,114
FNH,58
VYI,118
THY,61
YNM,25
PMD,57
YEM,43
IPW,50
WEN,48
IYR,144
DRC,46
RWT,54
WTM,19
TME,73
MEG,106
RMY,34
LEC,60
ECT,29
CTG,68
MFW,19
DSM,70
SMC,8
MCS,17
PWV,54
PMA,121
RNV,181
NNP,131
MDH,28
HVE,95
LMW,35
MWD,25
WDA,78
YEI,80
SQD,127
QCL,49
NMD,61
MAM,110
NGW,60
GWT,73
HNN,36
KSY,87
CHS,38
GHE,114
HEV,103
WTA,56
RSC,48
GHC,44
CDA,84
CIS,61
INC,34
NCL,48
CLE,73
WQW,27
QWV,49
MHH,24
MGC,39
CEV,52
NSR,156
LDW,93
WHP,29
PTS,172
WLM,87
NYH,46
HDP,82
AMD,127
HIC,22
YHA,90
MHD,50
KHF,48
PCD,28
PRP,145
MSV,169
PHW,29
GCD,66
VCN,32
CNN,16
NRK,94
RKG,231
SPI,116
YHK,31
MDS,106
TRW,75
WKT,47
RWQ,104
WQE,100
INF,105
QSI,169
RMM,62
YSC,29
QKW,37
YQL,203
CVM,23
QNT,90
FPH,49
HEK,66
DHN,46
HNV,93
MME,52
HRY,78
NHR,54
SWM,42
QPH,45
FTC,30
CPL,62
PLC,68
CHQ,22
HQF,49
VQH,82
QHK,48
RAF,194
YQP,114
CGE,72
YYT,59
HAF,93
KFC,21
PCK,17
PHH,56
HHL,93
PHT,69
HTE,67
AYH,55
QMT,61
HLW,44
MIE,101
YKQ,56
SMT,99
THH,57
QIC,28
GNH,86
NHM,23
GQN,116
AHG,159
TMV,101
HKK,44
SMN,54
NKD,100
PDW,74
DWT,43
WTF,39
PHQ,62
MMD,55
HWS,28
WSF,69
KFI,112
HGQ,86
NSN,84
YLM,81
MEE,103
MAH,75
HAC,28
HNS,37
FFK,60
DSC,26
SCH,25
CHA,33
TSF,142
DVF,170
HFW,28
FWQ,67
FLW,42
DIW,58
IWH,28
WHL,55
SYC,25
YTM,46
TMT,90
MTE,126
QES,143
QLF,181
TWF,57
FDH,67
HPE,154
WAD,80
MRW,47
NYV,77
REH,121
QYK,44
DYE,81
DKW,48
KWH,19
WHK,18
ATC,70
TCL,63
FLM,93
HGT,123
VIM,115
VHF,63
MYV,37
DFV,177
TCN,28
CNI,31
WRK,104
AYV,153
FGY,130
AHW,51
VYF,78
LCC,26
CCG,27
NDW,41
DCS,41
CSR,61
TMM,49
MMY,23
MYH,25
TPK,126
THM,32
HMI,26
AYG,192
YGT,123
EFC,40
HCL,46
TRP,174
MPQ,73
YVL,218
MPK,74
DFW,40
RHC,28
HCY,12
DVW,67
WKG,62
KGP,71
EAP,169
QWC,10
KWI,29
TAW,103
KFS,105
EFQ,67
IFR,134
RIW,54
WRH,42
TYM,37
YMK,21
TNW,40
SQM,74
MND,95
AFM,84
FMF,30
QVC,35
CAT,81
FET,107
QEM,103
SMM,48
QMW,11
MWH,13
MSA,203
LHI,154
SEH,73
DKH,70
KHL,107
QIV,171
IHK,55
HKS,46
THF,78
PRA,191
TPH,86
HIN,74
YKG,94
MGH,60
YTK,55
RMD,68
IGM,152
GAC,99
ACT,63
IRF,140
KDH,31
DHD,74
VEM,129
TIC,57
THE,83
QTT,112
PPN,53
TKC,13
KCA,31
CAF,51
PRY,110
GWS,98
AQP,221
EVY,124
GDC,42
CCV,20
QWY,24
WYI,27
YIH,43
IHQ,84
YCE,33
LCM,31
CMP,14
HEF,61
EFH,54
LWD,73
KGH,81
KFK,74
WAW,25
FPI,76
WEH,17
FQN,61
DYI,138
FWN,19
VNW,35
WDE,89
RMS,89
LFC,89
FCQ,35
QCT,10
IPI,119
SHF,87
QYW,21
HNG,108
EED,170
WTK,28
YQM,36
QMY,19
EFT,148
EMT,114
YDV,132
NTN,78
DHR,53
VEH,108
CNE,33
NEC,19
ECP,27
TVC,48
VCY,32
CYE,16
EIM,67
FNI,128
IWN,29
WNK,43
KNC,23
NCI,41
HPP,29
KFE,78
IQC,24
CGR,80
TNQ,74
VEC,48
ECG,52
SGH,127
HGS,97
IWS,52
PNR,72
QRM,109
VSC,65
CNA,42
MNL,123
CLP,72
NHN,43
HNP,87
IQN,86
QNM,40
HEA,107
CED,32
MQE,97
MHI,38
AWF,99
FNF,77
GKY,140
KYY,45
NGH,80
TPN,115
RAW,114
AWW,37
WWR,44
WRI,72
VRC,61
CAM,40
SMQ,46
MQP,58
KYE,37
YEQ,79
KEC,22
CDV,73
TKQ,79
YAW,62
TWW,19
WWF,19
HHP,63
HPH,61
YYK,62
TYF,62
PFE,98
NIC,46
PSY,73
WKK,59
RTC,29
DYD,118
CSQ,30
NTM,66
WNF,28
DQD,78
QDK,120
KNM,68
GSH,98
FVW,41
VWV,69
WVD,63
RCY,18
CYK,14
YKM,32
DWC,18
WCV,24
CVS,76
QWK,31
MQR,114
QFS,117
NRP,114
HFN,52
TNE,124
HSP,86
IKV,170
HFT,86
KHQ,51
QIH,65
PFW,55
QNS,92
HPK,52
CVQ,44
FME,44
TCE,29
EPS,126
QFR,112
PSW,43
SWP,63
HMG,51
MVS,166
HPC,12
PCA,56
TNY,65
YFQ,52
QTW,48
GPP,38
FCD,31
FTW,60
TWD,34
WDR,27
CWI,17
IPR,144
IIM,105
TYH,36
MFE,52
VKH,96
DCT,35
CTR,27
SHI,110
ETN,105
QNN,81
FWT,29
QLC,60
CDD,48
WGC,19
GCH,29
FTH,86
THV,97
HWI,22
WIW,35
DCR,52
NGT,223
GPM,82
WHV,28
WQM,37
LKW,51
GYM,63
YMI,30
IMV,105
VDC,49
TWN,57
WNI,30
SKN,106
NMT,88
NSC,32
SCC,17
CCS,17
CSG,81
HHF,64
FKF,35
PRC,51
RCK,35
RCG,87
WKC,8
KCC,10
CIP,26
GCL,104
KHR,58
WGW,30
LYM,62
MRH,62
FKK,99
MQH,42
EQW,50
PFF,123
PMH,27
CRQ,70
FFW,34
QPS,96
VYD,131
YDN,116
WTW,19
TWV,62
MWS,21
ANC,32
NCP,34
YHH,30
WYW,9
KIW,37
WQN,54
PYW,30
ITY,103
YIR,91
WSM,42
GSM,114
SMS,92
GNC,43
NCH,22
HDN,52
CSD,27
IEM,89
NSK,112
WII,58
MVK,123
PNM,42
FQH,50
WHD,34
MEI,93
SHR,84
NYK,43
KYC,28
CAP,50
KRA,263
PMR,66
REW,64
HYC,19
CPN,27
CPS,39
SMF,53
WYL,65
FKW,13
MHK,31
FYR,118
KVF,132
NNW,30
NWP,44
WPF,26
SYK,67
YTE,73
NSE,131
CPG,39
GDQ,130
CSL,107
WGP,40
SCT,39
CTE,31
TEM,74
NTF,114
WFM,22
VFM,76
WKP,33
FQF,51
CWF,14
WFR,43
NKV,128
NNF,69
NFH,45
DLH,148
SSW,75
QKF,58
FIK,106
YFF,73
LHH,86
YMS,43
NTC,34
TCY,27
CYT,20
NHE,49
MMV,61
MTF,78
RHT,85
SSK,159
TMN,44
ATH,141
THS,90
MWE,15
HAT,98
VYK,72
RQC,42
CFR,35
EAY,135
WIA,112
EMW,22
MWL,39
KSS,157
QME,58
PYE,76
ECE,46
EQC,49
QCP,21
CPE,43
VMW,27
MWA,19
GPW,44
PWS,60
HWR,47
FMM,39
KSN,88
WMW,7
WDT,46
MKN,106
HWG,25
YPS,79
SKM,56
VDW,48
WMR,35
MFH,25
FHN,44
WGS,63
KNQ,82
ANW,61
NWW,8
WWC,6
WCP,8
CPD,35
YYE,54
NYC,13
PKD,95
GWC,20
GWH,42
WNG,43
KMC,7
QWT,26
STC,46
WNQ,19
CQG,51
QGH,62
PMW,24
RSH,89
SVH,76
CES,27
WYD,29
YDP,99
AFC,72
FCK,36
CKY,14
NPN,101
CEY,32
NQH,47
PHV,75
DGC,45
GCK,46
CKV,30
CRY,42
NSY,75
CAQ,49
KKC,39
KCV,40
PDM,82
DWF,44
GNW,87
NWF,20
AVH,127
VHK,52
EHI,157
EIW,62
IWA,83
GQW,88
QWF,38
KGW,62
GWD,67
CGC,33
WFF,40
KCK,17
TKY,57
CDI,55
CPI,25
GDW,85
VHV,94
CID,41
DTC,34
YML,86
IKF,63
TCV,48
CKG,35
VDH,99
DHE,54
IMY,27
HMS,32
AKF,115
HYY,49
RWM,43
CYQ,26
HND,59
IWV,47
THN,69
HRQ,71
EGH,105
TCI,52
HIQ,65
FEH,57
ICY,32
NCA,48
TVH,86
CKP,26
WLC,40
LCP,54
VHA,153
KTH,71
QEW,35
WGQ,35
PHE,62
FHE,49
PIR,109
TIM,76
QIF,96
KVW,43
TWK,27
NMW,9
AIC,103
ICG,95
SFM,79
YCS,40
LGC,121
GCP,65
SHY,83
CAK,49
SWW,27
RKC,25
CLF,64
IFK,67
MED,60
CYW,7
YWH,26
YVW,25
ECQ,32
HFQ,40
GEC,63
ECK,21
WTE,35
PMC,10
MCG,38
QHD,72
SSH,90
HFY,43
RIM,93
IMK,51
DCV,45
NHC,19
THG,111
ENM,75
RTM,81
TMI,67
MIY,50
IYV,99
KMN,42
MNF,45
QIW,37
ANM,106
HET,65
RCH,23
SAC,117
QEP,81
GMW,39
MWR,35
FMS,56
CKI,26
WDF,24
ICF,35
YWE,16
WEG,54
PYQ,72
TNR,99
WYE,29
SQN,110
WPR,38
TTY,90
EHM,38
HMD,26
HDW,20
DWP,38
WPK,31
SMV,107
HWN,16
MNT,97
LEW,79
WAV,94
DHQ,50
VQC,26
CTQ,15
PIH,41
RCV,57
CIY,25
FMK,23
KWD,27
PCR,39
CGT,63
LNC,56
CIK,26
HKD,51
WDQ,15
WTI,40
HCM,4
EPM,69
GCY,50
CYD,40
EMH,46
TFQ,82
SYW,30
YWT,20
DIC,66
KHW,15
HWQ,41
WQI,69
VMC,40
MCN,16
PYP,80
HKY,26
HGY,78
PNF,55
GME,110
TSY,95
HED,53
PNC,19
SYD,93
YAY,78
IMH,22
HMP,32
HVR,86
WNM,11
DYM,44
KPY,72
HNQ,44
HPF,66
QHY,68
QWE,31
WEY,34
DTW,66
TWT,46
FMT,79
YVY,55
KHM,22
YQH,59
DHH,52
HQC,16
NCG,45
FYF,59
HDC,19
CGW,27
CPR,40
RCD,40
QHH,44
CHH,13
HHC,14
GHH,58
QTH,62
PPW,23
PWT,43
SHV,105
YRW,45
KWV,48
PMK,40
KSM,62
KPS,145
HVK,75
THQ,83
QHN,48
IWW,20
WWA,23
SEC,29
ECF,23
CFW,10
HQH,38
PQY,87
RWE,43
DCP,33
WNH,13
ICK,26
CKN,19
SWK,58
YFW,25
KHK,50
NFQ,57
QDH,31
HSG,121
DWY,39
NMM,52
MMK,62
FSK,117
YMN,25
TDH,67
PPH,56
PHK,46
HMY,8
WSD,67
HWD,26
YCT,18
CTC,13
HCR,33
FAY,93
YVH,35
DVH,70
VHM,34
FFH,58
CNG,35
CQM,9
FCL,85
RPW,54
WFY,22
WCG,32
LCY,44
HCI,24
MSH,73
HTP,78
NFF,87
CGM,32
VNC,35
RPC,39
PCL,51
SRW,90
YHT,38
PYM,35
YMH,32
CYI,23
YIC,30
CYS,28
HFL,119
FWC,6
WCL,17
CDW,11
HRC,19
FPC,15
NFC,17
FCS,48
CSN,30
CWE,17
YMT,44
HYR,101
MDF,68
QDD,131
VHE,74
HEH,49
VHC,18
CRN,38
SPC,36
PCE,23
HDM,28
MWP,8
NVF,119
YMD,33
YME,27
IMQ,62
QVH,58
MEN,100
ENC,36
NCT,25
WIF,40
HQG,96
HVQ,44
FWV,44
RFW,47
WKD,31
QSM,57
VPN,106
PNH,36
PWK,21
MSW,40
KWG,28
PRW,69
TMS,69
WGV,100
IEW,40
WMP,35
FDC,32
CHR,22
FQE,68
ETH,75
ECS,30
CSH,15
WYH,16
HSK,48
TCD,48
MAN,140
CGD,61
HIH,47
HNK,27
WTP,57
PWC,17
FQC,12
QCV,34
CAC,30
ACC,30
CCT,13
CHT,27
HTK,39
ENH,69
HEC,11
ECA,64
YSY,72
GWE,55
WPP,21
HTY,29
HMR,20
WGM,42
MRP,65
QHF,81
NRW,50
WPQ,51
WVG,78
CYV,23
HIM,37
WTT,36
YWG,42
CGF,62
HWT,19
MWG,28
CVW,13
AWM,57
WSI,61
YMV,47
DGW,87
GWW,37
KCI,20
HTC,17
TCS,40
TCK,15
KWK,23
QSW,64
FYW,22
WWV,25
CFI,37
NIM,60
HWK,12
MPW,38
IRM,71
RMW,10
WED,33
MDY,54
KTC,41
CEN,37
FKY,43
GWK,64
CQF,15
WWT,12
FMQ,68
MVC,37
ICD,67
ICC,22
CTP,35
CAE,72
IEC,54
FRM,42
NFR,102
NCR,26
AKC,25
FEM,40
FIC,45
ICP,40
YTY,54
GWY,50
VCD,63
CDN,46
GCC,30
CCY,15
NQN,64
PHD,67
PSM,61
DWA,78
ICI,50
MTH,39
KPW,47
NMN,46
NCM,6
CMT,18
CQN,27
MEW,17
PHM,38
CTT,42
HHN,35
QKH,53
HWM,11
TQK,109
WAM,36
QYH,37
MNP,64
CVV,76
HAW,52
FTM,36
HGI,134
HRM,28
CHI,31
EHD,71
CKK,29
MPR,65
TCT,34
DCI,39
WAY,37
HKN,38
LMK,140
SCM,23
NCE,20
CSF,43
YWN,23
WNP,27
SCD,35
NWK,37
YPP,68
CTS,34
WYA,46
TMY,33
YWY,17
YEC,17
MDQ,44
RCF,44
CFM,12
MLC,51
CSS,93
WTC,8
TCA,63
QKC,27
CLC,20
TWY,37
PHC,20
QCK,22
CKS,34
TYQ,84
TWM,37
CGQ,39
QMC,9
MCQ,9
CQQ,51
CPK,24
KHN,56
NKF,57
EHC,29
HCH,24
CHE,19
CFT,47
TFM,74
CWM,6
YNF,62
TWE,65
YWK,31
CEM,20
MCD,21
CDL,72
PNW,19
WPN,22
CKL,43
YPC,11
YMW,9
WKV,47
GQC,26
CRP,41
WVS,88
HMN,16
IHV,68
KMQ,47
MHT,37
EKC,51
KCW,8
WRW,48
NFM,33
QWM,24
WMS,41
PCQ,20
YRM,42
AWC,33
CVN,38
PWH,24
WHA,46
NHQ,46
HNM,24
CII,66
WKE,40
DNC,22
IVC,60
EMN,71
IWY,27
WFL,63
YMY,13
MYS,31
YCC,7
CVH,19
NCN,11
CNP,22
PYY,55
HYD,78
WTH,14
MWN,7
HQW,23
NVC,27
QNC,26
QNH,32
CMI,20
WML,55
IWP,59
MEC,20
ECR,45
YDM,47
PIC,27
ICV,49
AHC,38
TCW,19
CWY,5
WYC,11
CTN,22
MPC,24
YTW,27
CTF,34
WVY,23
NIH,89
IHM,17
HMH,25
MHY,33
YIQ,58
CRC,13
QPC,23
FHI,65
YWD,22
SMK,66
VMH,50
PEC,38
CFY,21
CMN,14
KKM,82
CFP,21
PWW,18
WWM,12
GHT,111
RWH,40
PPC,22
IYN,100
DMM,44
NHI,62
FCP,33
CPH,17
KIH,60
RCQ,38
YFC,27
DFM,56
NMY,19
FLC,75
CSW,15
MWI,24
MYF,23
WGH,23
HGW,40
WMA,45
MKW,15
HHY,49
WKF,14
KFW,22
QEH,61
YCH,23
HHS,39
LPC,67
PCC,11
SKW,30
CRG,49
WHN,37
EYC,24
MNC,16
CIR,46
WQC,14
CRW,21
QWA,60
IKC,17
KCT,15
VCT,46
CIN,38
NCK,10
PKY,59
WYR,29
PCH,16
CHM,22
HME,27
MGW,45
QCC,9
TDC,30
CKW,3
EMQ,81
QWI,56
IPC,43
PCT,22
CTI,41
KPR,130
VCV,78
KQW,34
QDM,63
KQC,19
VYT,125
QWN,21
PYF,75
YGC,35
HYE,59
SWH,31
CAY,33
PWG,56
YNW,25
WWQ,24
SWN,45
LHM,58
RCI,59
CIC,14
ICM,20
RGC,53
CKF,9
NCF,19
SPM,81
AHN,86
MNH,38
WVR,60
NFY,62
GYH,75
CRM,25
QWH,24
RWW,31
WWP,13
EPY,73
YCK,11
CYR,34
MHS,31
WMQ,24
FEF,78
KFM,30
EWD,48
GCN,36
CNH,13
QTC,32
TCQ,40
HCC,6
CCK,9
WIM,28
MFC,18
CVY,21
DCC,9
WYY,19
HMF,17
NKW,20
WPS,50
TEC,29
WDH,8
WSQ,41
HSW,17
YVM,50
PYH,42
NCQ,19
IYF,63
QCH,20
HIY,46
FKC,12
KCF,14
KYN,58
YWM,14
GCM,26
CML,31
EWE,48
WER,48
WYK,14
WFT,43
NFK,60
IMC,16
CSM,22
NMC,3
CDT,34
TNM,38
WWN,11
WYQ,39
MTW,26
NPH,74
MHM,16
IMN,52
WCK,10
KCP,27
YQC,24
SKC,23
KCQ,16
KGC,37
RMH,38
LKC,35
MYM,15
TMF,54
WCA,29
RCM,23
WDP,23
WHM,18
WAH,22
WSY,27
MYW,6
CNK,17
YEH,57
MQW,30
QWW,16
NSM,52
HEM,49
WMY,15
CCD,9
PWN,40
ECN,14
DPC,35
CQL,70
WWD,13
TCM,16
TWC,16
MCT,13
KWC,10
WCD,15
IYW,40
CWC,8
TNC,31
CCC,10
CCL,27
YHW,13
WYG,40
ICW,20
CAH,26
LHC,45
WCH,6
IWF,35
WNS,51
CIE,48
SWC,10
WCR,23
WIH,13
CND,20
HCA,41
WCY,9
RHW,36
QCQ,28
DWK,38
QCI,25
KWW,10
WWG,11
YAH,78
MHF,49
IIW,74
IWD,32
LWW,29
MSM,62
GFC,45
FCF,30
MWY,12
VWM,33
CEW,9
PKW,26
YHE,53
HYM,22
FMY,20
SQH,85
KCR,39
HWH,16
CLH,29
CEI,47
YQW,24
QCY,11
WFW,28
FWW,13
WEE,40
PHY,39
EWC,15
CPA,64
TTW,75
NTH,51
QDW,22
YHC,15
WMD,29
HYW,21
HCQ,15
YRC,29
MHR,33
CDC,11
YTC,17
YCM,12
CMR,8
QWP,22
WPY,13
MYD,40
CIM,5
PQC,20
CQK,29
NWM,18
PKC,11
MDP,38
CTY,15
WVH,20
IHC,18
CTK,13
HKM,22
FHM,14
KWY,16
DCN,11
FCW,20
CWH,4
NRC,32
WDM,16
CDR,41
WMH,12
CKQ,22
CFC,10
CCW,14
ECY,25
WSC,10
WDW,14
HHW,19
WWY,11
CNT,22
CQI,27
CTH,18
VCF,43
CTM,12
CVC,11
YMC,6
MCI,17
FQW,15
YCN,18
WAS,64
CYA,40
HWE,27
DQW,23
NCW,12
CFK,20
PSH,61
CFH,10
PCN,17
MIC,24
CCH,8
VCH,30
KMH,25
WFQ,18
KWF,25
KPH,47
KWP,13
SWY,39
VHW,27
KCY,15
FCY,25
MWW,9
WHR,36
WHF,34
WNY,23
YIW,30
FQM,30
NHW,11
DWD,45
WWS,23
KWN,14
KHC,11
HCN,13
NMH,26
CWK,16
CPC,13
QCW,11
CHF,17
WIQ,20
WIC,16
FNC,15
CMV,19
CYN,19
HWW,5
HCE,38
CKE,22
EWW,11
KVC,37
FKM,27
CLM,36
KCE,19
KKW,35
NFW,27
TMC,12
CCN,7
CNF,19
CWD,12
KWE,24
WEC,14
WCT,14
HFM,32
WPW,18
HCT,15
GKC,32
WCQ,10
FWY,14
WWL,42
AHM,39
CPW,14
MCF,10
WMK,29
CQE,23
MHW,4
CMQ,10
PCP,30
CWV,18
PCM,10
YCF,28
HWF,19
MWM,7
NCC,7
ECH,16
DCK,21
WEW,11
PIW,16
MNW,12
CYC,8
QCM,4
CMH,8
NCV,27
HKC,8
CNQ,23
SMY,31
MCY,7
CHK,20
IHF,57
KCG,40
YMM,21
MMH,20
HCF,17
RMC,18
CCE,13
CNM,6
MCL,24
YFM,23
QHW,29
FHW,16
QEC,25
CQC,8
QCR,33
WYM,16
ECM,12
HHK,16
HFC,18
ICN,32
CNW,4
HMV,45
FPW,48
GMC,18
WVW,14
NWG,34
DHW,11
NDC,10
QGC,35
HHM,16
CYM,9
KCM,5
CKH,7
IWT,47
MWC,3
WDC,5
YVC,23
HNC,13
CMF,13
WWW,6
KSC,26
GCW,26
KPC,21
RWC,17
WWI,10
WCN,14
FEC,19
MCW,9
CWT,9
WCW,6
PCF,19
MCK,16
WNC,10
WPC,10
CMG,15
DCM,11
HWC,7
CMK,9
WHH,13
ACK,39
WWH,10
FMC,5
VPC,33
CNC,7
NCY,18
WWE,5
CLW,21
WVC,17
DCW,9
NNC,17
CMS,10
WCI,10
SNC,17
WKM,20
KCH,8
MKC,13
CWW,6
YWW,8
DQC,11
KCN,10
CKD,23
DWW,13
YWC,8
WCC,5
CCP,9
CTW,8
FHC,12
WMC,4
CMW,3
NWC,6
DMW,10
FCC,9
ECC,8
CHC,6
CPM,11
NKC,10
CMY,1
MCP,7
CMM,8
MCM,4
CHW,5
HMC,4
CKC,1
CCF,5
MCC,5
WCM,1
CMC,3
HMW,2
CCM,4
