MKD,36
KDL,170
DLV,334
LVD,409
VDT,244
DTT,160
TTE,158
TEM,47
EMY,25
MYL,29
YLR,115
LRT,283
RTI,150
TIY,59
IYE,38
YEL,90
ELE,291
LEE,273
EEE,106
EEG,160
EGV,226
GVT,317
VTP,205
TPL,237
PLR,177
LRA,484
RAR,278
ARI,278
RIA,316
IAE,345
AER,325
ERL,297
RLE,217
LEQ,208
EQS,74
QSG,120
SGP,136
GPT,135
PTV,193
TVS,226
VSQ,144
SQT,73
QTV,107
TVA,384
VAR,355
ARM,96
RME,40
MER,50
ERD,115
RDG,224
DGL,255
GLV,444
LVV,459
VVV,558
VVA,757
VAS,391
ASD,214
SDR,137
DRS,122
RSL,288
SLQ,105
LQM,35
QMT,16
MTP,61
TPT,188
PTG,202
TGR,219
GRT,214
RTL,268
TLA,497
LAT,519
ATA,600
TAV,396
AVM,147
VMR,81
MRK,52
RKH,45
KHR,38
HRL,114
RLA,430
LAE,527
RLL,374
LLT,362
LTD,257
TDI,142
DII,129
IIG,231
IGL,318
GLD,351
LDI,196
DIN,70
INK,50
NKV,91
KVH,47
VHD,68
HDE,67
DEA,312
EAC,28
ACR,23
CRW,8
RWE,30
WEH,20
EHV,72
HVM,23
VMS,77
MSD,98
SDE,157
DEV,270
EVE,209
VER,193
ERR,164
RRL,335
RLV,315
LVK,168
VKV,159
KVL,209
VLK,166
LKD,166
KDV,117
DVS,205
VSR,204
SRS,170
RSP,80
SPF,67
PFG,79
FGN,71
GNP,122
NPI,60
PIP,97
IPG,205
PGL,193
LDE,339
DEL,326
ELG,390
LGV,553
GVG,427
VGN,147
GNS,97
NSD,79
SDA,292
DAA,560
AAV,859
AVP,228
VPG,242
PGT,202
GTR,146
TRV,161
RVI,192
VID,269
IDA,428
AAT,570
ATS,310
TSM,60
SMP,54
MPR,50
PRK,68
RKV,117
KVR,117
VRI,178
RIV,196
IVQ,79
VQI,75
QIN,59
INE,69
NEI,98
EIF,71
IFQ,28
FQV,34
QVE,80
VET,188
ETD,104
TDQ,79
DQF,49
QFT,44
FTQ,65
TQL,174
QLL,272
LLD,411
LDA,436
DAD,301
ADI,270
DIR,142
IRV,138
RVG,224
VGS,278
GSE,150
SEV,196
VEI,198
EIV,211
IVD,277
VDR,214
DRD,122
DGH,93
GHI,98
HIT,61
ITL,204
TLS,290
LSH,82
SHN,41
HNG,54
NGK,87
GKD,124
DVE,237
VEL,351
ELI,224
LID,375
IDD,196
DDL,292
DLA,446
LAH,209
AHT,122
HTI,45
TIR,141
IRI,97
RIE,156
IEE,169
MSN,64
SNP,110
NPH,65
PHS,61
HSS,71
SSA,297
SAV,367
AVI,453
VIV,343
IVL,290
VLA,730
LAA,1051
AAG,864
AGA,746
GAG,546
AGT,379
TRM,56
RMK,38
MKS,48
KSA,149
SAK,142
AKQ,93
KQK,38
QKT,42
KTL,165
TLH,82
LHS,97
HSI,49
SIG,162
IGG,275
GGR,257
GRS,189
SLL,364
LLA,717
AHS,104
HSL,109
SLH,88
LHA,164
HAA,201
AAA,1336
AGL,655
GLS,425
LSP,236
SPQ,111
PQR,105
QRI,127
IVA,484
VAV,598
VIG,356
IGH,83
GHR,78
HRR,84
RRE,212
REQ,126
EQV,121
QVR,123
VRP,146
RPE,153
PEV,233
VEA,357
EAV,348
AVA,908
VAA,967
ATV,463
TVD,224
VDC,38
DCE,20
CEI,21
EIS,156
ISV,208
SVA,449
VAI,380
AIQ,114
IQE,92
QEQ,69
EQQ,94
QQN,25
QNG,46
NGT,137
GTG,309
TGH,84
GHA,134
HAV,151
AVQ,156
VQC,21
QCA,17
CAM,15
AMH,29
MHE,15
HEL,128
LEG,240
EGF,125
GFE,112
FEG,117
EGT,181
GTV,359
TVV,405
VVT,370
VTN,116
TNG,81
NGD,100
GDV,320
DVP,193
VPL,284
PLL,327
LLR,389
LRS,286
RSE,141
SET,131
ETL,216
TLR,277
SLV,341
VDA,446
DAH,125
HTA,99
VPT,180
PTA,246
AVT,385
VTV,362
TVL,344
VLT,335
LTM,82
TMS,67
MSL,92
SLS,282
LSD,292
SDP,162
DPT,196
TGY,83
GYG,150
YGR,69
GRI,248
IVR,179
VRN,110
RND,84
NDE,66
DEG,117
EGE,194
GEV,318
EVT,244
VTA,432
TAI,272
AIV,418
IVE,232
VEQ,161
EQK,54
QKD,53
KDG,137
DGD,171
GDE,143
DEE,168
EET,159
TLK,155
LKI,80
KIT,110
ITE,164
TEV,162
EVN,79
VNS,109
NSG,124
SGV,336
GVF,157
VFA,260
FAF,93
AFD,163
FDA,223
AAI,573
AIL,361
ILR,185
RSS,156
SSL,307
SLG,357
LGK,197
GKL,198
KLD,122
LDS,263
DSN,71
SNN,53
NNA,78
NAQ,107
AQG,252
QGE,97
GEL,327
ELY,86
LYL,115
YLT,93
TDV,188
DVL,332
VLS,381
LSI,240
SIA,309
IAR,307
ART,249
RTE,139
TEG,156
EGH,80
GHP,77
HPV,91
PVR,143
VRA,324
RAY,105
AYR,116
YRA,88
RAH,103
AHD,110
HDH,39
DHR,35
HRE,52
REL,370
ELA,564
LAG,659
AGV,627
GVN,147
VND,110
NDR,72
DRV,260
RVQ,89
VQL,134
QLA,334
LAQ,422
AQA,453
QAG,163
AGK,260
GKI,140
KIL,121
ILN,114
LNQ,88
NQR,52
QRL,253
LVE,356
VED,212
EDA,217
DAM,110
AMR,128
MRN,43
RNG,116
NGA,170
GAT,408
ATI,290
TIV,218
VDP,223
DPD,170
PDT,130
TTW,33
TWI,32
WID,35
IDS,192
DSE,143
VTI,205
TIG,201
IGR,177
GRD,173
RDV,199
DVI,247
VII,161
IIH,42
IHP,69
HPS,78
PST,150
STQ,108
LLG,580
GKT,262
KTS,101
TSI,139
IAD,332
ADN,140
DNC,10
NCV,11
CVI,45
IGP,132
GPD,121
TTL,313
TLT,269
LTN,125
TNM,21
NMV,30
MVI,62
IDE,207
DED,155
AHV,150
HVI,62
VIR,174
IRT,142
RTH,76
THG,85
HGF,64
GFD,188
FDS,108
DSR,107
SRI,137
RIG,180
IGA,367
GAH,134
AHA,226
HAN,30
ANI,123
NIG,97
GPF,70
PFT,78
FTY,35
TYI,53
YIR,44
IRP,106
RPG,162
VVG,499
VGE,251
GEN,108
ENG,141
KLG,195
LGG,489
GGF,177
GFV,197
FVE,125
EAK,165
AKN,126
KNA,106
AQI,147
QIG,71
GRG,236
RGS,173
GSK,114
SKV,120
KVP,68
VPH,63
PHL,80
HLT,86
LTY,85
YIG,71
IGD,183
GDA,268
DAT,301
TVG,277
GEE,175
EES,159
ESN,62
SNI,73
GAS,372
ASS,274
SSV,248
SVF,127
VFV,156
FVN,60
VNY,42
NYD,32
YDG,77
DGV,291
VNK,79
NKH,24
KHH,14
HHT,29
HTT,70
TTI,193
IGS,196
GSH,89
SHV,78
HVR,67
VRT,200
RTG,179
TGS,251
GSD,199
SDT,148
DTM,48
TMF,30
MFI,34
FIA,177
IAP,208
APV,282
PVT,231
VGD,308
GDG,207
DGA,277
GAY,119
AYS,113
YSG,94
SGA,361
TVI,229
VIK,100
IKE,101
KED,69
EDV,198
VPA,348
PAG,306
GAL,521
ALV,627
VVS,391
VSG,317
SGG,349
GGK,170
GKQ,69
KQR,76
QRN,56
RNI,70
NIE,78
IEG,151
EGW,61
GWV,78
WVE,53
VEK,216
EKN,57
KNR,62
NRP,65
GTP,252
TPA,281
PAA,451
AAD,459
ADA,568
AAR,639
ARQ,177
RQA,187
QAH,74
HAH,60
AHE,108
HET,42
ETK,97
TKE,95
MFA,66
FAY,43
YST,78
STE,140
TEA,255
EAI,265
AIR,212
IRL,156
RLS,234
LSE,312
SEN,92
ENP,84
NPM,24
PMI,48
MIA,122
IAA,713
AAQ,375
AQP,156
QPD,96
PDA,223
DAL,509
ALM,176
LMK,43
MKQ,25
KQA,109
QAA,348
QAV,239
VAE,446
AEA,576
EAA,564
AVC,70
VCM,8
CMV,13
MVP,55
VPS,162
PSA,221
SAS,276
ASA,489
SAA,604
AIT,294
ITV,238
VAG,581
TGG,261
GGN,131
GNG,156
NGG,127
GGD,226
GLY,101
LYA,135
YAG,145
GAI,300
ILA,403
AQL,387
QLG,226
LGY,151
GYR,88
YRV,63
RVH,80
VHA,112
AVL,640
LTG,361
TGE,224
GES,188
ESA,276
SAH,109
HAP,81
APA,427
PAL,340
ALS,556
LSA,469
SAF,144
AFV,219
FVQ,52
VQA,155
AGG,492
GGC,40
GCV,48
CVD,48
VDK,182
DKR,75
KRA,154
RAP,112
APR,194
PRA,138
RAD,202
ADL,464
LVI,285
DAI,307
ILG,326
LGL,623
GLG,516
GGT,277
GTL,337
TLG,330
GLR,288
LRD,368
RDA,256
AAW,129
AWQ,45
WQI,23
QIW,14
IWQ,22
WQA,34
TAG,339
AGD,293
GDP,179
DPL,178
PLI,186
LIL,281
LAV,547
AVD,345
VDV,312
PSG,189
SGI,204
GIA,441
ADT,215
DTG,154
TGT,252
GTA,366
AGE,331
GEQ,128
EQH,51
QHV,45
HVV,127
VAD,397
TIT,202
ITF,78
TFG,130
FGA,258
GAA,586
IAH,134
AVS,390
VSA,424
SAE,274
AEC,31
ECG,27
CGE,23
EVL,376
VLI,307
LIA,527
INV,104
NVP,86
VPE,238
PEA,242
EAG,337
GGS,298
GSL,321
SLA,496
AIA,661
IAS,275
ASH,80
SHT,59
HTP,76
TPE,280
PEL,304
ELQ,130
LQL,173
QLY,51
LYH,28
YHA,44
HAI,94
AIE,255
IER,176
ERE,130
RER,203
ERY,78
RYP,71
YPW,11
PWP,32
WPE,33
PEH,86
EHF,56
HFR,36
FRR,82
RRP,124
PEQ,126
EQL,262
LLI,318
LIH,90
IHE,50
HES,50
ESL,288
SLE,212
LEP,154
EPS,97
HNK,16
NKY,27
KYS,55
GGV,356
GVV,456
VGV,387
AGS,344
GSA,366
AHY,50
HYP,33
YPG,69
PGA,277
LTA,475
TAT,345
TAA,596
AVR,373
RAT,224
TSS,197
SSM,57
SMV,89
MVR,83
VRY,83
RYA,109
AGP,204
GPC,18
PCA,22
CAR,40
ARE,353
REV,224
EVV,314
VVR,301
RAC,40
ACP,29
CPE,12
VAT,435
ATD,264
TDT,173
DTL,234
TLI,235
DAG,340
AGR,329
GRV,306
QAW,58
AWA,139
WAY,23
AYG,125
YGP,83
GPG,183
GDT,193
DTD,119
TDA,271
ALG,663
LGD,341
GDL,264
DLL,359
LLE,370
LER,267
REE,190
EEP,100
EPL,167
PLV,245
ADG,358
DGI,189
GIT,252
ITQ,101
AQE,220
QEP,51
EPA,163
ALR,517
LRE,334
ELM,93
LMH,41
MHA,43
HAR,109
ARN,170
RNK,41
NKS,43
KSG,127
SGR,220
RST,171
STL,313
TLL,384
LTP,251
TPH,65
PHE,47
HEG,76
GEF,125
EFW,24
FWR,19
WRL,48
LAS,434
ASC,35
SCY,7
CYG,11
YGD,80
AIP,162
IPA,271
PAD,244
ADD,224
DDR,122
RVA,340
RYL,138
YLA,190
LAR,493
RET,131
ETG,170
TGC,30
GCA,66
CAL,69
ALL,759
LLL,489
LLK,206
LKG,166
KGR,94
RIT,167
ITT,171
TIC,25
ICV,24
CVA,61
DTV,234
TVT,334
VTC,43
TCV,37
DAR,205
RNS,91
NSW,25
SWA,57
WAA,108
ATP,260
TPG,202
PGS,164
GSG,379
SGD,219
TGL,331
GLL,458
LGA,636
GAW,90
AWI,63
WIA,80
NGL,143
LGS,308
GSI,223
IAL,447
ALC,85
LCV,70
AVH,114
HAT,96
AWL,146
WLS,80
HTE,61
TEY,63
EYG,110
YGL,131
GLA,593
LAP,328
APT,235
PTS,142
TSA,305
SAL,470
LRI,172
IAN,150
ANT,123
NTI,83
TIP,150
IPQ,89
PQA,168
QAT,140
TAL,492
LLS,407
LSQ,173
SQG,126
QGK,92
GKK,111
KKL,181
MTE,54
TES,130
ESK,77
SKN,66
KNS,74
NSF,50
SFN,54
FNA,96
NAK,82
KQT,35
QTL,140
TLE,230
LEV,208
EVG,182
GDK,120
DKS,47
KSY,27
SYD,63
YDY,21
DYF,43
YFA,69
FAL,256
AVK,197
VKG,131
KGM,49
GME,59
MEK,43
EKL,248
KLP,120
LPY,84
PYS,56
YSL,97
SLK,138
LKV,147
VLG,501
LGE,324
ENL,141
NLL,144
TED,123
EDG,175
GAN,140
NIT,74
ITA,333
TAD,273
ADH,132
DHI,66
HIN,28
INA,169
NAI,131
ANW,24
NWD,21
WDP,37
DPS,177
AEP,148
PSI,115
SIE,138
IEI,100
EIQ,81
IQF,35
FTP,122
PAR,174
ARV,306
RVL,333
VLM,81
LMQ,54
MQD,20
QDF,62
DFT,79
FTG,140
TGV,277
GVP,292
VPC,25
PCV,21
CVV,74
VVD,381
VDL,299
ATM,149
TMR,71
MRE,90
REA,283
VKT,98
PDK,56
DKV,134
KVN,58
VNP,125
NPL,125
PLN,77
LNP,120
NPA,169
PAE,238
AEM,83
EMV,60
IDH,86
DHS,62
HSV,104
SVI,211
IIE,116
IEA,285
EAF,144
AFG,258
FGS,150
GST,252
LAL,725
ALA,1032
LAK,291
KNV,83
NVE,117
EIE,173
IEY,46
EYE,58
YER,60
ERN,69
RNE,71
NEE,89
EER,133
RYQ,58
YQF,25
QFL,73
FLR,128
LRW,51
RWG,50
WGS,50
SKA,129
KAF,92
AFS,176
FSN,48
SNF,43
NFR,38
FRV,79
RVV,325
VVP,264
VPP,112
PPG,88
TGI,216
GIV,354
IVH,69
VHQ,32
HQV,56
QVN,49
VNI,84
IEN,90
NLA,205
VVF,185
VFD,143
FDN,58
DNN,35
NNG,56
LAY,142
AYP,81
YPD,66
DTC,13
TCI,23
CIG,36
IGT,191
GTD,175
TDS,162
DSH,51
TTM,51
TME,41
MEN,36
LGI,411
GIL,256
LGW,103
GWG,62
WGV,58
VGG,383
GGI,264
GIE,206
EAE,287
AAM,220
AML,194
MLG,135
LGQ,185
GQP,118
QPV,125
PVS,193
VSM,85
SML,118
MLI,87
LIP,202
IPR,90
PRV,122
VGF,189
GFK,69
FKL,54
KLT,134
GEI,213
EIP,130
DVV,442
VVL,533
LTI,220
EML,96
MLR,117
REH,82
EHG,112
HGV,124
VVQ,122
VQK,66
QKF,39
KFV,52
VEF,110
EFY,39
FYG,61
YGN,49
NGV,154
GVK,156
VKS,118
KSI,79
SIP,152
IPL,211
PLA,334
LAN,197
ANR,122
NRA,105
IGN,95
GNM,27
NMS,34
MSP,57
SPE,199
PEF,112
EFG,117
STC,29
TCA,37
CAI,40
AIF,121
IFP,62
FPI,61
PID,117
ETV,176
TVK,138
VKY,38
KYM,5
YMH,5
MHL,23
SEE,179
EEQ,103
QVA,238
VAL,654
EAY,96
AYA,190
YAK,54
AKA,345
KAQ,118
QGM,33
GMW,13
MWL,27
WLE,42
EQD,60
QDA,100
DAP,222
APE,273
AEY,102
EYS,61
YSE,83
SEY,69
EYL,105
YLE,79
LEL,303
ELD,284
LDL,308
DLS,247
LST,258
STV,247
IAG,436
GPK,80
PKR,60
KRP,63
RPQ,79
PQD,76
QDR,46
DRI,185
RIL,235
ILL,262
LTE,253
AKE,205
KEQ,87
EQF,70
QFR,36
FRK,57
RKD,77
DLP,250
LPD,234
PDY,66
DYC,8
YCS,11
CSA,53
EPV,154
PVD,175
VDE,262
DES,128
SLP,266
LPA,349
PAK,122
AKR,172
KRM,53
RMD,41
MDS,60
SEG,155
EGA,238
GAV,552
QKE,45
KEG,105
GED,184
DVA,383
AGY,195
GYN,40
YNS,38
NSS,83
SSR,171
SRA,223
RAG,343
AGH,138
GHG,121
HGE,84
AAE,605
AEG,333
GRQ,71
RQS,63
QSN,43
NPV,123
PVV,311
VSS,244
SSP,164
SPN,71
PNG,109
GGE,212
GEY,75
EYT,47
YTL,67
TLD,211
LDH,113
DHG,97
HGM,27
GMV,122
MVA,143
ASI,252
SIT,158
ITS,163
TSC,18
SCT,26
CTN,13
TNT,100
NTS,87
TSN,81
NPS,79
PSV,158
SVM,88
VMI,45
MIG,68
GLI,393
ARK,167
RKA,183
KAA,366
AAK,365
AKG,184
KGL,184
GLK,176
LKA,235
KAK,147
AKP,110
KPW,21
PWV,48
WVK,31
KTI,103
ICA,44
CAP,38
APG,249
GSQ,121
SQV,113
QVV,147
VDG,313
DGY,90
GYY,48
YYK,16
YKR,46
DLW,25
LWK,40
WKD,28
DLE,210
LEA,399
EAL,551
LGF,260
GFY,67
FYL,70
YLS,115
LSG,450
SGF,142
GFG,219
FGC,16
GCT,38
CTT,30
TTC,20
GPL,174
PLP,191
LPE,286
PEE,160
EEI,234
ISA,320
AIN,145
NEN,50
END,63
NDL,118
DLT,235
SGN,123
GNR,91
NRN,49
RNF,57
NFE,51
EGR,174
RIS,163
ISP,131
SPD,146
PDV,194
DVK,115
VKM,23
KMN,16
MNY,12
NYL,47
YLV,117
LVS,335
VSP,197
SPI,109
PIM,41
IMV,56
VIA,468
IAY,110
YAI,75
GTM,60
TMD,39
MDF,34
DFD,133
FDF,52
DFE,88
FET,71
ETQ,56
TQP,107
QPL,112
PLG,223
GQD,69
QDI,57
DID,204
IDG,267
DGN,108
GND,82
NDV,118
DVF,125
VFL,154
FLK,59
KDI,95
DIW,24
IWP,16
WPS,29
TEE,154
ETI,145
TIA,304
AIS,269
ISR,148
SRE,160
LYE,82
YEA,95
EAD,208
ADY,117
DYA,110
YAD,129
ADV,382
VFK,55
FKG,68
KGD,78
DEQ,87
EQW,31
QWQ,19
WQN,11
QNL,73
NLP,133
LPT,215
PTP,186
PEG,239
EGK,167
KTF,46
TFD,110
FDW,24
DWD,42
WDE,39
DEK,80
EKS,114
KST,151
STY,65
IRK,76
KAP,97
APY,76
PYF,36
YFD,50
FDG,139
DGM,73
GMT,99
MTM,37
MEP,24
PAP,289
VSD,230
SDI,128
DIK,83
IKG,104
KGA,158
GAR,285
AKL,244
GDS,197
DSV,241
SVT,255
VTT,259
TTD,176
TDH,60
HIS,59
SPA,247
PAS,214
SSI,146
SIK,60
IKP,71
KPG,111
AQY,59
QYL,57
YLD,123
DEN,84
GVA,501
NDY,39
DYN,26
NSL,118
GSR,152
SRR,192
RRG,252
RGN,95
GNH,42
NHE,32
HEV,93
EVM,61
VMM,37
MMR,30
MRG,78
RGT,157
GTF,119
TFA,155
FAN,84
NIR,80
RLQ,140
LQN,58
QNQ,26
NQL,90
QLV,211
VDI,173
DIA,287
GGY,121
GYT,97
YTR,42
TRD,113
RDF,104
FTK,39
TKN,56
KNG,84
NGE,138
EQA,260
QAF,114
AFI,150
FIF,54
IFD,84
DAC,30
ACQ,18
CQN,5
QNY,24
NYK,17
YKA,55
AGI,448
GIP,215
VVI,350
GKE,106
KEY,42
YGT,74
GSS,258
SRD,131
RDW,38
DWA,45
KGT,98
GTN,94
TNL,101
VKA,204
KAV,215
VIT,221
ESF,99
SFE,112
FER,96
ERI,210
RIH,81
IHR,59
HRS,62
RSN,78
SNL,131
NLI,107
LIG,370
IGM,97
GMG,112
MGV,89
GVI,271
VIP,199
PLQ,92
LQF,60
QFP,51
FPA,101
ESH,64
SHA,121
HAS,89
ASL,435
LDG,284
DGT,268
GTE,142
TET,140
ETF,97
FDI,67
DIE,136
EGI,210
EEL,393
ELN,117
LNN,84
TPK,105
PKT,81
KTV,140
TVH,70
VHV,108
HVT,91
ATK,168
KES,111
ESG,225
GDQ,103
DQV,120
EFD,106
DAV,464
AVV,690
RID,196
IDT,167
DTP,145
PGE,155
GEA,251
DYY,42
YYR,30
YRN,34
ILQ,78
LQY,30
QYV,32
YVL,104
VLR,303
LRN,154
RNM,24
NMI,29
MIN,31
MTL,104
DSI,152
ERA,277
RAI,225
ANG,170
GKP,131
KPV,116
VDS,242
SED,136
EDR,133
DRE,136
REN,92
ENE,62
NEG,84
EGD,164
DLI,225
LIF,110
IFA,151
FAA,315
ADK,162
DKA,180
KAT,147
ELV,360
LVA,680
VAF,206
AFM,44
FMV,29
RYS,82
YSS,84
SSG,252
SGY,111
GYI,92
YIC,11
CAS,43
SLT,256
LTS,254
TSE,134
EEC,20
ECD,17
CDR,24
DRL,299
QLP,147
LPP,179
PPM,32
PMT,51
MTS,94
TSH,70
HNE,26
NED,58
ARG,289
TAY,83
YAV,126
DAN,125
NTG,89
GTT,280
TTG,224
GIS,224
SAT,323
TSR,150
LRK,193
RKL,149
KLA,239
LAD,553
ADS,264
DSQ,64
SQF,61
QFG,74
FGP,98
GPQ,85
FTR,80
TRP,113
PGH,81
GHV,131
RAK,159
KAG,226
GVL,415
VLE,314
GHT,93
RMA,93
MAG,125
GLN,172
VLC,63
LCE,44
CEV,32
VSE,240
EDD,104
DDP,169
PTD,121
TDM,46
DMA,70
MAR,105
ARA,536
ELR,307
LRR,378
RRF,132
RFA,142
FAD,152
ADR,269
DRH,50
RHD,56
HDL,115
ALI,490
LIS,248
ISI,113
IEQ,121
QLI,163
LIE,216
IEW,30
EWR,32
WRR,53
RRR,303
RRY,107
RYE,67
ELL,459
LLV,487
RAV,335
VST,233
PTE,140
TEF,88
FGR,123
GRF,125
RFT,87
FTA,129
AVG,513
VGY,115
YRG,84
RGI,200
GVE,271
VEH,89
EHI,76
HIA,117
GDI,207
DIT,139
TSD,149
VLL,465
LRV,273
VHS,87
HSE,58
SEC,15
ECL,26
CLT,34
TGD,207
RRC,29
RCD,25
CDC,2
DCG,31
CGP,32
PQL,157
QLQ,109
LQA,217
QAS,143
SLR,254
ISE,173
SER,141
ERG,181
RGR,219
RGV,262
VVY,100
VYL,106
LRG,321
RGH,69
GHE,94
GIG,335
LLH,127
LHK,55
HKL,59
KLQ,75
QAY,56
AYH,38
YHL,32
HLQ,38
LQD,99
QDE,46
GAD,348
ANK,84
NKA,76
KAL,302
GLP,291
LPV,303
RNY,29
NYS,34
YSV,92
AAH,237
AHI,104
HIL,79
RDL,272
DLG,299
GVQ,115
VQS,86
QSV,106
SVC,27
VCL,40
CLL,43
TNN,55
NNP,68
NPE,127
PEK,107
KSL,143
RYG,111
YGV,109
KVT,168
VTG,354
GRE,152
REP,71
PVK,86
KVE,122
VEV,298
EVH,71
VHE,71
HED,42
EDN,46
DNI,67
IRY,30
LTT,266
TTK,103
TKR,105
KRD,82
RDR,172
DRM,53
RMN,31
MNH,11
NHD,32
LPW,62
PWI,26
EYK,32
YKK,42
KKE,91
MTN,56
TNP,110
NPT,117
PTK,81
TKP,80
KPI,70
LNF,60
NFD,69
FDK,73
DKP,92
KPR,79
PRR,130
RFM,22
FMP,29
MPP,42
PPK,46
PKH,29
KHF,25
HFA,56
SAD,224
ADE,245
DER,111
ALK,236
LKE,209
KEL,210
LPK,126
PKF,32
KFR,44
FRA,102
RAN,114
ANQ,71
NQI,43
QIA,156
ARH,106
RHY,32
HYY,15
YYG,45
GRL,288
ADP,233
STM,51
TMT,77
MTD,77
TDL,208
REK,108
EKV,155
KVK,85
VKD,133
KDA,173
ALF,266
LFP,96
FPQ,49
QLM,46
MQP,19
QAD,117
DDG,170
DGE,186
GET,193
TQK,55
TLW,60
WKL,32
KLH,54
LHD,91
HDG,85
LES,248
ESV,197
SVL,334
LMR,108
MRY,30
YPN,35
PNR,62
ATL,463
TLC,41
LCI,31
CIS,22
ISS,183
SSQ,110
SQA,174
AGC,83
GCG,70
CGM,17
GMA,133
MAC,16
CPF,11
PFC,17
FCA,17
CAT,50
ATG,441
TGQ,138
GQG,124
QGG,125
GGL,393
LDR,300
DRN,67
RNL,147
NLS,118
STG,213
VDQ,121
RAA,472
AAS,524
TMQ,38
MQA,54
QAE,175
EGG,149
LSN,155
NIV,109
IVF,108
VFM,32
FMG,36
MGM,45
MGE,57
GEP,166
ANY,49
KRV,110
VRQ,96
RQI,90
QIT,88
TAP,196
PVP,160
FGI,143
ISQ,113
SQR,115
RNV,131
NVT,123
VGL,430
PAI,184
EDL,265
LSV,334
VTL,328
VSL,327
LHT,92
TPD,159
PDD,137
DDE,153
RNT,71
NTL,119
TLV,343
LVP,258
PTN,76
NNR,45
NRW,18
WEV,33
EVA,374
AEV,375
VLD,305
ARY,136
RYY,27
YYA,43
RSG,211
GRR,244
RRV,237
RVS,200
VSI,178
EYA,102
YAL,156
LIR,159
IRD,155
DVN,96
NDQ,50
DQG,75
QGW,23
GWR,64
WRA,68
ADM,89
DML,101
HKA,55
LGP,194
LVH,113
HVN,37
VNL,125
SKW,18
KWD,16
WDA,53
DAS,211
ASP,170
SPM,33
PMD,32
MDR,45
DRQ,70
RQK,47
KEF,68
EFV,109
VQR,148
QRV,166
IAQ,281
QGV,155
TCT,35
CTV,36
TVR,212
VRD,244
RDT,126
DTR,98
TRG,163
RGQ,98
GQE,78
QEI,82
EIA,308
AAC,101
ACG,82
CGQ,21
GQL,201
AEE,321
MAI,114
IEL,194
LLY,102
LYD,88
YDA,111
SII,112
IIQ,43
IQG,86
QGR,120
GRK,119
KVA,232
IGY,85
YGS,110
QGH,70
HAQ,77
AQC,32
QCL,23
CLR,21
RDS,113
DSG,217
REG,180
EGS,152
SKS,98
KSS,85
SSE,145
SEK,115
EKA,211
QEA,160
AGF,279
FEV,116
EVK,137
KSN,39
SNA,138
NAD,141
WAD,58
VIM,75
IML,73
MLL,148
APD,159
DTS,137
TSQ,84
AEI,328
IFS,79
FSH,44
SHD,71
HDI,60
IEP,125
EPN,42
PNL,93
NLK,73
LLF,188
LFG,234
FGH,55
HGL,123
LNI,91
NIH,28
IHF,22
HFE,28
FEL,110
LIK,137
KPA,160
PAV,283
AVN,171
VGM,120
VAP,293
APK,146
PKG,112
KGP,57
GHL,114
HLV,112
LVR,327
VRR,236
RRQ,120
RQF,42
QFV,58
FVD,126
DGK,149
GKG,165
KGV,146
PCL,17
CLI,33
IAV,420
VAQ,282
AQD,130
QDP,71
DPK,95
KGE,104
GEG,188
LSY,113
SYA,109
YAA,159
AIG,347
GGA,414
IPT,134
PTT,181
TTF,107
TFR,57
FRE,63
ETE,115
DLF,120
FGE,127
LCG,59
CGG,45
GLE,231
LEH,101
EHL,122
HLM,37
LMM,37
MMK,13
MKG,31
KGF,69
GYA,139
YAP,98
PEM,34
EMA,86
MAY,40
AYF,59
YFE,41
VLH,118
LHE,88
HEM,28
EMK,22
MKL,49
KLI,137
LIV,287
LIW,37
IWE,21
WEG,41
ENM,26
NMN,8
YSI,50
SIS,166
ETA,223
TAE,293
AEL,573
GYV,124
YVA,124
GPR,113
PRI,105
RII,144
IIT,131
ITP,167
VKE,135
KEN,81
NMK,13
MKA,63
DIQ,70
IQS,65
SGK,219
GKF,49
FVR,121
RDM,46
DMV,88
AGQ,193
QPE,88
ELK,181
LKR,134
KRY,54
RYR,102
YRE,82
AHP,120
HPI,44
PIE,95
EAT,270
SKL,134
KLR,183
DLM,71
LMS,85
MSW,20
SWV,47
VKN,88
KNP,83
PLD,139
DET,91
MPT,56
PTQ,85
TQS,84
QSP,59
SPH,40
HSC,8
CTL,39
RLT,235
TEL,244
LVG,496
ETT,155
TTA,340
ATE,243
TEI,144
SAI,276
DSS,190
SQL,178
AAL,1028
ALP,370
LPG,278
GTK,136
TKT,113
KTH,37
HGA,139
HYA,53
YAS,98
ASQ,165
GKA,218
SDH,58
DHE,61
GTQ,102
TQI,75
QIL,129
ILV,229
SGE,204
GEK,181
EKR,112
RPI,105
PII,122
IEV,179
EVD,189
VDD,227
DDV,233
DVR,195
ILS,223
EIY,47
IYG,90
YGH,43
PSH,41
SHE,64
EMT,45
MTI,62
TII,135
IGV,291
GTS,212
TSG,220
KTT,131
TTT,241
TTS,174
TSY,62
SYI,49
YIL,64
ILE,180
RGL,333
GLM,99
LMA,150
MAA,222
GLH,104
LHV,106
HVG,93
TRI,131
RIN,88
ING,121
NGR,98
TKL,138
TTP,182
EAP,151
PTL,200
TLQ,114
LQQ,130
QQL,188
QLF,79
LFS,152
FSQ,71
SQM,31
QMK,21
KAE,161
GVS,360
VSH,99
VVM,104
VME,47
MEV,49
EVS,211
SSH,78
HAL,178
LGR,301
RVT,180
TRF,77
RFS,100
FSA,165
GFT,153
FTN,43
SQD,76
QDH,19
DHL,129
HLD,109
LDF,102
DFH,34
FHP,33
HPT,62
PTM,47
MQE,34
QEY,47
EYF,41
FEA,128
LFF,85
FFD,70
FDP,128
DPA,302
PIH,38
IHA,109
HAE,100
AEK,274
KSV,125
SVV,352
VVC,59
VCV,54
CVN,17
LWG,55
WGK,24
GKN,98
KNM,31
NMA,49
MAE,105
TVC,23
VCT,37
CTE,22
TEQ,109
EQE,90
AHQ,70
HQA,53
DYW,14
YWV,11
WVS,51
VSN,97
NID,94
IDV,234
PVG,214
VGA,475
GAQ,184
AQS,184
QSF,56
SFI,77
FIV,96
VHH,32
HHG,44
QST,97
STD,155
DVH,85
VHL,92
HLP,95
LPL,302
PGG,197
GFN,66
FNI,48
NIA,142
NTV,121
AES,259
SVG,255
GVD,352
DAF,166
FIR,64
IRG,141
PGR,134
GRM,67
IDR,166
DRG,191
QEF,64
EFL,147
FLA,250
VDY,77
YAH,39
AHK,65
HKP,28
RDQ,64
QVP,76
GDR,180
GKR,146
IMG,67
MGA,153
GAE,293
ARR,351
RRA,313
IVT,192
VTD,241
TDD,119
DDN,58
DNP,114
NPR,78
PRS,131
EDP,127
AKI,150
KIR,96
IRE,185
AHG,162
REI,172
EIG,164
DRR,126
VQW,31
QWA,49
WAQ,57
QPG,107
PGD,139
KGH,40
VGQ,138
LIN,121
VDH,101
DHH,37
HHF,16
HFD,43
FDD,145
EEV,207
ALH,129
HDQ,23
QGF,93
FDL,135
HNW,9
NWT,14
WTA,55
TAN,89
NQK,30
QKN,33
KNL,117
NLM,39
LMV,110
MVL,113
GRA,278
HPE,119
VAK,231
EIT,178
TAR,234
ARD,224
DFA,133
IFV,102
VRF,102
RFE,89
FEE,92
SVR,176
VRG,246
RGC,27
GCD,34
CDA,46
FVL,140
VLQ,120
LQS,134
QSH,35
HTQ,43
LNK,96
NKW,20
KWL,35
WLM,27
LME,57
MEQ,38
LIM,65
IMI,35
MID,58
KRG,129
KRI,103
ILP,137
LPF,112
PFY,37
FYP,39
YPY,29
PYA,100
YAR,89
RQD,50
QDK,26
DKK,64
KKH,34
HRG,93
EPI,102
PIS,116
SAR,278
ARL,400
RTA,247
IVS,232
VSV,352
SVD,237
DLH,75
HTD,72
DQI,98
QIQ,42
GFF,85
DGP,130
GPV,191
DHM,20
HMH,13
HAM,41
AMP,74
MPI,53
PIL,146
ILT,184
TDY,49
DYI,59
YIK,29
KGK,97
GKY,52
KYD,33
YDL,79
DLD,288
LDN,129
DNV,113
NVV,171
RVK,84
EKW,24
KWA,33
WAN,36
APM,67
PMA,85
MAF,63
FVH,52
VHK,37
HKT,29
KTR,96
TRS,123
RSV,214
VAN,176
NQV,58
NRV,89
KTA,164
LDD,278
DDM,47
DMI,42
GTI,239
AED,204
IIA,352
IAC,51
ACT,32
CTH,17
VFS,127
FSG,151
GPA,206
SQC,16
QCG,21
CGA,72
GAK,206
KEV,128
EVI,214
TLP,237
LPQ,130
PQS,116
GWD,44
WDN,17
DNL,138
NLT,138
LTV,280
APL,298
AKT,161
TIH,52
HEI,63
IFE,57
FEN,47
NGS,112
GSV,322
TLF,124
LFE,113
EGQ,75
MTA,114
PRL,199
LEN,134
ENY,49
NYA,55
YAE,138
EPT,145
PTR,83
RPA,173
RKG,109
LAW,103
AWK,43
WKM,8
KML,44
MLT,110
DHK,26
KLL,212
LGM,120
GMM,28
MMY,8
MYI,14
YIV,61
IVM,69
MSF,38
SFV,132
FVW,27
VWF,38
WFF,16
FFV,84
FVG,171
MAL,163
IRA,188
RAE,262
ELF,154
FSP,97
SPG,109
GLQ,137
FLS,129
SNE,56
NEQ,40
QFN,20
FNQ,28
LFT,125
FTL,144
LHG,102
HGT,103
TIM,51
LAF,196
FGT,133
TPV,212
VVW,74
VWG,49
WGF,25
GFS,179
SNY,30
NYI,30
LQI,68
GAP,238
AFP,108
FPR,50
RLN,122
LNA,239
NAF,52
FGF,113
GFW,31
FWI,15
WIT,40
VAM,143
MLA,217
GFL,217
FLT,142
ADF,141
DFG,116
FGW,42
GWT,58
WTM,13
TMY,17
YLP,86
SIH,44
IHS,62
HSP,66
PGV,244
GDF,109
DFW,17
WII,37
VGT,284
VNM,37
MIT,68
TIL,177
ILC,50
LCM,11
CMR,7
MRA,100
PGM,82
MFR,31
FRM,18
RMP,43
PIF,48
IFC,7
FCW,4
CWN,6
WNI,18
NIF,47
FVA,218
ASV,390
FPL,87
GVM,99
VMY,28
MYD,15
YDR,66
DRK,65
GGH,115
HIY,19
IYD,52
YDP,71
DPG,117
PGN,81
ILW,34
LWQ,28
WQH,17
QHL,69
HLF,44
LFW,33
FWF,13
FFG,111
EVY,86
VYV,79
PFF,41
IPV,229
PVF,109
FAR,152
RKP,62
KPM,29
PMF,22
MFG,65
FGY,57
LVF,168
FAT,173
GML,142
MLS,123
LSM,112
SMA,112
MAV,127
AVW,72
VWA,76
WAH,22
AHH,67
HHM,18
HMF,5
MFV,43
FVT,119
TGA,356
LLP,338
FFS,62
FSF,64
SFM,26
FMT,20
MTF,28
TFL,125
FLI,108
SVP,192
VKF,48
KFF,32
FFN,37
FNW,14
NWL,31
WLG,88
LGT,337
TMW,16
MWR,17
WRG,49
ISW,29
SWE,32
WET,36
ETP,127
TPM,50
MTW,14
TWT,35
TMG,66
MGF,42
FLV,155
LVT,315
VTF,119
FLF,55
FGG,235
GLT,315
GIM,45
SPP,57
PPL,113
FHI,24
ISD,143
DTY,68
TYF,36
YFV,59
FVV,181
VAH,165
AHF,45
HFH,12
FHY,13
HYT,20
FAS,137
ASY,101
GVY,94
VYF,61
YFW,7
WFP,22
FPK,41
PKM,18
KMT,31
MTG,68
RML,87
MLD,91
RLG,367
KIH,33
HFW,8
TFV,107
GFH,43
FHG,50
LVQ,146
VQH,39
QHW,15
HWV,19
WVG,58
GNE,80
EGM,62
GMP,85
DYL,113
ESD,139
SDG,181
DGF,127
FTT,94
TLN,124
QIS,82
IST,155
TVF,128
SFL,122
FLL,203
IPF,78
PFI,79
FIW,17
IWN,13
WNV,26
NVF,49
FKS,41
SYR,69
YRY,38
YGE,80
DPW,37
PWG,33
WGY,34
LEW,33
EWA,53
WAT,45
SCP,22
CPP,14
PPP,79
PPR,89
PRH,44
RHN,32
HNF,22
NFT,40
FTS,111
TSL,258
LPR,184
RIR,145
IRS,142
ERP,91
PAF,124
AFE,112
ELH,93
LHY,39
YPH,32
PHM,22
HMV,27
MVE,72
ERM,56
RMR,76
MRR,103
EAH,92
HIG,69
MKV,36
VLV,540
ASN,107
AKK,212
ENA,134
NAG,190
LSS,313
SVE,229
PLS,212
AID,285
DAY,100
AYD,86
YDE,60
DEP,150
PVE,169
DGR,225
RTF,101
DNA,152
NAL,229
IKA,161
KAR,178
HHS,30
HSG,84
SGL,365
LIT,249
ITI,154
DDS,155
GFA,235
FAV,224
AVE,360
VEE,258
LNG,156
NGM,42
MPG,61
ARW,65
RWS,31
WSG,44
SGQ,110
GQH,47
QHG,41
HGN,47
NDA,148
ATN,139
NNE,55
NEL,138
LVL,447
AQM,68
MKH,17
KHV,43
HVP,75
RRH,80
RHA,98
AAF,320
FVS,146
VCA,57
PDG,192
DEH,53
HIV,100
VEG,261
GRW,51
PRG,135
RGA,262
NGF,61
GYD,86
PLF,125
LFV,152
FVP,103
EED,102
RTS,131
EMS,44
ISH,75
SHR,67
RGK,140
ALQ,258
VPI,129
GYS,115
STF,100
VLN,166
LNS,113
SGS,277
SSS,211
IKF,26
KFQ,21
FQL,57
TAH,119
DPF,59
PFA,124
ASG,360
EQI,138
IGE,163
EPQ,65
PQG,126
LKH,45
KHA,49
HAG,123
EKF,99
VVE,337
API,180
IPD,139
PDH,58
HSA,90
SAG,359
LMG,139
GEH,76
EHK,40
HKC,4
KCG,14
EII,158
VGH,83
HRV,97
VVH,101
VHG,120
HGG,114
ILF,95
SQP,87
QPQ,54
PQV,121
QVI,121
ITD,164
TDE,168
DEI,173
EIM,50
IMD,42
MDM,21
PLH,72
LHN,52
HNP,50
PAN,89
RKI,105
HVA,135
AVF,230
FDT,95
TGF,128
FFH,22
FHD,47
HDM,18
DMP,37
PPA,169
AIY,90
IYA,80
DAK,124
GVR,249
YGF,67
HEY,26
EYV,74
YVS,80
SHK,19
HKV,50
INQ,52
LHL,104
HLG,138
LGN,152
SCA,40
CAA,82
RGG,233
KAI,143
SMG,76
LVM,100
VMG,122
MGT,63
IDP,209
PGI,146
VFH,52
FHL,40
HLH,38
LHR,103
HRQ,36
AGM,178
GMS,106
MSI,83
SID,163
EID,171
LLN,186
NKK,59
KKS,85
KGI,120
ISG,204
NDF,43
DFR,78
RTM,67
TMI,49
DQD,46
DAW,55
WLA,117
AYN,66
YNI,20
NIY,28
IYI,38
YIH,22
IHQ,31
HQL,75
QLR,255
RYI,52
GSY,88
SYM,25
YMI,17
RVN,84
VNA,171
TFT,126
SHL,84
HLE,76
GIK,120
IKI,75
KID,99
DPE,244
PER,147
RNA,173
LPN,126
PNT,77
TGP,126
PRE,105
DSA,276
AIK,119
IKV,96
KVF,60
TNE,70
LAI,374
MPE,50
ELP,215
TPY,59
PYV,62
EHP,78
HPR,69
RSI,153
SIR,141
TIE,153
LQG,114
VTR,166
KFL,55
FLW,30
LWF,27
WFE,18
ELT,306
HGD,74
GDY,90
YAC,8
CGF,30
GFP,103
PQQ,57
QQG,64
QGL,171
MSG,94
GQM,38
QML,64
IKT,78
KTQ,61
TQN,29
QNS,39
NSA,144
LHP,80
HPH,33
PHR,47
RRI,212
RTT,144
VRS,231
RSD,117
DAQ,166
QEC,19
ECF,14
CFE,11
ELW,55
WFV,34
DQR,87
QRT,99
GYW,22
YWA,24
WAP,53
HGC,19
CVP,30
ITH,82
THI,58
LDP,249
DPQ,142
QLK,102
KRE,66
RLI,218
RKK,81
KKN,66
NSE,76
SEI,169
EIK,127
IKR,91
NQE,38
GNI,122
DEM,45
MLW,27
LWA,94
HPQ,37
PQT,70
QTP,81
HLS,92
QLS,172
HGQ,42
GQR,161
RVM,69
VMN,40
MNA,61
NAA,283
ALD,442
LDQ,160
TSF,85
SFD,107
DSL,281
SLY,88
LYV,91
YVN,39
VNV,124
NVN,44
VNG,136
NGQ,72
GQS,111
GYF,55
FDV,153
HAY,35
YGQ,54
GQQ,85
QGQ,63
GQA,172
QAC,30
ACD,39
DRC,27
RCG,36
CGS,41
GSN,90
NII,72
IIR,107
KFA,86
NRS,100
SHF,34
HFC,5
FCP,5
CPR,12
PRC,18
RCQ,12
CQL,13
MAD,115
DIM,33
IMH,11
MHV,21
HVF,44
EIL,265
ILD,248
SRG,181
TVE,241
EVF,120
FLD,128
DGS,284
SHG,95
AST,285
GVH,112
HEA,88
DGG,157
GER,168
YLG,123
NAV,194
VNN,51
NNV,70
VNE,103
DDQ,68
IDQ,101
DQA,157
QAM,55
AMI,104
TEN,76
ENK,61
KSR,66
SRL,232
ANA,226
PLY,67
LYR,84
GGP,187
GPN,84
PNA,122
NAH,64
HVL,120
VLP,260
VPM,56
PMM,12
MMN,27
MNI,46
IVN,91
HAD,121
DVQ,87
VQE,103
EFM,21
FMI,27
PIG,130
SFS,111
FSE,90
SEA,246
LRM,80
RMG,69
VYH,17
YHS,21
LKS,127
IKS,93
KSK,76
SKG,95
FAP,107
APS,205
VES,200
EST,127
STK,99
TKA,173
IEK,119
FKP,44
LDV,284
SEF,80
FYK,13
YKD,55
KYH,14
YHF,25
EHT,66
EEM,62
MAK,82
AKV,214
KVY,41
VYE,64
YEQ,34
EYP,41
YPI,31
PIV,161
IED,135
LQE,142
QED,49
DDW,34
DWE,28
EGY,66
YTA,95
ALT,453
KVQ,55
QIV,114
IVG,358
GDD,182
DDF,69
DFF,43
RLK,134
EKK,108
KKA,181
AAN,214
VNQ,52
AHR,159
HRN,37
NGY,46
YRT,65
TMM,35
MMS,30
MSH,31
EDT,116
LGC,52
GQI,101
QIK,48
KTG,122
ARS,276
ERV,197
AKY,53
KYN,29
YNQ,12
QLD,154
DDA,273
AVY,120
VYA,113
RSA,258
PRF,61
RFQ,45
MSS,73
APQ,125
KPS,98
GNK,64
NKD,65
KDM,37
VVN,158
NQG,60
QGP,54
GPE,118
VFT,130
TRN,68
RNR,89
SPV,165
KYT,33
YTK,42
TKK,97
VLY,86
LYN,29
GNA,159
NAN,54
NAC,19
ACN,13
CNG,15
VQG,124
QGD,78
DKD,84
ASK,155
KLK,99
KVD,126
ACS,48
CST,25
VTM,80
MIK,32
DKL,162
GDN,107
DNG,115
SIM,50
IMT,37
MTT,97
KET,99
VVK,161
VKC,13
KCN,5
NGW,42
WTL,70
GGM,120
MGK,44
MMA,34
MAP,70
PSL,170
TML,83
MLV,124
LVC,48
ACV,67
CVT,22
VTQ,115
TQA,170
QAQ,121
LSK,176
KAC,11
CDV,39
DVT,229
TFN,54
FNT,41
STS,216
TST,219
STN,94
TND,101
NDT,72
VIL,227
ESE,148
EFN,44
FND,42
ACA,110
CAD,37
ADQ,141
DQL,216
DAE,294
VTK,140
RVR,225
QAL,349
ALN,269
RDN,67
NLF,66
LFK,65
FKC,2
KCA,13
AMF,77
DPN,104
PNW,9
NWG,25
WGR,43
DMD,46
MDP,38
PDN,75
NIS,98
SVY,72
YFN,29
DQP,81
PVC,23
CLQ,9
EAR,226
RQV,112
QVD,92
GID,279
IDI,101
VRV,258
RVD,173
PGK,100
SHQ,38
HQY,11
YVE,77
EIN,88
INS,102
SAY,95
TTV,261
GQV,176
QVG,120
VGR,220
MRS,74
SIL,196
DFP,67
LDT,250
DTI,144
IRF,61
RFF,47
FFA,113
PYK,27
YKG,33
KGQ,62
QIE,77
TSK,96
SKQ,57
KQY,29
QYA,53
LFA,244
VDN,124
DNS,84
SAW,81
AWR,63
WRK,17
KDD,74
EVP,172
NPD,130
KND,54
GII,189
ANP,136
NPN,63
PNC,13
NCT,17
TMA,105
AIM,85
IMP,32
MPV,71
HDA,113
HVS,66
SSY,62
SYQ,45
YQA,62
IKQ,65
KQV,74
DRA,226
PED,170
EDM,36
DMG,61
MGP,40
GPY,68
PIA,187
IAF,152
AFN,82
FAG,245
AGN,174
GNL,149
NLV,149
QKL,99
NES,60
ESR,124
SRK,104
PDL,185
DLK,125
GTC,27
CVR,27
RVP,142
VPV,293
HTM,23
TMV,69
MVV,123
AEF,184
FNN,41
QAR,192
IRQ,73
QDQ,29
DQT,46
DNK,44
NKG,59
NLR,130
IQI,40
MSE,89
LRL,288
RLF,108
SES,166
VTE,238
HPD,96
DKI,101
KIC,16
ICD,25
DPH,104
PHA,92
EVR,189
IPK,57
PKL,113
KLV,177
RDK,77
IGF,141
FNS,43
RTC,24
TCG,32
CGV,51
SVS,225
QSQ,53
SQE,97
DQS,52
ENT,86
NTD,87
LMF,42
YAT,94
NET,54
TLM,64
LMP,68
MPL,72
LPI,187
IDL,242
LTQ,145
TQV,97
VRK,118
RKT,81
TSV,208
HLR,99
LRP,189
RPD,124
QVT,103
GRP,180
RPV,167
VRL,271
RLD,222
TQH,31
QHD,42
HDP,80
TQE,105
QEW,18
EWL,59
WLF,32
FAQ,121
KEH,39
VDW,45
DWV,48
WVL,63
DIS,134
LVN,169
GSF,118
GPM,62
PMG,36
MGD,58
KII,74
IIV,174
TYG,102
YGG,125
RHG,92
GGG,351
GAF,211
KDP,81
PSK,71
YAM,43
MRW,17
RWV,53
WVA,71
KNI,64
EVQ,88
VQV,97
VAY,139
TAK,135
AKF,67
KFG,56
FGL,217
IQD,65
DLR,247
AII,256
PIY,46
AAY,205
GHF,42
HFG,58
RDD,137
LKL,149
PWE,28
WEN,23
TDR,105
AEQ,227
LSL,364
VRE,238
RES,123
ESQ,87
RGE,191
KRR,138
AEH,128
FGK,59
KKI,110
KIS,91
SRV,196
EEA,294
IQM,12
MLF,44
GNV,156
DDY,64
TPR,131
PRT,126
FEP,68
EPK,81
PKD,64
KDH,33
VKR,131
TKV,135
KVG,141
ARF,137
RFY,44
FYY,14
YYL,31
AFL,240
FLQ,68
MLN,41
LNL,153
AQK,132
QKA,93
GFQ,62
LMI,70
MIP,57
IPP,85
PPV,98
PVL,303
SGT,250
FLG,212
HSD,68
IYY,23
DLY,108
GYH,42
YHQ,7
HQD,24
IID,172
GPI,117
PIK,52
IKY,21
KYA,50
AGW,124
GWS,54
WSS,33
SSC,27
SCF,9
CFR,12
SYG,93
YGK,65
KDT,66
HQF,18
QFD,64
KLE,123
LEM,55
EMF,30
FVY,39
VYC,7
YCK,2
CKP,7
KPE,114
AQH,89
QHQ,23
LNM,26
NME,17
REM,53
VPY,45
PYR,29
YRI,50
RKF,38
KFD,57
DTE,128
EAW,57
WIP,47
QNT,32
NTY,41
TYR,79
SNC,10
TFQ,36
FQA,64
RLR,305
RTR,153
TRY,58
YRD,77
RDE,128
KAH,71
ATT,320
TTR,145
TRW,37
RWL,77
WLV,74
ENN,64
NNQ,24
NQQ,39
QQA,150
IVP,171
RPF,46
PFV,106
VGK,187
MKI,28
KIG,122
GSW,51
SWG,53
WGT,44
FSD,101
WAR,67
INT,72
NTE,74
TEH,78
HTN,26
TNS,84
NST,85
TYL,99
LPH,96
PHT,72
HTL,101
TTQ,125
QPT,78
LCD,50
PSQ,78
AEW,51
EWC,2
WCA,14
DIP,128
EKE,118
RMS,66
EQP,82
QPA,141
NEK,57
AQR,322
RIQ,66
IQH,25
QHA,60
AAP,341
YFR,29
FRP,64
RPY,33
PYT,44
YTN,34
IGC,42
GCE,21
GAC,47
ACK,22
CKN,7
NVI,105
LAC,54
MAS,103
LMT,66
MTR,50
AMG,151
DPR,180
ATC,41
TCS,23
CSS,36
SPL,189
LSR,283
SRN,66
NRT,72
VIS,208
SQS,106
QSI,67
VDM,83
PIT,132
ITR,151
TRA,189
VFG,204
FGV,186
GVC,49
VCH,21
CHR,18
HRD,65
DQN,34
QNV,49
NVA,194
MGR,94
RTK,94
MRI,69
IAT,312
GDC,20
DCP,14
CPG,18
CSE,20
GYQ,53
YQD,18
QDG,76
DGW,49
MED,32
EDK,68
IQL,88
YDD,50
ENI,98
RLH,109
DKF,39
KFK,24
KAN,60
ANL,147
NLE,114
LED,207
IPI,87
AKW,27
SDN,89
NGI,113
VPK,67
TID,211
IDN,94
DND,68
DYT,53
YTF,27
DTA,235
HNR,40
MIV,82
GRH,55
RHV,68
VGW,52
GWI,61
YTV,67
IPE,154
QPF,40
PFD,76
EIC,15
ICK,8
CKA,11
KAM,65
AME,79
FQM,14
QMG,27
EKY,52
KYG,59
YGI,87
IVV,319
PKE,72
DFV,124
GHQ,27
HQT,21
QTF,46
FNG,60
IGQ,111
IKK,78
KKR,95
KRL,178
LGH,122
GHD,92
HDV,124
HIQ,20
IQR,71
QRG,143
ATR,211
ACH,15
CHN,10
DYG,58
GKM,29
KMV,27
HID,72
PLE,151
LKT,128
TVP,167
GRY,94
RAL,491
QAI,172
RGD,178
SLD,236
VDF,120
PDS,163
VMD,82
MDN,36
LEF,85
EFC,16
FCI,16
HGI,91
GIH,68
IHC,12
HCV,11
LEI,163
IVK,85
VKK,112
KKW,18
WAE,51
EEK,106
EKG,119
KGN,57
GNT,106
APN,98
PNF,31
NFA,68
FAI,134
AFA,334
VEC,27
ECH,7
CHH,7
HHP,35
HPN,36
PNK,44
NKL,92
AIH,80
IHT,50
QSL,135
DVG,136
VRM,77
RMT,55
TGM,65
HEE,51
VIF,110
IFG,167
PGQ,98
QDS,57
DSY,75
DRT,97
EHY,37
HYL,46
DDI,156
DYD,56
EHD,69
LKM,27
KMR,31
MRF,37
HHV,40
RPS,121
KLY,45
LYP,74
YPT,58
TSP,182
NPG,77
IDF,91
EGL,278
LYC,18
YCG,8
CGN,19
ASE,230
SQN,46
NTR,53
RAQ,173
AQN,73
QNR,23
NRK,49
KHL,66
LTL,344
KTN,44
TNV,93
NVL,149
GLW,57
WQR,36
RTV,216
TVN,107
YPE,61
YNH,18
NHI,25
IYM,17
YMV,23
MVT,71
TDP,159
PSR,121
SRY,72
RYD,54
YDV,88
TDN,91
FGD,135
DIL,191
PSM,46
SMF,33
MFE,25
PVH,74
HGS,90
SAP,238
PDI,109
QGI,113
LRH,126
VTY,84
TYD,64
MCM,5
CMT,9
PDQ,57
QLT,174
TAS,261
HKR,36
RGY,95
GYC,13
YCA,18
CAG,71
ALE,418
LEK,242
YGA,138
PVY,62
YVR,75
RKE,113
KEI,132
VHN,35
NRY,41
RYV,101
YVV,106
AHL,168
HKE,27
KEA,173
TCP,20
CPL,21
NEV,95
KRF,53
YHI,13
VTH,93
THL,102
FLH,49
IWL,47
QTT,63
ETM,53
HER,47
ERF,126
FAH,71
DPP,37
PPS,82
PSD,126
SDD,144
DIC,15
ICY,6
CYA,12
ATQ,140
NRQ,44
SDV,213
SSN,110
SNS,88
NSK,41
SKR,100
SYL,111
HQI,35
QID,68
ESW,42
SWL,76
WLD,70
PEI,164
RGF,127
EKI,167
PRD,94
IVI,168
AQW,62
QWG,32
WGD,37
GGQ,177
DYV,131
VKP,96
KPN,36
GNN,61
HTV,82
KYE,26
NAT,143
TPI,143
VIN,116
INL,99
EMD,38
MDG,62
ASR,240
PYH,16
QER,87
RFL,152
PTY,45
TYA,98
KVS,137
VGI,282
GIR,167
VQD,61
QDV,86
FDE,109
ESI,149
LRQ,165
QKI,59
KIE,96
IES,155
LNV,156
NVK,66
KNQ,42
NQT,45
KMY,10
MYN,11
YNR,32
MVQ,36
VQY,30
QYF,23
YFL,49
RPM,37
PMV,65
VIE,196
LNR,129
NRG,88
GKH,50
MEG,40
DVD,254
GTY,98
TYP,55
YPF,35
VTS,236
CVG,40
IIK,49
KAY,67
AYT,98
YTT,52
PFP,50
FPT,70
LFD,165
DKW,21
KWG,31
WGE,43
LQT,92
VNT,84
RKR,119
CGW,10
GWY,25
WYD,16
YDS,52
FTD,89
LFL,166
LTK,154
PIC,8
VRH,77
EMP,32
MPM,18
MTQ,47
QSD,65
SDF,80
FHH,26
HHA,48
YET,43
TMP,54
MPA,73
PAW,59
AWD,56
EDI,135
ITG,250
GCK,6
CKT,9
AYV,111
ELS,299
SGC,41
GCR,26
CRI,16
ISY,56
VGP,163
QTI,86
IVC,47
CHD,10
DVM,63
MST,97
KNE,67
LNW,23
NWI,16
AEN,170
ENV,105
LFQ,70
FQP,36
PDR,106
QEE,85
EEW,17
EWD,26
WDR,28
LNE,135
RPN,49
PNS,61
RVE,203
SRT,138
TFI,91
FIC,9
ICT,20
CTP,30
TNH,26
NHW,12
HWA,29
TER,118
RFR,84
FRG,76
GSM,91
SMK,22
MYV,16
VPF,112
FCM,5
CMG,7
PIN,45
IND,112
NDP,117
SMR,62
RIM,42
CLH,18
EPG,155
VAW,78
AWP,42
WPC,2
PCN,6
CNE,16
KYI,32
YIT,51
THF,25
HFP,26
FPE,88
PET,168
EIW,25
IWS,27
WSY,17
KKC,12
KCY,5
VMA,147
KEE,73
GWM,23
WMA,23
EHM,20
HML,24
ILK,87
KKV,132
VYY,36
YYI,24
YIA,76
FPS,65
SAC,51
CGK,30
LAM,160
MLQ,41
LQP,105
PTI,136
WSA,65
IAW,63
WLR,95
LRF,97
RFG,146
RLY,82
INP,89
PEN,86
TNY,22
NAM,64
MRT,77
IWW,15
WWE,14
WED,28
NMP,12
TDW,36
DWL,48
NDW,17
DWT,25
WTP,29
PES,180
ESS,127
QPS,90
PSS,173
SHP,56
NSR,75
RYC,18
YCV,10
QCP,14
CPV,34
PVA,334
EEY,70
EYN,21
YND,35
AHN,68
WDH,13
DHA,120
GQT,102
QTA,110
DPM,56
MAM,42
MLP,88
FIG,141
YNA,68
YLQ,44
LQH,56
HWI,18
IDM,45
KKG,80
KGG,124
DKM,35
KMP,21
VNW,21
NWF,6
WFR,15
LWP,39
WPG,32
PGF,100
LKW,33
KWI,18
WIV,54
QWK,26
WKS,22
KSD,78
SDL,254
DNE,78
LTF,115
KGS,125
QFE,49
MKK,64
LDY,82
SAQ,210
QRA,216
ACM,18
CMK,4
RMI,59
PVM,75
MGI,108
GIC,28
GMQ,42
MQI,20
QIM,20
IMF,27
MFD,19
NEH,33
GQW,51
QWP,14
HMG,23
MGW,25
GWN,37
WNT,28
FYF,26
HSY,27
VRW,43
RWW,23
WEF,11
EFE,96
LTR,244
VTW,37
TWA,67
QHE,38
DRF,127
RFV,116
VEN,132
MAT,109
TQF,41
QFH,28
RNW,11
MHD,22
TAW,65
AWV,74
TVQ,97
GFR,111
FRW,11
WWV,13
WVY,13
VYS,97
YSQ,44
QAK,96
RVC,18
EGP,102
HLC,15
CEE,23
ERW,30
SPK,68
FRT,69
PEY,62
AKD,134
KLN,85
NLG,164
QLW,44
NEA,117
EAS,218
SEH,83
IMA,96
AMN,47
MNN,30
KGW,24
GWL,89
YAQ,68
AQV,222
QVK,78
KMG,35
MGL,138
IAK,129
LWS,56
WSL,54
NGC,17
CEH,8
EHC,11
HCT,12
CTI,26
HEK,25
EKT,110
QIF,42
VKI,85
KIA,174
MSA,127
AQF,74
QFS,41
FSL,144
PAT,252
QLE,132
SKK,111
PTF,60
TFK,61
GLF,183
IAI,247
AIW,41
IWD,19
WDL,35
TGK,171
KQG,72
RIP,142
IPS,121
DFI,86
NDS,59
DDD,167
DDT,111
YNY,9
NYT,49
YTG,86
RSK,80
QKK,39
KKP,60
KPL,112
FIS,71
ISL,225
EEF,149
EFT,83
FTV,104
QII,81
LCR,36
CRD,20
NAP,115
HLY,37
ESY,51
EKQ,70
LTW,57
PKK,68
LKP,121
GMD,68
MDD,38
MIS,64
SDM,47
MGG,87
VKL,125
AFR,116
THY,28
HYG,39
LNT,110
RAS,180
KPD,54
YLL,141
MGS,82
DEF,92
EFR,62
FRD,80
WAM,20
KSP,44
IRN,85
WYL,28
HFV,32
HVD,111
PAY,71
YNK,20
VYG,106
YGY,43
YIP,40
QVL,196
MQK,21
QKH,22
KHG,45
ALW,116
WGG,49
GPS,130
PSE,145
EAM,128
STH,74
PYD,38
SDS,189
DSD,164
LET,164
LDK,172
EFK,55
GAM,112
DIV,190
RSR,178
LFR,88
RMW,15
MWV,15
WVR,56
LQV,106
AYQ,65
QHP,47
THS,75
HSQ,41
RDI,164
SPY,61
PYG,69
QEL,194
CDN,10
NSI,78
AET,250
DMS,45
MSR,72
IIY,38
IYW,11
YWC,3
WCT,9
YVT,75
AWS,68
WST,37
MPQ,51
PQK,35
NRD,67
DLQ,121
DKE,74
KEP,43
DSF,111
SFA,175
QLN,83
PAM,76
AMT,101
TFH,37
FHE,36
EWM,20
WMV,17
RQG,90
PFR,46
EQR,159
QRS,127
SFK,46
FKE,52
KEW,19
WAL,104
GRN,110
KSW,20
WGA,62
ITN,73
NDG,106
DPY,64
PYE,47
YEK,39
KKT,87
KTD,62
AMY,28
MYA,36
NKE,48
SNT,71
NTF,45
GMR,79
RFD,120
DKG,96
KGY,56
YIS,57
DME,39
PYI,44
ISN,73
NIK,46
KVM,46
VMQ,41
MQT,29
QTG,76
LII,182
NKI,58
RRK,130
QDM,20
KVV,207
TKD,98
QIR,67
ENS,87
EYD,51
KLS,173
ERK,77
HRI,75
LLQ,191
AND,114
KIV,124
PLK,94
LKQ,91
KQI,47
YVD,94
GIN,129
DPV,175
QNA,40
PEP,155
EMG,53
SNG,113
NGP,57
TRT,132
EQN,42
QVS,132
QMQ,16
MQL,46
SEL,273
TQG,101
QGT,118
RAF,140
AFY,58
FYA,55
SST,194
STT,230
TRE,119
RKM,33
RTP,126
TPP,137
APF,117
PFL,101
ASF,142
FID,96
MDE,57
RDP,91
QRR,186
RRT,152
PYL,82
FDR,106
ETW,28
TWR,45
WRH,24
RHL,110
MSM,38
QEV,99
IHL,65
QVH,33
RQE,64
APH,79
PHI,49
HIP,49
FVI,97
GKS,191
LQR,202
QRW,46
RWD,35
TDG,154
LKK,140
YDQ,23
HVK,36
YSH,34
TLY,88
NEC,6
ECV,31
SRP,109
ILI,141
DFS,121
FSV,111
RWY,9
WYI,8
YID,63
RQL,188
HFS,28
SHY,34
RIW,32
WQT,29
TIN,91
LCK,15
CKG,12
MAN,74
SVN,109
ITK,83
QPY,17
EIH,63
IHK,32
HPM,18
PML,78
SSD,164
RGM,71
NYN,20
YNV,33
FKK,38
EEN,69
GYE,77
YEV,89
TGN,107
YKF,18
AWT,62
WTG,39
PSW,46
WEE,42
ETH,45
THD,87
HLI,80
NAS,121
FDQ,64
VYT,56
YTE,54
FES,80
ESM,53
TQT,76
PVI,180
IET,103
EPD,101
PQY,25
SLF,139
FAM,57
MFL,46
FLE,98
RRN,115
AMK,74
NQA,70
PWL,75
WLQ,38
QRY,83
AMV,150
MVD,79
MVF,50
PQI,78
RMV,71
VLF,184
FGQ,76
NSH,26
HGP,60
DIG,102
SLM,84
STI,154
VYN,46
NIN,35
LYT,76
YTD,58
DWP,25
WPN,13
KDS,81
SGM,83
GMI,81
KME,22
MES,51
ESC,19
SCV,23
VIH,74
IHG,74
VPD,139
TVY,74
VYR,90
YRK,53
KDN,55
DNH,32
TNR,58
IPY,33
AKM,47
RQR,178
LDC,31
SIV,236
KDE,77
EFA,140
YCL,13
CLP,16
TIK,94
GMY,22
MYM,5
YMK,9
QYP,34
YPL,82
RPL,189
VKH,39
GTH,83
THV,62
CTG,36
FRN,51
RDY,93
YAW,22
WTR,36
FAE,172
QSK,46
PFS,82
FSI,71
NVW,25
LWN,35
WNP,22
NPP,50
PPT,91
LYS,97
YSY,36
SYT,73
PDE,116
III,83
IIS,142
ISF,71
FKA,62
EMN,19
MNR,41
NRR,82
LDM,73
RYK,32
WSE,31
VYD,77
LWY,15
WYA,27
KRS,92
FIE,83
NTQ,47
QEH,40
IRM,39
MVM,28
VMH,23
GKC,16
KCT,12
RRS,179
EHS,65
YDF,34
ATY,94
YDT,47
DTF,87
SSK,94
SKI,100
SNK,55
NKR,51
NNN,36
MQM,15
QMP,27
LPS,225
PSF,81
QSA,154
ETN,54
NPY,41
KLF,74
IIF,55
IFL,106
SAN,104
NDI,67
MAQ,80
ITM,49
YIN,37
NSP,77
SFT,106
MQY,17
CLG,43
ACL,54
HQP,33
IQA,104
EQT,92
RHT,55
HTG,79
VEY,70
QVF,63
FDY,50
DYR,57
RMQ,26
QES,74
LKC,14
KCS,15
CSF,15
SFC,11
FCG,20
KSQ,58
SQK,61
QKQ,39
VYI,44
CDE,28
DEC,20
ECI,14
CIE,17
ELC,43
LCN,13
RLP,170
PRP,109
SQI,93
DKY,30
KYV,57
YVI,55
QDD,42
NHY,19
HYK,14
TTH,71
THK,34
LQK,100
QKS,64
NIL,82
ILM,72
LML,121
KTY,42
AQT,137
YVG,127
IYV,61
RKS,79
VQQ,79
PPQ,70
KHP,31
PNQ,32
NQD,33
FIQ,48
LFI,123
KVI,136
KAD,105
VFR,82
EFI,67
NNL,68
NLD,133
TEP,107
EPR,74
PRN,75
VKQ,64
QYQ,25
YQR,45
FDM,25
IME,33
MEE,50
YDI,43
RED,115
EPE,141
EMI,53
MIL,52
ILH,68
STA,264
TIS,151
KAS,148
APP,107
EFS,102
RHM,15
HMR,22
MRL,79
EVC,38
VCD,37
CDI,26
DNR,54
LIC,35
CDH,11
DHT,63
PKA,104
YAF,49
KTE,78
NSQ,47
IHD,47
KPP,38
LYG,127
GPP,48
PGC,26
ANS,108
RSY,78
SYF,41
YFI,38
FIN,46
VFF,71
EME,35
SIF,79
IFR,52
MET,29
VPQ,115
SNV,90
NRE,67
DKQ,66
HLK,55
KQN,25
QNI,52
NIP,89
SLI,249
INN,46
HYR,39
IKD,95
RHS,46
NAE,142
ENH,30
DWS,30
WSR,42
HPL,74
MPH,30
VEP,140
KSH,36
PHG,85
AQQ,182
IDC,32
DCA,35
FRL,93
KDQ,45
DQK,46
KDW,19
AYY,33
SWP,37
WPY,13
GCF,16
CFP,6
HII,43
HRH,28
VSF,151
EIR,140
IYL,74
YLN,54
NAY,52
AYE,90
YEN,23
NEP,44
EPF,58
VHI,70
QQP,64
QTQ,48
SNM,24
NMC,3
MCH,3
CHI,6
IQV,73
TKG,87
QCM,7
CMN,4
MNL,55
ETS,151
LPC,25
PCG,25
GSP,149
SPT,140
PFE,58
ANV,141
GDM,65
FIT,101
DTQ,83
PDF,84
DFL,134
FLP,118
SKP,85
YFG,53
FMD,22
NLN,55
ENR,78
IRR,181
QEG,77
ISK,62
SKE,98
REF,79
KPT,64
TYW,15
YWI,15
VSK,121
LEY,75
EQG,143
EKP,86
GHH,42
HHH,29
YTS,57
SYS,98
YSA,110
ANE,103
EFP,70
GNY,45
NYE,32
YEI,40
KRT,97
QPI,58
QAP,113
QRQ,91
RQP,57
EPM,36
PMQ,27
VCI,29
CID,19
NWE,13
WES,27
VRC,30
RCI,16
CIY,7
GQK,75
QKG,53
RQT,58
EEH,48
FKW,7
HWM,2
WMY,9
MYQ,13
YQG,59
QGN,60
NHV,33
VIY,58
TKQ,51
RPP,53
VFY,47
YLH,41
HSR,57
SMT,61
FIP,72
DGQ,119
LFN,73
NVG,109
QTK,34
GMK,51
ATF,163
EHQ,29
SIW,30
NGH,36
FEF,33
VFE,95
FEQ,53
EDF,94
DFK,51
FKR,44
FQT,27
KNT,60
SVK,117
TQQ,75
ALY,151
VFN,78
DCL,28
CLD,26
WGI,46
PPF,48
YVK,40
LIQ,103
QEM,31
ERT,162
QDT,63
QMD,20
EPP,52
MRV,65
FRF,42
MPS,46
YQP,34
YVP,71
GIY,79
IYP,43
YPA,80
PLT,214
ERH,57
INI,64
KNK,54
GQN,35
QNF,30
NFF,35
KFT,50
SYV,80
RIC,31
ICN,13
FDH,49
DHY,22
AYK,47
KKM,20
FNP,43
HLL,154
NFN,29
FNR,58
DEY,58
VFP,101
ESP,95
EDQ,71
QFQ,22
DQE,59
KNN,45
KYR,37
SAM,118
AMD,69
MDA,80
EYR,76
RKY,44
YIE,55
EKD,95
FQQ,28
QQV,105
KER,76
DRY,81
SRF,93
MEI,43
PQE,70
SKD,85
KDR,87
IKL,87
RWN,22
WNN,16
GKV,215
LRY,98
TEK,86
MEA,75
QSE,72
RPT,117
FMF,14
RAM,100
EKH,36
PGY,64
EMM,24
MMD,13
AFK,57
VNR,89
NRL,132
LTH,108
KLW,28
LWL,90
YEP,42
ARP,168
IQQ,51
GMN,46
KLC,15
LCA,84
CAQ,25
LYI,56
TMK,32
MKY,23
YSP,61
SPC,14
PCD,11
YGM,33
ASM,93
MGQ,40
GQF,69
IMM,23
MMH,9
MHQ,18
QFA,80
DRW,40
RWF,31
WFT,23
TAQ,208
DHV,116
MYG,18
TPS,160
PWM,16
WMC,3
MCI,4
CIV,25
IVW,27
VWD,47
WDD,45
PVN,68
MSY,41
TYV,66
YVF,45
VFQ,60
YSK,39
MMQ,15
MQV,43
VHT,92
MQQ,26
KSF,54
CTS,25
GLC,56
CRA,27
TRR,157
PFK,27
QNM,13
NNS,47
CGL,56
DFN,39
NVS,121
IEH,90
EHR,69
HRT,51
SLN,133
VCE,25
CEG,35
ANF,50
NFG,74
CDL,33
HFY,15
THQ,38
RIK,90
NKF,19
QDL,131
FIH,25
LWI,55
EDS,126
TQR,119
ACE,35
CEP,21
WTV,43
RSQ,77
QRP,84
ICG,35
QMM,8
MMC,4
MCS,13
CSH,12
SHI,67
GIF,119
IEF,69
EFH,47
IRH,56
RHE,54
HEN,24
HGR,91
ERS,102
QPW,37
WIG,45
RTQ,88
THR,66
HGY,40
GYL,160
RRD,137
NKQ,21
KQL,127
HWD,13
WLT,60
TAF,124
IGI,194
VCF,23
CFW,3
FWE,19
WEL,48
FMH,8
IHI,44
SSF,116
HLW,16
LWW,32
WWM,14
RFC,10
PMN,22
MNP,34
THT,61
WLC,20
CVL,49
VIC,39
ICI,20
LLC,52
LCS,47
CSV,31
MNG,39
GFI,169
FIM,29
MHS,32
RWT,33
WTT,49
IAM,108
MLE,84
HMP,14
SFQ,41
MKF,18
KFE,49
YTI,42
MVG,100
TEW,29
EWP,13
WPK,15
PKW,11
KWT,23
IMS,52
AMS,114
RPR,123
MVK,41
RSF,93
VCP,29
CPT,12
TFE,84
FED,74
DSP,128
SMI,69
KKQ,53
GIQ,80
SNR,71
MKP,30
VPR,126
HQR,43
DVC,22
CAV,62
KRN,57
YNE,30
NEY,31
KPC,11
VWV,53
WVD,61
TTN,77
DFY,42
YKE,30
QQI,67
TFF,53
DHQ,35
TIF,71
IFH,37
HDS,64
YRR,103
IWR,28
RNN,54
NNT,46
RLM,88
KKY,41
NSY,38
RFI,76
KVW,25
MDL,68
MFS,46
FQY,19
YQH,25
ASW,66
SWR,38
WRT,46
QSM,40
SMS,65
GNC,14
NCY,11
CYD,14
YDN,32
ENF,61
KSE,64
SEM,41
MYY,15
LCQ,19
CQA,19
EYI,48
WYN,12
YNT,28
YRL,91
RFK,54
QYR,37
RNQ,44
TNI,69
CRE,29
ICE,27
CEM,8
LHM,30
HMT,13
YTY,30
TYK,38
KMI,37
NNM,15
DMN,20
MNF,19
GCP,25
PKV,92
DDH,62
AHW,34
MRD,62
DIF,78
IFK,28
CDG,32
GCL,32
RPW,28
PPE,70
IYR,51
YRH,31
DMR,51
KHM,9
WYM,4
YMR,22
FPV,90
QGS,82
SDY,71
SIN,59
NER,73
YQQ,53
QQT,51
QTW,17
TWD,30
LHQ,58
HQG,24
QAN,69
QQQ,75
QQR,112
KNY,36
YED,43
ANN,75
PIR,77
KIK,75
KQF,30
QFK,32
KTK,75
AKS,113
LYK,53
YKN,31
YEG,72
WRQ,28
PQM,14
QMS,27
MSV,90
FVF,71
SDC,19
DCR,23
CGT,45
RPH,43
DKN,60
NKP,40
PSC,23
SCQ,9
CQQ,9
YPV,77
HQN,13
QNH,8
ACI,35
CPN,8
TNF,37
GHC,13
HCS,13
CSL,34
GEC,20
ECA,46
CPA,26
AFF,97
FFR,49
NRI,78
DMH,23
HVE,73
EYY,20
YKQ,12
FFE,49
INR,78
DQQ,46
QQE,56
HEQ,45
MHG,26
VIQ,74
IQK,50
FTE,73
SND,69
RTD,88
PMH,13
MHN,21
HNI,41
NIQ,31
QGC,12
GCI,27
EDE,102
DLN,108
AYL,155
ILY,48
LYQ,46
SFG,145
FTI,74
YRW,19
RWK,32
WKN,27
TFY,29
FYT,37
YTP,69
PGP,109
IDY,55
DYP,63
YPM,13
SCG,41
QQS,60
TNC,13
NCG,18
ISM,43
SPS,154
PPD,46
IFI,55
GGW,70
WNS,21
YVQ,34
KTP,73
SFH,34
FHV,43
PNH,27
NHG,36
YFH,16
FHC,7
HCF,13
CFS,10
FST,114
FLM,36
MEM,12
TFP,61
CAE,46
YQI,28
INY,26
NYQ,20
TRK,75
EAN,103
QFY,22
FYR,45
YRQ,38
RQQ,82
SQQ,65
QQH,25
QHI,41
FEC,13
CGY,17
WDT,25
MTK,35
TKF,45
KFM,10
FML,39
RGP,91
RFH,38
FHR,36
LLW,76
WPI,20
DDK,53
YMN,5
MNT,57
NTP,100
SQH,33
RYM,10
YML,20
LIY,50
IYT,45
KFS,50
QSY,41
DPC,12
FII,75
GWP,48
WPD,25
PDP,112
PNE,58
RPK,69
QPR,75
PRQ,77
MIQ,25
VMP,58
MPD,42
RLW,50
WPQ,14
QRE,115
EHA,95
AFT,123
FTH,30
THE,60
GCS,49
CSD,26
STW,50
TWL,61
NVY,52
YDM,17
IIL,170
DEW,34
EWG,30
WGL,68
GNQ,53
AMQ,58
MQR,53
QRM,39
MRP,50
DMQ,24
QTR,72
KIF,50
PSN,53
PLM,64
SPR,143
FPG,109
HTW,23
TWC,6
WCG,17
QWL,62
WLL,113
YEE,60
HNL,61
VMT,58
MTH,27
THP,79
RMC,9
MCF,8
CFG,23
AWG,78
YHK,9
EHH,31
HHR,42
RHK,23
HKY,11
WDK,30
DKH,31
KHT,29
QPH,39
QVY,24
HTK,34
TKY,29
RFP,80
FPY,26
PYQ,26
YQT,34
RQW,35
QWS,27
RHR,94
RVW,48
VWL,81
TTY,70
YQL,58
VMK,33
TPQ,124
NVD,100
KTM,32
PQP,108
PQH,39
QHS,42
QMN,15
MNS,40
SRW,48
RWP,22
FYI,17
IQT,47
DSK,96
DVY,76
NPQ,71
HWS,23
RVY,76
AYW,24
WAG,86
EAQ,167
RYW,24
YWL,27
KKK,91
DYE,46
EHE,54
DST,151
TDK,69
ERQ,80
AWH,17
WHT,21
HTY,26
TYQ,40
HRY,38
YWT,14
IGK,106
VHP,77
IKN,54
LYF,51
YFQ,22
FQK,28
MKT,27
HYS,32
YVH,33
VHW,9
RHP,43
HPA,96
LSW,52
FFY,17
LCT,39
CTD,23
LCC,12
CCK,3
CKD,9
DWR,32
VGC,42
CRS,19
MIR,65
CGD,26
DMY,17
MYE,18
FNC,4
NCP,13
CPD,25
EGC,18
CLS,38
ADW,57
ARC,33
RCF,18
CFQ,10
FQH,25
FLY,42
WKR,30
KRQ,62
TWM,13
WMP,13
GTW,51
TWQ,31
WQP,26
HDT,48
GEW,47
HKD,24
PNV,94
NVR,81
VCG,42
TPW,37
PWN,17
WNY,14
NYP,26
VSW,39
SWK,22
WKV,28
TAM,92
AMM,44
MML,48
MLM,44
ANC,20
MVS,89
QVC,21
VCS,39
HDR,59
QGA,148
CTR,18
MDC,8
DCV,38
CVH,12
VWT,40
WTQ,24
TQD,67
TIW,17
IWI,19
WIN,24
HPY,28
KQS,37
EYQ,43
YQE,37
HKH,21
HVY,28
VYQ,46
YQN,10
TGW,57
GWF,47
WFA,39
ERC,15
RCY,8
CYL,11
PPN,31
PND,67
ATH,106
TYT,61
MDT,38
CVY,10
YNG,26
GDW,50
DWF,30
WFI,20
PRW,68
RWQ,30
WQL,36
KMF,22
DTW,48
WRE,40
KWQ,8
QNW,17
WTK,24
QRH,53
RHI,62
RFN,43
FNE,43
HLN,48
PSP,123
TSW,33
SWY,25
WYF,11
FQR,44
FPC,4
RSW,54
GFC,21
FCT,5
KFW,11
WFS,20
FRY,35
RYT,47
APW,49
NDK,35
SKF,35
FEY,34
YSN,38
DHD,76
SFY,40
FYE,31
YES,46
VHR,95
HRF,48
NDD,89
PMY,12
MYP,17
WFL,26
QYW,13
YWG,20
TFS,95
MRH,27
MNE,35
PAH,110
HRA,100
AMW,29
MWD,10
HMQ,4
MMG,30
DPI,109
HRK,36
VNF,50
NFV,58
DYS,80
WSV,43
WLP,55
LKY,50
YNF,18
MKR,46
LTC,40
NTT,82
SVQ,97
VQP,79
HSF,34
FIK,41
NSN,42
GHS,88
NQW,22
SRQ,74
RNP,85
PQN,47
FKQ,26
RWI,47
IDK,101
YNL,27
MSK,60
YGW,29
FDC,16
DCS,31
CSG,47
LVY,80
VYW,11
YWS,28
QMA,45
YFP,25
PVQ,77
NSM,24
KQQ,49
NEF,32
MYR,16
PHH,34
RIF,65
LCL,55
LHI,63
FWL,32
TNA,131
FFQ,21
FQD,41
WVF,27
MTV,92
AMA,202
NIW,13
MGY,36
YYS,24
FFI,54
IPM,45
NAR,130
FSY,47
SEP,92
STR,133
QSS,95
EDY,50
EMH,20
MHT,17
SVW,54
YLK,54
YRM,21
EQM,31
QME,16
KNH,20
NHL,46
EGN,98
GYK,54
ATW,79
TWW,17
WWI,19
WIR,22
VHM,20
KEM,29
MDI,46
QQY,38
SKT,91
KWY,4
WYW,3
WTF,29
FKH,16
KHI,28
WGP,30
SNH,33
NHQ,11
KQE,54
YFT,44
FFT,55
RIY,36
DTN,78
PHK,28
SYE,69
GYP,71
HKN,23
YTW,23
TWV,42
FEW,17
EWV,38
WVN,20
NWW,8
WWN,8
WNE,19
HQS,39
ETY,47
FPP,42
DFQ,40
FQG,53
VWN,26
WPW,8
PWA,53
WAI,62
GWH,32
DKT,82
KQW,18
QWM,13
WML,29
LPM,73
DDC,20
DCF,15
CFL,18
SMH,19
MHC,3
SEQ,122
FPW,19
PWF,15
WFQ,12
FQI,28
IFT,70
AWE,69
WEM,15
MPY,26
PYP,37
SPW,46
PWH,17
WHG,22
MSQ,54
VEM,73
YKP,29
FTC,17
CPW,4
PWS,29
WSH,10
HVH,38
LMD,65
KYL,47
PLW,46
WAS,57
QET,77
RYF,62
TYN,28
NDN,37
WRD,45
TMC,10
MCD,7
CDT,17
SIY,53
YII,40
MHI,14
RLC,36
SDK,85
DIH,53
HEH,33
HIM,10
WPF,22
YYE,24
IVY,70
YDW,9
PKP,103
LKN,122
FPD,81
RHH,33
HHC,11
YSD,78
CLE,27
ANH,33
NHS,35
VSY,93
SWI,37
WIE,27
LMN,42
NMY,12
FNL,88
MCG,21
CGR,29
FHS,38
RYN,22
IIP,104
SFR,91
FRQ,44
QRC,21
RCA,29
YEW,16
EWH,10
WHN,9
KPY,19
PYW,9
PTW,35
LWD,36
WDS,40
LDW,33
WLH,30
LHH,45
HRM,34
FLN,54
NND,50
AFH,49
FHT,35
HTS,58
NDH,36
MFF,27
DTH,58
DMT,48
ECT,24
QHH,20
HHI,24
EPY,41
HHE,24
DYH,22
YHR,22
HRC,13
DHW,13
RAW,70
PRM,40
HGH,58
SGH,101
HAF,51
QIY,34
QRD,78
MNQ,24
QNN,20
FYN,18
WEI,28
MIH,19
IHN,32
HNQ,16
QFW,9
FWY,7
GPH,49
TCD,29
TRL,190
DSM,44
HAC,13
CDS,26
DCM,3
CMQ,4
IPC,9
PCP,18
CPQ,14
EDC,17
CMA,9
MPK,34
PNP,64
SMM,22
EVW,41
TPF,79
WWF,4
WFD,30
DRP,86
FAC,26
CET,11
NQN,16
MGH,27
SWS,38
WSD,32
SDQ,68
VWK,23
SYN,29
NVC,12
CLM,14
YDK,34
QCH,4
HDF,46
GHK,31
WQS,31
IRC,16
RTW,51
TWY,16
WYS,12
KPH,30
PHP,73
TCR,15
ITY,46
RKN,69
LRC,43
PKS,65
SYK,27
NSV,105
VPW,43
KRK,76
HTH,44
HFI,25
TKI,81
SFF,70
FSC,14
FTF,57
RCT,20
VCR,20
CRC,6
RCE,25
CES,25
MMW,11
MWW,5
WWD,8
ECY,8
CYS,9
QGY,47
NCA,21
IFN,32
QWE,17
QTE,40
KAW,43
HPG,65
HPP,28
MFW,7
RMM,25
MMT,24
WER,31
YLY,29
LYY,28
KKD,64
YLC,18
CTF,14
GDH,81
NPK,59
PKQ,47
FQF,24
QFF,32
QYS,41
YSF,52
MII,41
SLC,30
CTQ,10
TRQ,90
TFC,14
FCV,14
FRS,73
KIQ,37
AFW,31
FWA,33
IMN,17
QTY,24
NPF,41
FYV,44
VFI,97
FIL,78
YLW,31
STP,193
FFL,72
SQY,32
QYY,16
YYN,16
YNP,33
NHT,36
TNK,51
REY,68
EYH,11
HAK,59
MIE,71
GMH,30
QIP,67
PPY,19
YKY,11
EFQ,37
YQV,49
DNY,40
NCD,10
PHN,27
HNH,13
TWF,26
RMF,21
MFQ,12
NLQ,61
DWK,31
GWA,79
WAF,40
IFF,47
MMF,15
MFY,12
HEP,43
LHW,19
HWT,10
HPW,16
TAC,45
IQY,27
ANM,33
FEM,26
SWT,39
WTI,32
IFY,35
FYW,7
WAW,20
AWW,31
WIS,31
WSP,36
GMF,53
VML,131
TVM,89
QTD,43
QRF,81
RRW,60
NTA,116
PDM,40
VQN,40
FCD,16
HDD,51
PAQ,148
KDY,41
LND,144
IHV,65
FKN,44
MYS,17
NFL,56
MFT,37
QPP,63
WLI,72
FSW,32
SWQ,29
WQG,20
NWA,31
FMA,52
MHW,6
HWG,18
FSS,134
NFK,13
FKD,55
FRH,30
FSM,37
MRQ,36
IKH,33
QTM,25
MWG,21
RSM,64
HPK,28
HNM,14
NMR,24
VKW,24
KWE,19
LSF,137
YPK,24
KHY,25
HYW,10
WSI,24
IYQ,28
YQK,29
QKM,25
KDF,54
NNC,8
YQS,31
MHY,7
HYN,8
HWR,11
WRY,12
DQM,27
MAW,25
AWM,28
WMR,22
DWQ,28
WQK,13
KIN,53
WQD,18
QWF,29
FAK,82
MHR,25
AKC,11
KCC,3
CCM,4
CMP,7
SVH,64
TDC,9
DCT,21
NVQ,41
LLM,119
DTK,70
TQW,34
SHS,64
HSK,30
FSR,84
MGN,28
QQD,46
QSW,34
YIF,20
WTN,15
KQM,20
NTW,22
WLW,17
WSM,17
TPN,73
WAV,74
QNP,31
SMN,35
PFN,41
IIN,82
TWE,36
PWY,12
WYQ,6
YAN,43
VYK,46
IPN,69
MDQ,32
PNI,54
SNQ,43
HLA,157
PKI,73
PHD,63
HKG,35
HAW,32
PMS,55
NVH,33
NMG,33
LWE,42
YLI,77
QHY,24
HYI,26
HIK,30
KEK,71
QEK,63
EWK,26
WKT,28
YSR,71
DWN,20
WND,32
NEW,20
WKA,34
QDY,34
YFF,22
WEA,52
QWR,41
QFI,26
NTK,47
QQW,35
WQE,28
GVW,70
QHR,36
HTR,47
VMW,15
MWE,11
QPM,26
LCH,13
NGN,53
AFC,21
FCL,12
RGW,56
WVV,50
ETC,17
QRK,67
KTC,6
CVF,18
YVY,31
KIP,68
IQP,49
KWP,8
PCF,8
CFY,6
CTA,25
QSR,72
CCA,9
CAC,7
ACF,22
CFD,29
NKN,32
VWQ,34
WQW,17
QWW,19
WMW,11
MWA,23
WWL,26
YPP,38
TRH,52
VHC,13
HCM,7
MAH,47
HSH,35
WYT,16
PWK,20
SSW,47
MEY,11
YPR,33
YFS,48
WVQ,24
KDK,76
FVC,19
CPS,26
VHY,37
HYD,28
FEH,35
RCR,20
HQK,17
ENW,21
NAW,31
YTH,15
FAW,42
AWY,18
WYC,5
HWQ,6
WQV,30
HDC,6
DCD,29
SIQ,54
QTS,71
DQH,30
VSC,29
NHA,38
RVF,101
YSM,20
DHP,58
LNH,44
NHR,31
VYP,64
PFQ,16
PLC,26
LCF,24
FRC,14
RCC,8
CCC,2
CCI,3
NLW,19
DNM,18
NMQ,15
MQC,6
QCT,14
RHC,14
HCL,16
CLN,15
DHF,29
HFT,23
NRF,50
DWI,37
PPH,38
PFW,12
WIF,30
TKM,35
NNF,31
YHV,17
NYF,21
FVK,49
FYS,44
FFM,14
AWF,47
FQW,12
WSN,23
GIW,33
IWT,25
MMM,16
TQM,27
FRI,68
LQC,18
QCY,10
CYY,3
VWY,16
MHF,8
HFQ,10
NCE,10
THH,28
HHK,12
QDN,39
DNQ,42
WEQ,17
CRL,29
CEQ,15
TIQ,73
CEL,27
HPF,30
QWD,31
IRW,33
WNA,21
AHC,14
NRH,23
EPH,52
NLH,45
EYW,17
YWR,17
SEW,34
SFP,59
SYW,29
YWD,17
GHN,49
HNV,43
ADC,38
PWQ,23
IKC,3
EFF,78
MMV,20
SLW,57
HVQ,40
MEW,10
DIY,52
RWM,15
VEW,36
FNV,60
RQY,26
QYD,33
QVM,34
LCW,13
CWD,9
RWR,54
MNV,29
QWI,20
TNQ,34
QHK,21
HFN,21
EWE,26
NPW,26
PWT,33
LWR,52
KRW,33
WIH,14
IHY,9
YRS,61
DLC,32
WAK,35
QVQ,58
KFH,12
QYT,28
YTQ,26
KFP,23
QKR,57
MQW,10
WDF,19
FWT,16
YLM,46
SRH,45
RHQ,27
YQW,5
PVW,43
HFK,10
FKT,43
GWE,50
DYQ,33
PIW,20
WDV,35
MPF,28
KTW,24
TWS,49
WSQ,28
PNY,27
NQP,52
DFM,20
FMQ,12
YWY,7
SKH,25
PHQ,40
TWG,53
YGC,10
HSN,31
TMN,26
LKF,51
MMP,22
KPF,48
VWH,19
WHY,7
KHD,28
HDN,20
FGM,58
ICL,26
TKS,76
EQC,15
THM,21
PEC,27
RTN,75
NHM,8
CTY,9
TYM,18
LNY,56
NYG,55
EWS,22
WSK,28
MHM,7
HMY,7
WNM,11
NMW,9
MLY,36
SGW,45
NLY,36
GCY,16
LMW,14
SMD,42
YIY,19
EKM,40
KMS,31
YRC,13
YHD,29
HSW,18
PYY,16
GQY,56
RWH,17
WHI,8
KDC,19
NCQ,9
TYE,50
VMC,7
CFI,15
CLV,43
HIH,29
HST,59
HIE,58
RSH,73
CAK,20
CRR,24
NQY,9
IFM,22
FWG,31
WMS,18
WQY,5
SMY,13
FNF,27
TFW,8
FWW,6
YLF,46
IGW,41
FWK,12
WRI,36
SDW,34
CKL,5
PIQ,39
WRN,22
FQS,43
QEN,37
FNY,12
NYV,46
QPK,43
FFK,21
MQG,37
VQF,33
SCN,10
CNP,14
TMH,16
MVH,28
HHQ,13
SWN,14
HQQ,21
IWH,14
WHS,18
EWN,23
FMR,23
CNR,10
PKY,21
DKC,13
KCD,11
GSC,27
CGI,41
YRP,45
QVW,22
HTF,27
YKV,37
ENQ,52
WMF,5
KYF,19
YFM,11
PHV,68
HVW,21
AYI,91
QHC,11
CFT,14
RWA,78
WRV,49
RCV,31
HSM,27
MPN,30
HMA,32
WEK,29
AIC,44
ICH,8
CHA,16
IWV,34
FNK,36
NQF,24
PMW,15
MWK,8
NQM,18
TDF,109
MQN,15
RDH,63
QQK,31
PKN,69
FYD,33
DYK,30
WGQ,16
QWC,10
APC,15
PCR,10
YPS,53
KQH,33
HRP,52
LFY,44
FYQ,26
TKC,12
NWP,15
PMP,47
WMQ,12
WWS,13
CSQ,19
KMW,7
HIR,54
MTY,33
TYS,58
CPI,13
QMI,34
WAC,10
CQF,3
FHA,56
NFI,39
KSM,28
IDW,25
HNA,60
HDW,26
WVP,40
PFM,26
KGC,12
CDQ,15
EHN,45
HNY,19
FVM,36
HGW,20
WMH,10
QFC,2
HKI,26
WTE,21
IQN,27
YYD,37
VWS,47
CAN,11
PCH,9
ETR,99
DNT,65
TKH,27
SWD,33
FWP,17
LQW,23
QWN,18
WNL,22
MDV,47
CAF,26
IEC,19
ECE,18
MND,33
NFQ,20
HYV,38
YIQ,18
KQD,36
YRF,43
NIC,4
KNW,11
NWK,14
KWF,15
WWT,17
WTY,17
TRC,14
RCW,8
CWV,3
NKM,19
NIM,26
KLM,44
SYP,47
KYK,26
LWH,28
WHL,30
YHN,15
RCS,26
TCK,7
VQM,25
YAY,33
SYY,31
FHQ,28
EMR,42
NTN,28
KKF,51
NYR,38
QNE,36
LWT,47
NHN,18
FHK,17
DMM,16
FPH,30
WGN,26
MDW,12
WGM,12
KHS,34
VNH,38
KMA,30
PME,29
WSW,10
SWM,20
MWI,18
KPK,54
FNH,18
YWN,7
WNG,18
KIY,38
NKT,40
CDP,28
KRH,33
YWH,9
WHK,10
SRC,15
KMD,25
DQY,21
QYG,41
YMP,13
DNW,14
WWQ,18
QYI,21
YFY,17
YVM,21
VWI,42
SCS,30
QQC,13
QCD,13
CDW,4
IWG,30
FTM,27
MLC,16
MVY,35
CPM,4
ICR,17
EWT,40
HYM,8
YMD,13
MRC,11
PMK,17
MHH,10
WPP,11
VAC,77
SHH,24
SKM,30
FFF,26
RKQ,66
QYC,2
YCE,9
CEA,30
NMD,25
IYS,64
PPW,9
QYE,19
YEF,22
RHW,16
IYN,24
QMR,35
QKV,91
GKW,35
KWK,7
NWR,18
CNW,2
NWQ,11
PMR,34
VFW,22
INF,33
GMC,13
MCA,16
KMH,4
LWV,55
IPH,42
PHF,18
GWK,31
QCN,7
CNF,3
NFS,43
NVM,31
LHF,29
RSC,21
WGW,20
NHP,35
GPW,30
EYM,19
DHN,30
NNI,66
PHY,25
WKE,24
WIQ,12
LMC,16
MCT,11
LFH,50
PPI,39
WRS,39
NSC,16
SME,45
MEL,71
SRM,50
MQF,15
FHW,8
IHH,30
PSY,54
SYH,16
YHT,13
HHL,44
SCD,20
THA,104
HYQ,12
MDH,19
HVC,9
QHF,20
WGC,5
LHC,11
HCG,20
HEW,10
EPW,22
QDC,10
SFW,17
LVW,55
FQE,42
WLK,38
IMR,51
FCQ,12
CQS,11
NQH,17
EMQ,24
DSW,32
WSF,15
IMK,26
KNC,12
VQT,74
YKI,23
WHA,19
RFW,24
NTH,31
ITW,34
LWC,8
WCD,12
TNW,26
WPM,10
PTH,42
NEM,28
RQH,37
HQC,5
CYR,10
QWV,34
IEM,39
MKN,31
VMV,94
QLC,23
CFH,7
KWW,8
WWK,15
WKW,7
IIM,28
RMH,25
GEM,44
GNF,61
HND,39
KIW,15
HMM,11
CSN,17
FTW,15
CKR,6
SWW,20
WHR,23
GQC,9
FIY,26
EPC,12
CNH,4
PCS,10
IPW,29
EDH,45
RHF,34
QLH,65
VHF,33
CIT,20
WPV,37
KCV,11
FEI,61
AWN,29
WNQ,7
EDW,30
DMF,26
MFP,28
QSC,10
SCH,12
PAC,29
CLK,14
FEK,62
PDC,23
MNK,26
HFL,31
MQS,47
VPN,60
KIM,27
IMQ,23
HCQ,4
KYP,27
MLH,30
KWV,25
HNS,22
NMT,18
FKM,9
MFC,3
HKQ,18
QND,20
TFM,28
HMS,28
QWT,24
KWR,19
REW,34
WHD,21
HDY,17
NNH,24
KHQ,13
QDW,23
HWN,5
INH,32
LYW,19
FKV,43
KVC,11
SWF,21
WFN,24
GYM,23
YMT,11
YMG,15
PFH,32
WIW,5
WPA,32
RYH,29
YHE,23
TCM,6
QCE,16
ECP,12
DFC,11
PCE,9
PYM,14
YMF,10
ISC,20
CNS,8
MNM,9
YPQ,28
TCN,12
PEW,38
MWH,7
WHQ,11
QFM,10
FMN,13
HEF,35
HGK,50
FSK,49
GHY,35
PRY,42
AWC,11
WCV,4
HWL,28
CRF,12
QPN,42
FMC,1
FKF,21
QQF,38
CEC,3
WQC,5
QCR,16
CRV,20
DNF,35
NFM,14
FMK,11
TCF,15
QNK,20
HMD,19
TVW,45
IYF,22
HYH,7
SKY,29
KYQ,16
IKM,15
WDI,22
CED,23
KHE,22
KFY,18
YKH,4
GNW,31
NWS,12
YFK,17
CSC,6
YMY,6
CPH,15
PHC,9
HCA,18
KRC,16
CCG,17
DWM,12
WME,7
VCK,8
LEC,22
MDK,32
PQF,54
YWE,14
FYC,6
TEC,18
CIF,10
LSC,28
SHC,15
HCD,14
CDM,8
YVC,10
TYY,18
EQY,37
CDD,33
CLC,7
CRH,10
HHN,25
PWD,20
HIF,27
DQW,25
NFP,32
ENC,7
KYY,11
PQW,28
NML,24
RKW,13
YKL,25
RQM,32
MYH,14
RCL,31
YKS,21
KSC,13
CHV,16
EMW,10
MWS,11
REC,18
ECM,2
KMK,15
MCN,4
KHW,9
GWQ,28
LCP,19
GWW,17
WEP,21
NHK,16
HFM,8
YMA,30
MLK,54
IHM,16
HMK,12
WYP,10
RRM,64
QHT,33
CVS,27
HEC,7
WKG,29
QTC,14
DVW,35
CWM,1
WMG,20
PNN,45
SCW,5
CWR,6
WRF,18
CEK,19
SWC,7
WCQ,3
CQP,9
KHK,20
MRM,24
KMM,12
MME,18
MEH,19
HDK,25
LWM,15
YWW,2
NNY,28
NYY,16
PWR,31
HFF,20
PYC,7
YCQ,7
CQG,15
VWE,42
DWC,7
CVQ,14
KWM,11
YYV,24
WIY,11
WVI,28
MEC,2
ECK,9
CKS,4
QIH,31
YEY,19
QWY,20
KNF,42
WTD,30
CSI,25
YYQ,21
MFH,15
AMC,16
CFV,15
RNH,35
AKH,40
YDH,33
YEH,23
NYW,10
TYH,23
YHH,14
PMC,3
MCL,14
NQS,29
WTS,28
WIL,41
RTY,55
DCI,10
CIL,21
PYN,27
MVW,13
MQH,11
HYE,21
SHM,17
HME,22
VMF,40
DMK,25
VCY,9
CYE,11
PDW,27
GCQ,12
MHK,22
QYH,12
DGC,24
CLY,10
HCE,13
AHM,41
AYC,12
YCH,7
CHK,3
HKK,23
DHC,12
CIN,17
CHL,9
MIY,25
LFM,37
RCK,4
CKK,8
CVK,8
CAY,10
IYH,24
PPC,9
CLA,49
EWQ,18
QTN,27
CYV,13
HCR,9
FCF,5
WPR,13
RCN,12
GHW,16
KMQ,15
SWH,17
WWR,17
CEN,7
QIC,16
MWT,17
MKE,32
WQF,12
EWI,30
FPF,33
WKF,12
IHW,12
PGW,42
RQN,26
AFQ,67
HNT,34
AYM,22
MKM,11
MIM,24
WYV,13
YHP,23
WQQ,20
HQH,25
KCE,4
QMF,12
QMV,36
VWP,24
WFY,12
FFW,14
VLW,57
IFW,13
TWP,26
CRK,7
VCN,19
WHE,11
HWK,6
FKI,38
IKW,11
QMY,4
MYF,15
THW,6
KMC,5
NNK,34
DMW,8
CGH,16
HYF,15
MMI,12
YKT,22
VWM,17
NMH,2
VIW,36
NLC,15
KPQ,62
DWG,22
FWV,25
KFI,32
NNW,9
WIK,21
GCN,12
CND,7
CSP,24
TKW,15
TQC,9
QCS,13
TYC,11
QHN,18
SMC,10
WTH,10
MDY,24
SCL,23
YSW,10
WNF,13
NFY,13
IWA,35
FCK,6
CKE,13
HWE,14
SCE,17
FWS,14
ECW,5
CWG,3
CIR,14
CYT,3
HCH,10
CHS,11
EHW,15
HWF,7
WDG,31
NCR,8
INM,15
IQW,19
HQM,8
RDC,15
PCY,4
CYK,2
NTM,20
HHD,29
IYK,21
SQW,40
GFM,29
QKP,39
CRT,8
WCS,8
CMF,4
MTC,11
TCW,6
CWT,2
LYM,18
KCL,10
MIC,9
FFP,36
CIH,7
YHY,10
FWQ,15
PCQ,5
CQI,13
HKS,19
FHN,29
INC,12
NCS,7
CSR,30
MFN,18
WEW,10
YWP,8
WVW,16
YWF,7
WVC,2
VCC,5
WPT,36
HRW,17
WYG,14
PCI,11
CIW,6
NCN,6
CCD,7
VWR,41
TWN,23
SMQ,29
CDF,12
EWF,20
YMW,7
SKC,5
KQP,39
YVW,18
DYM,14
WHF,5
CDK,15
FMS,20
RCH,9
NHH,14
CTM,11
YYT,20
TWH,18
YQC,6
WIM,14
CNV,13
CRM,5
NMF,14
WWA,27
HKF,14
WDC,11
YNN,27
EWW,5
YYP,20
YHG,35
PWW,15
WWG,16
CCS,10
MYC,3
YCT,6
WYH,7
FMM,6
YKW,12
WVT,42
MHP,22
MFM,11
WFG,37
FPN,41
IYC,7
YCF,5
FFC,8
IMW,15
RPC,9
VFC,14
FCR,9
SCI,15
NCK,6
CKV,6
VWC,10
CER,23
YHC,7
MYT,10
HWW,7
INW,13
MFK,17
NTC,12
FCS,14
FQN,31
PNM,17
CFA,23
WHH,4
MPW,13
ECS,16
KHN,11
NCL,13
RMY,13
MGC,13
TCH,9
CHP,7
TWK,24
IIW,14
HIW,9
WHW,10
HWP,14
WPL,45
DQC,11
CYP,6
QHM,11
HMI,23
NDC,9
RCP,20
QMW,6
YEM,13
LFC,16
CIP,12
IQC,7
CEY,6
FYM,10
DCN,6
CNQ,8
KQC,5
QCQ,3
GHM,30
TCQ,8
YHW,3
QYK,14
KFN,32
WFW,13
QTH,21
WFM,11
WEY,11
HMN,8
DCW,5
THN,37
FHM,5
PTC,17
CHF,4
CSW,8
MCV,16
NWC,3
WCF,2
WHP,12
WRP,26
PQC,16
CIA,26
YFC,3
IWF,16
KEC,14
WFK,21
ICS,25
HMC,2
MVN,45
FHF,9
QYN,13
WLN,29
ITC,22
WNR,17
GCW,6
WVH,15
DWW,10
FLC,20
KCI,12
DMC,8
NDM,26
HHY,11
TQY,35
CHQ,6
NFW,9
CNA,13
WKK,20
VCQ,11
CQH,8
NCC,3
FWH,10
QKY,22
VWW,9
CVE,22
ICF,12
YNC,5
RQC,11
FKY,17
NYM,6
YME,11
CCV,11
MWQ,11
LNC,16
ACY,13
CYI,2
CHT,11
EYC,6
YCR,10
MCE,7
QYM,6
HKM,11
KWS,11
WYY,3
YSC,10
SCR,19
WKQ,19
YMS,13
WMT,15
KWH,9
CNT,13
WKH,5
WQM,7
CNK,5
YYY,12
NFH,13
WNH,8
WKP,15
VNC,12
WHV,18
TCL,23
SMW,9
DWY,13
FMY,7
WVM,17
NMM,7
CNI,7
SHW,13
MIW,10
GRC,22
CQE,7
WSC,4
CFN,4
FCC,5
FME,22
FCN,8
NHF,17
DSC,12
DCQ,8
EKC,12
WYR,13
CRQ,9
CLF,10
YYC,2
YCD,10
NCI,6
HHW,11
CII,18
NKC,3
HIC,6
CCE,2
CEF,5
MEF,19
WLY,28
CFC,2
CRN,7
NWN,7
QWH,10
WHM,4
SIC,19
ICQ,17
FNM,10
WWW,7
CPY,5
YCI,9
CNL,14
MWM,7
WGH,16
WCI,5
IWM,9
CWI,6
HQW,15
WMD,10
WWY,7
WYE,9
GCH,12
YYF,7
MNW,5
CQT,11
CFM,3
WFH,6
CNN,4
NRM,22
CRP,13
FMW,6
FWD,11
NWV,24
FYH,18
HMW,7
MWN,12
WNK,14
DCK,8
EWY,10
YWQ,12
QNC,5
CGC,9
ICC,5
CCL,12
HPC,7
NRC,7
YQY,12
PHW,17
CIK,8
THC,12
HCI,5
MIF,32
CWW,4
HNN,20
FCE,14
YYM,5
WKY,11
WYK,5
CRY,12
YIW,7
KYW,6
MCW,3
CLW,7
FPM,14
MPC,7
QKC,8
HWH,8
YNM,5
NPC,7
MWC,5
TCE,21
CSK,10
CMI,6
CYN,4
ICP,9
KCP,4
CQD,6
DCY,6
WCE,8
WWP,11
WMK,6
GCM,12
CMS,15
QCI,5
WFC,6
MWP,8
HWY,4
QMC,6
YPC,4
DCH,12
NCM,2
CMY,5
MWF,4
VCW,6
CWL,9
WRW,8
RNC,9
ECR,16
SYC,6
YEC,7
MWY,3
VYM,14
QCC,3
IWK,9
WRM,11
QQM,17
YIM,13
CME,1
GWC,6
WCL,9
WMN,7
WTW,6
WDQ,17
CAH,11
HQE,16
CRG,9
QCF,6
CFK,3
KCR,3
QKW,5
YTM,17
YYW,7
ECQ,4
CQV,11
CHE,7
CVM,9
CVC,5
WDY,13
SCC,8
GCC,11
YNW,5
YWK,9
WIC,4
CMM,3
MVC,7
CQY,3
HKW,1
YMQ,7
SNW,14
CQR,9
MYK,9
WKI,19
YTC,9
YKC,3
CHM,2
WNC,5
WMM,2
KWN,7
KCF,6
RWC,13
NCH,6
WCC,2
ACC,9
CAW,8
SCK,3
CKI,8
ECC,8
YCN,3
YYH,14
ACW,8
CWP,3
HCP,6
LCY,9
CML,8
YWM,4
NYH,10
FWN,9
IIC,14
QCV,13
WPH,12
IMC,8
CSY,4
YDC,6
MCR,4
KYC,2
EMC,6
MKW,9
TPC,9
WRC,3
CHY,3
RKC,7
KCK,6
HTC,8
NYC,4
KWC,2
LMY,14
WCR,3
QPC,6
FWC,4
WCP,7
CNY,2
CWH,3
TCY,8
NCF,3
CHW,1
CVW,5
YMM,4
WTC,3
SCM,5
CFF,10
KCW,2
WDW,4
CIM,4
PWC,3
DCC,5
CYM,1
NWH,6
WWC,3
NWY,4
YCP,9
MCP,6
YCC,3
YHM,1
CKQ,6
CYQ,6
ECN,4
WHC,1
HCY,1
WDM,7
CWY,3
QMH,10
WCW,1
PCM,2
MSC,4
YKM,9
HNC,3
KFC,5
NWM,4
WCH,1
ICW,4
CHG,18
CWQ,3
NFC,5
WCM,1
CKH,3
CTK,3
YCM,2
PCT,11
CTC,2
CCT,5
FCY,3
WNW,5
DWH,12
HCW,4
CPK,6
YQM,6
CIC,2
CWS,6
ICM,5
CDY,7
IWY,5
CIQ,5
CWF,3
CYC,2
CYF,5
CEW,3
CCP,4
WMI,7
WKC,3
PCC,2
MCK,2
CTW,4
IWC,1
CNM,2
MYW,4
CSM,6
CMH,2
RCM,6
CWE,5
CWK,3
CQK,5
CQW,2
PCK,4
CKY,4
FCH,6
IMY,7
FWM,4
CWA,5
KHC,5
CCF,1
NHC,1
HCN,3
CKF,2
HYC,3
CMD,4
CCR,4
HWC,3
TCC,4
NQC,1
MCY,4
CQC,3
YMC,2
WWH,2
MKC,1
KCM,2
PKC,3
WEC,4
MNC,4
CPC,4
CCQ,1
WCN,1
CCN,3
MCC,1
HCK,3
QCK,2
KCQ,2
CYW,2
KCH,3
PCW,2
QCW,1
CKW,1
CHC,1
CYH,1
CQM,1
CKM,1
